cubeid,cubeidpub,cubename,catid,pa_stelkin,pa_stelkin_err,sigma_re,sigma_re_err,sigma_3kpc_round,sigma_3kpc_round_err,sigma_1_4_arcsecond,sigma_1_4_arcsecond_err,sigma_2_arcsecond,sigma_2_arcsecond_err,sigma_3_arcsecond,sigma_3_arcsecond_err,sigma_4_arcsecond,sigma_4_arcsecond_err,aper_corr_flag,rmax_aper_corr,lambdar_re,lambdar_re_err,lambdar_max,lambdar_max_err,vsigma_re,vsigma_re_err,vsigma_max,vsigma_max_err,mean_k51_re,mean_k51_re_err,sigma_re_mge,sigma_re_mge_err,aper_corr_flag_mge,rmax_aper_corr_mge,lambdar_re_mge,lambdar_re_mge_err,lambdar_max_mge,lambdar_max_mge_err,vsigma_re_mge,vsigma_re_mge_err,vsigma_max_mge,vsigma_max_mge_err,mean_k51_re_mge,mean_k51_re_mge_err,observation_count,type,ra_obj,dec_obj,ra_ifu,dec_ifu,r_petro,r_auto,z_tonry,z_spec,m_r,r_e,mu_within_1re,mu_1re,mu_2re,ellip,pa,mstar,g_i,a_g,surv_sami,bad_class,sample_origin,r_on_rtwo,v_on_sigma,is_mem,flag_repeated_catid,flag_morphology_match,flag_main_input_match,flag_finite_m_r,flag_finite_mstar,flag_finite_sigma_re,flag_finite_sigma_re_err,flag_positive_sigma_re,part2_flag_finite_m_r,part2_flag_finite_mstar,part2_flag_finite_sigma_re,part2_flag_finite_sigma_re_err,part2_flag_positive_sigma_re,part2_flag_nonnegative_sigma_re_err,sigma_relative_error,part2_flag_valid_kinematics,part2_flag_photometric_inputs,part2_flag_mass_inputs,morphology_label,flag_elliptical,flag_early_type,flag_clean_bad_class,selected_best_observation
8488_blue_red_7_Y15SAR3_P006_12T097_2017_04_19-2017_05_01,8488_A,8488_blue_7_Y15SAR3_P006_12T097_2017_04_19-2017_05_01.fits,8488,76.5,29.83333,74.450806,1.0931453,74.87751,1.2785623,75.9822,1.2740746,75.75952,1.2072397,73.94739,0.9400875,74.31857,0.9682899,0.0,1.0,,,,,,,,,,,74.450806,0.8895921,0.0,1.0,,,,,,,,,,,1,0.0,182.62970446,0.67277654,182.62970446,0.67277654,16.811,16.533,0.02171,0.01996,-18.36,1.42,19.28,20.69,22.27,0.0642,65.130005,9.51,1.17,0.108,8.0,0.0,GAMA,,,,False,True,True,True,True,True,True,True,True,True,True,True,True,True,0.014682786644378302,True,True,True,Elliptical,True,True,True,True
8865_blue_red_6_Y16SAR4_P002_12T100_2017_04_19-2017_05_01,8865_A,8865_blue_6_Y16SAR4_P002_12T100_2017_04_19-2017_05_01.fits,8865,27.5,29.75,214.67976,2.8171825,219.0812,3.2735994,224.5206,4.490466,217.83223,3.4015484,220.67503,2.8595033,214.40337,2.6707373,0.0,1.0,0.03996329,0.009923504,,,0.044664282,0.00909983,,,0.93219995,0.65482867,220.67503,2.7528417,,,,,,,,,,,,,1,0.0,184.03133471,0.65632281,184.03133471,0.65632281,16.685,16.556,0.0744,0.07314,-21.16,2.5,20.28,21.96,23.5,0.1,23.950012,10.66,1.32,0.098,3.0,0.0,GAMA,,,,False,True,True,True,True,True,True,True,True,True,True,True,True,True,0.013122720558286446,True,True,True,Elliptical,True,True,True,True
15481_blue_red_8_Y15SAR3_P002_15T108_2015_04_14-2015_04_22,15481_A,15481_blue_8_Y15SAR3_P002_15T108_2015_04_14-2015_04_22.fits,15481,199.0,8.75,225.85182,2.2824519,234.58095,2.1200986,234.70273,2.768599,235.33844,2.2727504,236.06201,1.909052,236.44466,1.856539,0.0,1.0,0.071238264,0.0052873613,,,0.07618185,0.004937271,,,0.28448382,0.09054263,230.60489,1.933106,0.0,1.0,0.059199754,0.0050658016,,,0.063882664,0.004802493,,,0.28448382,0.09054263,1,0.0,215.75408194,0.79435287,215.75408194,0.79435287,14.888,14.788,0.05493,0.05407,-22.23,5.63,20.38,21.84,23.41,0.044,3.3899994,11.08,1.27,0.099,8.0,0.0,GAMA,,,,False,True,True,True,True,True,True,True,True,True,True,True,True,True,0.0101059708086479,True,True,True,Elliptical,True,True,True,True
16526_blue_red_7_Y14SAR2_P006_15T066_2017_03_24-2017_04_02,16526_A,16526_blue_7_Y14SAR2_P006_15T066_2017_03_24-2017_04_02.fits,16526,156.0,4.9166665,98.526566,1.9801577,97.77074,2.495145,92.91291,4.3895736,94.02723,3.2517889,97.751884,2.3614273,98.83746,2.1379108,0.0,1.0,0.18912405,0.019127365,,,0.21800771,0.018569406,,,0.070079684,0.03773602,98.738144,2.0127292,0.0,1.0,0.19612435,0.01821384,,,0.22537743,0.017583871,,,0.070079684,0.03773602,1,0.0,219.18604924,0.71005094,219.18604924,0.71005094,16.816,16.719,0.05705,0.05624,-20.37,2.24,20.38,21.44,23.08,0.1801,151.37,10.26,1.19,0.16,8.0,0.0,GAMA,,,,False,True,True,True,True,True,True,True,True,True,True,True,True,True,0.0200977033950417,True,True,True,Elliptical,True,True,True,True
23082_blue_red_7_Y16SAR4_P002_12T101_2017_04_19-2017_05_01,23082_A,23082_blue_7_Y16SAR4_P002_12T101_2017_04_19-2017_05_01.fits,23082,112.0,7.8333335,253.00856,1.7546431,266.32828,2.3533638,260.20706,2.7229502,266.32828,2.1834893,266.76416,1.9693098,261.4058,1.5807575,0.0,1.0,0.057847697,0.0055157724,,,0.061489157,0.004747263,,,0.099188626,0.03920646,260.68945,1.8071265,0.0,1.0,0.05193125,0.0055942195,,,0.05524703,0.0049505886,,,0.099188626,0.03920646,1,0.0,180.21030428,1.15764677,180.21030428,1.15764677,15.809,15.688,0.07983,0.07855,-22.21,3.05,19.85,21.47,23.02,0.087,110.74,11.08,1.34,0.084,8.0,0.0,GAMA,,,,False,True,True,True,True,True,True,True,True,True,True,True,True,True,0.006935113578765873,True,True,True,Elliptical,True,True,True,True
23265_blue_red_11_Y14SAR1_P003_12T043_2015_02_16-2015_02_25,23265_A,23265_blue_11_Y14SAR1_P003_12T043_2015_02_16-2015_02_25.fits,23265,99.0,3.8333333,182.95624,2.5833027,193.81445,2.9408617,194.14563,4.022816,193.81445,2.7995455,188.28366,2.7705264,185.43715,2.2303553,0.0,1.0,0.14602935,0.009376824,,,0.15579619,0.008734657,,,0.04830624,0.027400825,182.95494,2.5129585,0.0,1.0,0.14970173,0.009281639,,,0.15923166,0.008583328,,,0.04830624,0.027400825,1,0.0,180.91580293,1.20458191,180.91580293,1.20458191,15.944,15.869,0.07926,0.07798,-22.02,3.02,20.21,21.6,23.18,0.1177,107.19,11.0,1.34,0.068,8.0,0.0,GAMA,,,,False,True,True,True,True,True,True,True,True,True,True,True,True,True,0.014119784599858413,True,True,True,Elliptical,True,True,True,True
23341_blue_red_8_Y17SAR3_P005_12T106_2018_05_07-2018_05_16,23341_A,23341_blue_8_Y17SAR3_P005_12T106_2018_05_07-2018_05_16.fits,23341,127.0,1.6666666,257.73355,2.1715446,282.9059,3.285822,286.19565,3.5343933,282.9059,2.8931882,272.11618,2.3411605,271.10867,2.0626814,0.0,1.0,0.24672419,0.0070057395,,,0.2487748,0.006771809,,,0.06407612,0.013756051,266.01813,2.3974137,0.0,1.0,0.21195483,0.007447025,,,0.21840721,0.007145931,,,0.06407612,0.013756051,1,0.0,181.2276879,1.23408229,181.2276879,1.23408229,15.912,15.892,0.07961,0.07833,-22.02,3.36,20.27,21.64,23.22,0.1526,127.399994,11.01,1.35,0.067,8.0,0.0,GAMA,,,,False,True,True,True,True,True,True,True,True,True,True,True,True,True,0.008425541028709689,True,True,True,Elliptical,True,True,True,True
32196_blue_red_7_Y14SAR4_P007_12T069_2016_04_04-2016_04_12,32196_A,32196_blue_7_Y14SAR4_P007_12T069_2016_04_04-2016_04_12.fits,32196,19.0,6.5833335,172.56548,1.565298,183.22247,1.7831962,186.98607,2.5803437,183.22247,1.7876923,179.03323,1.3556062,177.68475,1.3848623,0.0,1.0,0.10272051,0.006966994,,,0.10938448,0.0065308334,,,0.20137864,0.051337298,176.7265,1.303976,0.0,1.0,0.06351378,0.005975766,,,0.068387285,0.0052616196,,,0.20137864,0.051337298,1,0.0,183.82603445,-1.1098486,183.82603445,-1.1098486,15.541,15.118,0.07722,0.07595,-22.75,5.76,20.91,22.36,23.93,0.1812,84.16998,11.28,1.22,0.076,8.0,0.0,GAMA,,,,False,True,True,True,True,True,True,True,True,True,True,True,True,True,0.009070748100952751,True,True,True,Elliptical,True,True,True,True
39057_blue_red_7_Y17SAR3_P001_12T102_2018_02_12-2018_02_19,39057_C,39057_blue_7_Y17SAR3_P001_12T102_2018_02_12-2018_02_19.fits,39057,283.5,0.8333333,129.30246,0.77656317,135.97505,0.75963396,147.98576,1.211717,144.50378,1.1950418,140.32999,0.84295404,139.19676,0.69524384,0.0,1.0,0.25404578,0.003050248,,,0.24755143,0.0027360015,,,0.031555634,0.006652561,130.36845,0.7518628,0.0,1.0,0.24033979,0.0030461354,,,0.23634669,0.0027356062,,,0.031555634,0.006652561,3,0.0,175.02670566,-0.83774235,175.02670566,-0.83774235,14.179,14.191,0.02141,0.01962,-20.69,5.53,19.7,20.95,22.55,0.0689,91.520004,10.44,1.17,0.066,8.0,0.0,GAMA,,,,True,True,True,True,True,True,True,True,True,True,True,True,True,True,0.006005788056932559,True,True,True,Elliptical,True,True,True,True
40445_blue_red_8_Y18SAR4_P002_12T127_2018_05_07-2018_05_16,40445_A,40445_blue_8_Y18SAR4_P002_12T127_2018_05_07-2018_05_16.fits,40445,331.5,29.666666,196.55258,2.3268952,201.59464,2.1726902,194.45146,3.1040385,201.59464,2.228123,202.67996,2.028469,201.16748,1.8517481,0.0,1.0,0.09153424,0.0074047633,,,0.09969578,0.0070412,,,1.1493067,0.63335174,195.75763,1.9971898,0.0,1.0,0.08976935,0.0073128114,,,0.097695135,0.0069977418,,,1.1493067,0.63335174,1,0.0,181.3133436,-0.75026279,181.3133436,-0.75026279,15.588,15.423,0.08418,0.08289,-22.61,6.48,21.32,22.62,24.21,0.2054,5.73999,11.29,1.37,0.093,8.0,0.0,GAMA,,,,False,True,True,True,True,True,True,True,True,True,True,True,True,True,0.011838538064471094,True,True,True,Elliptical,True,True,True,True
41059_blue_red_7_Y14SAR4_P007_12T069_2016_04_04-2016_04_12,41059_A,41059_blue_7_Y14SAR4_P007_12T069_2016_04_04-2016_04_12.fits,41059,58.0,1.5833334,262.36987,1.9752498,281.03683,2.3536222,281.18073,2.9327347,279.36685,2.4727402,272.88574,2.2092237,273.91977,1.9932159,0.0,1.0,0.06115717,0.004755389,,,0.06746848,0.0043360577,,,0.5633596,0.12232953,261.73914,2.0810962,0.0,1.0,0.060755007,0.004783379,,,0.06704919,0.0043327776,,,0.5633596,0.12232953,1,0.0,184.20460114,-0.7417948,184.20460114,-0.7417948,14.828,14.843,0.07205,0.07079,-22.81,5.36,20.38,21.81,23.38,0.1072,33.009995,11.32,1.32,0.086,8.0,0.0,GAMA,,,,False,True,True,True,True,True,True,True,True,True,True,True,True,True,0.007528493267919827,True,True,True,Elliptical,True,True,True,True
41180_blue_red_11_Y18SAR3_P002_12T129_2018_05_07-2018_05_16,41180_A,41180_blue_11_Y18SAR3_P002_12T129_2018_05_07-2018_05_16.fits,41180,173.0,29.83333,152.4699,2.6819348,159.06198,3.4288905,171.8551,5.955364,159.06198,3.7949736,152.5893,2.6134026,153.32265,2.7936406,,,,,,,,,,,,,156.04207,2.8571768,,,,,,,,,,,,,1,0.0,184.53027125,-0.74739265,184.53027125,-0.74739265,17.218,17.189,0.08571,0.08444,-20.84,1.81,20.06,21.65,23.21,0.3112,129.15,10.47,1.26,0.117,3.0,0.0,GAMA,,,,False,True,True,True,True,True,True,True,True,True,True,True,True,True,0.017589929553308556,True,True,True,Elliptical,True,True,True,True
47152_blue_red_7_Y17SAR2_P004_15T121_2018_03_12-2018_03_22,47152_A,47152_blue_7_Y17SAR2_P004_15T121_2018_03_12-2018_03_22.fits,47152,148.5,29.83333,196.86418,2.0083797,213.68394,3.2199936,218.07521,2.9768171,213.68394,2.7336996,208.00502,2.1847343,205.6753,1.9454741,0.0,1.0,0.054641627,0.00933603,,,0.06092714,0.008647645,,,0.5382215,0.37166905,200.93837,1.758954,0.0,1.0,0.04676964,0.008915696,,,0.05314168,0.008571183,,,0.5382215,0.37166905,1,0.0,211.56681954,-0.64109919,211.56681954,-0.64109919,15.904,15.811,0.08356,0.0826,-22.2,3.89,20.55,21.98,23.55,0.1847,80.66998,11.06,1.31,0.171,8.0,0.0,GAMA,,,,False,True,True,True,True,True,True,True,True,True,True,True,True,True,0.01020185439524854,True,True,True,Elliptical,True,True,True,True
47254_blue_red_7_Y17SAR2_P004_15T121_2018_03_12-2018_03_22,47254_A,47254_blue_7_Y17SAR2_P004_15T121_2018_03_12-2018_03_22.fits,47254,171.0,1.1666666,195.2867,1.2542456,216.11818,1.5273293,223.62457,2.281711,218.23958,1.7767407,212.93045,1.46701,205.37282,1.3538102,0.0,1.0,0.25765228,0.004590976,,,0.2599366,0.004357378,,,0.026891178,0.009206073,196.18753,1.3344209,0.0,1.0,0.2543805,0.004593762,,,0.2575982,0.0043532737,,,0.026891178,0.009206073,1,0.0,212.00218596,-0.82181131,212.00218596,-0.82181131,14.974,14.933,0.05566,0.05473,-22.12,3.75,19.82,21.02,22.63,0.0529,175.45001,11.03,1.27,0.174,8.0,0.0,GAMA,,,,False,True,True,True,True,True,True,True,True,True,True,True,True,True,0.00642258586990307,True,True,True,Elliptical,True,True,True,True
48470_blue_red_7_Y15SAR4_P003_15T114_2016_03_03-2016_03_13,48470_A,48470_blue_7_Y15SAR4_P003_15T114_2016_03_03-2016_03_13.fits,48470,61.0,2.6666667,160.61392,1.6742635,168.7235,2.1281576,173.513,2.9942956,168.7235,1.9301404,164.79974,1.9254045,163.16281,1.7325664,0.0,1.0,0.18561323,0.008208576,,,0.1996309,0.0075839018,,,0.07065496,0.017706705,162.5525,1.75382,0.0,1.0,0.16233866,0.008324193,,,0.1776929,0.007720163,,,0.07065496,0.017706705,1,0.0,217.16033334,-0.8306571,217.16033334,-0.8306571,15.75,15.672,0.08042,0.07956,-22.23,3.53,20.23,21.77,23.32,0.1087,63.36,11.01,1.23,0.161,8.0,0.0,GAMA,,,,False,True,True,True,True,True,True,True,True,True,True,True,True,True,0.010424149413699634,True,True,True,Elliptical,True,True,True,True
54202_blue_red_7_Y14SAR3_P006_12T057_2016_04_04-2016_04_12,54202_A,54202_blue_7_Y14SAR3_P006_12T057_2016_04_04-2016_04_12.fits,54202,127.0,2.1666667,177.34062,1.4870949,187.27885,1.7048427,193.27513,2.842092,190.00429,2.068636,187.27885,1.6493376,182.61963,1.5149399,0.0,1.0,0.1896914,0.0069502327,,,0.19446768,0.006473496,,,0.07012515,0.016406637,182.26369,1.6878145,0.0,1.0,0.17235497,0.007221228,,,0.17891209,0.006823495,,,0.07012515,0.016406637,1,0.0,177.17595931,-0.2787371,177.17595931,-0.2787371,15.74,15.696,0.04843,0.04717,-21.02,3.04,19.9,21.35,22.92,0.1295,127.0,10.58,1.24,0.092,8.0,0.0,GAMA,,,,False,True,True,True,True,True,True,True,True,True,True,True,True,True,0.008385528932965272,True,True,True,Elliptical,True,True,True,True
54270_blue_red_7_Y14SAR3_P006_12T057_2016_04_04-2016_04_12,54270_A,54270_blue_7_Y14SAR3_P006_12T057_2016_04_04-2016_04_12.fits,54270,288.5,2.3333333,264.95786,2.47101,282.40588,2.2914596,288.7742,3.5881832,282.40588,2.6397448,281.43817,2.1477852,278.5888,2.1857438,0.0,1.0,0.115601845,0.0067334985,,,0.12229089,0.0059696427,,,0.09033667,0.028088164,268.48535,2.3879287,0.0,1.0,0.10523561,0.006534909,,,0.111650474,0.0058572497,,,0.09033667,0.028088164,1,0.0,177.35884385,-0.30503619,177.35884385,-0.30503619,15.334,15.334,0.08475,0.08344,-22.71,4.87,20.65,22.09,23.66,0.066,117.73,11.28,1.36,0.083,8.0,0.0,GAMA,,,,False,True,True,True,True,True,True,True,True,True,True,True,True,True,0.009326049055498864,True,True,True,Elliptical,True,True,True,True
54921_blue_red_8_Y14SAR3_P008_12T059_2016_05_02-2016_05_10,54921_A,54921_blue_8_Y14SAR3_P008_12T059_2016_05_02-2016_05_10.fits,54921,160.5,1.8333334,165.08867,2.3791785,163.73262,2.4839146,162.07062,2.7795312,163.73262,2.281407,166.61258,2.4534488,166.48615,2.1706905,0.0,1.0,0.34057269,0.011089696,,,0.3712613,0.011411518,,,0.05576563,0.010157772,165.02078,2.2553325,0.0,1.0,0.30679873,0.010963415,,,0.3340904,0.011037361,,,0.05576563,0.010157772,1,0.0,179.99837449,-0.29094967,179.99837449,-0.29094967,16.235,16.24,0.09497,0.09366,-22.06,3.3,20.65,21.92,23.52,0.1678,166.83,10.99,1.33,0.107,8.0,0.0,GAMA,,,,False,True,True,True,True,True,True,True,True,True,True,True,True,True,0.014411518973409865,True,True,True,Elliptical,True,True,True,True
56181_blue_red_7_Y15SAR3_P002_12T085_2015_04_14-2015_04_22,56181_A,56181_blue_7_Y15SAR3_P002_12T085_2015_04_14-2015_04_22.fits,56181,56.0,3.0833333,88.369576,1.8577719,88.32858,1.8296226,89.11609,3.1130297,89.25301,2.2008913,88.32858,1.8113152,88.313,1.7511798,0.0,1.0,0.18050683,0.015336766,,,0.1963052,0.0147472555,,,0.021034053,0.02441844,88.40385,1.760417,,,,,,,,,,,,,1,0.0,184.83688992,-0.2415394,184.83688992,-0.2415394,16.133,16.144,0.05182,0.05059,-20.74,1.86,19.36,20.43,22.07,0.1231,83.20999,10.32,1.05,0.093,8.0,0.0,GAMA,,,,False,True,True,True,True,True,True,True,True,True,True,True,True,True,0.021022754482832418,True,True,True,Elliptical,True,True,True,True
62239_blue_red_7_Y17SAR2_P004_15T121_2018_03_12-2018_03_22,62239_A,62239_blue_7_Y17SAR2_P004_15T121_2018_03_12-2018_03_22.fits,62239,20.0,1.3333334,125.134346,1.4166105,147.8635,1.1828271,148.58519,1.5129514,148.73314,1.1769212,146.32986,1.0969267,144.56836,1.1034596,1.0,0.9962397,0.4106771,0.0074181734,0.40975165,0.0074181734,0.3963215,0.0070648245,0.3953671,0.0070648245,0.033540927,0.008192311,134.68787,0.996842,0.0,1.0,0.30234075,0.0065486594,,,0.29873642,0.006251389,,,0.033540927,0.008192311,1,0.0,211.97225913,-0.32437332,211.97225913,-0.32437332,15.082,15.062,0.05408,0.05315,-21.91,7.53,21.14,22.62,24.18,0.0823,24.790009,10.89,1.19,0.144,8.0,0.0,GAMA,,,,False,True,True,True,True,True,True,True,True,True,True,True,True,True,0.01132071685578634,True,True,True,Elliptical,True,True,True,True
62244_blue_red_7_Y17SAR2_P004_15T121_2018_03_12-2018_03_22,62244_A,62244_blue_7_Y17SAR2_P004_15T121_2018_03_12-2018_03_22.fits,62244,159.0,2.1666667,166.53181,2.4634209,166.77708,2.1526685,170.65337,2.8056467,166.53181,2.5232744,164.7607,1.9204104,163.54028,2.205131,,,,,,,,,,,,,164.08,2.5292776,,,,,,,,,,,,,1,0.0,212.00660742,-0.22560787,212.00660742,-0.22560787,17.045,17.024,0.05422,0.05329,-19.96,1.11,18.97,20.43,22.0,0.2358,160.14,10.15,1.24,0.142,8.0,0.0,GAMA,,,,False,True,True,True,True,True,True,True,True,True,True,True,True,True,0.014792494599079898,True,True,True,Elliptical,True,True,True,True
65408_blue_red_7_Y17SAR3_P004_15T127_2018_04_09-2018_04_19,65408_A,65408_blue_7_Y17SAR3_P004_15T127_2018_04_09-2018_04_19.fits,65408,265.0,3.0,182.3932,1.1168879,185.63737,1.3713216,185.40002,2.0005794,185.08319,1.4116591,185.63737,1.33372,186.06087,1.1656321,0.0,1.0,0.114145614,0.004763926,,,0.1162792,0.0041970764,,,0.11113537,0.020132113,184.22792,1.0206913,0.0,1.0,0.10390548,0.0045191217,,,0.10626308,0.0041632806,,,0.11113537,0.020132113,1,0.0,223.06693011,-0.29362259,223.06693011,-0.29362259,14.561,14.536,0.04414,0.04341,-21.95,5.29,20.0,21.35,22.93,0.1226,98.58,10.92,1.18,0.202,8.0,0.0,GAMA,,,,False,True,True,True,True,True,True,True,True,True,True,True,True,True,0.006123517214457557,True,True,True,Elliptical,True,True,True,True
70670_blue_red_7_Y15SAR3_P004_12T089_2016_02_08-2016_02_14,70670_A,70670_blue_7_Y15SAR3_P004_12T089_2016_02_08-2016_02_14.fits,70670,268.5,29.83333,229.86823,2.6530254,256.62802,2.5032728,253.74687,3.3617575,256.62802,2.5076203,252.91806,2.085179,247.20215,1.9059051,0.0,1.0,0.075852126,0.0069958265,,,0.0796433,0.006095656,,,0.6943495,0.29144362,238.03294,2.0643945,0.0,1.0,0.05391113,0.0065324185,,,0.058882184,0.0058513144,,,0.6943495,0.29144362,1,0.0,180.86818789,0.0601291,180.86818789,0.0601291,15.467,15.535,0.08325,0.08196,-22.47,5.59,20.83,22.26,23.83,0.1341,84.02002,11.21,1.39,0.085,8.0,0.0,GAMA,,,,False,True,True,True,True,True,True,True,True,True,True,True,True,True,0.011541505322418849,True,True,True,Elliptical,True,True,True,True
70802_blue_red_7_Y17SAR3_P002_12T103_2018_02_12-2018_02_19,70802_A,70802_blue_7_Y17SAR3_P002_12T103_2018_02_12-2018_02_19.fits,70802,261.5,3.0,251.52089,1.6718457,265.14273,2.082223,265.02817,2.8121831,264.65353,2.0186005,262.62457,1.6883333,253.85347,1.609486,0.0,1.0,0.055525012,0.0040221578,,,0.06249592,0.0037184053,,,0.12657584,0.024351295,251.52089,1.6474994,0.0,1.0,0.063024566,0.0039851423,,,0.06922686,0.0035995727,,,0.12657584,0.024351295,1,0.0,181.52724765,0.08866597,181.52724765,0.08866597,14.922,14.988,0.0622,0.06094,-22.33,3.49,19.43,20.77,22.36,0.1826,151.16,11.1,1.27,0.083,8.0,0.0,GAMA,,,,False,True,True,True,True,True,True,True,True,True,True,True,True,True,0.006646945706974876,True,True,True,Elliptical,True,True,True,True
70808_blue_red_7_Y17SAR3_P002_12T103_2018_02_12-2018_02_19,70808_A,70808_blue_7_Y17SAR3_P002_12T103_2018_02_12-2018_02_19.fits,70808,345.5,29.499998,88.64072,1.3406321,93.65082,1.3274719,101.57336,2.3971133,97.62442,1.6951226,94.73414,1.3579619,92.72476,1.2736273,0.0,1.0,0.06246788,0.011777631,,,0.07049757,0.011706072,,,0.27661377,0.2010683,88.64072,1.0329558,0.0,1.0,0.066157445,0.011585957,,,0.074065894,0.01127478,,,0.27661377,0.2010683,1,0.0,181.62542091,0.18181518,181.62542091,0.18181518,16.437,16.505,0.0419,0.04067,-19.86,2.6,20.43,21.77,23.35,0.0165,106.520004,10.08,1.17,0.086,8.0,0.0,GAMA,,,,False,True,True,True,True,True,True,True,True,True,True,True,True,True,0.015124336760802486,True,True,True,Elliptical,True,True,True,True
79706_blue_red_6_Y14SAR3_P007_15T082_2018_03_12-2018_03_22,79706_C,79706_blue_6_Y14SAR3_P007_15T082_2018_03_12-2018_03_22.fits,79706,229.5,29.916666,55.26873,3.9828944,58.729996,2.9041753,55.26873,3.988307,57.638344,3.137056,58.729996,3.1325994,61.395832,3.5405257,,,,,,,,,,,,,55.26873,4.1220264,,,,,,,,,,,,,3,0.0,222.70255859,0.09371126,222.70255859,0.09371126,18.765,18.703,0.04409,0.04335,-17.8,0.62,19.66,20.87,22.47,0.1104,100.39001,9.3,1.22,0.169,8.0,0.0,GAMA,,,,True,True,True,True,True,True,True,True,True,True,True,True,True,True,0.07206415635025448,True,True,True,Elliptical,True,True,True,True
79750_blue_red_7_Y17SAR3_P004_15T127_2018_04_09-2018_04_19,79750_A,79750_blue_7_Y17SAR3_P004_15T127_2018_04_09-2018_04_19.fits,79750,321.0,13.749999,176.97415,1.8817502,182.23233,2.3458247,185.05266,3.0466216,182.23233,2.0476375,180.5001,1.9086741,179.5292,1.7231396,0.0,1.0,0.067292556,0.00958063,,,0.07762834,0.009801516,,,0.39190486,0.32846957,179.8947,1.8780208,0.0,1.0,0.051527005,0.009325341,,,0.05950502,0.008909883,,,0.39190486,0.32846957,1,0.0,222.91686943,0.04639488,222.91686943,0.04639488,16.255,16.186,0.10049,0.09972,-22.22,3.4,20.43,21.99,23.55,0.2541,136.9,10.98,1.23,0.171,4.0,0.0,GAMA,,,,False,True,True,True,True,True,True,True,True,True,True,True,True,True,0.010632909947582739,True,True,True,Elliptical,True,True,True,True
79810_blue_red_13_Y14SAR3_P007_15T082_2017_03_24-2017_04_02,79810_A,79810_blue_13_Y14SAR3_P007_15T082_2017_03_24-2017_04_02.fits,79810,279.5,13.75,75.35465,1.1502255,75.37223,0.9118515,77.652115,1.6650335,76.18672,1.2440523,75.37223,0.9150089,74.84954,0.9197787,0.0,1.0,,,,,,,,,,,77.26097,1.1227574,0.0,1.0,,,,,,,,,,,3,0.0,223.26107295,0.20313785,223.26107295,0.20313785,16.527,16.517,0.04393,0.0432,-19.96,1.46,19.21,20.57,22.15,0.1149,92.24999,10.0,1.03,0.175,8.0,0.0,GAMA,,,,True,True,True,True,True,True,True,True,True,True,True,True,True,True,0.015264160871293276,True,True,True,Elliptical,True,True,True,True
79866_blue_red_7_Y17SAR3_P004_15T127_2018_04_09-2018_04_19,79866_A,79866_blue_7_Y17SAR3_P004_15T127_2018_04_09-2018_04_19.fits,79866,286.5,1.5,171.94785,1.2238675,179.68593,1.653733,177.0043,2.352325,182.68599,1.6972432,179.68593,1.564831,176.28256,1.3016708,0.0,1.0,0.2130618,0.006131621,,,0.2202443,0.005728316,,,0.052576214,0.018855773,177.49838,1.312236,0.0,1.0,0.1453121,0.0063533913,,,0.15513472,0.006023115,,,0.052576214,0.018855773,1,0.0,223.45444216,0.08965906,223.45444216,0.08965906,15.391,15.384,0.04465,0.04393,-21.16,3.43,19.7,21.27,22.82,0.2657,97.0,10.64,1.23,0.185,8.0,0.0,GAMA,,,,False,True,True,True,True,True,True,True,True,True,True,True,True,True,0.007117666780945503,True,True,True,Elliptical,True,True,True,True
84209_blue_red_7_Y18SAR3_P002_12T122_2018_05_07-2018_05_16,84209_A,84209_blue_7_Y18SAR3_P002_12T122_2018_05_07-2018_05_16.fits,84209,144.0,2.4166667,190.68498,1.9225415,201.01233,2.6461873,201.01233,3.116388,198.88187,2.2647707,197.23058,2.17843,195.66176,2.056236,0.0,1.0,0.2591377,0.0102355275,,,0.26496136,0.009751478,,,0.03399504,0.015613235,195.17387,1.9677558,0.0,1.0,0.2186134,0.0093584955,,,0.22360793,0.008880829,,,0.03399504,0.015613235,1,0.0,176.63164942,0.42550114,176.63164942,0.42550114,16.399,16.374,0.10531,0.10398,-22.21,3.06,20.64,21.97,23.56,0.1226,131.81,11.06,1.38,0.123,4.0,0.0,GAMA,,,,False,True,True,True,True,True,True,True,True,True,True,True,True,True,0.010082291221888582,True,True,True,Elliptical,True,True,True,True
85205_blue_red_7_Y17SAR3_P002_12T103_2018_02_12-2018_02_19,85205_A,85205_blue_7_Y17SAR3_P002_12T103_2018_02_12-2018_02_19.fits,85205,42.5,29.83333,122.31242,1.8120294,122.09891,2.029507,132.51773,3.873296,120.33789,2.5745602,122.09891,2.1366675,121.71993,2.0051064,0.0,1.0,0.070232674,0.014758588,,,0.0780123,0.014316837,,,1.6570868,0.32098895,122.90382,1.8979205,0.0,1.0,0.082783684,0.014380481,,,0.09337499,0.013721719,,,1.6570868,0.32098895,1,0.0,181.45545795,0.54021916,181.45545795,0.54021916,16.581,16.62,0.05061,0.04937,-20.18,2.4,20.52,21.77,23.37,0.0206,25.020004,10.21,1.18,0.094,8.0,0.0,GAMA,,,,False,True,True,True,True,True,True,True,True,True,True,True,True,True,0.014814762065863792,True,True,True,Elliptical,True,True,True,True
85559_blue_red_7_Y15SAR3_P006_12T097_2017_04_19-2017_05_01,85559_A,85559_blue_7_Y15SAR3_P006_12T097_2017_04_19-2017_05_01.fits,85559,120.0,6.8333335,157.58253,2.038098,173.44267,2.0950541,173.4048,2.966025,173.44267,2.263181,166.34126,1.8945557,163.59955,1.670379,0.0,1.0,0.13147143,0.012188111,,,0.14033006,0.010851276,,,0.09554361,0.044464678,162.12106,1.8162129,0.0,1.0,0.102015816,0.0108338585,,,0.109712794,0.009572993,,,0.09554361,0.044464678,1,0.0,182.95308783,0.61465616,182.95308783,0.61465616,16.462,16.435,0.07984,0.07857,-21.44,3.75,21.06,22.59,24.15,0.1058,101.399994,10.65,1.16,0.103,3.0,0.0,GAMA,,,,False,True,True,True,True,True,True,True,True,True,True,True,True,True,0.012933527593445798,True,True,True,Elliptical,True,True,True,True
85667_blue_red_6_Y16SAR4_P002_12T100_2017_04_19-2017_05_01,85667_A,85667_blue_6_Y16SAR4_P002_12T100_2017_04_19-2017_05_01.fits,85667,260.0,14.25,178.66098,1.4250692,193.79068,1.6050451,199.39574,3.0692804,193.79068,1.8474104,188.4357,1.5728331,185.79312,1.3122125,0.0,1.0,0.04828618,0.0062894085,,,0.053345792,0.0057511767,,,0.68475056,0.34155813,182.92987,1.4872196,0.0,1.0,0.04111734,0.00639792,,,0.046647254,0.00578762,,,0.68475056,0.34155813,1,0.0,183.51920665,0.44638424,183.51920665,0.44638424,15.596,15.525,0.07596,0.0747,-22.25,3.35,19.99,21.43,23.0,0.0949,41.47,11.0,1.21,0.082,8.0,0.0,GAMA,,,,False,True,True,True,True,True,True,True,True,True,True,True,True,True,0.00797638745740676,True,True,True,Elliptical,True,True,True,True
91545_blue_red_7_Y17SAR3_P012_15T129_2018_05_07-2018_05_16,91545_A,91545_blue_7_Y17SAR3_P012_15T129_2018_05_07-2018_05_16.fits,91545,54.0,5.25,170.18066,1.7286656,173.55466,1.7803898,168.6084,2.9534235,171.3008,2.0572987,172.00339,1.7219568,169.6458,1.6156902,0.0,1.0,0.08467116,0.008956253,,,0.09177053,0.0082050795,,,0.0946873,0.0467684,172.00339,1.7797325,,,,,,,,,,,,,1,0.0,212.61032387,0.44409159,212.61032387,0.44409159,16.316,16.193,0.05385,0.05294,-20.73,1.99,19.57,21.07,22.63,0.0863,40.009995,10.47,1.24,0.131,8.0,0.0,GAMA,,,,False,True,True,True,True,True,True,True,True,True,True,True,True,True,0.010157826394609118,True,True,True,Elliptical,True,True,True,True
91689_blue_red_7_Y14SAR3_P010_15T085_2016_05_02-2016_05_10,91689_A,91689_blue_7_Y14SAR3_P010_15T085_2016_05_02-2016_05_10.fits,91689,140.5,3.4166667,160.98209,1.8988417,162.1158,2.06356,167.58669,3.1463397,166.33578,2.2447724,161.51366,1.9199214,157.77711,1.8910334,0.0,1.0,0.12149613,0.0113499435,,,0.1322439,0.010332925,,,,,166.33578,2.4077196,,,,,,,,,,,,,1,0.0,212.97755087,0.49781354,212.97755087,0.49781354,16.894,16.789,0.05526,0.05435,-20.23,1.89,19.8,21.66,23.19,0.1831,139.31999,10.21,1.17,0.161,8.0,0.0,GAMA,,,,False,True,True,True,True,True,True,True,True,True,True,True,True,True,0.011795359968304548,True,True,True,Elliptical,True,True,True,True
91963_blue_red_7_Y13SAR1_P014_15T029_2013_04_12-2013_04_16,91963_A,91963_blue_7_Y13SAR1_P014_15T029_2013_04_12-2013_04_16.fits,91963,130.0,0.75,185.74475,1.7154677,187.1247,1.6820089,184.02672,2.871306,183.23209,2.2031977,187.1247,1.5495214,188.12054,1.6024787,1.0,1.0184032,0.4311609,0.004918372,0.43578285,0.004918372,0.48897737,0.0056040264,0.49471763,0.0056040264,0.028147453,0.004145765,185.83627,1.6160401,0.0,1.0,0.4348696,0.0048364145,,,0.48955342,0.005530077,,,0.028147453,0.004145765,1,0.0,214.36652643,0.48277548,214.36652643,0.48277548,14.643,14.579,0.05087,0.04999,-22.26,7.36,20.68,21.78,23.41,0.2234,127.72,11.04,1.19,0.134,8.0,0.0,GAMA,,,,False,True,True,True,True,True,True,True,True,True,True,True,True,True,0.009235618772535967,True,True,True,Elliptical,True,True,True,True
92773_blue_red_10_Y13SAR1_P015_15T023_2013_04_12-2013_04_16,92773_A,92773_blue_10_Y13SAR1_P015_15T023_2013_04_12-2013_04_16.fits,92773,204.0,3.4166667,174.52786,1.403178,178.25015,1.4325005,182.36742,2.8646116,180.89702,1.8941418,177.64517,1.498408,174.96101,1.6221011,0.0,1.0,0.16042034,0.008193085,,,0.17144035,0.007559422,,,0.11489646,0.021710254,173.76505,1.6001681,0.0,1.0,0.16904354,0.008477164,,,0.1796736,0.007509004,,,0.11489646,0.021710254,1,0.0,217.44493793,0.42414861,217.44493793,0.42414861,15.327,15.275,0.05512,0.05428,-21.75,3.59,20.12,21.49,23.07,0.0284,42.300003,10.85,1.22,0.141,8.0,0.0,GAMA,,,,False,True,True,True,True,True,True,True,True,True,True,True,True,True,0.00803985105873641,True,True,True,Elliptical,True,True,True,True
93803_blue_red_7_Y17SAR3_P003_15T126_2018_04_09-2018_04_19,93803_A,93803_blue_7_Y17SAR3_P003_15T126_2018_04_09-2018_04_19.fits,93803,311.5,4.6666665,157.41713,0.93999475,158.49669,1.017644,158.12729,1.7191695,158.36374,1.329378,158.41855,1.0014017,159.02225,1.0324277,0.0,1.0,0.05613449,0.004047041,,,0.061289396,0.0037111747,,,0.15533213,0.02824671,156.9045,0.9034383,0.0,1.0,0.06707434,0.0040523955,,,0.072591476,0.003588955,,,0.15533213,0.02824671,1,0.0,222.48909911,0.55829608,222.48909911,0.55829608,14.322,14.217,0.0406,0.03986,-22.1,4.61,19.53,20.92,22.49,0.1723,143.3,10.94,1.13,0.17,8.0,0.0,GAMA,,,,False,True,True,True,True,True,True,True,True,True,True,True,True,True,0.005971362519441182,True,True,True,Elliptical,True,True,True,True
93807_blue_red_13_Y14SAR3_P007_15T082_2017_03_24-2017_04_02,93807_A,93807_blue_13_Y14SAR3_P007_15T082_2017_03_24-2017_04_02.fits,93807,182.0,0.75,143.45558,0.99020135,156.05312,0.90953827,164.80533,1.5777427,163.33127,1.3449967,158.76813,1.0684115,154.4406,0.94422215,0.0,1.0,0.2521733,0.003388651,,,0.24642389,0.0031520906,,,0.036111966,0.009362692,150.2522,0.9354253,0.0,1.0,0.18181822,0.0035783525,,,0.18768889,0.003354256,,,0.036111966,0.009362692,3,0.0,222.50903232,0.57878033,222.50903232,0.57878033,14.999,14.997,0.04118,0.04044,-21.35,4.07,19.79,21.4,22.95,0.0895,7.75,10.66,1.16,0.172,8.0,0.0,GAMA,,,,True,True,True,True,True,True,True,True,True,True,True,True,True,True,0.0069024944864466056,True,True,True,Elliptical,True,True,True,True
98880_blue_red_7_Y16SAR4_P002_12T101_2017_04_19-2017_05_01,98880_A,98880_blue_7_Y16SAR4_P002_12T101_2017_04_19-2017_05_01.fits,98880,345.0,2.5,224.28813,1.5080982,240.68903,2.0346534,242.11914,2.2365568,240.68903,1.9509039,239.16599,1.6678313,237.01657,1.7503209,0.0,1.0,0.08981241,0.0052797277,,,0.08939054,0.004299955,,,0.10516597,0.021780448,226.39539,1.7044013,0.0,1.0,0.091163285,0.005200022,,,0.08941217,0.0042878017,,,0.10516597,0.021780448,1,0.0,180.31149663,0.93981778,180.31149663,0.93981778,15.385,15.467,0.08655,0.08526,-22.63,4.77,20.45,21.77,23.36,0.2276,107.89,11.2,1.3,0.073,8.0,0.0,GAMA,,,,False,True,True,True,True,True,True,True,True,True,True,True,True,True,0.0067239322919139775,True,True,True,Elliptical,True,True,True,True
136605_blue_red_7_Y14SAR4_P009_12T071_2016_04_04-2016_04_12,136605_A,136605_blue_7_Y14SAR4_P009_12T071_2016_04_04-2016_04_12.fits,136605,288.5,3.5833333,237.00847,2.6172664,237.45486,3.5005946,237.45486,3.5866165,237.8091,2.9411316,238.19939,2.5541618,234.34196,2.3316875,0.0,1.0,0.0760574,0.009849232,,,0.08105224,0.009491538,,,0.067099676,0.047792442,238.19939,2.6769342,0.0,1.0,0.074716546,0.009666799,,,0.08027287,0.009368548,,,0.067099676,0.047792442,1,0.0,175.88107888,-1.75237351,175.88107888,-1.75237351,16.566,16.479,0.10495,0.10361,-22.08,1.86,19.71,21.18,22.75,0.1103,132.29,11.02,1.39,0.067,4.0,0.0,GAMA,,,,False,True,True,True,True,True,True,True,True,True,True,True,True,True,0.011042923487080442,True,True,True,Elliptical,True,True,True,True
136842_blue_red_7_Y14SAR1_P004_12T044_2015_02_16-2015_02_25,136842_A,136842_blue_7_Y14SAR1_P004_12T044_2015_02_16-2015_02_25.fits,136842,258.0,3.1666667,173.2146,1.079064,178.50273,0.95504695,180.30827,1.5649228,180.86963,1.2019335,181.05681,0.9662178,180.0874,0.9489583,0.0,1.0,0.08389864,0.0031905842,,,0.086115085,0.0027574366,,,,,,,1.0,0.78744906,0.11482177,0.0034133357,0.0968589,0.0034133357,0.11637882,0.0029077095,0.09987489,0.0029077095,,,1,0.0,176.29122535,-1.76259733,176.29122535,-1.76259733,14.137,13.908,0.02834,0.02709,-21.59,6.08,19.78,21.06,22.66,0.1898,6.6100006,10.8,1.19,0.063,8.0,0.0,GAMA,,,,False,True,True,True,True,True,True,True,True,True,True,True,True,True,0.00622963653179351,True,True,True,Elliptical,True,True,True,True
143291_blue_red_7_Y18SAR4_P001_12T128_2018_05_07-2018_05_16,143291_A,143291_blue_7_Y18SAR4_P001_12T128_2018_05_07-2018_05_16.fits,143291,217.5,29.08333,126.83288,1.5067801,125.01245,1.381802,123.49412,2.4436998,123.88525,1.9147842,125.01245,1.3492216,124.91911,1.3939222,0.0,1.0,0.07671611,0.011560231,,,0.090418525,0.010139041,,,0.87366337,0.33556274,124.37445,1.3722395,0.0,1.0,0.05407362,0.010927283,,,0.06454525,0.009517828,,,0.87366337,0.33556274,1,0.0,175.21195232,-1.31819845,175.21195232,-1.31819845,16.37,16.352,0.04615,0.04488,-20.25,3.96,20.87,22.41,23.96,0.2274,10.839996,10.17,1.11,0.066,8.0,0.0,GAMA,,,,False,True,True,True,True,True,True,True,True,True,True,True,True,True,0.01188004325061451,True,True,True,Elliptical,True,True,True,True
177969_blue_red_7_Y17SAR3_P006_12T107_2018_04_09-2018_04_19,177969_A,177969_blue_7_Y17SAR3_P006_12T107_2018_04_09-2018_04_19.fits,177969,251.5,3.5,234.89638,1.9847045,259.7164,2.6096163,266.9497,3.0825746,259.7164,2.5188735,253.0579,2.1872103,247.72408,2.002966,0.0,1.0,0.07188974,0.007303901,,,0.077119716,0.006505773,,,0.26430485,0.108914375,245.73048,1.9650462,0.0,1.0,0.04586142,0.0069066836,,,0.05042827,0.0060894587,,,0.26430485,0.108914375,1,0.0,178.46741825,-1.97492224,178.46741825,-1.97492224,15.744,15.734,0.0772,0.0759,-22.08,4.01,20.35,21.8,23.36,0.2087,62.630005,11.03,1.33,0.079,8.0,0.0,GAMA,,,,False,True,True,True,True,True,True,True,True,True,True,True,True,True,0.00844927665551934,True,True,True,Elliptical,True,True,True,True
184042_blue_red_12_Y15SAR3_P005_12T094_2017_03_24-2017_04_02,184042_A,184042_blue_12_Y15SAR3_P005_12T094_2017_03_24-2017_04_02.fits,184042,184.5,4.8333306,285.887,1.6909072,328.38434,2.1787212,321.7913,2.4407773,328.38434,2.275254,319.98914,1.8439791,313.92636,1.6912402,0.0,1.0,0.07082727,0.0036426587,,,0.07207717,0.0030374527,,,0.15070558,0.05697203,298.90787,1.7031252,0.0,1.0,0.049586244,0.0032501593,,,0.05124917,0.002744156,,,0.15070558,0.05697203,2,0.0,174.66401689,-1.53717485,174.66401689,-1.53717485,15.105,14.985,0.07815,0.07684,-22.83,6.05,20.56,22.17,23.72,0.0963,3.3600006,11.38,1.38,0.081,8.0,0.0,GAMA,,,,True,True,True,True,True,True,True,True,True,True,True,True,True,True,0.005914599824406147,True,True,True,Elliptical,True,True,True,True
184046_blue_red_12_Y15SAR3_P005_12T094_2017_03_24-2017_04_02,184046_A,184046_blue_12_Y15SAR3_P005_12T094_2017_03_24-2017_04_02.fits,184046,244.0,5.0833335,257.07245,2.369545,267.8825,2.8962448,266.2601,3.0294487,267.8825,2.4562726,263.14972,2.5054464,260.8279,2.1400392,0.0,1.0,0.05308329,0.005572559,,,0.056653507,0.00508412,,,0.09597553,0.047813054,258.8883,2.0020938,0.0,1.0,0.04986301,0.005540124,,,0.053277068,0.0051028193,,,0.09597553,0.047813054,2,0.0,174.70806548,-1.45814613,174.70806548,-1.45814613,16.056,15.998,0.0803,0.07899,-21.91,2.87,20.08,21.53,23.09,0.1316,69.979996,10.96,1.34,0.08,8.0,0.0,GAMA,,,,True,True,True,True,True,True,True,True,True,True,True,True,True,True,0.00921742100330082,True,True,True,Elliptical,True,True,True,True
184648_blue_red_7_Y14SAR4_P006_12T068_2014_05_23-2014_06_01,184648_A,184648_blue_7_Y14SAR4_P006_12T068_2014_05_23-2014_06_01.fits,184648,59.5,0.6666667,160.22507,0.6616131,161.78519,0.65881974,172.78014,1.2570702,169.86485,0.9063187,166.93304,0.746513,162.5471,0.619985,0.0,1.0,0.2627329,0.0023495506,,,0.2714776,0.00222418,,,0.013201077,0.004325733,161.82768,0.6461589,0.0,1.0,0.25473127,0.0023558508,,,0.2622833,0.0022391456,,,0.013201077,0.004325733,1,0.0,177.4014459,-1.45549329,177.4014459,-1.45549329,13.813,13.749,0.02069,0.01875,-21.05,5.64,19.17,20.49,22.07,0.224,59.11,10.6,1.18,0.078,8.0,0.0,GAMA,,,,False,True,True,True,True,True,True,True,True,True,True,True,True,True,0.0041292732778959,True,True,True,Elliptical,True,True,True,True
203833_blue_red_7_Y16SAR2_P002_09T118_2016_03_03-2016_03_13,203833_A,203833_blue_7_Y16SAR2_P002_09T118_2016_03_03-2016_03_13.fits,203833,178.5,3.4999979,207.119,1.4741863,214.64708,1.6476593,218.9185,1.8903952,220.00865,1.6359938,212.12036,1.4576389,210.8093,1.3700529,0.0,1.0,0.08270844,0.0048900233,,,0.08599836,0.0043882434,,,0.06787258,0.026349181,207.209,1.5115192,0.0,1.0,0.07503625,0.0048302654,,,0.07897442,0.004442274,,,0.06787258,0.026349181,1,0.0,135.45654592,-0.39792396,135.45654592,-0.39792396,15.328,15.213,0.05399,0.0529,-21.76,3.55,19.7,21.22,22.78,0.1671,102.53,10.9,1.27,0.154,8.0,0.0,GAMA,,,,False,True,True,True,True,True,True,True,True,True,True,True,True,True,0.007117581197282721,True,True,True,Elliptical,True,True,True,True
204832_blue_red_6_Y14SAR2_P002_09T069_2014_04_02-2014_04_06,204832_A,204832_blue_6_Y14SAR2_P002_09T069_2014_04_02-2014_04_06.fits,204832,88.0,29.916666,63.41162,1.806114,66.567764,2.1956794,71.87397,3.731082,68.79307,2.6576438,66.02095,1.9451542,64.12936,1.9027172,0.0,1.0,0.14581254,0.026031278,,,0.16318275,0.02446733,,,0.43657005,0.31551805,63.253914,1.9263226,0.0,1.0,0.13528977,0.026659809,,,0.15512314,0.025294706,,,0.43657005,0.31551805,1,0.0,139.65673704,-0.31597758,139.65673704,-0.31597758,16.981,16.991,0.05637,0.05523,-20.05,2.75,21.13,22.15,23.8,0.0222,54.070007,10.07,1.11,0.112,8.0,0.0,GAMA,,,,False,True,True,True,True,True,True,True,True,True,True,True,True,True,0.02848238225107638,True,True,True,Elliptical,True,True,True,True
204877_blue_red_6_Y14SAR2_P002_09T069_2014_04_02-2014_04_06,204877_A,204877_blue_6_Y14SAR2_P002_09T069_2014_04_02-2014_04_06.fits,204877,183.5,9.333331,78.186066,2.1136973,80.83246,2.0153127,79.73227,3.6716588,81.40364,2.588808,79.989395,1.9859558,79.35071,1.9699564,0.0,1.0,0.16975304,0.02356544,,,0.19561423,0.02685555,,,0.7911721,0.5449794,79.17993,1.9554011,0.0,1.0,0.085724026,0.022822205,,,0.10544238,0.024039598,,,0.7911721,0.5449794,1,0.0,139.88496524,-0.29992712,139.88496524,-0.29992712,16.857,16.709,0.05526,0.05412,-20.31,3.61,21.37,22.88,24.44,0.0761,142.79,10.21,1.13,0.117,8.0,0.0,GAMA,,,,False,True,True,True,True,True,True,True,True,True,True,True,True,True,0.027034194302601185,True,True,True,Elliptical,True,True,True,True
208652_blue_red_7_Y18SAR1_P001_09T138_2018_02_12-2018_02_19,208652_A,208652_blue_7_Y18SAR1_P001_09T138_2018_02_12-2018_02_19.fits,208652,249.0,3.3333333,153.8418,1.2841157,152.08655,1.3683858,157.9369,1.898848,154.00723,1.6093526,152.08655,1.4563882,151.11954,1.1933442,0.0,1.0,0.14647487,0.007467068,,,0.15550439,0.0074353125,,,0.10909219,0.024133,154.2069,1.3369117,0.0,1.0,0.12724566,0.0072939005,,,0.13768567,0.0071701813,,,0.10909219,0.024133,1,0.0,129.7534118,0.0622835,129.7534118,0.0622835,14.964,14.91,0.05083,0.04982,-21.93,5.25,20.46,21.83,23.4,0.0048,39.070007,11.0,1.3,0.156,8.0,0.0,GAMA,,,,False,True,True,True,True,True,True,True,True,True,True,True,True,True,0.008346988269768034,True,True,True,Elliptical,True,True,True,True
209680_blue_red_7_Y15SAR2_P002_09T108_2016_02_08-2016_02_14,209680_A,209680_blue_7_Y15SAR2_P002_09T108_2016_02_08-2016_02_14.fits,209680,150.0,14.666665,199.64397,2.5319698,229.49403,1.9752614,231.51521,2.9945164,230.74077,2.6128697,228.84976,2.084139,223.12146,2.0914776,1.0,0.88675404,0.10950062,0.0073765046,0.100519195,0.0073765046,0.1122968,0.006363482,0.10398277,0.006363482,0.3096083,0.08556135,206.88277,1.988453,0.0,1.0,0.08135955,0.0070623676,,,0.08755482,0.0062532877,,,0.3096083,0.08556135,1,0.0,134.48904486,0.17119032,134.48904486,0.17119032,14.938,14.846,0.05402,0.05295,-22.14,7.67,20.91,22.49,24.04,0.1707,91.740005,11.11,1.35,0.105,8.0,0.0,GAMA,,,,False,True,True,True,True,True,True,True,True,True,True,True,True,True,0.012682425619967385,True,True,True,Elliptical,True,True,True,True
210467_blue_red_7_Y18SAR2_P001_09T143_2018_03_12-2018_03_22,210467_A,210467_blue_7_Y18SAR2_P001_09T143_2018_03_12-2018_03_22.fits,210467,307.5,9.25,177.33728,2.7920728,179.32033,3.946691,175.5205,4.8638964,179.32033,4.244783,179.6942,3.4137812,179.58151,3.4699454,0.0,1.0,0.07078664,0.019049836,,,0.0852765,0.018848509,,,,,178.05482,3.4089053,,,,,,,,,,,,,1,0.0,138.48371402,0.05958424,138.48371402,0.05958424,17.243,17.144,0.09372,0.09256,-21.13,1.98,20.24,21.82,23.37,0.2495,79.899994,10.63,1.35,0.1,3.0,0.0,GAMA,,,,False,True,True,True,True,True,True,True,True,True,True,True,True,True,0.015744421026419264,True,True,True,Elliptical,True,True,True,True
215289_blue_red_7_Y14SAR2_P001_09T068_2014_04_02-2014_04_06,215289_A,215289_blue_7_Y14SAR2_P001_09T068_2014_04_02-2014_04_06.fits,215289,190.0,2.5,179.2809,1.6384974,180.36122,1.6070864,187.48839,2.2321875,182.12328,1.773311,179.0683,1.5422883,178.81197,1.290485,0.0,1.0,0.13685462,0.0077645783,,,0.14445513,0.0069726855,,,0.08837729,0.019154403,180.09688,1.6919668,0.0,1.0,0.13859499,0.007793878,,,0.14642267,0.007021267,,,0.08837729,0.019154403,1,0.0,133.50575734,0.55898013,133.50575734,0.55898013,15.602,15.525,0.05867,0.05761,-21.64,3.05,19.94,21.21,22.81,0.0714,3.1100006,10.81,1.24,0.173,8.0,0.0,GAMA,,,,False,True,True,True,True,True,True,True,True,True,True,True,True,True,0.009139274735903268,True,True,True,Elliptical,True,True,True,True
216184_blue_red_7_Y16SAR2_P001_09T116_2016_03_03-2016_03_13,216184_A,216184_blue_7_Y16SAR2_P001_09T116_2016_03_03-2016_03_13.fits,216184,213.0,0.9166667,151.06465,0.8266079,149.9404,0.7724103,146.43634,1.577284,148.95741,1.0633838,148.90216,0.9315819,148.06532,0.922309,0.0,1.0,0.2520458,0.0029104678,,,0.2708106,0.002867449,,,0.025018755,0.0051249787,151.03793,0.8680594,0.0,1.0,0.25596097,0.0029085476,,,0.27413082,0.0028429367,,,0.025018755,0.0051249787,1,0.0,137.17432015,0.48469129,137.17432015,0.48469129,13.981,13.888,0.01959,0.01879,-20.8,5.24,19.49,20.58,22.22,0.0813,36.880005,10.51,1.19,0.14,8.0,0.0,GAMA,,,,False,True,True,True,True,True,True,True,True,True,True,True,True,True,0.005471881740698435,True,True,True,Elliptical,True,True,True,True
220112_blue_red_7_Y14SAR3_P009_12T060_2015_05_14-2015_05_20,220112_A,220112_blue_7_Y14SAR3_P009_12T060_2015_05_14-2015_05_20.fits,220112,99.5,1.1666666,79.852356,0.88130695,81.035286,1.0046451,87.60381,1.4681515,84.676735,1.0482987,85.15142,1.0344026,84.13203,0.9534069,0.0,1.0,0.24445571,0.0062592635,,,0.24709864,0.0056437226,,,0.033592153,0.010731877,79.96089,1.0358249,0.0,1.0,0.24517485,0.0062539987,,,0.24728714,0.0056333924,,,0.033592153,0.010731877,1,0.0,180.52256862,1.52589798,180.52256862,1.52589798,14.826,14.811,0.02147,0.01968,-20.07,4.57,20.03,21.38,22.96,0.0418,103.28001,10.12,1.08,0.074,8.0,0.0,GAMA,,,,False,True,True,True,True,True,True,True,True,True,True,True,True,True,0.011036705667143997,True,True,True,Elliptical,True,True,True,True
220218_blue_red_7_Y14SAR3_P009_12T060_2015_05_14-2015_05_20,220218_A,220218_blue_7_Y14SAR3_P009_12T060_2015_05_14-2015_05_20.fits,220218,340.0,6.0833335,122.5845,1.8023434,125.782936,1.6212273,128.25783,2.4481268,124.698044,2.0181582,125.782936,1.6146472,125.267075,1.7598349,0.0,1.0,0.14656323,0.010834565,,,0.16307174,0.010955991,,,0.15762296,0.041544776,125.435295,1.5940405,0.0,1.0,0.10584081,0.010097878,,,0.11930443,0.009162098,,,0.15762296,0.041544776,1,0.0,180.8180342,1.63546555,180.8180342,1.63546555,15.75,15.746,0.04896,0.04772,-20.98,5.26,21.06,22.58,24.14,0.0407,148.51,10.5,1.15,0.075,8.0,0.0,GAMA,,,,False,True,True,True,True,True,True,True,True,True,True,True,True,True,0.014702865370417956,True,True,True,Elliptical,True,True,True,True
220437_blue_red_11_Y14SAR3_P007_12T058_2017_03_24-2017_04_02,220437_A,220437_blue_11_Y14SAR3_P007_12T058_2017_03_24-2017_04_02.fits,220437,153.0,3.25,205.0075,2.0989635,213.22409,2.9734933,214.2319,4.7470293,213.22409,2.9333167,212.50609,2.2479508,213.92406,2.184852,0.0,1.0,0.16583204,0.0067287507,,,0.17915078,0.0063326103,,,0.07354484,0.018969119,210.55525,1.8191272,0.0,1.0,0.13653243,0.0067203604,,,0.14895223,0.006286196,,,0.07354484,0.018969119,1,0.0,181.59512158,1.47201838,181.59512158,1.47201838,15.654,15.63,0.07966,0.07838,-22.26,4.98,20.91,22.28,23.86,0.0507,158.01001,11.09,1.32,0.09,8.0,0.0,GAMA,,,,False,True,True,True,True,True,True,True,True,True,True,True,True,True,0.010238471763228174,True,True,True,Elliptical,True,True,True,True
227617_blue_red_9_Y15SAR4_P001_15T110_2015_05_14-2015_05_20,227617_A,227617_blue_9_Y15SAR4_P001_15T110_2015_05_14-2015_05_20.fits,227617,272.0,10.333333,120.06133,3.4975457,120.37663,3.5088584,125.36057,4.644409,124.31844,3.6472428,117.63717,3.1427088,117.6711,2.8254335,1.0,0.8987911,0.24566005,0.01959132,0.22847746,0.01959132,0.28345704,0.020673104,0.26474565,0.020673104,0.22479345,0.06956232,115.71533,2.9083977,0.0,1.0,0.17881037,0.020122567,,,0.2100529,0.01960547,,,0.22479345,0.06956232,1,0.0,214.32397858,1.22152981,214.32397858,1.22152981,16.172,16.077,0.05515,0.05426,-20.94,4.97,21.31,22.87,24.42,0.1588,79.21999,10.52,1.2,0.151,8.0,0.0,GAMA,,,,False,True,True,True,True,True,True,True,True,True,True,True,True,True,0.02913132563165842,True,True,True,Elliptical,True,True,True,True
228708_blue_red_11_Y17SAR3_P012_12T136_2018_05_07-2018_05_16,228708_A,228708_blue_11_Y17SAR3_P012_12T136_2018_05_07-2018_05_16.fits,228708,123.5,6.3333335,154.78857,2.0774143,167.99666,2.8030756,166.85431,2.9522347,167.99666,2.7055511,165.32384,2.3259737,161.26636,1.8682798,0.0,1.0,0.08768567,0.009478195,,,0.09406347,0.008408558,,,0.17547715,0.063770585,158.0175,2.1057327,0.0,1.0,0.083424106,0.009665412,,,0.08846144,0.008552807,,,0.17547715,0.063770585,1,0.0,218.45043403,1.18721545,218.45043403,1.18721545,16.204,16.21,0.09484,0.09399,-22.11,3.14,20.59,21.96,23.54,0.103,162.09,10.99,1.31,0.17,8.0,0.0,GAMA,,,,False,True,True,True,True,True,True,True,True,True,True,True,True,True,0.01342097998579611,True,True,True,Elliptical,True,True,True,True
230556_blue_red_7_Y17SAR3_P009_12T110_2018_04_09-2018_04_19,230556_A,230556_blue_7_Y17SAR3_P009_12T110_2018_04_09-2018_04_19.fits,230556,196.0,21.916664,171.73434,3.4475589,183.71893,3.5523214,191.673,4.850657,183.71893,3.53161,175.39915,2.5787816,175.94315,2.8547833,1.0,0.90569615,0.12801291,0.013059958,0.1193314,0.013059958,0.1386773,0.012292605,0.13015899,0.012292605,,,171.69151,2.8803737,0.0,1.0,0.11676344,0.013057194,,,0.12748541,0.012361863,,,,,1,0.0,180.3269596,1.89278283,180.3269596,1.89278283,15.978,15.98,0.07888,0.0776,-21.88,5.3,21.52,22.76,24.36,0.0672,73.56,10.97,1.34,0.102,8.0,0.0,GAMA,,,,False,True,True,True,True,True,True,True,True,True,True,True,True,True,0.02007495355908434,True,True,True,Elliptical,True,True,True,True
230683_blue_red_8_Y17SAR3_P005_12T106_2018_05_07-2018_05_16,230683_A,230683_blue_8_Y17SAR3_P005_12T106_2018_05_07-2018_05_16.fits,230683,11.5,9.833332,64.024796,0.91193974,65.589645,0.87598777,77.19319,1.620632,71.28003,1.1475911,68.570595,0.8246449,67.567604,0.8427285,0.0,1.0,0.08296946,0.008462283,,,0.08976758,0.0080142105,,,0.3060536,0.13409407,65.56776,0.86485064,0.0,1.0,0.07419554,0.008075114,,,0.08064579,0.0072874622,,,0.3060536,0.13409407,1,0.0,180.86975065,1.97642781,180.86975065,1.97642781,15.406,15.423,0.02221,0.02054,-19.52,4.57,20.61,21.73,23.36,0.0299,13.459991,9.94,1.13,0.088,8.0,0.0,GAMA,,,,False,True,True,True,True,True,True,True,True,True,True,True,True,True,0.014243539955988304,True,True,True,Elliptical,True,True,True,True
230786_blue_red_11_Y14SAR1_P003_12T043_2015_02_16-2015_02_25,230786_A,230786_blue_11_Y14SAR1_P003_12T043_2015_02_16-2015_02_25.fits,230786,302.0,3.0833333,125.20055,1.0426608,122.29574,1.0348861,127.71707,1.8829055,127.11257,1.4367285,126.39204,1.1063387,124.94833,1.0446061,0.0,1.0,0.11695507,0.0067976136,,,0.12817438,0.006458023,,,0.056421753,0.021035613,125.46865,1.1127684,0.0,1.0,0.113512374,0.0069218758,,,0.12536015,0.006575848,,,0.056421753,0.021035613,1,0.0,181.0545379,1.90016163,181.0545379,1.90016163,15.588,15.565,0.02105,0.01919,-19.27,2.37,19.25,20.33,21.97,0.2025,123.4,9.93,1.24,0.103,8.0,0.0,GAMA,,,,False,True,True,True,True,True,True,True,True,True,True,True,True,True,0.00832792507700645,True,True,True,Elliptical,True,True,True,True
230787_blue_red_7_Y14SAR1_P001_12T041_2015_02_16-2015_02_25,230787_A,230787_blue_7_Y14SAR1_P001_12T041_2015_02_16-2015_02_25.fits,230787,95.0,14.75,64.4898,1.8492395,63.931534,2.3046696,68.07489,3.222894,66.35223,2.1460285,65.656555,1.84544,65.13258,2.0211112,0.0,1.0,0.13686995,0.022977531,,,0.15516755,0.023475347,,,0.32374617,0.11684244,64.226395,2.0787833,0.0,1.0,0.12711008,0.02343294,,,0.14331292,0.023539854,,,0.32374617,0.11684244,1,0.0,181.06213957,1.86667151,181.06213957,1.86667151,16.739,16.774,0.02246,0.02083,-18.19,2.33,20.36,21.48,23.11,0.1909,129.74,9.34,1.05,0.101,8.0,0.0,GAMA,,,,False,True,True,True,True,True,True,True,True,True,True,True,True,True,0.028674914482600348,True,True,True,Elliptical,True,True,True,True
230797_blue_red_11_Y14SAR1_P003_12T043_2015_02_16-2015_02_25,230797_A,230797_blue_11_Y14SAR1_P003_12T043_2015_02_16-2015_02_25.fits,230797,9.0,29.916666,51.00309,3.0124316,51.470566,3.0703444,49.547836,3.623524,51.00309,2.8501012,49.79249,2.432164,48.420433,2.5207653,,,,,,,,,,,,,51.00309,2.986953,,,,,,,,,,,,,1,0.0,181.15316312,1.91898482,181.15316312,1.91898482,17.852,17.827,0.02145,0.01966,-17.03,0.95,19.69,20.81,22.43,0.0549,130.70001,8.94,1.13,0.101,8.0,0.0,GAMA,,,,False,True,True,True,True,True,True,True,True,True,True,True,True,True,0.05906370770868981,True,True,True,Elliptical,True,True,True,True
238458_blue_red_11_Y17SAR3_P009_15T132_2018_04_09-2018_04_19,238458_A,238458_blue_11_Y17SAR3_P009_15T132_2018_04_09-2018_04_19.fits,238458,142.5,5.3333335,242.34717,2.056837,266.07373,2.1399212,272.5487,2.36802,266.07373,2.1686454,262.86667,1.7235656,254.654,1.503669,0.0,1.0,0.09276382,0.005342363,,,0.09433559,0.00462721,,,0.25044143,0.05537538,251.89438,1.6210186,0.0,1.0,0.059848126,0.004606575,,,0.063655436,0.003978433,,,0.25044143,0.05537538,2,0.0,214.34860454,1.64469621,214.34860454,1.64469621,15.238,15.081,0.07843,0.07753,-22.78,6.69,20.92,22.53,24.08,0.0787,49.51999,11.28,1.3,0.158,8.0,0.0,GAMA,,,,True,True,True,True,True,True,True,True,True,True,True,True,True,True,0.008487150891838349,True,True,True,Elliptical,True,True,True,True
238500_blue_red_11_Y17SAR3_P009_15T132_2018_04_09-2018_04_19,238500_A,238500_blue_11_Y17SAR3_P009_15T132_2018_04_09-2018_04_19.fits,238500,65.0,4.25,112.980125,1.4800851,112.410675,1.5057169,121.321335,2.10475,115.01843,1.6331241,111.50521,1.4217834,108.51868,1.3648432,0.0,1.0,0.102713615,0.012263079,,,0.109483816,0.011542085,,,,,114.74254,1.5829849,,,,,,,,,,,,,2,0.0,214.4985581,1.70716045,214.4985581,1.70716045,16.903,16.894,0.05498,0.0541,-20.12,1.62,19.65,21.3,22.85,0.1543,23.020004,10.18,1.19,0.139,8.0,0.0,GAMA,,,,True,True,True,True,True,True,True,True,True,True,True,True,True,True,0.013100402393783862,True,True,True,Elliptical,True,True,True,True
238922_blue_red_8_Y15SAR3_P002_15T108_2015_04_14-2015_04_22,238922_A,238922_blue_8_Y15SAR3_P002_15T108_2015_04_14-2015_04_22.fits,238922,312.5,0.75,185.24484,1.3810326,183.16782,1.0273633,181.89278,1.2222127,181.62411,1.2461402,181.09116,1.2252405,183.39432,1.2233529,0.0,1.0,0.32164177,0.0030388213,,,0.337657,0.002993862,,,0.018580135,0.004955165,183.72144,1.2460961,0.0,1.0,0.29935908,0.0030335654,,,0.31180486,0.0030173254,,,0.018580135,0.004955165,1,0.0,215.7872446,1.67158066,215.7872446,1.67158066,13.937,13.869,0.02702,0.02618,-21.52,6.33,19.53,21.06,22.62,0.1972,127.53,10.74,1.13,0.123,8.0,0.0,GAMA,,,,False,True,True,True,True,True,True,True,True,True,True,True,True,True,0.0074551744599201785,True,True,True,Elliptical,True,True,True,True
250243_blue_red_7_Y17SAR2_P004_15T120_2018_03_12-2018_03_22,250243_A,250243_blue_7_Y17SAR2_P004_15T120_2018_03_12-2018_03_22.fits,250243,93.5,5.0,84.670555,1.5611205,86.0782,1.702198,87.01845,2.5414147,87.32533,1.865278,85.76961,1.6153497,84.64337,1.6231377,0.0,1.0,0.20523974,0.018032609,,,0.22159266,0.017450182,,,0.049016707,0.0339195,85.76961,1.7123789,0.0,1.0,0.146925,0.016395895,,,0.15900433,0.015248599,,,0.049016707,0.0339195,1,0.0,214.36319761,1.98847815,214.36319761,1.98847815,17.066,17.06,0.05535,0.05447,-19.93,2.31,20.56,22.08,23.64,0.1681,64.62999,10.07,1.15,0.149,8.0,0.0,GAMA,,,,False,True,True,True,True,True,True,True,True,True,True,True,True,True,0.018437584352671364,True,True,True,Elliptical,True,True,True,True
272190_blue_red_7_Y15SAR4_P002_12T096_2015_05_14-2015_05_20,272190_A,272190_blue_7_Y15SAR4_P002_12T096_2015_05_14-2015_05_20.fits,272190,78.5,4.9166665,187.20653,1.7855163,192.70712,1.8707224,197.81223,2.527587,192.70712,1.816891,190.50789,1.7157624,189.87755,1.5765887,0.0,1.0,0.11858249,0.0074007125,,,0.12448056,0.006685429,,,0.11725594,0.038410142,189.06464,1.5233256,0.0,1.0,0.08400378,0.0072219195,,,0.088973306,0.0066765216,,,0.11725594,0.038410142,1,0.0,178.24168855,1.2878002,178.24168855,1.2878002,15.853,15.832,0.08224,0.08094,-22.13,3.7,20.37,21.9,23.46,0.1251,97.149994,10.96,1.23,0.077,8.0,0.0,GAMA,,,,False,True,True,True,True,True,True,True,True,True,True,True,True,True,0.009537681725097944,True,True,True,Elliptical,True,True,True,True
272820_blue_red_8_Y17SAR3_P005_12T106_2018_05_07-2018_05_16,272820_A,272820_blue_8_Y17SAR3_P005_12T106_2018_05_07-2018_05_16.fits,272820,183.0,6.9166656,167.44753,1.6855139,194.63208,2.5217507,198.02002,3.5485146,194.63208,2.4676287,174.62335,1.9505515,176.0304,2.0334108,0.0,1.0,0.13015926,0.009455794,,,0.13638477,0.008486795,,,0.11001332,0.044666473,176.26053,2.0272498,0.0,1.0,0.10082139,0.009343343,,,0.11280436,0.008686584,,,0.11001332,0.044666473,1,0.0,180.96505859,1.29506537,180.96505859,1.29506537,16.442,16.407,0.08444,0.08315,-21.61,3.11,20.62,22.05,23.62,0.0754,176.87,10.82,1.32,0.071,3.0,0.0,GAMA,,,,False,True,True,True,True,True,True,True,True,True,True,True,True,True,0.010065922740096553,True,True,True,Elliptical,True,True,True,True
273845_blue_red_7_Y15SAR3_P003_12T087_2016_02_08-2016_02_14,273845_A,273845_blue_7_Y15SAR3_P003_12T087_2016_02_08-2016_02_14.fits,273845,22.0,29.916666,289.1236,2.5589178,281.71503,2.803279,283.12137,3.6869361,281.71503,2.9044027,279.61496,2.4237542,286.11783,2.4415476,1.0,0.8727065,0.07312136,0.006353837,0.06632482,0.006353837,0.08279104,0.0059861853,0.07588204,0.0059861853,1.1981755,0.7089947,288.14767,2.3160098,0.0,1.0,0.059379254,0.006287428,,,0.06882923,0.005976049,,,1.1981755,0.7089947,1,0.0,185.48441237,1.38252552,185.48441237,1.38252552,15.344,15.288,0.07997,0.07872,-22.62,5.73,20.84,22.19,23.77,0.0314,127.91,11.24,1.33,0.081,8.0,0.0,GAMA,,,,False,True,True,True,True,True,True,True,True,True,True,True,True,True,0.008850601611214027,True,True,True,Elliptical,True,True,True,True
279878_blue_red_7_Y13SAR1_P009_09T015_2013_03_05-2013_03_17,279878_A,279878_blue_7_Y13SAR1_P009_09T015_2013_03_05-2013_03_17.fits,279878,223.0,5.5,232.71104,1.849916,239.37344,2.425042,241.34143,3.0357358,239.37344,2.4659245,240.01419,1.7758292,240.9873,2.1431077,0.0,1.0,0.09192488,0.006991979,,,0.098573714,0.0062823873,,,0.2483732,0.040330388,234.56462,2.1639354,0.0,1.0,0.08605007,0.0068647484,,,0.092775404,0.006327303,,,0.2483732,0.040330388,1,0.0,139.81814651,1.03629872,139.81814651,1.03629872,15.491,15.444,0.08851,0.08734,-22.7,4.39,20.57,21.96,23.54,0.0575,64.17,11.26,1.33,0.095,8.0,0.0,GAMA,,,,False,True,True,True,True,True,True,True,True,True,True,True,True,True,0.007949412284006809,True,True,True,Elliptical,True,True,True,True
288803_blue_red_7_Y17SAR3_P009_12T110_2018_04_09-2018_04_19,288803_A,288803_blue_7_Y17SAR3_P009_12T110_2018_04_09-2018_04_19.fits,288803,332.5,3.4166667,176.93388,1.5295032,185.61139,1.5104222,187.63448,2.3379855,186.59467,1.9711916,185.61139,1.6606691,184.93765,1.3715327,0.0,1.0,0.10031791,0.006888212,,,0.107967466,0.005728254,,,0.06855966,0.02992492,182.49068,1.4019742,0.0,1.0,0.091549315,0.0063412017,,,0.09634325,0.0056839306,,,0.06855966,0.02992492,1,0.0,180.20559667,1.69372839,180.20559667,1.69372839,15.557,15.53,0.04977,0.04852,-21.27,4.2,20.37,21.9,23.46,0.0878,95.009995,10.66,1.21,0.088,8.0,0.0,GAMA,,,,False,True,True,True,True,True,True,True,True,True,True,True,True,True,0.0086444902468651,True,True,True,Elliptical,True,True,True,True
298590_blue_red_7_Y15SAR4_P004_15T113_2016_03_03-2016_03_13,298590_A,298590_blue_7_Y15SAR4_P004_15T113_2016_03_03-2016_03_13.fits,298590,245.0,1.5,136.9418,1.0237648,148.02448,1.1271051,154.03403,1.859121,153.47035,1.4783516,152.24864,1.2056782,149.04065,1.0562565,0.0,1.0,0.20597324,0.005362367,,,0.19799812,0.0046049757,,,0.040743627,0.015686452,143.55156,1.0957937,0.0,1.0,0.15206927,0.005097614,,,0.15284292,0.0044601127,,,0.040743627,0.015686452,1,0.0,220.67761653,1.31975042,220.67761653,1.31975042,15.115,15.054,0.03443,0.03367,-20.91,5.02,20.29,21.78,23.34,0.156,56.299988,10.55,1.22,0.141,8.0,0.0,GAMA,,,,False,True,True,True,True,True,True,True,True,True,True,True,True,True,0.007475911664663382,True,True,True,Elliptical,True,True,True,True
300411_blue_red_7_Y14SAR2_P003_09T070_2014_04_02-2014_04_06,300411_A,300411_blue_7_Y14SAR2_P003_09T070_2014_04_02-2014_04_06.fits,300411,304.5,29.499998,158.78639,1.4498625,159.617,1.466405,157.06532,2.302823,158.5082,2.1427922,159.617,1.3477851,160.65878,1.3256637,0.0,1.0,0.04604535,0.007102271,,,0.053450145,0.0063261096,,,0.552974,0.32612672,158.7803,1.3885623,0.0,1.0,0.048506904,0.0070343027,,,0.056259975,0.0063461335,,,0.552974,0.32612672,1,0.0,129.48588591,1.07243016,129.48588591,1.07243016,15.312,15.237,0.05209,0.05109,-21.65,3.2,19.7,21.01,22.6,0.1637,139.3,10.81,1.21,0.194,8.0,0.0,GAMA,,,,False,True,True,True,True,True,True,True,True,True,True,True,True,True,0.009130899065089898,True,True,True,Elliptical,True,True,True,True
300691_blue_red_7_Y14SAR2_P007_09T074_2017_02_27-2017_03_05,300691_A,300691_blue_7_Y14SAR2_P007_09T074_2017_02_27-2017_03_05.fits,300691,20.0,5.3333335,119.93721,1.5843027,119.79629,1.7122877,122.65693,2.1526918,120.30534,1.900494,119.79629,1.8301238,119.603455,1.6060612,0.0,1.0,0.09960199,0.0116087515,,,0.1122572,0.010707246,,,0.17103125,0.06314182,120.250275,1.5639615,0.0,1.0,0.09571315,0.012064038,,,0.10641691,0.011160094,,,0.17103125,0.06314182,1,0.0,130.41233479,1.1166267,130.41233479,1.1166267,16.158,16.131,0.04659,0.04558,-20.5,2.34,19.61,21.05,22.62,0.2731,35.809998,10.35,1.21,0.158,8.0,0.0,GAMA,,,,False,True,True,True,True,True,True,True,True,True,True,True,True,True,0.013209434336516583,True,True,True,Elliptical,True,True,True,True
301519_blue_red_7_Y16SAR2_P003_09T122_2017_03_24-2017_04_02,301519_A,301519_blue_7_Y16SAR2_P003_09T122_2017_03_24-2017_04_02.fits,301519,204.5,13.0,218.08704,2.7552564,223.52798,3.8608673,223.52798,3.6688569,225.47943,3.545009,218.74307,2.7546558,218.53789,2.6318915,0.0,1.0,0.07029984,0.011423227,,,0.08077506,0.011362724,,,0.4509484,0.25320145,218.53789,2.710681,0.0,1.0,0.058396425,0.011193244,,,0.06755871,0.010869405,,,0.4509484,0.25320145,1,0.0,134.27488871,1.25091948,134.27488871,1.25091948,16.605,16.539,0.10838,0.10726,-22.08,2.73,20.64,21.96,23.55,0.1106,42.729996,10.95,1.31,0.165,4.0,0.0,GAMA,,,,False,True,True,True,True,True,True,True,True,True,True,True,True,True,0.012633746599522832,True,True,True,Elliptical,True,True,True,True
319231_blue_red_11_Y17SAR3_P009_15T132_2018_04_09-2018_04_19,319231_A,319231_blue_11_Y17SAR3_P009_15T132_2018_04_09-2018_04_19.fits,319231,176.0,1.0833334,72.58509,0.9564964,69.89874,0.85781336,67.2897,2.13804,63.50903,1.554639,66.09406,1.1687287,68.866234,1.0590537,0.0,1.0,0.49108538,0.006603843,,,0.5872085,0.008941099,,,0.038131364,0.0074458914,72.450905,0.94294727,0.0,1.0,0.45482433,0.0067519206,,,0.53417414,0.008808989,,,0.038131364,0.0074458914,2,0.0,213.96153032,1.88260835,213.96153032,1.88260835,15.106,15.099,0.0267,0.02582,-20.26,5.26,20.48,21.67,23.28,0.1545,175.97,10.05,0.92,0.179,8.0,0.0,GAMA,,,,True,True,True,True,True,True,True,True,True,True,True,True,True,True,0.013177587848964575,True,True,True,Elliptical,True,True,True,True
323566_blue_red_6_Y17SAR2_P001_09T127_2018_02_12-2018_02_19,323566_A,323566_blue_6_Y17SAR2_P001_09T127_2018_02_12-2018_02_19.fits,323566,307.0,4.75,103.16686,1.4020617,104.030846,1.2404038,101.29463,2.0656538,102.348236,1.58126,104.030846,1.2693686,102.288925,1.2246479,0.0,1.0,,,,,,,,,,,103.16686,1.4071689,0.0,1.0,,,,,,,,,,,1,0.0,132.28304106,1.59911066,132.28304106,1.59911066,16.739,16.75,0.04353,0.0425,-19.72,1.41,19.24,20.51,22.11,0.2491,128.43001,10.01,1.15,0.14,8.0,0.0,GAMA,,,,False,True,True,True,True,True,True,True,True,True,True,True,True,True,0.013590233336557882,True,True,True,Elliptical,True,True,True,True
345758_blue_red_7_Y18SAR1_P002_09T150_2018_03_12-2018_03_22,345758_A,345758_blue_7_Y18SAR1_P002_09T150_2018_03_12-2018_03_22.fits,345758,350.0,13.083331,248.30537,2.1768074,253.01883,2.7830238,259.993,3.6566012,253.01883,2.523138,252.11531,2.1618905,250.0007,1.8266742,0.0,1.0,0.07412854,0.0072491607,,,0.08512318,0.007091602,,,0.121021464,0.07836201,251.7284,2.1261067,0.0,1.0,0.054679725,0.0068205637,,,0.06469721,0.006836544,,,0.121021464,0.07836201,1,0.0,131.02693494,1.89640977,131.02693494,1.89640977,15.419,15.33,0.07785,0.07681,-22.5,4.19,20.31,21.7,23.28,0.1501,164.2,11.2,1.34,0.324,8.0,0.0,GAMA,,,,False,True,True,True,True,True,True,True,True,True,True,True,True,True,0.00876665454315386,True,True,True,Elliptical,True,True,True,True
345848_blue_red_7_Y14SAR1_P002_09T062_2015_02_16-2015_02_25,345848_A,345848_blue_7_Y14SAR1_P002_09T062_2015_02_16-2015_02_25.fits,345848,114.5,3.6666667,173.30333,2.130685,173.08223,2.7799735,169.00552,4.9000816,173.08223,2.9348466,173.00542,2.1204135,172.52383,2.4699059,0.0,1.0,0.18225227,0.011410241,,,0.19902587,0.0109068835,,,0.053386007,0.028965488,173.72336,2.262064,0.0,1.0,0.14451484,0.011508679,,,0.16015384,0.0110220695,,,0.053386007,0.028965488,1,0.0,131.30016633,2.04119469,131.30016633,2.04119469,16.053,15.989,0.07637,0.07532,-21.8,3.34,20.6,21.93,23.51,0.0766,125.59,10.94,1.36,0.292,8.0,0.0,GAMA,,,,False,True,True,True,True,True,True,True,True,True,True,True,True,True,0.012294541599402622,True,True,True,Elliptical,True,True,True,True
346837_blue_red_7_Y15SAR1_P002_09T098_2016_03_03-2016_03_13,346837_A,346837_blue_7_Y15SAR1_P002_09T098_2016_03_03-2016_03_13.fits,346837,8.0,28.583334,90.084435,1.9674513,90.04931,2.0610032,92.55235,3.0712245,88.803825,2.2338467,89.98932,1.8747146,90.49137,1.837203,,,,,,,,,,,,,90.084435,1.9513425,,,,,,,,,,,,,1,0.0,135.21984256,2.21439177,135.21984256,2.21439177,17.19,17.133,0.05894,0.05786,-20.02,1.14,19.47,20.86,22.44,0.0036,98.369995,10.13,1.2,0.166,8.0,0.0,GAMA,,,,False,True,True,True,True,True,True,True,True,True,True,True,True,True,0.021840080364604608,True,True,True,Elliptical,True,True,True,True
371171_blue_red_7_Y17SAR2_P003_09T134_2018_02_12-2018_02_19,371171_A,371171_blue_7_Y17SAR2_P003_09T134_2018_02_12-2018_02_19.fits,371171,21.5,1.9166666,95.27819,1.0886484,95.833755,1.047261,93.19551,1.6520823,94.77921,1.3320104,95.9074,1.0470454,96.33415,0.9425006,0.0,1.0,0.14989349,0.009422154,,,0.1533883,0.009566552,,,,,95.34081,1.0953709,,,,,,,,,,,,,1,0.0,130.49093127,0.92989378,130.49093127,0.92989378,15.96,15.937,0.0409,0.0399,-20.39,1.52,18.61,19.94,21.53,0.2284,22.399994,10.15,1.0,0.175,8.0,0.0,GAMA,,,,False,True,True,True,True,True,True,True,True,True,True,True,True,True,0.011425997912009035,True,True,True,Elliptical,True,True,True,True
371172_blue_red_7_Y17SAR2_P003_09T134_2018_02_12-2018_02_19,371172_A,371172_blue_7_Y17SAR2_P003_09T134_2018_02_12-2018_02_19.fits,371172,195.5,4.5,258.79404,1.9031917,270.33893,2.6791317,270.79282,3.3042712,270.33893,2.874527,268.42654,2.283859,265.35742,1.853332,0.0,1.0,0.10424652,0.0056027095,,,0.12023513,0.005017495,,,0.115565106,0.021936903,265.6833,1.9999795,0.0,1.0,0.10286898,0.0055281445,,,0.11614398,0.0052144625,,,0.115565106,0.021936903,1,0.0,130.49630279,1.01727921,130.49630279,1.01727921,15.47,15.401,0.07818,0.07714,-22.44,4.01,20.1,21.59,23.15,0.2197,24.070007,11.16,1.32,0.164,8.0,0.0,GAMA,,,,False,True,True,True,True,True,True,True,True,True,True,True,True,True,0.007354078556059483,True,True,True,Elliptical,True,True,True,True
372123_blue_red_7_Y16SAR2_P003_09T122_2017_03_24-2017_04_02,372123_A,372123_blue_7_Y16SAR2_P003_09T122_2017_03_24-2017_04_02.fits,372123,56.5,5.5833335,268.2697,2.7477672,275.99063,3.0738623,282.3777,3.694908,279.45422,3.1918323,267.063,2.268687,271.04578,2.2401123,1.0,0.78394866,0.11300509,0.0056821187,0.09501813,0.0056821187,0.11950329,0.004994931,0.10226428,0.004994931,,,268.15723,2.6480463,1.0,0.8960149,0.10266931,0.005679749,0.094938554,0.005679749,0.11012946,0.004970734,0.102656215,0.004970734,,,1,0.0,134.52059205,1.15374158,134.52059205,1.15374158,14.966,14.774,0.07228,0.07119,-22.9,7.06,21.01,22.46,24.03,0.0627,124.67,11.43,1.39,0.177,8.0,0.0,GAMA,,,,False,True,True,True,True,True,True,True,True,True,True,True,True,True,0.010242555159975205,True,True,True,Elliptical,True,True,True,True
373163_blue_red_12_Y15SAR1_P002_09T100_2016_03_03-2016_03_13,373163_A,373163_blue_12_Y15SAR1_P002_09T100_2016_03_03-2016_03_13.fits,373163,104.0,29.916666,186.35724,2.7696197,190.35951,2.5421386,195.18126,3.3882272,190.35951,2.33747,181.39592,2.0742326,181.72574,2.0627697,1.0,0.883252,0.07634094,0.012707176,0.06984667,0.012707176,0.083214596,0.011834646,0.07685881,0.011834646,0.3120773,0.11325406,183.51688,2.4277875,0.0,1.0,0.063227795,0.012473407,,,0.06869397,0.011662973,,,0.3120773,0.11325406,1,0.0,139.71577409,1.24279017,139.71577409,1.24279017,16.457,16.5,0.08876,0.08759,-21.64,4.3,21.31,22.8,24.36,0.1463,7.4599915,10.82,1.32,0.084,3.0,0.0,GAMA,,,,False,True,True,True,True,True,True,True,True,True,True,True,True,True,0.014861884088860728,True,True,True,Elliptical,True,True,True,True
373168_blue_red_12_Y15SAR1_P002_09T100_2016_03_03-2016_03_13,373168_A,373168_blue_12_Y15SAR1_P002_09T100_2016_03_03-2016_03_13.fits,373168,73.0,10.083333,241.51736,2.4538095,248.4422,2.428382,247.49939,2.8359783,248.4422,2.8014076,239.78627,2.2994256,237.59256,1.9412805,0.0,1.0,0.07221103,0.0074192015,,,0.080224626,0.00678484,,,0.11283457,0.051260088,236.55556,2.201933,0.0,1.0,0.07256096,0.007306281,,,0.080258906,0.0067962254,,,0.11283457,0.051260088,1,0.0,139.74080772,1.1489271,139.74080772,1.1489271,15.708,15.659,0.08896,0.08779,-22.51,4.65,20.8,22.19,23.76,0.1415,42.23001,11.2,1.35,0.089,8.0,0.0,GAMA,,,,False,True,True,True,True,True,True,True,True,True,True,True,True,True,0.010159971523372068,True,True,True,Elliptical,True,True,True,True
376703_blue_red_7_Y15SAR1_P002_09T098_2016_03_03-2016_03_13,376703_A,376703_blue_7_Y15SAR1_P002_09T098_2016_03_03-2016_03_13.fits,376703,96.5,7.3333335,193.725,1.5807838,200.72575,1.9343716,207.13736,2.9601703,201.74211,2.2897727,198.47484,1.7171749,198.50923,1.5528266,0.0,1.0,0.06545992,0.0074073076,,,0.072159424,0.007133568,,,0.15743117,0.0740797,198.202,1.7551205,0.0,1.0,0.054168846,0.007275953,,,0.06156581,0.0069998857,,,0.15743117,0.0740797,1,0.0,134.73813963,1.43825517,134.73813963,1.43825517,15.622,15.586,0.05311,0.05204,-21.35,3.22,19.93,21.36,22.93,0.1494,80.630005,10.74,1.28,0.201,8.0,0.0,GAMA,,,,False,True,True,True,True,True,True,True,True,True,True,True,True,True,0.008159937024132147,True,True,True,Elliptical,True,True,True,True
380734_blue_red_7_Y14SAR2_P003_09T070_2014_04_02-2014_04_06,380734_A,380734_blue_7_Y14SAR2_P003_09T070_2014_04_02-2014_04_06.fits,380734,339.0,6.0,193.04333,2.4478388,196.85202,2.7325413,201.18454,4.237445,197.84273,3.1345422,198.94203,2.4290597,196.76842,2.5614161,0.0,1.0,0.0932061,0.009447499,,,0.10085832,0.009125875,,,0.17294814,0.08147357,194.85696,2.303745,0.0,1.0,0.0689809,0.009278178,,,0.07495008,0.009044792,,,0.17294814,0.08147357,1,0.0,129.74517063,1.73462278,129.74517063,1.73462278,15.764,15.713,0.07345,0.07243,-21.97,3.23,20.23,21.67,23.24,0.0457,152.09,10.96,1.29,0.235,8.0,0.0,GAMA,,,,False,True,True,True,True,True,True,True,True,True,True,True,True,True,0.012680255774700944,True,True,True,Elliptical,True,True,True,True
381229_blue_red_7_Y13SAR1_P005_09T009_2013_03_05-2013_03_17,381229_A,381229_blue_7_Y13SAR1_P005_09T009_2013_03_05-2013_03_17.fits,381229,143.5,7.5833335,151.8539,1.6839256,151.27495,1.7570367,161.53807,3.0539422,154.58037,2.2575355,151.27495,1.6090354,153.07956,1.7566838,0.0,1.0,0.11753583,0.010341188,,,0.13236775,0.00896306,,,0.10508038,0.03282986,152.33101,1.5658189,0.0,1.0,0.11014169,0.009753364,,,0.12420098,0.0087071145,,,0.10508038,0.03282986,1,0.0,131.81455082,1.89556314,131.81455082,1.89556314,15.973,15.902,0.05102,0.04999,-20.9,4.3,20.75,22.19,23.76,0.1838,149.39,10.49,1.18,0.142,8.0,0.0,GAMA,,,,False,True,True,True,True,True,True,True,True,True,True,True,True,True,0.011089116578500782,True,True,True,Elliptical,True,True,True,True
382154_blue_red_7_Y15SAR1_P002_09T098_2016_03_03-2016_03_13,382154_A,382154_blue_7_Y15SAR1_P002_09T098_2016_03_03-2016_03_13.fits,382154,71.0,7.0833335,191.53542,1.805343,193.33195,1.8535454,203.95013,3.0781684,200.58253,2.2095366,194.96005,1.9107713,193.58684,1.6297162,0.0,1.0,0.07793118,0.0075344737,,,0.082385585,0.0068638064,,,0.14792529,0.06306976,193.44833,1.5185398,0.0,1.0,0.069964685,0.0077128466,,,0.074583955,0.0070484355,,,0.14792529,0.06306976,1,0.0,135.46703893,1.99326948,135.46703893,1.99326948,15.714,15.632,0.05793,0.05685,-21.5,3.02,19.75,21.23,22.79,0.2429,72.72,10.8,1.3,0.213,8.0,0.0,GAMA,,,,False,True,True,True,True,True,True,True,True,True,True,True,True,True,0.009425635216713442,True,True,True,Elliptical,True,True,True,True
382505_blue_red_7_Y15SAR2_P001_09T106_2016_02_08-2016_02_14,382505_A,382505_blue_7_Y15SAR2_P001_09T106_2016_02_08-2016_02_14.fits,382505,198.0,1.5,121.970665,1.2297225,127.08911,1.3284657,131.57236,1.7257887,128.17357,1.6489325,126.20523,1.2532557,124.37511,1.2432265,0.0,1.0,0.2326653,0.008708916,,,0.2465196,0.008613107,,,0.03934053,0.013779535,122.197075,1.156291,0.0,1.0,0.22471242,0.008670551,,,0.24206522,0.008587596,,,0.03934053,0.013779535,1,0.0,137.1001386,2.00008099,137.1001386,2.00008099,15.959,15.875,0.05717,0.05607,-21.23,2.7,19.99,21.38,22.96,0.1039,108.78001,10.63,1.21,0.135,8.0,0.0,GAMA,,,,False,True,True,True,True,True,True,True,True,True,True,True,True,True,0.010082116876217738,True,True,True,Elliptical,True,True,True,True
417440_blue_red_7_Y18SAR1_P002_09T150_2018_03_12-2018_03_22,417440_A,417440_blue_7_Y18SAR1_P002_09T150_2018_03_12-2018_03_22.fits,417440,84.0,2.0833333,205.22902,1.320688,224.407,1.5015215,230.45654,2.139711,228.53264,1.9839575,224.407,1.5864503,219.15833,1.4981973,0.0,1.0,0.13033363,0.0039677783,,,0.12720764,0.0034588424,,,0.08419811,0.018013682,203.94514,1.2901652,0.0,1.0,0.13766481,0.003983756,,,0.13398759,0.0034128588,,,0.08419811,0.018013682,1,0.0,131.12793191,2.29491763,131.12793191,2.29491763,14.416,14.39,0.05164,0.05062,-22.49,4.51,19.72,21.03,22.62,0.0195,77.119995,11.21,1.29,0.175,8.0,0.0,GAMA,,,,False,True,True,True,True,True,True,True,True,True,True,True,True,True,0.006435191280453418,True,True,True,Elliptical,True,True,True,True
422389_blue_red_7_Y16SAR2_P002_09T117_2016_03_03-2016_03_13,422389_A,422389_blue_7_Y16SAR2_P002_09T117_2016_03_03-2016_03_13.fits,422389,98.0,3.5833333,95.64762,1.2326641,107.75733,1.3950429,118.0069,2.3440912,113.445206,1.6742742,107.75733,1.2734346,102.70003,1.3240955,0.0,1.0,0.19520652,0.010674494,,,0.19604465,0.009300301,,,0.07754552,0.022612095,96.17562,1.1964047,0.0,1.0,0.19581276,0.010730811,,,0.19716175,0.009312733,,,0.07754552,0.022612095,1,0.0,130.68721995,2.58308823,130.68721995,2.58308823,16.199,16.225,0.05185,0.05084,-20.66,3.11,20.68,21.94,23.54,0.0594,120.83,10.43,1.24,0.141,8.0,0.0,GAMA,,,,False,True,True,True,True,True,True,True,True,True,True,True,True,True,0.012887556428481963,True,True,True,Elliptical,True,True,True,True
422406_blue_red_8_Y13SAR1_P006_09T014_2013_03_05-2013_03_17,422406_A,422406_blue_8_Y13SAR1_P006_09T014_2013_03_05-2013_03_17.fits,422406,285.0,29.916666,83.2005,1.5729343,81.034225,1.4665315,80.39279,2.2341433,82.61265,1.6422005,81.034225,1.3631765,81.81378,1.5639956,,,,,,,,,,,,,83.28846,1.8324875,,,,,,,,,,,,,1,0.0,130.75188586,2.64168892,130.75188586,2.64168892,16.825,16.818,0.05153,0.05052,-20.03,1.2,19.01,20.25,21.85,0.2075,82.45999,10.05,1.08,0.145,8.0,0.0,GAMA,,,,False,True,True,True,True,True,True,True,True,True,True,True,True,True,0.018905346722675943,True,True,True,Elliptical,True,True,True,True
485921_blue_red_7_Y15SAR4_P004_15T112_2016_03_03-2016_03_13,485921_A,485921_blue_7_Y15SAR4_P004_15T112_2016_03_03-2016_03_13.fits,485921,178.0,2.2499988,119.66252,1.4144317,123.71917,1.4221872,127.52643,2.249391,125.26652,1.9141617,122.746475,1.4279348,119.66252,1.2791401,0.0,1.0,0.12707621,0.008737068,,,0.1283147,0.008279015,,,0.04699285,0.033530965,122.746475,1.3424473,,,,,,,,,,,,,1,0.0,217.83383718,-1.75091976,217.83383718,-1.75091976,16.051,16.066,0.05609,0.05525,-20.99,2.14,19.6,21.09,22.65,0.0432,79.979996,10.48,1.16,0.164,8.0,0.0,GAMA,,,,False,True,True,True,True,True,True,True,True,True,True,True,True,True,0.011820173100148651,True,True,True,Elliptical,True,True,True,True
492411_blue_red_7_Y14SAR4_P006_15T092_2014_05_23-2014_06_01,492411_A,492411_blue_7_Y14SAR4_P006_15T092_2014_05_23-2014_06_01.fits,492411,108.5,2.25,123.973076,1.0368946,125.17997,1.2611802,133.82018,2.2615292,127.334,1.5304602,124.95664,1.2352649,123.29956,1.2127148,0.0,1.0,0.10450015,0.008698872,,,0.1098,0.008514127,,,0.052837536,0.030949894,124.841606,1.3258302,0.0,1.0,0.10447837,0.008923104,,,0.109812096,0.008755404,,,0.052837536,0.030949894,1,0.0,216.47950699,-1.47142353,216.47950699,-1.47142353,15.752,15.697,0.05649,0.05563,-21.37,1.88,19.12,20.55,22.12,0.0419,111.39,10.7,1.23,0.171,8.0,0.0,GAMA,,,,False,True,True,True,True,True,True,True,True,True,True,True,True,True,0.008363869264645817,True,True,True,Elliptical,True,True,True,True
492486_blue_red_7_Y14SAR2_P009_15T070_2017_04_19-2017_05_01,492486_A,492486_blue_7_Y14SAR2_P009_15T070_2017_04_19-2017_05_01.fits,492486,26.5,4.8333335,160.12581,2.3760962,157.78229,1.9817432,152.5168,2.3397963,161.63843,2.388011,157.61871,2.1481578,156.46004,2.15298,0.0,1.0,,,,,,,,,,,161.63843,2.5061576,0.0,1.0,,,,,,,,,,,1,0.0,216.89883491,-1.37261003,216.89883491,-1.37261003,17.159,17.106,0.05626,0.05541,-19.95,1.1,19.3,20.65,22.23,0.0884,15.68,10.12,1.22,0.176,8.0,0.0,GAMA,,,,False,True,True,True,True,True,True,True,True,True,True,True,True,True,0.014838933211329267,True,True,True,Elliptical,True,True,True,True
492941_blue_red_6_Y17SAR3_P005_15T128_2018_04_09-2018_04_19,492941_A,492941_blue_6_Y17SAR3_P005_15T128_2018_04_09-2018_04_19.fits,492941,185.0,2.999998,120.19888,2.159037,118.24449,2.1912224,114.062355,3.2021933,117.645424,2.7858622,119.16281,2.0763407,119.46029,2.1532965,0.0,1.0,0.23581061,0.01483197,,,0.26421866,0.014758195,,,0.08111785,0.024115905,119.46029,1.8839653,0.0,1.0,0.18341227,0.013832561,,,0.20583946,0.01368873,,,0.08111785,0.024115905,1,0.0,218.85667048,-1.39906755,218.85667048,-1.39906755,16.45,16.463,0.05656,0.05574,-20.6,3.45,20.8,22.37,23.92,0.1773,3.600006,10.35,1.17,0.154,8.0,0.0,GAMA,,,,False,True,True,True,True,True,True,True,True,True,True,True,True,True,0.017962205637856193,True,True,True,Elliptical,True,True,True,True
505765_blue_red_7_Y14SAR4_P003_15T089_2014_05_23-2014_06_01,505765_A,505765_blue_7_Y14SAR4_P003_15T089_2014_05_23-2014_06_01.fits,505765,283.0,1.3333334,183.44995,1.5395792,185.35413,1.8216249,181.82004,2.2138598,185.35413,1.7832268,183.93616,1.4239697,181.97742,1.4033698,0.0,1.0,0.2634278,0.007167193,,,0.28505486,0.0072626546,,,0.02939924,0.0118503645,181.97742,1.2554935,0.0,1.0,0.26264554,0.0068855383,,,0.28518692,0.0069121774,,,0.02939924,0.0118503645,1,0.0,221.55080574,-1.81456588,221.55080574,-1.81456588,16.093,15.972,0.08124,0.08045,-21.96,2.05,19.45,20.9,22.47,0.1903,112.95,10.91,1.25,0.194,8.0,0.0,GAMA,,,,False,True,True,True,True,True,True,True,True,True,True,True,True,True,0.008392366419287658,True,True,True,Elliptical,True,True,True,True
506119_blue_red_12_Y14SAR4_P010_15T096_2016_04_04-2016_04_12,506119_A,506119_blue_12_Y14SAR4_P010_15T096_2016_04_04-2016_04_12.fits,506119,248.0,4.8333335,224.29901,2.3306265,234.26372,2.3742194,222.35889,3.0584974,234.26372,2.5701103,231.72922,2.1348813,227.25531,2.034111,0.0,1.0,0.09941126,0.008249848,,,0.10931362,0.0074058063,,,0.09205842,0.0314757,224.06778,1.8991193,0.0,1.0,0.08873988,0.008073069,,,0.09721013,0.0073384214,,,0.09205842,0.0314757,2,0.0,223.27241783,-1.76928187,223.27241783,-1.76928187,15.837,15.794,0.08438,0.08362,-22.24,3.74,20.43,21.87,23.44,0.1857,84.45,11.07,1.32,0.229,8.0,0.0,GAMA,,,,True,True,True,True,True,True,True,True,True,True,True,True,True,True,0.01039071237987185,True,True,True,Elliptical,True,True,True,True
507721_blue_red_7_Y17SAR3_P008_15T131_2018_04_09-2018_04_19,507721_A,507721_blue_7_Y17SAR3_P008_15T131_2018_04_09-2018_04_19.fits,507721,265.0,2.75,196.99458,1.6158843,218.94585,2.3563626,216.74689,3.2275481,218.94585,2.13597,213.38823,1.9075114,210.07442,1.6551903,0.0,1.0,0.16933131,0.004862757,,,0.16722915,0.004264785,,,0.050355207,0.02036162,200.03493,1.4664594,0.0,1.0,0.14304721,0.0048256237,,,0.14507407,0.00434681,,,0.050355207,0.02036162,1,0.0,214.31787488,-1.58923728,214.31787488,-1.58923728,14.852,14.758,0.07813,0.07722,-23.07,5.04,20.26,21.57,23.15,0.0441,127.270004,11.39,1.29,0.218,8.0,0.0,GAMA,,,,False,True,True,True,True,True,True,True,True,True,True,True,True,True,0.008202684053540965,True,True,True,Elliptical,True,True,True,True
509075_blue_red_7_Y14SAR4_P007_15T093_2016_04_04-2016_04_12,509075_A,509075_blue_7_Y14SAR4_P007_15T093_2016_04_04-2016_04_12.fits,509075,137.5,2.75,131.77693,1.4296043,138.38474,1.3915422,141.65855,2.2061245,141.36534,1.8053515,138.38474,1.5279422,136.82892,1.3040586,0.0,1.0,0.24232127,0.008809334,,,0.2533271,0.008136318,,,0.060311783,0.019034022,135.37936,1.3227125,0.0,1.0,0.18899955,0.008631212,,,0.20384842,0.0077279336,,,0.060311783,0.019034022,1,0.0,219.64113368,-1.45839761,219.64113368,-1.45839761,15.911,15.893,0.05121,0.05041,-20.95,4.19,20.78,22.21,23.78,0.1136,151.29,10.52,1.21,0.18,8.0,0.0,GAMA,,,,False,True,True,True,True,True,True,True,True,True,True,True,True,True,0.010848669034860656,True,True,True,Elliptical,True,True,True,True
517205_blue_red_7_Y13SAR1_P005_09T009_2013_03_05-2013_03_17,517205_A,517205_blue_7_Y13SAR1_P005_09T009_2013_03_05-2013_03_17.fits,517205,60.5,29.83333,244.93637,2.7031415,257.28265,3.0097387,262.96216,3.4947808,257.28265,2.7418578,255.8132,2.4557543,253.59447,2.1311967,1.0,0.9368931,0.08385288,0.0068442514,0.08003347,0.0068442514,0.09069005,0.006363685,0.08698437,0.006363685,0.4852972,0.16443785,248.73396,2.1837897,0.0,1.0,0.073701896,0.006739597,,,0.080462456,0.0063134036,,,0.4852972,0.16443785,1,0.0,131.38247114,2.4758725,131.38247114,2.4758725,15.311,15.188,0.07756,0.07651,-22.64,6.76,21.1,22.43,24.01,0.214,70.09,11.24,1.31,0.165,8.0,0.0,GAMA,,,,False,True,True,True,True,True,True,True,True,True,True,True,True,True,0.011036096844253877,True,True,True,Elliptical,True,True,True,True
521823_blue_red_7_Y16SAR2_P003_09T121_2017_02_27-2017_03_05,521823_A,521823_blue_7_Y16SAR2_P003_09T121_2017_02_27-2017_03_05.fits,521823,23.5,22.333334,163.53142,2.1315165,169.21098,2.6294887,174.06787,3.3524125,169.21098,2.7958329,169.34314,2.3199482,165.30914,2.1414547,0.0,1.0,0.086664274,0.012031507,,,0.09386044,0.0115285255,,,0.21811968,0.113451414,164.81392,2.416739,0.0,1.0,0.080320165,0.011795345,,,0.087527074,0.010806594,,,0.21811968,0.113451414,1,0.0,131.33012371,2.92524828,131.33012371,2.92524828,16.036,15.975,0.07939,0.07834,-21.89,3.21,20.51,21.75,23.35,0.0558,148.01,10.94,1.31,0.119,8.0,0.0,GAMA,,,,False,True,True,True,True,True,True,True,True,True,True,True,True,True,0.013034293348642114,True,True,True,Elliptical,True,True,True,True
534760_blue_red_7_Y17SAR3_P001_12T102_2018_02_12-2018_02_19,534760_C,534760_blue_7_Y17SAR3_P001_12T102_2018_02_12-2018_02_19.fits,534760,340.5,1.0833334,146.55484,1.277324,160.83635,1.2661387,167.3057,2.4837859,163.10376,1.63936,160.40688,1.3633351,156.46852,1.2258995,0.0,1.0,0.38933334,0.0061427774,,,0.38155448,0.0063287774,,,,,151.37032,1.1340846,0.0,1.0,0.31033903,0.0056722625,,,0.30683765,0.0054957895,,,,,3,0.0,174.94844197,-0.84393942,174.94844197,-0.84393942,15.514,15.553,0.05384,0.05256,-21.41,5.07,20.69,22.09,23.66,0.1795,5.029999,10.72,1.23,0.054,8.0,0.0,GAMA,,,,True,True,True,True,True,True,True,True,True,True,True,True,True,True,0.008715672576900223,True,True,True,Elliptical,True,True,True,True
536454_blue_red_11_Y15SAR4_P003_12T099_2015_05_14-2015_05_20,536454_A,536454_blue_11_Y15SAR4_P003_12T099_2015_05_14-2015_05_20.fits,536454,338.5,3.75,249.13126,2.4169407,270.01727,2.1604576,274.24374,2.909411,271.84152,2.2765517,268.85638,2.1989484,265.3368,1.9024116,0.0,1.0,0.102654904,0.0048923017,,,0.11508242,0.0038510999,,,0.053531315,0.016233373,259.551,1.9246637,0.0,1.0,0.09187047,0.0046126484,,,0.10611176,0.0038540529,,,0.053531315,0.016233373,1,0.0,182.39681085,-0.91247515,182.39681085,-0.91247515,14.994,14.932,0.06115,0.05989,-22.32,6.69,20.6,22.24,23.78,0.1776,156.1,11.08,1.23,0.07,8.0,0.0,GAMA,,,,False,True,True,True,True,True,True,True,True,True,True,True,True,True,0.009701475037696996,True,True,True,Elliptical,True,True,True,True
543489_blue_red_7_Y13SAR1_P002_15T006_2013_03_05-2013_03_17,543489_A,543489_blue_7_Y13SAR1_P002_15T006_2013_03_05-2013_03_17.fits,543489,176.0,6.583332,153.26462,1.3987967,164.31927,1.4262924,167.60037,2.3940287,165.44167,1.5931556,164.33806,1.3383559,164.16422,1.3164842,0.0,1.0,0.09984398,0.007792693,,,0.107893,0.0068576154,,,1.1391364,0.5627932,158.04973,1.2515448,0.0,1.0,0.08104378,0.0071906336,,,0.09173016,0.006465696,,,1.1391364,0.5627932,1,0.0,211.79629401,-0.87863989,211.79629401,-0.87863989,15.086,15.006,0.05405,0.05312,-21.98,5.21,20.5,22.0,23.56,0.0767,168.29,10.93,1.2,0.191,8.0,0.0,GAMA,,,,False,True,True,True,True,True,True,True,True,True,True,True,True,True,0.00912667711569702,True,True,True,Elliptical,True,True,True,True
549296_blue_red_8_Y18SAR2_P002_09T144_2018_04_09-2018_04_19,549296_A,549296_blue_8_Y18SAR2_P002_09T144_2018_04_09-2018_04_19.fits,549296,95.5,5.5,183.11467,1.3320322,191.24182,1.6010892,195.50656,2.3871262,194.94781,1.7157933,190.39311,1.4455308,188.79372,1.237408,0.0,1.0,0.08210863,0.0057627438,,,0.09066658,0.005313037,,,0.095474355,0.028571801,186.03198,1.2016146,0.0,1.0,0.067800276,0.005375078,,,0.07408542,0.004835684,,,0.095474355,0.028571801,1,0.0,131.07139086,-0.42489859,131.07139086,-0.42489859,15.034,15.025,0.0532,0.05217,-21.9,5.0,20.33,21.77,23.34,0.0801,94.47,10.95,1.26,0.106,8.0,0.0,GAMA,,,,False,True,True,True,True,True,True,True,True,True,True,True,True,True,0.00727430631308786,True,True,True,Elliptical,True,True,True,True
551619_blue_red_7_Y14SAR2_P006_09T073_2016_03_03-2016_03_13,551619_A,551619_blue_7_Y14SAR2_P006_09T073_2016_03_03-2016_03_13.fits,551619,304.0,5.9166665,135.55981,2.1185892,134.29869,2.1514564,132.60767,3.013001,133.16292,2.2416763,134.64648,1.9209186,129.6997,1.9666228,0.0,1.0,,,,,,,,,,,133.16292,2.1416209,0.0,1.0,,,,,,,,,,,1,0.0,140.82468142,-0.56844663,140.82468142,-0.56844663,17.049,17.007,0.05742,0.05627,-20.09,1.15,19.19,20.72,22.27,0.0688,151.20999,10.19,1.23,0.123,8.0,0.0,GAMA,,,,False,True,True,True,True,True,True,True,True,True,True,True,True,True,0.015628446218683843,True,True,True,Elliptical,True,True,True,True
559490_blue_red_7_Y14SAR3_P006_12T057_2016_04_04-2016_04_12,559490_A,559490_blue_7_Y14SAR3_P006_12T057_2016_04_04-2016_04_12.fits,559490,248.5,8.25,87.771065,1.3553845,84.41837,1.4189192,79.38461,2.4658713,81.536385,1.7844559,84.41837,1.5835717,86.538,1.4441729,0.0,1.0,0.095679976,0.012167781,,,0.11169769,0.011466912,,,0.16596654,0.057567276,87.61266,1.3534201,0.0,1.0,0.093449585,0.012414923,,,0.108583406,0.011560424,,,0.16596654,0.057567276,1,0.0,177.30346687,-0.56445992,177.30346687,-0.56445992,16.265,16.241,0.0487,0.04744,-20.48,2.7,20.32,21.43,23.06,0.0758,142.97,10.29,1.15,0.074,8.0,0.0,GAMA,,,,False,True,True,True,True,True,True,True,True,True,True,True,True,True,0.015442270183231799,True,True,True,Elliptical,True,True,True,True
575339_blue_red_6_Y14SAR2_P002_09T069_2014_04_02-2014_04_06,575339_A,575339_blue_6_Y14SAR2_P002_09T069_2014_04_02-2014_04_06.fits,575339,321.0,10.5,85.889595,1.419083,85.54607,1.6883012,84.9901,2.424227,86.36966,1.6921161,85.889595,1.4622085,84.306946,1.493231,0.0,1.0,0.04830486,0.013753818,,,0.052130982,0.012244279,,,,,86.09896,1.5090246,0.0,1.0,,,,,,,,,,,1,0.0,139.48490435,-0.10136639,139.48490435,-0.10136639,16.391,16.41,0.05873,0.05759,-20.74,1.66,19.41,20.87,22.43,0.014,70.07001,10.41,1.18,0.11,8.0,0.0,GAMA,,,,False,True,True,True,True,True,True,True,True,True,True,True,True,True,0.016522175939937777,True,True,True,Elliptical,True,True,True,True
583723_blue_red_7_Y15SAR3_P006_12T098_2016_03_03-2016_03_13,583723_A,583723_blue_7_Y15SAR3_P006_12T098_2016_03_03-2016_03_13.fits,583723,6.0,26.25,234.54388,4.717332,242.22247,2.9528606,244.34079,4.1164374,242.22247,3.0713818,245.74763,2.6845248,244.94365,2.5972972,1.0,0.6104672,0.11122974,0.010457378,0.07821116,0.010457378,0.11758699,0.009525207,0.08573994,0.009525207,1.0658138,0.46541435,238.37903,3.1714647,0.0,1.0,0.07086699,0.010438563,,,0.07795628,0.009639496,,,1.0658138,0.46541435,1,0.0,176.31667533,-0.19882604,176.31667533,-0.19882604,15.722,15.697,0.09456,0.09324,-22.59,7.1,21.5,23.17,24.72,0.1144,6.7099915,11.2,1.33,0.077,8.0,0.0,GAMA,,,,False,True,True,True,True,True,True,True,True,True,True,True,True,True,0.020112790834704363,True,True,True,Elliptical,True,True,True,True
585215_blue_red_7_Y17SAR3_P002_12T103_2018_02_12-2018_02_19,585215_A,585215_blue_7_Y17SAR3_P002_12T103_2018_02_12-2018_02_19.fits,585215,91.0,29.916666,214.42757,2.131567,225.68103,3.241524,228.19373,4.540685,225.68103,3.2828271,219.67215,2.7107117,218.26659,2.219873,0.0,1.0,0.074358046,0.008327141,,,0.081433386,0.0079223085,,,0.81789154,0.46188158,217.02768,2.0318987,0.0,1.0,0.061935496,0.008569565,,,0.06746253,0.008336039,,,0.81789154,0.46188158,1,0.0,181.67924097,-0.2038787,181.67924097,-0.2038787,16.222,16.19,0.09408,0.09278,-22.1,3.1,20.38,21.74,23.32,0.1342,116.85,11.03,1.36,0.078,8.0,0.0,GAMA,,,,False,True,True,True,True,True,True,True,True,True,True,True,True,True,0.009940731968375149,True,True,True,Elliptical,True,True,True,True
599834_blue_red_7_Y15SAR2_P001_09T107_2016_02_08-2016_02_14,599834_A,599834_blue_7_Y15SAR2_P001_09T107_2016_02_08-2016_02_14.fits,599834,42.5,7.4166665,223.43219,1.4407628,231.19049,1.7113217,229.9026,2.175853,231.04626,1.8952782,231.97581,1.5166293,231.34949,1.4666581,0.0,1.0,0.06850295,0.005004824,,,0.07215262,0.004758888,,,0.5063553,0.27517712,223.51105,1.4425457,0.0,1.0,0.0721066,0.0050820652,,,0.076065086,0.0048485105,,,0.5063553,0.27517712,1,0.0,132.71125636,0.37329313,132.71125636,0.37329313,14.396,14.307,0.05315,0.0521,-22.63,5.96,20.17,21.57,23.15,0.0704,44.930008,11.21,1.23,0.152,8.0,0.0,GAMA,,,,False,True,True,True,True,True,True,True,True,True,True,True,True,True,0.006448322419432938,True,True,True,Elliptical,True,True,True,True
599838_blue_red_7_Y13SAR1_P008_09T013_2013_04_12-2013_04_16,599838_A,599838_blue_7_Y13SAR1_P008_09T013_2013_04_12-2013_04_16.fits,599838,355.0,5.2499986,200.90324,0.75998497,214.99738,0.8566404,220.10101,1.2788203,218.95055,1.2926286,215.74632,1.0193604,214.21404,0.81527454,0.0,1.0,0.03900322,0.0032171514,,,0.043746892,0.0027609149,,,0.4956867,0.17514527,200.5325,0.917984,0.0,1.0,0.04516971,0.0033432809,,,0.049574636,0.0029429535,,,0.4956867,0.17514527,1,0.0,132.79081214,0.25359158,132.79081214,0.25359158,14.135,13.937,0.04195,0.04091,-22.45,5.63,19.65,21.13,22.7,0.1478,14.529999,11.15,1.2,0.137,8.0,0.0,GAMA,,,,False,True,True,True,True,True,True,True,True,True,True,True,True,True,0.00378284078444927,True,True,True,Elliptical,True,True,True,True
601283_blue_red_7_Y15SAR1_P001_09T096_2015_02_16-2015_02_25,601283_A,601283_blue_7_Y15SAR1_P001_09T096_2015_02_16-2015_02_25.fits,601283,29.0,29.916666,146.02786,4.1600833,129.13994,2.724261,129.89186,4.5401177,130.00566,3.368155,129.70375,2.8606203,127.36671,2.7453303,1.0,0.6646099,0.14987963,0.021731634,0.11224604,0.021731634,0.17550221,0.022570737,0.13512178,0.022570737,0.52379113,0.26606113,128.87656,2.875669,0.0,1.0,0.089980714,0.021519663,,,0.10921074,0.02134183,,,0.52379113,0.26606113,1,0.0,139.23478732,0.28596923,139.23478732,0.28596923,16.945,16.882,0.05744,0.05631,-20.22,5.42,22.1,23.61,25.17,0.2447,131.83,10.17,1.14,0.124,8.0,0.0,GAMA,,,,False,True,True,True,True,True,True,True,True,True,True,True,True,True,0.02848828504368961,True,True,True,Elliptical,True,True,True,True
618151_blue_red_7_Y14SAR2_P003_15T063_2014_04_02-2014_04_06,618151_A,618151_blue_7_Y14SAR2_P003_15T063_2014_04_02-2014_04_06.fits,618151,318.5,1.5833334,148.35344,1.2675494,149.78255,1.3540953,155.68582,2.4426398,153.4973,1.772287,149.78255,1.4098599,148.43794,1.1816916,0.0,1.0,0.15172671,0.007426471,,,0.16441682,0.0072611,,,0.04544198,0.023400607,148.90222,1.2978897,0.0,1.0,0.14334676,0.007825566,,,0.15701838,0.00765041,,,0.04544198,0.023400607,1,0.0,214.51701336,0.27382789,214.51701336,0.27382789,16.009,15.908,0.05121,0.05033,-20.93,2.26,19.6,21.03,22.6,0.0662,169.97,10.52,1.21,0.146,8.0,0.0,GAMA,,,,False,True,True,True,True,True,True,True,True,True,True,True,True,True,0.008544118693843568,True,True,True,Elliptical,True,True,True,True
618929_blue_red_7_Y17SAR3_P010_15T133_2018_05_07-2018_05_16,618929_A,618929_blue_7_Y17SAR3_P010_15T133_2018_05_07-2018_05_16.fits,618929,56.5,2.5833333,303.89584,1.9043944,320.6617,2.0063593,319.33383,2.9582202,320.4093,2.7783775,316.9608,2.2515342,316.07913,1.9232367,0.0,1.0,0.12069535,0.003459046,,,0.12460009,0.0031315647,,,0.039197966,0.013454913,304.70343,1.5151724,0.0,1.0,0.12306535,0.0035397357,,,0.1287883,0.003100388,,,0.039197966,0.013454913,1,0.0,217.41929641,0.36639871,217.41929641,0.36639871,14.406,14.282,0.0566,0.05576,-22.81,4.35,19.54,20.95,22.53,0.0039,111.81,11.33,1.3,0.145,8.0,0.0,GAMA,,,,False,True,True,True,True,True,True,True,True,True,True,True,True,True,0.00626660239903251,True,True,True,Elliptical,True,True,True,True
618931_blue_red_7_Y13SAR1_P006_15T011_2013_03_05-2013_03_17,618931_A,618931_blue_7_Y13SAR1_P006_15T011_2013_03_05-2013_03_17.fits,618931,242.5,6.3333335,99.38357,2.698726,96.74723,2.3731725,103.27102,4.1841826,100.556435,2.8923645,96.68966,2.5298903,98.03901,2.1479938,,,,,,,,,,,,,97.74825,2.3747482,0.0,1.0,0.15898642,0.020470632,,,0.17504962,0.019374112,,,0.10713756,0.05195837,1,0.0,217.42431079,0.36902069,217.42431079,0.36902069,17.365,16.945,0.0546,0.05376,-20.06,1.35,19.94,21.08,22.7,0.1829,51.689995,10.18,1.22,0.144,8.0,0.0,GAMA,,,,False,True,True,True,True,True,True,True,True,True,True,True,True,True,0.027154649405329273,True,True,True,Elliptical,True,True,True,True
618942_blue_red_7_Y13SAR1_P006_15T011_2013_03_05-2013_03_17,618942_A,618942_blue_7_Y13SAR1_P006_15T011_2013_03_05-2013_03_17.fits,618942,77.5,2.0,118.50546,1.4759191,119.82456,1.7070329,122.67028,2.6807544,119.80479,1.9897528,119.72567,1.560978,119.08366,1.384901,0.0,1.0,0.27870166,0.009602263,,,0.30178556,0.009979654,,,0.043030966,0.019277478,118.50191,1.4531419,0.0,1.0,0.2323153,0.009721459,,,0.2504169,0.00996104,,,0.043030966,0.019277478,1,0.0,217.45103002,0.28289426,217.45103002,0.28289426,16.05,16.043,0.05662,0.05578,-21.04,3.58,20.58,21.86,23.45,0.1392,91.09,10.56,1.22,0.146,8.0,0.0,GAMA,,,,False,True,True,True,True,True,True,True,True,True,True,True,True,True,0.012454439651978904,True,True,True,Elliptical,True,True,True,True
619258_blue_red_7_Y14SAR4_P002_15T088_2014_05_23-2014_06_01,619258_A,619258_blue_7_Y14SAR4_P002_15T088_2014_05_23-2014_06_01.fits,619258,78.0,8.166667,154.29445,2.1495028,157.00943,1.8912472,160.80551,2.823831,156.60074,2.3719077,154.29445,2.1763341,151.7138,2.0962167,0.0,1.0,0.07626667,0.014505881,,,0.08591927,0.012287623,,,,,155.85641,2.1882482,0.0,1.0,,,,,,,,,,,1,0.0,218.99219375,0.4010384,218.99219375,0.4010384,17.239,17.225,0.05792,0.05711,-19.9,1.61,20.1,21.61,23.17,0.0775,86.149994,10.07,1.18,0.148,8.0,0.0,GAMA,,,,False,True,True,True,True,True,True,True,True,True,True,True,True,True,0.013931173804372095,True,True,True,Elliptical,True,True,True,True
622350_blue_red_7_Y15SAR2_P001_09T107_2016_02_08-2016_02_14,622350_A,622350_blue_7_Y15SAR2_P001_09T107_2016_02_08-2016_02_14.fits,622350,56.0,14.25,204.2011,2.767676,210.20033,2.7969346,219.55603,4.1091833,210.20033,2.6291096,205.6879,2.1242948,206.02557,2.3757434,1.0,0.89975053,0.120021075,0.011118361,0.111344114,0.011118361,0.13713026,0.01095256,0.1281656,0.01095256,1.2264365,0.83142495,207.92915,2.4744115,0.0,1.0,0.07626945,0.010843587,,,0.088066,0.011014144,,,1.2264365,0.83142495,1,0.0,132.76091171,0.65270512,132.76091171,0.65270512,15.907,15.855,0.08841,0.08733,-22.29,4.89,21.09,22.63,24.19,0.0825,108.08,11.1,1.33,0.139,8.0,0.0,GAMA,,,,False,True,True,True,True,True,True,True,True,True,True,True,True,True,0.013553678212311295,True,True,True,Elliptical,True,True,True,True
9008500007_blue_red_7_Y13SBR1_P006_A0085T002_2013_08_30-2013_09_04,9008500007_A,9008500007_blue_7_Y13SBR1_P006_A0085T002_2013_08_30-2013_09_04.fits,9008500007,255.0,1.1666666,265.05737,1.8089322,273.54605,2.1072824,275.73383,2.7159078,274.916,2.2281868,271.88687,1.7874626,267.07535,1.7065736,0.0,1.0,0.25074992,0.004486257,,,0.26429763,0.004313304,,,0.028138632,0.007843762,264.02417,1.6382278,0.0,1.0,0.23674193,0.0045503075,,,0.25033286,0.0043451944,,,0.028138632,0.007843762,2,0.0,10.4509525837683,-9.28421645589635,,,15.367635,15.118814,,0.05296855,-21.877182,3.103812,19.315823,20.561842,22.161436,0.29508016,255.12617,10.939993,1.2553253,,7.0,0.0,Cluster,0.033438817,-0.53675973,1.0,True,True,True,True,True,True,True,True,True,True,True,True,True,True,0.006824681766064457,True,True,True,Elliptical,True,True,True,True
9008500020_blue_red_10_Y14SBR1_P002_A0085T007_2014_10_21-2014_10_26,9008500020_A,9008500020_blue_10_Y14SBR1_P002_A0085T007_2014_10_21-2014_10_26.fits,9008500020,10.5,14.499999,170.47786,2.4531164,161.47993,1.6607969,160.25386,2.9413671,162.78035,2.4015112,161.47993,1.7319518,162.40593,1.6429464,0.0,1.0,0.12046581,0.009443472,,,0.134493,0.008999513,,,0.23858094,0.057236213,168.8669,1.8643676,0.0,1.0,0.0977566,0.009289952,,,0.109361656,0.009057108,,,0.23858094,0.057236213,1,0.0,10.4221174966649,-9.31587249604061,,,16.205622,15.442443,,0.04770943,-21.548409,5.972856,21.230108,22.480024,24.078875,0.09054717,142.33698,10.89495,1.3049784,,7.0,0.0,Cluster,0.063017145,-2.034892,1.0,False,True,True,True,True,True,True,True,True,True,True,True,True,True,0.014389648016463839,True,True,True,Elliptical,True,True,True,True
9008500042_blue_red_7_Y13SBR1_P006_A0085T002_2013_08_30-2013_09_04,9008500042_A,9008500042_blue_7_Y13SBR1_P006_A0085T002_2013_08_30-2013_09_04.fits,9008500042,17.0,1.4166666,202.32286,1.7031611,204.18231,1.789431,210.90852,2.2640574,208.27032,2.1118193,203.16734,1.8976767,197.13745,1.6749746,0.0,1.0,0.18459812,0.0074771764,,,0.1928877,0.007176906,,,,,204.18231,2.0332572,0.0,1.0,,,,,,,,,,,1,0.0,10.4008963073197,-9.32508429188939,,,16.312153,16.261543,,0.05451584,-20.736303,1.7948344,19.392773,20.710413,22.297297,0.09365919,230.98563,10.522638,1.3119345,,7.0,0.0,Cluster,0.09926203,-0.09740933,1.0,False,True,True,True,True,True,True,True,True,True,True,True,True,True,0.008418035905581801,True,True,True,Elliptical,True,True,True,True
9008500059_blue_red_7_Y15SBR2_P005_A0085T029_2017_09_14-2017_09_26,9008500059_A,9008500059_blue_7_Y15SBR2_P005_A0085T029_2017_09_14-2017_09_26.fits,9008500059,184.0,8.999999,204.84634,2.0280576,215.76863,2.3285756,218.12088,3.4432645,218.3885,2.1648853,215.32011,1.939192,208.16788,1.8888202,0.0,1.0,0.07720903,0.0079981545,,,0.086701356,0.007568268,,,0.7528659,0.55576247,208.16788,1.7407748,0.0,1.0,0.031114014,0.008368076,,,0.037196614,0.00798458,,,0.7528659,0.55576247,1,0.0,10.394658653985,-9.35004750330196,,,15.959802,15.909942,,0.057958335,-21.090816,3.8551602,20.546385,22.171244,23.721094,0.07975418,189.47629,10.612209,1.2645597,,7.0,0.0,Cluster,0.1268697,0.87777334,1.0,False,True,True,True,True,True,True,True,True,True,True,True,True,True,0.009900384844562026,True,True,True,Elliptical,True,True,True,True
9008500064_blue_red_6_Y13SBR2_P006_A0085T004_2013_10_02-2013_10_08,9008500064_A,9008500064_blue_6_Y13SBR2_P006_A0085T004_2013_10_02-2013_10_08.fits,9008500064,70.0,12.333333,125.197975,2.9267344,126.31008,3.02785,136.2721,4.1130486,129.46565,3.2702363,125.197975,2.9365234,123.75348,2.9027812,,,,,,,,,,,,,136.2721,4.2843347,,,,,,,,,,,,,1,0.0,10.4847735629504,-9.38239037931209,,,17.335201,17.197182,,0.059343014,-19.801918,1.4964529,19.933628,21.802141,23.335337,0.000152802,120.39932,10.01447,1.1582489,,7.0,0.0,Cluster,0.13156033,1.2691236,1.0,False,True,True,True,True,True,True,True,True,True,True,True,True,True,0.023376850943475722,True,True,True,Elliptical,True,True,True,True
9008500077_blue_red_7_Y13SBR1_P003_A0085T001_2013_08_30-2013_09_04,9008500077_A,9008500077_blue_7_Y13SBR1_P003_A0085T001_2013_08_30-2013_09_04.fits,9008500077,163.0,2.5833333,183.1646,2.0402434,201.44038,2.018884,206.70528,2.848909,199.2089,2.063664,197.93437,1.868176,196.51553,1.875173,0.0,1.0,0.2144223,0.0076025235,,,0.21041325,0.0059617935,,,0.03342753,0.01872388,193.59148,1.9943097,0.0,1.0,0.16403095,0.0070015723,,,0.16866209,0.0061477115,,,0.03342753,0.01872388,1,0.0,10.5541064743967,-9.29742097468969,,,15.773389,15.546458,,0.066114955,-21.459278,4.590606,20.685057,22.19196,23.753317,0.034845762,237.24767,10.764045,1.2653217,,7.0,0.0,Cluster,0.14745538,3.1756434,0.0,False,True,True,True,True,True,True,True,True,True,True,True,True,True,0.011138852158113522,True,True,True,Elliptical,True,True,True,True
9008500096_blue_red_7_Y15SBR2_P004_A0085T028_2017_09_14-2017_09_26,9008500096_A,9008500096_blue_7_Y15SBR2_P004_A0085T028_2017_09_14-2017_09_26.fits,9008500096,309.0,14.25,164.25,1.1763783,180.37184,1.2936525,186.0258,1.8879431,184.12059,1.4878861,180.37184,1.2441995,179.34462,1.2252139,0.0,1.0,0.06352481,0.0056143007,,,0.06584502,0.005034712,,,0.38809374,0.16698715,172.60223,1.1156791,0.0,1.0,0.043361124,0.0050126673,,,0.046379305,0.004463768,,,0.38809374,0.16698715,1,0.0,10.3701016116481,-9.23295198285023,,,15.342994,15.066584,,0.046795055,-21.923738,5.947524,20.56707,22.008698,23.577732,0.18225464,134.07072,10.90576,1.181571,,7.0,0.0,Cluster,0.17998616,-2.2961235,1.0,False,True,True,True,True,True,True,True,True,True,True,True,True,True,0.007162120547945206,True,True,True,Elliptical,True,True,True,True
9008500118_blue_red_10_Y14SBR1_P003_A0085T008_2014_10_21-2014_10_26,9008500118_A,9008500118_blue_10_Y14SBR1_P003_A0085T008_2014_10_21-2014_10_26.fits,9008500118,192.5,2.25,122.6407,1.6562643,133.73102,1.5267801,146.80066,3.178568,138.20674,2.081019,132.1161,1.6200875,127.65608,1.3077677,0.0,1.0,0.19614999,0.011117679,,,0.21008462,0.009911272,,,0.026604915,0.023119265,130.38701,1.5237912,0.0,1.0,0.1501699,0.010897603,,,0.16610229,0.010075311,,,0.026604915,0.023119265,1,0.0,10.4000248590084,-9.18731114063918,,,16.506325,16.502064,,0.055625483,-20.496445,3.1181042,20.683172,22.136293,23.7039,0.11466547,250.5108,10.358594,1.2400894,,7.0,0.0,Cluster,0.20681481,0.21727642,1.0,False,True,True,True,True,True,True,True,True,True,True,True,True,True,0.0135050134253963,True,True,True,Elliptical,True,True,True,True
9008500138_blue_red_8_Y16SBR2_P003_A0085T038_2017_09_14-2017_09_26,9008500138_A,9008500138_blue_8_Y16SBR2_P003_A0085T038_2017_09_14-2017_09_26.fits,9008500138,124.0,29.916666,114.0429,2.5384803,108.49374,2.4304385,120.98551,3.8335135,114.0429,2.5068464,108.16424,2.3527768,109.25021,2.0762784,,,,,,,,,,,,,108.16424,2.118467,,,,,,,,,,,,,1,0.0,10.4224456631099,-9.43929794159098,,,17.38921,16.3775,,0.054311275,-20.616693,1.0772312,19.333235,20.584938,22.183449,0.097489685,158.45723,10.378108,1.1686611,,7.0,0.0,Cluster,0.22414266,-0.15545784,1.0,False,True,True,True,True,True,True,True,True,True,True,True,True,True,0.022258994641490174,True,True,True,Elliptical,True,True,True,True
9008500139_blue_red_7_Y13SBR1_P003_A0085T001_2013_08_30-2013_09_04,9008500139_A,9008500139_blue_7_Y13SBR1_P003_A0085T001_2013_08_30-2013_09_04.fits,9008500139,5.0,2.5833333,131.9623,1.225269,135.46266,1.3821859,140.72523,1.9504602,136.26599,1.6890765,135.46266,1.1713392,133.0798,1.1549681,0.0,1.0,0.1429413,0.007764009,,,0.14422183,0.007366935,,,,,134.47919,1.2480168,0.0,1.0,0.12999481,0.008060143,,,0.13319507,0.0076705404,,,,,1,0.0,10.441051743033,-9.16242459675567,,,16.158176,16.156736,,0.051665194,-20.837872,2.163436,19.779593,21.034206,22.632168,0.00088756956,190.07356,10.479002,1.2049999,,7.0,0.0,Cluster,0.22557391,-0.9073455,1.0,False,True,True,True,True,True,True,True,True,True,True,True,True,True,0.009284992759295648,True,True,True,Elliptical,True,True,True,True
9008500169_blue_red_6_Y13SBR2_P006_A0085T004_2013_10_02-2013_10_08,9008500169_A,9008500169_blue_6_Y13SBR2_P006_A0085T004_2013_10_02-2013_10_08.fits,9008500169,75.0,4.5,173.84807,1.8609915,182.99835,2.1180062,177.24323,2.5634885,184.82352,2.3833053,183.51248,2.0306568,183.05373,1.8787097,0.0,1.0,0.12538098,0.008398045,,,0.13477932,0.007757393,,,0.110978946,0.037561234,181.37314,1.8477598,0.0,1.0,0.09712198,0.008519645,,,0.10555253,0.008171332,,,0.110978946,0.037561234,1,0.0,10.3892318142731,-9.15650249316038,,,15.612171,15.565381,,0.060641617,-21.435072,4.2828174,20.347692,21.8245,23.389267,0.19984001,76.20117,10.709361,1.2024975,,7.0,0.0,Cluster,0.2581821,1.6356776,1.0,False,True,True,True,True,True,True,True,True,True,True,True,True,True,0.010704700374298087,True,True,True,Elliptical,True,True,True,True
9008500182_blue_red_7_Y13SBR1_P003_A0085T001_2013_08_30-2013_09_04,9008500182_A,9008500182_blue_7_Y13SBR1_P003_A0085T001_2013_08_30-2013_09_04.fits,9008500182,301.0,3.1666667,166.52214,1.9017683,172.61684,1.7143726,168.72525,2.4552705,173.55838,2.2380238,171.62874,1.8487241,170.00494,1.5963622,0.0,1.0,0.20473933,0.008954264,,,0.21471688,0.00835966,,,0.013521699,0.016747724,171.62874,1.8104885,0.0,1.0,0.14512202,0.008925089,,,0.15659645,0.00844846,,,0.013521699,0.016747724,1,0.0,10.3314638827008,-9.41907572997829,,,16.28247,16.243752,,0.05480179,-20.753191,2.966546,20.144434,21.654446,23.215462,0.25660712,120.61597,10.435489,1.1992989,,7.0,0.0,Cluster,0.2731129,-0.01628482,1.0,False,True,True,True,True,True,True,True,True,True,True,True,True,True,0.011420513212237124,True,True,True,Elliptical,True,True,True,True
9008500225_blue_red_7_Y13SBR1_P003_A0085T001_2013_08_30-2013_09_04,9008500225_A,9008500225_blue_7_Y13SBR1_P003_A0085T001_2013_08_30-2013_09_04.fits,9008500225,105.0,0.16666667,232.15227,1.784467,239.97826,1.8996117,249.13394,2.4295819,239.69449,2.1609294,236.2154,1.8647463,237.16858,1.5483502,0.0,1.0,0.1701276,0.004621097,,,0.17474267,0.004198672,,,0.060035028,0.01362349,236.46031,1.6419754,0.0,1.0,0.15861103,0.0046447106,,,0.16409121,0.004264067,,,0.060035028,0.01362349,1,0.0,10.3009121752371,-9.16952512920515,,,15.219673,15.1296835,,0.056104586,-21.869188,3.4707906,19.633064,21.080845,22.64911,0.10533998,93.3743,10.922438,1.253417,,7.0,0.0,Cluster,0.32776853,0.35304335,1.0,False,True,True,True,True,True,True,True,True,True,True,True,True,True,0.007686623094402652,True,True,True,Elliptical,True,True,True,True
9008500234_blue_red_6_Y13SBR2_P006_A0085T004_2013_10_02-2013_10_08,9008500234_A,9008500234_blue_6_Y13SBR2_P006_A0085T004_2013_10_02-2013_10_08.fits,9008500234,170.5,2.0833333,213.41818,2.235018,222.41339,2.2882566,222.17793,3.4998798,223.49414,2.4145732,222.79958,2.2278638,221.7672,1.8529578,0.0,1.0,0.26580927,0.007914988,,,0.27718073,0.0074911974,,,0.04685253,0.01431752,217.19067,2.0049622,0.0,1.0,0.2102777,0.0073991828,,,0.22054198,0.0070096687,,,0.04685253,0.01431752,1,0.0,10.2731582338786,-9.19210878844818,,,15.223858,15.180858,,0.055719316,-21.817497,5.88177,20.625767,22.053015,23.623888,0.23176292,168.86665,10.911675,1.2577848,,7.0,0.0,Cluster,0.3422115,0.24387136,1.0,False,True,True,True,True,True,True,True,True,True,True,True,True,True,0.010472481772639989,True,True,True,Elliptical,True,True,True,True
9008500303_blue_red_7_Y13SBR1_P006_A0085T002_2013_08_30-2013_09_04,9008500303_A,9008500303_blue_7_Y13SBR1_P006_A0085T002_2013_08_30-2013_09_04.fits,9008500303,96.5,2.0833333,187.2304,1.7464615,209.76857,1.8113971,218.67505,1.9568058,213.10785,2.0927753,206.82072,1.745536,204.41302,1.6323122,0.0,1.0,0.17083949,0.007513505,,,0.16350906,0.0058641876,,,0.090191334,0.024967885,205.15752,1.4226836,0.0,1.0,0.12290986,0.006647744,,,0.122285135,0.0055954168,,,0.090191334,0.024967885,1,0.0,10.5244379465798,-9.04463846653921,,,15.590071,15.525461,,0.055677857,-21.472805,4.3442903,20.419031,22.070808,23.618397,0.0919913,275.2282,10.7504,1.2354736,,7.0,0.0,Cluster,0.42281073,0.23212102,1.0,False,True,True,True,True,True,True,True,True,True,True,True,True,True,0.009327873571813123,True,True,True,Elliptical,True,True,True,True
9008500307_blue_red_10_Y14SBR1_P002_A0085T007_2014_10_21-2014_10_26,9008500307_A,9008500307_blue_10_Y14SBR1_P002_A0085T007_2014_10_21-2014_10_26.fits,9008500307,65.5,2.3333333,96.25178,1.7593217,96.71294,1.5167432,96.96969,2.1954556,100.705124,1.8618962,95.85627,1.5077511,94.90337,1.5786325,0.0,1.0,0.3092684,0.014912217,,,0.33881703,0.01642673,,,0.039249238,0.02239214,95.85627,1.6107084,0.0,1.0,0.23571585,0.014800245,,,0.25010636,0.014202111,,,0.039249238,0.02239214,1,0.0,10.3415602089195,-9.05869793737703,,,16.935453,16.942993,,0.05491132,-20.053556,2.4631667,20.506369,21.813902,23.40246,0.28378576,246.95221,10.161242,1.198204,,7.0,0.0,Cluster,0.4305771,0.014783536,1.0,False,True,True,True,True,True,True,True,True,True,True,True,True,True,0.018278328982591286,True,True,True,Elliptical,True,True,True,True
9008500328_blue_red_7_Y15SBR2_P002_A0085T031_2015_09_07-2015_09_13,9008500328_A,9008500328_blue_7_Y15SBR2_P002_A0085T031_2015_09_07-2015_09_13.fits,9008500328,172.0,2.0833333,193.56528,1.5205098,199.66745,1.6670423,205.0687,2.2371364,202.8954,1.9490129,197.12523,1.7531095,194.69751,1.2802564,0.0,1.0,0.28052184,0.0067286687,,,0.29283783,0.0067036464,,,0.026684703,0.013762834,197.12523,1.462989,0.0,1.0,0.17762205,0.0074596177,,,0.1909671,0.007241603,,,0.026684703,0.013762834,1,0.0,10.1835948162129,-9.39968299057854,,,15.981649,15.84715,,0.05858351,-21.153057,3.0138872,19.898348,21.39935,22.961357,0.20367214,168.39165,10.616604,1.229845,,7.0,0.0,Cluster,0.45980397,1.0545295,1.0,False,True,True,True,True,True,True,True,True,True,True,True,True,True,0.007855281691014009,True,True,True,Elliptical,True,True,True,True
9008500333_blue_red_7_Y13SBR1_P003_A0085T001_2013_08_30-2013_09_04,9008500333_A,9008500333_blue_7_Y13SBR1_P003_A0085T001_2013_08_30-2013_09_04.fits,9008500333,27.5,1.5833334,197.12607,1.690122,206.60072,2.016534,208.36081,2.5610936,208.21503,2.0209525,203.6652,1.8698366,198.75514,1.9901152,0.0,1.0,0.22831945,0.00730844,,,0.23559386,0.0069773956,,,0.03167259,0.016036749,201.53389,2.0130036,0.0,1.0,0.19701016,0.007582795,,,0.20418678,0.0073374105,,,0.03167259,0.016036749,1,0.0,10.6647853285747,-9.51492566246306,,,15.988489,15.933079,,0.057497293,-21.067047,2.534863,19.772057,21.056297,22.648859,0.14466135,209.85689,10.626745,1.2803869,,7.0,0.0,Cluster,0.46460068,0.7473552,1.0,False,True,True,True,True,True,True,True,True,True,True,True,True,True,0.008573812687484715,True,True,True,Elliptical,True,True,True,True
9008500347_blue_red_7_Y15SBR2_P002_A0085T031_2015_09_07-2015_09_13,9008500347_A,9008500347_blue_7_Y15SBR2_P002_A0085T031_2015_09_07-2015_09_13.fits,9008500347,356.0,4.6666646,105.53378,1.2937708,107.01971,1.4708383,107.059456,1.8979341,107.52802,1.6714152,106.31109,1.5085499,104.47251,1.2335901,0.0,1.0,0.11271212,0.010984822,,,0.12093945,0.010718411,,,0.08001654,0.039739147,106.31109,1.3684242,0.0,1.0,0.10817676,0.01118571,,,0.11511166,0.011213546,,,0.08001654,0.039739147,1,0.0,10.3293147028279,-9.57330576179402,,,16.6636,16.663221,,0.05827972,-20.336834,1.8135566,19.928778,21.211555,22.804377,0.0005665232,137.13727,10.257658,1.2009201,,7.0,0.0,Cluster,0.47552907,0.96865183,1.0,False,True,True,True,True,True,True,True,True,True,True,True,True,True,0.012259305030105054,True,True,True,Elliptical,True,True,True,True
9008500365_blue_red_7_Y15SBR2_P001_A0085T026_2015_09_07-2015_09_13,9008500365_A,9008500365_blue_7_Y15SBR2_P001_A0085T026_2015_09_07-2015_09_13.fits,9008500365,121.5,1.25,163.14824,1.5844743,178.8166,1.7141154,186.90323,2.2730663,183.8657,1.7981955,175.41237,1.6195264,172.81892,1.5140138,0.0,1.0,0.32389554,0.0073399246,,,0.32282484,0.0071718013,,,0.023639709,0.011226844,170.57648,1.4981556,0.0,1.0,0.21598665,0.0071128327,,,0.22372629,0.0065903836,,,0.023639709,0.011226844,1,0.0,10.6860259075949,-9.51742773441894,,,15.904042,15.896241,,0.056873072,-21.1033,3.3291323,20.271553,21.786245,23.346754,0.055493686,112.229324,10.606868,1.2468863,,7.0,0.0,Cluster,0.49090376,0.57068646,1.0,False,True,True,True,True,True,True,True,True,True,True,True,True,True,0.009711868788777618,True,True,True,Elliptical,True,True,True,True
9008500688_blue_red_7_Y15SBR2_P005_A0085T029_2017_09_14-2017_09_26,9008500688_A,9008500688_blue_7_Y15SBR2_P005_A0085T029_2017_09_14-2017_09_26.fits,9008500688,273.0,14.416667,131.71077,2.2963526,131.71077,2.331409,140.84203,3.1393182,135.01537,2.4758728,132.82532,2.1004553,133.55974,2.022174,,,,,,,,,,,,,135.01537,2.536836,,,,,,,,,,,,,1,0.0,10.3561204415341,-9.77188072143247,,,17.10215,17.064629,,0.054106317,-19.931467,1.3549963,19.58669,21.204403,22.754873,0.057506792,84.98446,10.081089,1.1703129,,7.0,0.0,Cluster,0.762069,-0.21362968,1.0,False,True,True,True,True,True,True,True,True,True,True,True,True,True,0.01743481265806889,True,True,True,Elliptical,True,True,True,True
9008500829_blue_red_7_Y15SBR2_P001_A0085T026_2015_09_07-2015_09_13,9008500829_A,9008500829_blue_7_Y15SBR2_P001_A0085T026_2015_09_07-2015_09_13.fits,9008500829,33.0,1.6666666,129.95064,1.1808792,128.85338,1.1845553,135.43411,1.7520163,132.47269,1.6283431,128.85338,1.3459507,126.4588,1.0588987,0.0,1.0,0.16738021,0.009343252,,,0.1757324,0.009137741,,,,,132.47269,1.4484774,0.0,1.0,,,,,,,,,,,1,0.0,10.7583808994751,-9.77784690404392,,,16.436209,16.412868,,0.04897179,-20.579037,1.5073853,19.079548,20.54214,22.108595,0.12553534,234.06352,10.317806,1.1369247,,7.0,0.0,Cluster,0.88683575,-1.6746134,1.0,False,True,True,True,True,True,True,True,True,True,True,True,True,True,0.009087136469662634,True,True,True,Elliptical,True,True,True,True
9008500868_blue_red_7_Y15SBR2_P005_A0085T029_2017_09_14-2017_09_26,9008500868_A,9008500868_blue_7_Y15SBR2_P005_A0085T029_2017_09_14-2017_09_26.fits,9008500868,66.5,6.5833335,129.038,2.2389598,127.511406,2.2306225,130.7051,2.7082899,128.54265,2.04673,127.30009,1.8695376,125.64269,1.6903013,,,,,,,,,,,,,130.7051,2.54105,,,,,,,,,,,,,1,0.0,10.3477809453833,-9.86848943308123,,,17.320837,17.244537,,0.054453783,-19.75287,0.94420147,18.80718,20.303535,21.866064,0.23549321,237.3429,10.072604,1.2458382,,7.0,0.0,Cluster,0.914968,-0.11501763,1.0,False,True,True,True,True,True,True,True,True,True,True,True,True,True,0.01735116632309862,True,True,True,Elliptical,True,True,True,True
9008501077_blue_red_7_Y17SBR1_P001_A0085T039_2017_09_14-2017_09_26,9008501077_A,9008501077_blue_7_Y17SBR1_P001_A0085T039_2017_09_14-2017_09_26.fits,9008501077,148.0,4.5,78.650314,1.7490469,76.710625,2.324907,68.33535,4.04722,76.9256,2.6520178,75.65614,2.1066425,77.065865,1.9924535,0.0,1.0,0.28839776,0.01896797,,,0.32777348,0.020339377,,,0.1548388,0.10158901,77.065865,2.0603883,0.0,1.0,0.17884386,0.021820966,,,0.20282745,0.02080346,,,0.1548388,0.10158901,1,0.0,11.0094619302391,-9.72628978199288,,,16.815565,16.758955,,0.056317993,-20.236023,3.5430038,21.154549,22.558323,24.132317,0.19150998,156.79634,10.110109,1.0632229,,2.0,0.0,Cluster,1.0917064,0.41349828,1.0,False,True,True,True,True,True,True,True,True,True,True,True,True,True,0.022238269767111168,True,True,True,Elliptical,True,True,True,True
9011900006_blue_red_7_Y13SBR1_P005_A0119T002_2013_08_30-2013_09_04,9011900006_A,9011900006_blue_7_Y13SBR1_P005_A0119T002_2013_08_30-2013_09_04.fits,9011900006,335.5,1.1666666,228.80573,1.121791,241.16815,1.3896446,260.70578,2.5989943,251.38118,1.8102909,241.16815,1.1928309,235.60768,1.4750519,0.0,1.0,0.16699648,0.004299067,,,0.17206107,0.00404771,,,0.028497752,0.008636363,222.51785,1.3946426,0.0,1.0,0.19474326,0.0040824893,,,0.196737,0.0037794672,,,0.028497752,0.008636363,1,0.0,14.0756150589043,-1.24184017010364,,,15.212702,15.001332,,0.04361263,-21.498928,2.6059005,19.021425,20.363825,21.946754,0.052937705,169.88126,10.841409,1.2993641,,7.0,0.0,Cluster,0.024552945,-0.19959885,1.0,False,True,True,True,True,True,True,True,True,True,True,True,True,True,0.004902809907776348,True,True,True,Elliptical,True,True,True,True
9011900051_blue_red_7_Y13SBR1_P004_A0119T001_2013_08_30-2013_09_04,9011900051_A,9011900051_blue_7_Y13SBR1_P004_A0119T001_2013_08_30-2013_09_04.fits,9011900051,254.0,0.8333333,203.00775,1.3430319,209.05905,1.6217158,214.20334,2.674914,212.5757,2.2281792,209.05905,1.5616896,205.02985,1.6925341,0.0,1.0,0.34473595,0.0054173344,,,0.37498298,0.005672426,,,0.03940442,0.00793843,210.11617,1.4997737,0.0,1.0,0.285866,0.005916903,,,0.30785936,0.006012806,,,0.03940442,0.00793843,1,0.0,13.9962126740417,-1.30043579962424,,,15.545835,15.503294,,0.04872503,-21.001677,3.0859733,19.584635,20.90075,22.487883,0.25487778,252.66154,10.581162,1.2430887,,7.0,0.0,Cluster,0.12927866,1.5452074,1.0,False,True,True,True,True,True,True,True,True,True,True,True,True,True,0.00661566812104464,True,True,True,Elliptical,True,True,True,True
9011900073_blue_red_7_Y13SBR2_P004_A0119T004_2013_10_02-2013_10_08,9011900073_A,9011900073_blue_7_Y13SBR2_P004_A0119T004_2013_10_02-2013_10_08.fits,9011900073,306.5,4.4166665,157.41048,1.9961745,152.37743,1.5282922,156.09564,2.2780464,157.41048,1.9198385,154.89795,1.6387208,152.37743,1.566721,,,,,,,,,,,,,156.09564,2.4874885,,,,,,,,,,,,,1,0.0,14.1351169598402,-1.18747523066132,,,16.399101,16.367311,,0.03859032,-20.12846,0.9771018,18.292383,19.59214,21.182013,0.054935496,132.07376,10.217698,1.2127314,,7.0,0.0,Cluster,0.14778838,-1.9219913,1.0,False,True,True,True,True,True,True,True,True,True,True,True,True,True,0.012681331636877036,True,True,True,Elliptical,True,True,True,True
9011900074_blue_red_7_Y13SBR2_P005_A0119T005_2013_10_02-2013_10_08,9011900074_A,9011900074_blue_7_Y13SBR2_P005_A0119T005_2013_10_02-2013_10_08.fits,9011900074,286.5,29.75,224.64046,1.2287996,244.48296,1.2990916,250.97319,2.0180128,248.76033,1.7493947,245.73463,1.278482,243.76282,1.2869587,0.0,1.0,0.04534484,0.003457897,,,0.048085276,0.0029083183,,,1.319231,0.63694155,231.02379,1.1078559,0.0,1.0,0.037992675,0.003303973,,,0.04109819,0.0028620404,,,1.319231,0.63694155,1,0.0,14.0112292544339,-1.33438480068325,,,14.210192,14.166082,,0.04278983,-22.333414,6.3446355,20.08106,21.431826,23.013468,0.04206126,161.16327,11.154631,1.2787819,,7.0,0.0,Cluster,0.14891954,-0.48121008,1.0,False,True,True,True,True,True,True,True,True,True,True,True,True,True,0.005470072488277491,True,True,True,Elliptical,True,True,True,True
9011900183_blue_red_6_Y14SBR1_P004_A0119T007_2014_10_21-2014_10_26,9011900183_A,9011900183_blue_6_Y14SBR1_P004_A0119T007_2014_10_21-2014_10_26.fits,9011900183,275.5,1.6666666,167.40094,1.5038089,172.42946,1.5957915,171.15353,2.7966843,172.07147,1.8442487,172.42946,1.7124317,169.05347,1.4322675,0.0,1.0,0.23199011,0.008332651,,,0.23804007,0.007821446,,,0.041164633,0.017478488,170.30127,1.5096236,0.0,1.0,0.20697743,0.00868582,,,0.214741,0.008105068,,,0.041164633,0.017478488,1,0.0,14.1164503173078,-1.43529571004066,,,15.788057,15.730488,,0.04506117,-20.770947,2.6013644,19.539494,20.953262,22.52591,0.1675161,94.37562,10.43958,1.1741123,,7.0,0.0,Cluster,0.28702024,0.2956414,1.0,False,True,True,True,True,True,True,True,True,True,True,True,True,True,0.008983276318520075,True,True,True,Elliptical,True,True,True,True
9011900189_blue_red_7_Y13SBR2_P004_A0119T004_2013_10_02-2013_10_08,9011900189_A,9011900189_blue_7_Y13SBR2_P004_A0119T004_2013_10_02-2013_10_08.fits,9011900189,285.0,5.5833335,53.86341,2.2639446,58.529755,2.0764546,53.65259,3.4697168,56.702084,2.5865993,58.885616,1.9253359,60.098896,1.8235538,1.0,0.681626,0.2526825,0.021969682,0.19439729,0.021969682,0.28141308,0.022277165,0.22019823,0.022277165,0.11714676,0.05979103,55.836857,1.6241276,1.0,0.9078374,0.2078555,0.021970158,0.19442412,0.021970158,0.23425488,0.022277165,0.22019823,0.022277165,0.11714676,0.05979103,1,0.0,13.8796596621666,-1.22344988980089,,,16.539656,16.505884,,0.043020178,-19.993498,4.7924614,21.804855,22.910181,24.54157,0.012734736,146.86401,10.077732,1.1127605,,7.0,0.0,Cluster,0.29254502,-0.40234938,1.0,False,True,True,True,True,True,True,True,True,True,True,True,True,True,0.04203121562485553,True,True,True,Elliptical,True,True,True,True
9011900216_blue_red_7_Y15SBR2_P002_A0119T034_2015_09_07-2015_09_13,9011900216_A,9011900216_blue_7_Y15SBR2_P002_A0119T034_2015_09_07-2015_09_13.fits,9011900216,155.5,8.083331,94.561966,2.133212,93.042,1.8935877,92.68044,3.591899,94.77588,2.199474,93.042,1.9547637,89.912315,1.8986745,,,,,,,,,,,,,94.77588,2.070793,,,,,,,,,,,,,1,0.0,14.0027462029505,-1.45089494085262,,,17.24825,17.23408,,0.04495895,-19.267012,1.2455049,19.637278,20.93214,22.52285,0.07868851,166.25157,9.78694,1.1203327,,7.0,0.0,Cluster,0.31671268,0.2607154,1.0,False,True,True,True,True,True,True,True,True,True,True,True,True,True,0.022558879539369983,True,True,True,Elliptical,True,True,True,True
9011900312_blue_red_12_Y15SBR2_P007_A0119T031_2016_09_28-2016_10_04,9011900312_A,9011900312_blue_12_Y15SBR2_P007_A0119T031_2016_09_28-2016_10_04.fits,9011900312,69.0,5.8333335,113.609634,1.4477085,116.15779,1.3151658,121.58328,2.148955,116.46475,1.4805641,116.15779,1.2977052,115.50458,1.2285856,0.0,1.0,0.120384,0.00929588,,,0.13613892,0.008491985,,,0.1290188,0.06599594,115.39824,1.1454488,0.0,1.0,0.08273295,0.007885038,,,0.09468514,0.0070229582,,,0.1290188,0.06599594,2,0.0,14.0472813133251,-1.53127902447304,,,15.892151,15.8686905,,0.048947193,-20.635296,4.8656945,21.036814,22.620167,24.173754,0.031634983,250.22934,10.351956,1.1400242,,7.0,0.0,Cluster,0.42559466,1.6208346,1.0,True,True,True,True,True,True,True,True,True,True,True,True,True,True,0.012742832179179453,True,True,True,Elliptical,True,True,True,True
9011900325_blue_red_7_Y15SBR2_P006_A0119T035_2016_09_28-2016_10_04,9011900325_A,9011900325_blue_7_Y15SBR2_P006_A0119T035_2016_09_28-2016_10_04.fits,9011900325,322.5,29.916666,125.05491,2.4549057,139.10524,1.4206617,149.1857,2.0324633,143.68993,1.7117063,139.10524,1.5022898,137.67487,1.3926368,1.0,0.7554096,0.14234161,0.012977938,0.1167052,0.012977938,0.1526572,0.012711607,0.12757161,0.012711607,0.3951673,0.21375936,132.80101,1.472957,0.0,1.0,0.07828438,0.011795795,,,0.087359786,0.012207853,,,0.3951673,0.21375936,1,0.0,14.0682426392983,-1.54318190948234,,,15.7002535,15.695363,,0.043897033,-20.804913,6.6189256,21.497944,22.980585,24.544674,0.0091611035,246.89272,10.437087,1.1511087,,7.0,0.0,Cluster,0.4428123,-0.10231025,1.0,False,True,True,True,True,True,True,True,True,True,True,True,True,True,0.019630622260253514,True,True,True,Elliptical,True,True,True,True
9011900328_blue_red_7_Y15SBR2_P006_A0119T035_2016_09_28-2016_10_04,9011900328_A,9011900328_blue_7_Y15SBR2_P006_A0119T035_2016_09_28-2016_10_04.fits,9011900328,327.0,13.916667,54.11239,2.2717388,65.79895,1.7178913,71.38712,2.7546139,68.473434,2.4016569,65.79895,1.7188509,63.7242,1.8992823,1.0,0.68753207,0.23011827,0.024832409,0.1776848,0.024832409,0.25912628,0.024880677,0.20388204,0.024880677,0.27046323,0.14548893,62.15238,1.8666753,0.0,1.0,0.1666067,0.024134714,,,0.18719208,0.021825245,,,0.27046323,0.14548893,1,0.0,13.9985730476824,-1.53576482828759,,,16.750048,16.708286,,0.044560593,-19.792591,4.945224,21.750349,23.012775,24.609278,0.21887,149.05489,10.020392,1.1434917,,7.0,0.0,Cluster,0.44410506,0.12457693,1.0,False,True,True,True,True,True,True,True,True,True,True,True,True,True,0.04198186034658606,True,True,True,Elliptical,True,True,True,True
9011900438_blue_red_7_Y13SBR2_P004_A0119T004_2013_10_02-2013_10_08,9011900438_A,9011900438_blue_7_Y13SBR2_P004_A0119T004_2013_10_02-2013_10_08.fits,9011900438,47.5,11.166667,99.31997,1.4596121,105.33334,1.6061758,109.4687,3.305224,106.868935,2.1151698,105.99528,1.6461438,104.6344,1.3003358,0.0,1.0,0.096920684,0.012624997,,,0.11266699,0.013051632,,,0.40523085,0.26649287,103.88601,1.4764019,0.0,1.0,0.05989312,0.012731526,,,0.07056853,0.011645748,,,0.40523085,0.26649287,1,0.0,14.1976021221588,-0.920046310579038,,,16.50499,16.484468,,0.0417958,-20.014297,3.4111428,20.888035,22.358889,23.924358,0.096858196,161.28503,10.157401,1.2030678,,7.0,0.0,Cluster,0.5535601,-0.8217233,1.0,False,True,True,True,True,True,True,True,True,True,True,True,True,True,0.014696058607347545,True,True,True,Elliptical,True,True,True,True
9011900475_blue_red_7_Y15SBR1_P006_A0119T037_2015_09_07-2015_09_13,9011900475_A,9011900475_blue_7_Y15SBR1_P006_A0119T037_2015_09_07-2015_09_13.fits,9011900475,7.5,6.8333306,68.96632,1.7271253,66.81901,1.8061353,66.41804,3.1363914,66.48088,1.9932076,66.81901,1.6238035,67.34845,1.5978553,0.0,1.0,0.1194531,0.01789046,,,0.13300799,0.017556963,,,0.15622331,0.06463354,67.87922,1.5830576,0.0,1.0,0.10094488,0.018096074,,,0.11110809,0.017601052,,,0.15622331,0.06463354,1,0.0,14.4403813122382,-1.33559082555154,,,16.879618,16.86835,,0.046146844,-19.631245,2.4842565,20.668514,21.72907,23.372963,0.14759012,182.71838,9.852388,1.0129375,,8.0,0.0,Cluster,0.5872005,0.6663702,1.0,False,True,True,True,True,True,True,True,True,True,True,True,True,True,0.025043025349184938,True,True,True,Elliptical,True,True,True,True
9011900711_blue_red_7_Y15SBR1_P006_A0119T037_2015_09_07-2015_09_13,9011900711_A,9011900711_blue_7_Y15SBR1_P006_A0119T037_2015_09_07-2015_09_13.fits,9011900711,46.5,1.3333334,155.31882,1.6166934,183.25519,1.3507731,187.23596,2.2466934,184.93333,1.670291,183.25519,1.3851827,180.24216,1.4481797,0.0,1.0,0.324989,0.00685461,,,0.30301443,0.00592597,,,0.028360896,0.014572176,177.68681,1.2550482,0.0,1.0,0.15539499,0.0055969395,,,0.16632241,0.005275497,,,0.028360896,0.014572176,1,0.0,14.5749087179516,-1.14885650467776,,,15.447701,15.423762,,0.051982686,-21.084187,6.3229737,21.0292,22.811108,24.349327,0.11117897,166.7219,10.636561,1.2754278,,7.0,0.0,Cluster,0.7980399,2.6525447,0.0,False,True,True,True,True,True,True,True,True,True,True,True,True,True,0.010408869961798578,True,True,True,Elliptical,True,True,True,True
9011900874_blue_red_7_Y15SBR2_P006_A0119T027_2017_09_14-2017_09_26,9011900874_A,9011900874_blue_7_Y15SBR2_P006_A0119T027_2017_09_14-2017_09_26.fits,9011900874,299.5,7.0,208.343,0.8781433,216.58885,1.110918,218.63463,1.6670592,221.05681,1.4753066,218.20326,1.178493,215.58112,1.0548915,0.0,1.0,0.029893486,0.004158355,,,0.032795344,0.0036561943,,,1.4554683,0.47594863,210.92326,1.0718641,0.0,1.0,0.02654743,0.004124056,,,0.028724149,0.0036967057,,,1.4554683,0.47594863,1,0.0,14.4737123645596,-0.814677290290452,,,14.878879,14.765629,,0.041878037,-21.73313,3.63104,19.46729,20.924524,22.491629,0.023153476,183.6553,10.902478,1.2611465,,7.0,0.0,Cluster,0.9224141,-0.7935405,1.0,False,True,True,True,True,True,True,True,True,True,True,True,True,True,0.004214892268998719,True,True,True,Elliptical,True,True,True,True
9016800002_blue_red_7_Y15SBR1_P005_A0168T027_2015_09_07-2015_09_13,9016800002_A,9016800002_blue_7_Y15SBR1_P005_A0168T027_2015_09_07-2015_09_13.fits,9016800002,207.5,29.83333,117.261444,2.2814734,113.795715,1.7524889,116.30954,2.623616,117.261444,2.0669947,113.795715,1.7642515,109.91894,1.6875968,,,,,,,,,,,,,115.839134,2.0692384,,,,,,,,,,,,,1,0.0,18.7350032253457,0.439602396046418,,,16.594635,16.985094,,0.044924825,-19.551313,0.8128698,18.81131,19.85683,21.505232,0.024521254,134.42375,10.054094,1.3173275,,7.0,0.0,Cluster,0.57665,0.0048435163,1.0,False,True,True,True,True,True,True,True,True,True,True,True,True,True,0.019456296308273332,True,True,True,Elliptical,True,True,True,True
9016800037_blue_red_7_Y15SBR1_P005_A0168T027_2015_09_07-2015_09_13,9016800037_A,9016800037_blue_7_Y15SBR1_P005_A0168T027_2015_09_07-2015_09_13.fits,9016800037,183.5,15.166664,47.394623,2.604321,54.057842,2.71105,68.54122,4.485807,57.29297,3.40371,54.057842,2.5900962,50.150284,2.3745093,1.0,0.90623,0.16545112,0.0342393,0.15440758,0.0342393,0.23587692,0.03476266,0.2214716,0.03476266,0.4060029,0.16785067,49.73822,2.496484,0.0,1.0,0.15307488,0.033962287,,,0.18412483,0.034144215,,,0.4060029,0.16785067,1,0.0,18.6471189916583,0.473785852411872,,,17.29606,17.29655,,0.043526165,-19.239647,2.6483343,21.286161,22.414751,24.040148,0.05341082,139.41234,9.77479,1.1256427,,7.0,0.0,Cluster,0.7448878,-0.7300948,1.0,False,True,True,True,True,True,True,True,True,True,True,True,True,True,0.054949714443345184,True,True,True,Elliptical,True,True,True,True
9016800038_blue_red_9_Y15SBR1_P004_A0168T025_2015_09_07-2015_09_13,9016800038_A,9016800038_blue_9_Y15SBR1_P004_A0168T025_2015_09_07-2015_09_13.fits,9016800038,117.0,29.749998,103.52435,1.8313026,106.17076,1.8896289,101.896935,3.9697673,106.00594,2.8576396,106.17076,1.8205727,103.52435,1.9585775,0.0,1.0,0.07180113,0.018349063,,,0.08627496,0.016756466,,,0.14438389,0.095057055,106.8746,1.9856129,0.0,1.0,0.058328677,0.020798512,,,0.074994296,0.017694797,,,0.14438389,0.095057055,2,0.0,18.7371846067077,0.533651954537656,,,17.008102,16.967482,,0.044011816,-19.569174,2.181085,20.51849,21.810951,23.402077,0.107942425,101.18547,9.949556,1.167713,,7.0,0.0,Cluster,0.79174,-0.47479367,1.0,True,True,True,True,True,True,True,True,True,True,True,True,True,True,0.017689583175359225,True,True,True,Elliptical,True,True,True,True
9016800106_blue_red_8_Y15SBR1_P002_A0168T030_2015_08_12-2015_08_17,9016800106_A,9016800106_blue_8_Y15SBR1_P002_A0168T030_2015_08_12-2015_08_17.fits,9016800106,250.0,5.4166665,72.19887,1.5406562,73.58531,1.4191725,70.97821,2.2476666,71.729454,1.6702932,73.58531,1.1696757,71.48144,1.4101665,,,,,,,,,,,,,70.95245,1.8158239,,,,,,,,,,,,,1,0.0,18.7436904439851,0.263287162947415,,,17.349922,17.197832,,0.045194887,-19.339336,1.2049551,19.26403,20.679394,22.251827,0.29442847,248.52545,9.811342,1.1139507,,7.0,0.0,Cluster,0.21041836,0.1466363,1.0,False,True,True,True,True,True,True,True,True,True,True,True,True,True,0.02133906250887306,True,True,True,Elliptical,True,True,True,True
9016800156_blue_red_15_Y15SBR2_P004_A0168T029_2017_09_14-2017_09_26,9016800156_A,9016800156_blue_15_Y15SBR2_P004_A0168T029_2017_09_14-2017_09_26.fits,9016800156,15.5,8.499999,90.21037,2.6387901,87.658936,2.1455312,88.82399,3.187207,91.51062,2.389489,87.658936,2.1553004,86.89869,1.9869542,,,,,,,,,,,,,87.901985,2.3684533,,,,,,,,,,,,,1,0.0,18.8091702447686,0.240085314936523,,,17.413185,17.350086,,0.043361038,-19.185633,1.2718452,19.687908,20.814047,22.440062,0.20025386,203.68126,9.762263,1.1219406,,7.0,0.0,Cluster,0.0658211,-0.8169272,1.0,False,True,True,True,True,True,True,True,True,True,True,True,True,True,0.02925151620595282,True,True,True,Elliptical,True,True,True,True
9016800236_blue_red_7_Y15SBR1_P003_A0168T032_2015_08_12-2015_08_17,9016800236_A,9016800236_blue_7_Y15SBR1_P003_A0168T032_2015_08_12-2015_08_17.fits,9016800236,287.0,1.0833334,200.28587,1.1785188,196.4618,1.2861897,195.96503,2.0867043,197.76231,1.53119,196.4618,1.1428254,198.4603,1.115531,0.0,1.0,0.28053415,0.0042945924,,,0.30468452,0.0042385906,,,0.031828392,0.006105655,200.83174,1.1849519,0.0,1.0,0.28111905,0.0042426554,,,0.30380905,0.004257323,,,0.031828392,0.006105655,1,0.0,18.8198933845067,0.185668263756798,,,14.963133,14.847353,,0.04490169,-21.690199,4.365632,19.77036,20.982847,22.589123,0.24367312,110.29177,10.825523,1.203001,,7.0,0.0,Cluster,0.067536026,-0.007304479,1.0,False,True,True,True,True,True,True,True,True,True,True,True,True,True,0.005884183442396611,True,True,True,Elliptical,True,True,True,True
9016800275_blue_red_15_Y15SBR2_P004_A0168T029_2017_09_14-2017_09_26,9016800275_A,9016800275_blue_15_Y15SBR2_P004_A0168T029_2017_09_14-2017_09_26.fits,9016800275,22.5,3.0,174.5708,1.5907296,177.57484,1.6948334,190.80464,3.217101,184.6569,2.4270043,177.57484,1.7860148,174.35983,1.6001312,0.0,1.0,0.12576316,0.009039619,,,0.13655418,0.008339543,,,0.0639893,0.03570687,177.57484,1.7370056,,,,,,,,,,,,,1,0.0,18.8231859736781,0.165273824594812,,,16.140917,16.109608,,0.045190375,-20.428215,2.124692,19.572914,20.872908,22.46274,0.13180315,209.77585,10.350059,1.2387991,,7.0,0.0,Cluster,0.1171473,0.14426798,1.0,False,True,True,True,True,True,True,True,True,True,True,True,True,True,0.009112231828003308,True,True,True,Elliptical,True,True,True,True
9016800303_blue_red_7_Y13SBR1_P002_A0168T002_2013_08_30-2013_09_04,9016800303_A,9016800303_blue_7_Y13SBR1_P002_A0168T002_2013_08_30-2013_09_04.fits,9016800303,4.0,3.3333313,187.32619,1.4683024,213.50902,1.1245291,218.01253,1.8845412,214.96175,1.2614484,213.50902,1.160261,210.63243,1.0509658,0.0,1.0,0.1349704,0.0050017736,,,0.12765883,0.004040647,,,0.10678967,0.028965807,199.27998,0.97081023,0.0,1.0,0.08551573,0.004355782,,,0.08719783,0.0037046382,,,0.10678967,0.028965807,1,0.0,18.5897603409216,0.179709232701888,,,14.568568,14.494247,,0.044257533,-22.042706,7.1518216,20.52452,21.977806,23.545393,0.09987858,188.41885,10.986324,1.21632,,7.0,0.0,Cluster,0.5488289,-0.3456686,1.0,False,True,True,True,True,True,True,True,True,True,True,True,True,True,0.007838212051395482,True,True,True,Elliptical,True,True,True,True
9044200007_blue_red_7_Y13SBR2_P001_EDCC0442T001_2013_10_02-2013_10_08,9044200007_A,9044200007_blue_7_Y13SBR2_P001_EDCC0442T001_2013_10_02-2013_10_08.fits,9044200007,242.0,2.25,271.4174,1.9667712,275.46378,1.8407148,281.19464,3.0293486,281.35266,2.1017702,275.46378,1.7787797,271.9486,1.8457503,0.0,1.0,0.1875085,0.006360791,,,0.20518707,0.005719859,,,0.031052884,0.015861731,279.39612,1.8651977,0.0,1.0,0.14290865,0.0071384814,,,0.1616004,0.006713524,,,0.031052884,0.015861731,1,0.0,6.3714652,-33.0649414,,,15.555558,15.32122,,0.05145475,-21.453344,2.6451468,19.017607,20.514288,22.076778,0.29013854,67.6136,10.786874,1.2554407,,7.0,0.0,Cluster,0.049586985,0.796307,1.0,False,True,True,True,True,True,True,True,True,True,True,True,True,True,0.007246297400240368,True,True,True,Elliptical,True,True,True,True
9044200061_blue_red_7_Y13SBR2_P002_EDCC0442T002_2013_10_02-2013_10_08,9044200061_A,9044200061_blue_7_Y13SBR2_P002_EDCC0442T002_2013_10_02-2013_10_08.fits,9044200061,72.5,29.83333,199.21617,1.1449554,211.21468,1.2980022,218.29433,2.198006,215.97519,1.4492978,211.21468,1.2031378,209.63416,1.1945683,0.0,1.0,0.036674865,0.0044454834,,,0.04142085,0.0038734616,,,0.25171116,0.09879257,204.82616,1.0472265,0.0,1.0,0.030644303,0.0044600554,,,0.035608493,0.0040489715,,,0.25171116,0.09879257,1,0.0,6.2697597,-33.1035461,,,15.032518,14.958736,,0.04728957,-21.812405,4.183742,19.85838,21.262608,22.83654,0.061604097,32.968655,10.897346,1.2162313,,7.0,0.0,Cluster,0.2712613,-1.2447976,1.0,False,True,True,True,True,True,True,True,True,True,True,True,True,True,0.00574730153681802,True,True,True,Elliptical,True,True,True,True
9044200148_blue_red_7_Y13SBR2_P001_EDCC0442T001_2013_10_02-2013_10_08,9044200148_A,9044200148_blue_7_Y13SBR2_P001_EDCC0442T001_2013_10_02-2013_10_08.fits,9044200148,250.5,7.0,190.21677,1.4693611,203.52959,1.5996794,202.48323,2.498062,202.7715,1.7735659,203.52959,1.4005275,202.07256,1.3689907,0.0,1.0,0.08362516,0.006340081,,,0.086358376,0.005987239,,,0.30055654,0.14688973,197.84032,1.3377677,0.0,1.0,0.05247611,0.0061507598,,,0.056704257,0.005850899,,,0.30055654,0.14688973,1,0.0,6.3479981,-32.8362808,,,15.096827,15.049165,,0.050273143,-21.72505,4.4019885,19.992798,21.449594,23.016752,0.060735468,74.67392,10.892316,1.2681408,,7.0,0.0,Cluster,0.52766913,0.2180952,1.0,False,True,True,True,True,True,True,True,True,True,True,True,True,True,0.00772466644239622,True,True,True,Elliptical,True,True,True,True
9044200175_blue_red_7_Y13SBR2_P002_EDCC0442T002_2013_10_02-2013_10_08,9044200175_A,9044200175_blue_7_Y13SBR2_P002_EDCC0442T002_2013_10_02-2013_10_08.fits,9044200175,172.0,4.0833306,177.3968,1.3205396,185.91306,1.5261059,195.34239,2.4357975,192.40244,1.8834746,185.91306,1.406848,185.89803,1.4919163,0.0,1.0,0.09823191,0.0056294296,,,0.10564884,0.005107227,,,0.1414825,0.031370733,184.29294,1.2197229,0.0,1.0,0.074986525,0.0057907454,,,0.08086546,0.0053040884,,,0.1414825,0.031370733,1,0.0,6.4081669,-33.2929726,,,15.316369,15.312577,,0.052771453,-21.461538,4.305013,20.095116,21.505299,23.078426,0.14548367,171.52397,10.684627,1.1425562,,7.0,0.0,Cluster,0.6157619,1.4398606,1.0,False,True,True,True,True,True,True,True,True,True,True,True,True,True,0.0074439877156746905,True,True,True,Elliptical,True,True,True,True
9091700002_blue_red_8_Y16SBR1_P001_AP0917T033_2016_09_28-2016_10_04,9091700002_A,9091700002_blue_8_Y16SBR1_P001_AP0917T033_2016_09_28-2016_10_04.fits,9091700002,18.0,7.833332,173.97414,3.415788,180.82814,2.6393626,174.89449,3.44466,179.35904,3.0236876,180.82814,2.56451,179.59018,2.4442046,,,,,,,,,,,,,173.97414,3.4912162,,,,,,,,,,,,,1,0.0,355.3943481,-29.2308426,,,17.43938,17.31855,,0.049731065,-19.504301,0.40387073,17.276407,18.501207,20.10497,0.21435072,28.817324,10.020076,1.2971249,,7.0,0.0,Cluster,0.01899725,-0.6934554,1.0,False,True,True,True,True,True,True,True,True,True,True,True,True,True,0.019633883518550516,True,True,True,Elliptical,True,True,True,True
9091700005_blue_red_7_Y14SAR4_P011_A0917T010_2014_05_23-2014_06_01,9091700005_A,9091700005_blue_7_Y14SAR4_P011_A0917T010_2014_05_23-2014_06_01.fits,9091700005,171.5,5.7499976,99.95691,2.2389982,100.470184,2.155346,103.51191,4.4853554,100.48953,3.0236576,100.470184,2.32877,100.34666,2.0917287,0.0,1.0,0.16298796,0.020907586,,,0.1831737,0.020690892,,,,,100.84904,2.5764813,,,,,,,,,,,,,1,0.0,355.4226379,-29.2494125,,,16.80284,16.735039,,0.051294893,-20.087889,2.0231457,19.922855,21.183601,22.780416,0.24417172,175.15779,10.116735,1.1319981,,7.0,0.0,Cluster,0.075917326,0.21270607,1.0,False,True,True,True,True,True,True,True,True,True,True,True,True,True,0.022399634002291592,True,True,True,Elliptical,True,True,True,True
9091700024_blue_red_8_Y16SBR1_P001_AP0917T033_2016_09_28-2016_10_04,9091700024_A,9091700024_blue_8_Y16SBR1_P001_AP0917T033_2016_09_28-2016_10_04.fits,9091700024,169.5,2.4166667,230.06871,1.4224279,234.34645,1.5625993,244.3853,3.0554152,237.02353,1.8951852,234.34645,1.6797739,234.12543,1.4826189,0.0,1.0,0.124449275,0.0051850323,,,0.13205516,0.004548288,,,0.091126755,0.029541874,231.66605,1.5261097,0.0,1.0,0.091544226,0.0056134094,,,0.09741881,0.0052194553,,,0.091126755,0.029541874,1,0.0,355.4665833,-29.2754707,,,15.156508,15.240544,,0.052109815,-21.584578,3.6652756,19.62245,21.114956,22.67792,0.16842227,-5.4648423,10.831652,1.2761793,,7.0,0.0,Cluster,0.21528484,0.6843791,1.0,False,True,True,True,True,True,True,True,True,True,True,True,True,True,0.006182622139273089,True,True,True,Elliptical,True,True,True,True
9091700025_blue_red_7_Y14SAR4_P011_A0917T010_2014_05_23-2014_06_01,9091700025_A,9091700025_blue_7_Y14SAR4_P011_A0917T010_2014_05_23-2014_06_01.fits,9091700025,328.0,2.1666667,168.40166,1.6679796,180.624,1.7235085,185.01947,2.5876248,182.62932,2.330875,180.624,1.7805978,179.34802,1.4399673,0.0,1.0,0.21293774,0.007793249,,,0.21783695,0.007015288,,,0.05432445,0.027762083,179.70871,1.604277,0.0,1.0,0.123731256,0.008547883,,,0.13011736,0.007831774,,,0.05432445,0.027762083,1,0.0,355.3166504,-29.2239952,,,15.6515045,15.695154,,0.051332396,-21.126558,4.572705,20.3833,21.7662,23.343102,0.1314276,152.87979,10.783948,1.3448458,,7.0,0.0,Cluster,0.21646373,0.23442037,1.0,False,True,True,True,True,True,True,True,True,True,True,True,True,True,0.009904769347285533,True,True,True,Elliptical,True,True,True,True
9091700733_blue_red_8_Y16SBR1_P001_AP0917T033_2016_09_28-2016_10_04,9091700733_A,9091700733_blue_8_Y16SBR1_P001_AP0917T033_2016_09_28-2016_10_04.fits,9091700733,73.5,3.9166667,135.10683,1.2111474,143.77266,1.176471,147.47939,1.7315164,145.5999,1.5771849,143.77266,1.1886606,142.72017,0.9847615,0.0,1.0,0.11957764,0.006701487,,,0.123674,0.0061445506,,,0.16775769,0.03565536,138.34633,1.0990434,0.0,1.0,0.08034014,0.006001645,,,0.0866425,0.005653597,,,0.16775769,0.03565536,1,0.0,355.1382141,-29.8398895,,,15.161721,15.086401,,0.05111099,-21.737803,5.220716,20.464901,21.876368,23.449322,0.047507197,78.11226,10.904732,1.287036,,2.0,0.0,Cluster,1.938484,0.10621347,1.0,False,True,True,True,True,True,True,True,True,True,True,True,True,True,0.00896436841868024,True,True,True,Elliptical,True,True,True,True
9239900010_blue_red_6_Y17SAR3_P013_A2399T034_2017_04_19-2017_05_01,9239900010_A,9239900010_blue_6_Y17SAR3_P013_A2399T034_2017_04_19-2017_05_01.fits,9239900010,124.0,6.5,150.41013,3.5591638,144.83942,2.5449429,150.41013,3.4619176,146.33897,3.0791318,141.87465,2.4935515,139.59537,2.69574,,,,,,,,,,,,,150.41013,3.817116,,,,,,,,,,,,,1,0.0,329.363092558645,-7.789598639606,,,17.66963,17.41171,,0.05748007,-19.712572,0.6212389,18.163248,19.448778,21.041113,0.2628837,130.95102,10.085775,1.2828465,,7.0,0.0,Cluster,0.027323235,-0.19780016,1.0,False,True,True,True,True,True,True,True,True,True,True,True,True,True,0.023663059130392346,True,True,True,Elliptical,True,True,True,True
9239900012_blue_red_9_Y14SAR4_P011_A2399T015_2014_05_23-2014_06_01,9239900012_A,9239900012_blue_9_Y14SAR4_P011_A2399T015_2014_05_23-2014_06_01.fits,9239900012,200.0,3.9166667,142.414,1.6192406,142.414,1.7036861,152.04152,2.4800768,148.99078,1.8101721,139.63208,1.7028934,134.41261,1.7476174,0.0,1.0,,,,,,,,,,,148.99078,1.8934904,,,,,,,,,,,,,1,0.0,329.35703918466,-7.79354827594187,,,17.165604,16.819214,,0.05829953,-20.306015,1.3563217,19.364414,20.790894,22.361866,0.05350202,211.09666,10.309187,1.2772732,,7.0,0.0,Cluster,0.037901446,0.13882862,1.0,False,True,True,True,True,True,True,True,True,True,True,True,True,True,0.011369953796677294,True,True,True,Elliptical,True,True,True,True
9239900020_blue_red_7_Y13SBR1_P004_A2399T002_2013_08_30-2013_09_04,9239900020_A,9239900020_blue_7_Y13SBR1_P004_A2399T002_2013_08_30-2013_09_04.fits,9239900020,308.0,4.75,204.22688,2.3722703,225.47388,1.7497598,236.88965,2.8035316,230.44429,1.9183521,225.33585,1.8437855,223.77553,1.7402302,1.0,0.93832123,0.15960537,0.006552847,0.15262501,0.006552847,0.1549185,0.0053553334,0.14873333,0.0053553334,0.115599275,0.024446324,216.89816,1.6560358,0.0,1.0,0.09480095,0.005648241,,,0.10242962,0.004886701,,,0.115599275,0.024446324,1,0.0,329.430173083506,-7.7625350736778,,,15.278668,15.188338,,0.057947118,-21.936268,6.749643,21.085428,22.705362,24.255638,0.0001,185.7994,10.939418,1.2497358,,7.0,0.0,Cluster,0.16042002,-0.005908227,1.0,False,True,True,True,True,True,True,True,True,True,True,True,True,True,0.011615857324951543,True,True,True,Elliptical,True,True,True,True
9239900054_blue_red_7_Y13SBR1_P003_A2399T001_2013_08_30-2013_09_04,9239900054_A,9239900054_blue_7_Y13SBR1_P003_A2399T001_2013_08_30-2013_09_04.fits,9239900054,188.0,1.1666666,144.92233,1.2572846,159.86047,1.5805248,157.06015,2.4802458,160.36354,1.9029537,159.55122,1.4372239,155.92657,1.4003834,0.0,1.0,0.33935902,0.005732952,,,0.34904465,0.0058389045,,,0.045110036,0.00924699,148.4251,1.2909747,0.0,1.0,0.3205298,0.0058056517,,,0.3305448,0.005931626,,,0.045110036,0.00924699,1,0.0,329.470893051049,-7.73860138935871,,,15.241272,15.2767515,,0.055011798,-21.8452,4.262621,20.33799,21.49004,23.109715,0.07371035,189.53915,10.921854,1.2577591,,7.0,0.0,Cluster,0.27450755,-1.2133265,1.0,False,True,True,True,True,True,True,True,True,True,True,True,True,True,0.008675575392694833,True,True,True,Elliptical,True,True,True,True
9239900056_blue_red_7_Y15SBR1_P002_A2399T025_2015_08_12-2015_08_17,9239900056_A,9239900056_blue_7_Y15SBR1_P002_A2399T025_2015_08_12-2015_08_17.fits,9239900056,176.0,1.7499987,172.5467,1.7144471,168.79045,1.7780354,174.65176,2.2004259,173.32521,2.052375,167.50179,1.6549709,163.24861,1.5354948,0.0,1.0,,,,,,,,,,,171.83101,1.8335216,0.0,1.0,,,,,,,,,,,1,0.0,329.292254862367,-7.81580342355178,,,16.728687,16.709047,,0.059305504,-20.416067,1.3200275,19.195074,20.493912,22.08394,0.10870802,183.27501,10.3373995,1.2485313,,7.0,0.0,Cluster,0.19971597,0.5517197,1.0,False,True,True,True,True,True,True,True,True,True,True,True,True,True,0.009936133811889767,True,True,True,Elliptical,True,True,True,True
9239900067_blue_red_7_Y13SBR1_P006_A2399T004_2013_08_30-2013_09_04,9239900067_A,9239900067_blue_7_Y13SBR1_P006_A2399T004_2013_08_30-2013_09_04.fits,9239900067,50.5,8.666667,125.5107,2.977253,120.56174,2.8711112,129.41551,3.5482256,125.5107,2.9519203,121.51732,2.6078825,118.60141,3.1037867,,,,,,,,,,,,,129.41551,3.7427683,,,,,,,,,,,,,1,0.0,329.474699685109,-7.72846550578458,,,17.621902,17.594522,,0.057822153,-19.530533,0.836374,19.166544,20.752737,22.306057,0.0034116665,265.0755,10.087066,1.3716774,,7.0,0.0,Cluster,0.29535902,-0.05724325,1.0,False,True,True,True,True,True,True,True,True,True,True,True,True,True,0.023721109036918767,True,True,True,Elliptical,True,True,True,True
9239900068_blue_red_8_Y15SAR4_P005_A2399T019_2015_05_14-2015_05_20,9239900068_A,9239900068_blue_8_Y15SAR4_P005_A2399T019_2015_05_14-2015_05_20.fits,9239900068,342.0,11.083332,79.879745,1.7973155,79.58925,1.7495906,81.59777,2.0843372,79.21767,2.0292282,78.66063,1.7230961,78.56252,1.5629983,,,,,,,,,,,,,80.39765,1.6739975,,,,,,,,,,,,,1,0.0,329.299152471478,-7.85345178437393,,,17.019955,16.954494,,0.058930017,-20.167835,1.429018,19.5617,20.82835,22.424076,0.18332402,141.07098,10.113734,1.1096762,,7.0,0.0,Cluster,0.2259721,0.3976511,1.0,False,True,True,True,True,True,True,True,True,True,True,True,True,True,0.022500265868400055,True,True,True,Elliptical,True,True,True,True
9239900122_blue_red_8_Y15SAR4_P005_A2399T019_2015_05_14-2015_05_20,9239900122_A,9239900122_blue_8_Y15SAR4_P005_A2399T019_2015_05_14-2015_05_20.fits,9239900122,222.0,4.25,191.85736,4.8482585,154.63594,2.021056,156.64107,3.0388317,154.59906,2.4582152,156.8269,2.0544782,156.65205,1.8496921,1.0,0.63924193,0.25462624,0.011124714,0.18740217,0.011124714,0.27496475,0.010847793,0.20649178,0.010847793,0.07356699,0.024322225,159.73792,2.0671034,0.0,1.0,0.15429685,0.010618766,,,0.17152493,0.01009659,,,0.07356699,0.024322225,1,0.0,329.242756677482,-7.81966022473127,,,16.481194,16.176292,,0.061438493,-20.94944,7.1960235,21.804281,23.425114,24.975313,0.10937134,227.42487,10.507512,1.2027054,,7.0,0.0,Cluster,0.31827903,1.4258826,1.0,False,True,True,True,True,True,True,True,True,True,True,True,True,True,0.02527011994744429,True,True,True,Elliptical,True,True,True,True
9239900138_blue_red_8_Y15SAR4_P005_A2399T019_2015_05_14-2015_05_20,9239900138_A,9239900138_blue_8_Y15SAR4_P005_A2399T019_2015_05_14-2015_05_20.fits,9239900138,12.5,29.916666,164.08263,4.2240286,155.88428,2.5992205,164.08263,4.9458528,160.1188,3.2453346,156.40404,2.373633,158.54858,2.540141,,,,,,,,,,,,,164.08263,5.1380467,,,,,,,,,,,,,1,0.0,329.552857233963,-7.82960304766708,,,17.259804,17.231644,,0.057403702,-19.891064,0.6493627,18.088867,19.500988,21.073854,0.2221083,190.14317,10.090189,1.1998959,,7.0,0.0,Cluster,0.44202653,-0.22918512,1.0,False,True,True,True,True,True,True,True,True,True,True,True,True,True,0.025743301408564696,True,True,True,Elliptical,True,True,True,True
9239900147_blue_red_8_Y15SAR4_P005_A2399T019_2015_05_14-2015_05_20,9239900147_A,9239900147_blue_8_Y15SAR4_P005_A2399T019_2015_05_14-2015_05_20.fits,9239900147,345.5,9.666665,136.9517,4.118811,115.40612,3.8531828,125.131134,5.3773165,117.49524,3.7365928,119.425804,3.2961962,120.5083,3.7459137,1.0,0.9037438,0.1874809,0.02388374,0.17472187,0.02388374,0.21103933,0.023904108,0.19780278,0.023904108,0.21287605,0.12948082,121.482925,3.4734945,0.0,1.0,0.105858795,0.026166718,,,0.12355074,0.025350785,,,0.21287605,0.12948082,1,0.0,329.527047675053,-7.90657802800676,,,16.9175,16.8316,,0.06137636,-20.293346,3.393292,21.287601,22.860067,24.414688,0.08753381,175.10081,10.234565,1.1865557,,7.0,0.0,Cluster,0.45950025,1.4004432,1.0,False,True,True,True,True,True,True,True,True,True,True,True,True,True,0.03007491692326565,True,True,True,Elliptical,True,True,True,True
9239900196_blue_red_8_Y15SAR4_P005_A2399T019_2015_05_14-2015_05_20,9239900196_A,9239900196_blue_8_Y15SAR4_P005_A2399T019_2015_05_14-2015_05_20.fits,9239900196,25.0,29.916666,63.086338,2.2335806,62.864235,2.3589134,55.700253,4.3474464,62.93273,2.6992211,62.65778,2.2270103,63.52191,2.1944745,0.0,1.0,0.11082247,0.02733006,,,0.12597774,0.02899441,,,0.42763674,0.3292771,62.053757,2.0824301,0.0,1.0,0.086009786,0.02965447,,,0.10245176,0.031986196,,,0.42763674,0.3292771,1,0.0,329.572215467198,-7.67438246222582,,,17.05238,17.06452,,0.058814254,-20.055908,1.9791816,20.312262,21.362867,23.009726,0.229792,253.22672,10.159445,1.1770802,,7.0,0.0,Cluster,0.5642646,0.3501404,1.0,False,True,True,True,True,True,True,True,True,True,True,True,True,True,0.03540513954067202,True,True,True,Elliptical,True,True,True,True
9239900202_blue_red_7_Y13SBR1_P006_A2399T004_2013_08_30-2013_09_04,9239900202_A,9239900202_blue_7_Y13SBR1_P006_A2399T004_2013_08_30-2013_09_04.fits,9239900202,30.0,3.0,78.23793,1.9730574,78.3896,1.8441967,78.4462,2.8074696,80.7846,2.0531044,77.776344,1.7304091,77.51831,1.8432479,0.0,1.0,0.36652574,0.022612007,,,0.42105836,0.024600565,,,0.09562529,0.026005737,78.33571,1.8384928,0.0,1.0,0.3029025,0.021304907,,,0.3455827,0.022987884,,,0.09562529,0.026005737,2,0.0,329.60606175712,-7.73343082042665,,,17.005974,16.971643,,0.057435162,-20.150972,3.562646,21.423666,22.829838,24.403505,0.12464093,213.6798,10.167504,1.1745129,,7.0,0.0,Cluster,0.58254325,-0.21625577,1.0,True,True,True,True,True,True,True,True,True,True,True,True,True,True,0.025218681015717056,True,True,True,Elliptical,True,True,True,True
9239900242_blue_red_7_Y15SBR1_P002_A2399T025_2015_08_12-2015_08_17,9239900242_A,9239900242_blue_7_Y15SBR1_P002_A2399T025_2015_08_12-2015_08_17.fits,9239900242,191.0,29.83333,126.49092,1.3477979,129.05577,1.4085159,134.54984,2.2983134,128.56079,1.7095734,128.12282,1.4628617,126.981,1.3191159,0.0,1.0,0.053421948,0.009881246,,,0.0604438,0.009301757,,,0.58829415,0.2575702,128.12282,1.6248724,0.0,1.0,0.044266976,0.010801965,,,0.051348884,0.010786784,,,0.58829415,0.2575702,2,0.0,329.596589794402,-7.6521714625835,,,16.566511,16.57368,,0.05660791,-20.549429,2.2469156,20.101501,21.552046,23.11997,0.095453694,238.54588,10.382079,1.2380371,,7.0,0.0,Cluster,0.64277196,-0.5563649,1.0,True,True,True,True,True,True,True,True,True,True,True,True,True,True,0.010655293676415666,True,True,True,Elliptical,True,True,True,True
9239900256_blue_red_7_Y13SBR1_P004_A2399T002_2013_08_30-2013_09_04,9239900256_A,9239900256_blue_7_Y13SBR1_P004_A2399T002_2013_08_30-2013_09_04.fits,9239900256,146.5,1.0,155.27365,1.2927629,171.03763,1.4643221,172.02715,2.205148,172.77048,1.7559887,169.4721,1.4740207,167.57886,1.3519211,0.0,1.0,0.396752,0.0052306755,,,0.42231452,0.005414244,,,0.033044957,0.007717274,158.47414,1.2487109,0.0,1.0,0.3607547,0.0049974616,,,0.38095015,0.005345057,,,0.033044957,0.007717274,1,0.0,329.155395169942,-7.67864596002464,,,14.8202715,14.743901,,0.05535849,-22.37485,5.8124986,20.431366,21.696413,23.292433,0.07718783,143.10909,11.023584,1.1163769,,8.0,0.0,Cluster,0.59586376,-1.0705426,1.0,False,True,True,True,True,True,True,True,True,True,True,True,True,True,0.008325706905196085,True,True,True,Elliptical,True,True,True,True
9239900277_blue_red_7_Y13SBR1_P005_A2399T003_2013_08_30-2013_09_04,9239900277_A,9239900277_blue_7_Y13SBR1_P005_A2399T003_2013_08_30-2013_09_04.fits,9239900277,258.0,3.3333333,99.07762,1.404872,112.49815,1.4326622,116.81317,2.1354632,113.22276,1.4847355,111.9798,1.3732691,109.68425,1.1737363,0.0,1.0,0.19871755,0.0095696645,,,0.20139834,0.008394257,,,0.07210824,0.024323197,101.0166,1.4458363,0.0,1.0,0.17429551,0.009529264,,,0.17970228,0.008302942,,,0.07210824,0.024323197,1,0.0,329.120649567811,-7.75449432937433,,,15.524825,15.520625,,0.056219228,-21.599115,4.069179,20.515501,21.654135,23.277044,0.0030272796,233.60881,10.723983,1.1316442,,8.0,0.0,Cluster,0.61536294,-0.7162557,1.0,False,True,True,True,True,True,True,True,True,True,True,True,True,True,0.014179508954696328,True,True,True,Elliptical,True,True,True,True
9239900492_blue_red_7_Y13SBR1_P006_A2399T004_2013_08_30-2013_09_04,9239900492_A,9239900492_blue_7_Y13SBR1_P006_A2399T004_2013_08_30-2013_09_04.fits,9239900492,141.5,1.0,159.86755,1.4112324,166.72327,1.3601698,167.39049,2.0990233,169.04713,1.6678324,163.51611,1.4380724,163.684,1.5316223,0.0,1.0,0.41582727,0.006301042,,,0.44975778,0.0069784317,,,0.031268615,0.0070565166,162.85783,1.3667217,0.0,1.0,0.37383494,0.0058752047,,,0.39805096,0.0065142387,,,0.031268615,0.0070565166,1,0.0,329.429878674276,-7.39651026830329,,,15.155128,15.099728,,0.056696538,-22.022566,4.3431907,19.996487,21.465973,23.031605,0.16692784,146.3799,10.957694,1.2134581,,7.0,0.0,Cluster,0.980564,-0.5199143,1.0,False,True,True,True,True,True,True,True,True,True,True,True,True,True,0.008827510023141033,True,True,True,Elliptical,True,True,True,True
9239900540_blue_red_7_Y13SBR1_P006_A2399T004_2013_08_30-2013_09_04,9239900540_A,9239900540_blue_7_Y13SBR1_P006_A2399T004_2013_08_30-2013_09_04.fits,9239900540,189.0,8.416665,101.88933,2.361557,111.48159,2.8383634,115.90446,3.2444398,113.535675,3.1355793,107.43634,2.365542,105.611,2.2470176,0.0,1.0,0.18984126,0.020655856,,,0.20642176,0.020343343,,,0.15834129,0.07901428,104.774605,2.2528863,0.0,1.0,0.14489497,0.019977977,,,0.15855558,0.020239085,,,0.15834129,0.07901428,1,0.0,329.287957995343,-7.36826644589983,,,16.564611,16.511112,,0.058823675,-20.61282,3.6297395,21.178497,22.607565,24.178204,0.0047837035,265.193,10.380283,1.2056828,,2.0,0.0,Cluster,1.0593354,0.35400718,1.0,False,True,True,True,True,True,True,True,True,True,True,True,True,True,0.023177667376947125,True,True,True,Elliptical,True,True,True,True
9239900970_blue_red_7_Y17SAR3_P014_A2399T035_2017_09_14-2017_09_26,9239900970_A,9239900970_blue_7_Y17SAR3_P014_A2399T035_2017_09_14-2017_09_26.fits,9239900970,115.5,11.166667,117.34801,3.7113676,116.24701,2.4932432,116.39421,4.2416945,115.778915,3.1413374,116.92137,2.598481,117.78353,2.577702,1.0,0.7980085,0.20068388,0.02184896,0.17155272,0.02184896,0.22292095,0.019786019,0.19294597,0.019786019,,,116.24701,2.8195024,,,,,,,,,,,,,1,0.0,329.929424527947,-7.39347075585772,,,17.889595,17.195274,,0.064452305,-19.932484,4.009982,21.881395,23.680819,25.217953,0.0005435155,203.6429,10.146932,1.2493821,,2.0,0.0,Cluster,1.6608758,2.658022,0.0,False,True,True,True,True,True,True,True,True,True,True,True,True,True,0.031627017790928025,True,True,True,Elliptical,True,True,True,True
9239901001_blue_red_9_Y17SBR1_P004_A2399T036_2018_05_07-2018_05_16,9239901001_A,9239901001_blue_9_Y17SBR1_P004_A2399T036_2018_05_07-2018_05_16.fits,9239901001,30.0,3.1666667,204.43205,1.4496659,230.20932,1.6525289,243.05305,2.3485458,232.9159,1.8586535,224.70476,1.6271056,221.6931,1.6421255,0.0,1.0,0.106113754,0.004642298,,,0.10868941,0.0040122597,,,0.09036306,0.030890562,212.02559,1.420576,0.0,1.0,0.07434916,0.0045209494,,,0.07832253,0.0039497493,,,0.09036306,0.030890562,1,0.0,329.939339494991,-7.38674118621967,,,15.211802,15.063062,,0.06434913,-22.067398,5.157094,20.334497,21.800076,23.366173,0.14299892,229.80165,11.040687,1.3129206,,2.0,0.0,Cluster,1.6898398,2.6158988,0.0,False,True,True,True,True,True,True,True,True,True,True,True,True,True,0.007091187022778473,True,True,True,Elliptical,True,True,True,True
9239901179_blue_red_9_Y17SBR1_P004_A2399T036_2018_05_07-2018_05_16,9239901179_A,9239901179_blue_9_Y17SBR1_P004_A2399T036_2018_05_07-2018_05_16.fits,9239901179,305.0,2.1666667,108.04092,1.462938,108.04092,1.3630773,115.02539,1.8773117,109.23402,1.4557369,107.2389,1.2941215,104.508514,1.2531991,0.0,1.0,,,,,,,,,,,109.08168,1.3779385,0.0,1.0,,,,,,,,,,,1,0.0,330.094639204141,-7.49701003527169,,,16.54343,16.54982,,0.05685586,-20.572382,1.4419702,19.255024,20.460936,22.068583,0.1182253,298.2185,10.344884,1.18157,,2.0,0.0,Cluster,1.8858283,-0.45439646,1.0,False,True,True,True,True,True,True,True,True,True,True,True,True,True,0.013540591842424149,True,True,True,Elliptical,True,True,True,True
9388000007_blue_red_8_Y16SBR1_P001_A3880T031_2016_09_01-2016_09_05,9388000007_A,9388000007_blue_8_Y16SBR1_P001_A3880T031_2016_09_01-2016_09_05.fits,9388000007,2.0,20.916666,211.23605,1.8143096,220.19188,1.7091031,230.81659,3.0852547,229.1134,2.1176093,217.63081,1.7040533,212.85884,1.7548653,0.0,1.0,0.028138548,0.005826098,,,0.03123163,0.0055643395,,,0.15430278,0.17833562,212.85884,1.5955075,0.0,1.0,0.024537846,0.006048124,,,0.02784438,0.005904285,,,0.15430278,0.17833562,1,0.0,336.960968,-30.5620499,,,15.347971,15.328246,,0.056003157,-21.786,2.4040449,19.106192,20.513437,22.08696,0.08278163,149.40662,10.898729,1.2481537,,7.0,0.0,Cluster,0.048707183,-0.7601925,1.0,False,True,True,True,True,True,True,True,True,True,True,True,True,True,0.008589014990575709,True,True,True,Elliptical,True,True,True,True
9388000027_blue_red_7_Y13SBR1_P002_A3880T002_2013_08_30-2013_09_04,9388000027_A,9388000027_blue_7_Y13SBR1_P002_A3880T002_2013_08_30-2013_09_04.fits,9388000027,176.5,3.5833313,215.92752,1.5445521,216.55602,1.6124645,211.4887,2.3561509,214.91917,1.809039,215.8617,1.7011955,217.52892,1.4442225,0.0,1.0,0.1454924,0.0058140056,,,0.15598778,0.005331754,,,0.05615653,0.01591979,218.07349,1.520356,0.0,1.0,0.12810344,0.0059003616,,,0.13872945,0.0053792093,,,0.05615653,0.01591979,1,0.0,336.973053,-30.6318436,,,15.548689,15.546909,,0.059597652,-21.57108,3.2544837,19.724277,21.163795,22.733097,0.2627357,0.9056958,10.821087,1.274765,,7.0,0.0,Cluster,0.14341848,0.7838868,1.0,False,True,True,True,True,True,True,True,True,True,True,True,True,True,0.007153104430597823,True,True,True,Elliptical,True,True,True,True
9388000035_blue_red_7_Y17SAR3_P013_A3880T034_2017_04_19-2017_05_01,9388000035_A,9388000035_blue_7_Y17SAR3_P013_A3880T034_2017_04_19-2017_05_01.fits,9388000035,176.5,3.5833309,124.55153,1.813293,124.043236,1.9202662,125.37196,2.8772354,124.617775,2.0090272,124.55153,1.8360577,123.20333,1.6869588,0.0,1.0,0.09415297,0.014900989,,,0.1052287,0.0143025955,,,,,124.10921,2.015404,0.0,1.0,,,,,,,,,,,1,0.0,336.9555054,-30.6387043,,,16.832325,16.813215,,0.05864474,-20.30418,1.6618462,19.754576,21.186981,22.757189,0.11118965,-9.565257,10.300121,1.2633591,,7.0,0.0,Cluster,0.1672843,0.37505823,1.0,False,True,True,True,True,True,True,True,True,True,True,True,True,True,0.014558576679066087,True,True,True,Elliptical,True,True,True,True
9388000051_blue_red_13_Y15SBR1_P001_A3880T025_2015_08_12-2015_08_17,9388000051_A,9388000051_blue_13_Y15SBR1_P001_A3880T025_2015_08_12-2015_08_17.fits,9388000051,48.5,3.8333333,128.63922,1.8005837,135.7078,1.6266971,152.24306,2.721916,140.56104,1.929874,134.17569,1.645012,132.91037,1.5336527,0.0,1.0,0.20763926,0.013286486,,,0.21229786,0.011900437,,,0.059416108,0.027846446,131.94492,1.4479369,0.0,1.0,0.15871134,0.014215873,,,0.17076467,0.012390248,,,0.059416108,0.027846446,2,0.0,336.9347839,-30.6698494,,,16.319958,16.27002,,0.058695477,-20.84746,3.410825,20.66774,22.112127,23.680817,0.14339359,106.836716,10.5417595,1.2862625,,7.0,0.0,Cluster,0.25662863,0.39683434,1.0,True,True,True,True,True,True,True,True,True,True,True,True,True,True,0.013997159653175759,True,True,True,Elliptical,True,True,True,True
9388000055_blue_red_6_Y13SBR1_P001_A3880T001_2013_08_30-2013_09_04,9388000055_A,9388000055_blue_6_Y13SBR1_P001_A3880T001_2013_08_30-2013_09_04.fits,9388000055,251.5,1.1666666,139.8409,1.4834731,165.4033,1.5015877,173.56601,2.1034703,168.45004,1.6724751,163.795,1.4941361,161.09503,1.4446205,0.0,1.0,0.34113172,0.00804882,,,0.32625827,0.0071318126,,,0.018446404,0.0136468075,156.67824,1.3616116,0.0,1.0,0.19683827,0.0076097716,,,0.21512,0.006893945,,,0.018446404,0.0136468075,1,0.0,337.0828552,-30.6366425,,,15.73479,15.718299,,0.057678502,-21.39852,4.883941,20.935259,22.586956,24.13455,0.017016375,76.37821,10.761704,1.2886,,7.0,0.0,Cluster,0.2782277,-0.039865438,1.0,False,True,True,True,True,True,True,True,True,True,True,True,True,True,0.010608291994688249,True,True,True,Elliptical,True,True,True,True
9388000068_blue_red_10_Y14SAR3_P012_A3880T010_2014_04_24-2014_05_04,9388000068_A,9388000068_blue_10_Y14SAR3_P012_A3880T010_2014_04_24-2014_05_04.fits,9388000068,99.5,1.9166666,229.88217,1.3175347,242.01662,1.5117873,249.57303,2.3478615,247.06557,1.7548931,242.2993,1.440612,237.74626,1.3845981,0.0,1.0,0.11914696,0.0032784673,,,0.12221912,0.0029083393,,,0.072726935,0.01933377,233.38416,1.3761494,0.0,1.0,0.10059592,0.0032621394,,,0.10275176,0.0029621038,,,0.072726935,0.01933377,2,0.0,336.8488159,-30.4957733,,,14.654696,14.628658,,0.056168,-22.486336,5.456844,20.012167,21.38948,22.967184,0.19641653,97.494,11.207246,1.2837963,,7.0,0.0,Cluster,0.34511042,-0.689266,1.0,True,True,True,True,True,True,True,True,True,True,True,True,True,True,0.005731347933595719,True,True,True,Elliptical,True,True,True,True
9388000120_blue_red_7_Y13SBR1_P002_A3880T002_2013_08_30-2013_09_04,9388000120_A,9388000120_blue_7_Y13SBR1_P002_A3880T002_2013_08_30-2013_09_04.fits,9388000120,134.0,1.5,139.34564,1.1802962,144.85693,1.2477318,145.65932,1.7435834,145.01633,1.4994546,143.90303,1.3763487,142.31828,1.2968946,0.0,1.0,0.28226945,0.007105972,,,0.291818,0.006961294,,,0.028112786,0.012111824,142.43513,1.3348651,0.0,1.0,0.19560222,0.007219751,,,0.2052915,0.0070329704,,,0.028112786,0.012111824,1,0.0,337.0339966,-30.7649956,,,16.066624,16.071953,,0.055476245,-21.043009,3.4410765,20.444407,21.933653,23.496984,0.16426517,135.0,10.61892,1.2875385,,7.0,0.0,Cluster,0.49645647,-0.9869781,1.0,False,True,True,True,True,True,True,True,True,True,True,True,True,True,0.00847027721857677,True,True,True,Elliptical,True,True,True,True
9388000200_blue_red_13_Y15SBR1_P001_A3880T025_2015_08_12-2015_08_17,9388000200_A,9388000200_blue_13_Y15SBR1_P001_A3880T025_2015_08_12-2015_08_17.fits,9388000200,138.0,4.0,80.8775,1.6380079,80.52204,1.580153,82.43256,2.0346143,80.50941,1.6189454,80.02513,1.3671833,80.79198,1.4162972,0.0,1.0,,,,,,,,,,,80.50941,1.6514685,,,,,,,,,,,,,2,0.0,336.6470337,-30.6610126,,,17.201466,17.197258,,0.060206037,-19.918259,1.1195574,19.27797,20.445583,22.061628,0.18189885,156.4036,10.028066,1.1260986,,7.0,0.0,Cluster,0.7519474,1.04471,1.0,True,True,True,True,True,True,True,True,True,True,True,True,True,True,0.020252949213316437,True,True,True,Elliptical,True,True,True,True
9388000266_blue_red_7_Y17SAR3_P014_A3880T035_2017_09_14-2017_09_26,9388000266_A,9388000266_blue_7_Y17SAR3_P014_A3880T035_2017_09_14-2017_09_26.fits,9388000266,123.0,9.5,48.634766,4.0024962,47.173603,3.5464838,35.5975,5.989897,43.231808,4.3450327,46.330235,3.890591,51.48943,3.9826946,,,,,,,,,,,,,46.23468,3.8081741,,,,,,,,,,,,,1,0.0,336.6344299,-30.3558254,,,18.32392,18.079435,,0.057111982,-19.030632,2.192393,21.560122,22.76858,24.375692,0.19432433,123.516495,9.505051,0.9402161,,3.0,0.0,Cluster,0.93280137,-0.2833173,1.0,False,True,True,True,True,True,True,True,True,True,True,True,True,True,0.0822970177341863,True,True,True,Elliptical,True,True,True,True
9388000416_blue_red_8_Y16SBR1_P001_A3880T031_2016_09_01-2016_09_05,9388000416_A,9388000416_blue_8_Y16SBR1_P001_A3880T031_2016_09_01-2016_09_05.fits,9388000416,109.5,2.5833333,50.71865,3.2306056,49.315666,3.4505603,,,45.08955,4.1497793,48.79496,3.2159643,51.876217,2.8816628,1.0,0.5515423,0.44589025,0.03600026,0.3087102,0.03600026,0.61580867,0.043963842,0.4207811,0.043963842,0.06785255,0.022672176,50.256622,2.4735465,1.0,0.5980288,0.43690073,0.035739016,0.31802607,0.035739016,0.5515985,0.042243246,0.3969403,0.042243246,0.06785255,0.022672176,1,0.0,336.4805298,-30.3606853,,,16.456072,16.448046,,0.059886757,-20.660166,5.0766735,21.952768,22.718681,24.492304,0.04964532,125.562485,10.206653,0.9695892,,2.0,0.0,Cluster,1.213677,0.90784895,1.0,False,True,True,True,True,True,True,True,True,True,True,True,True,True,0.06369660075731512,True,True,True,Elliptical,True,True,True,True
9388000489_blue_red_7_Y17SAR3_P013_A3880T034_2017_04_19-2017_05_01,9388000489_A,9388000489_blue_7_Y17SAR3_P013_A3880T034_2017_04_19-2017_05_01.fits,9388000489,185.5,5.416666,144.20334,1.8539588,145.4606,1.2784485,139.67526,1.7264569,143.4814,1.5302644,146.79161,1.2574444,146.76596,1.2009654,1.0,1.027874,0.15400553,0.008819151,0.15700924,0.008819151,0.16324782,0.007986647,0.16614562,0.007986647,0.18484627,0.040147725,147.18877,1.1543092,0.0,1.0,0.10960393,0.0077170497,,,0.12135556,0.007497181,,,0.18484627,0.040147725,1,0.0,337.2184143,-31.0581875,,,15.251913,15.257901,,0.05597704,-21.856375,7.296614,21.070303,22.49712,24.068048,0.18291178,179.28351,10.893019,1.2180977,,2.0,0.0,Cluster,1.3319179,-0.77143115,1.0,False,True,True,True,True,True,True,True,True,True,True,True,True,True,0.012856559355698696,True,True,True,Elliptical,True,True,True,True
9388000597_blue_red_8_Y16SBR1_P001_A3880T031_2016_09_01-2016_09_05,9388000597_A,9388000597_blue_8_Y16SBR1_P001_A3880T031_2016_09_01-2016_09_05.fits,9388000597,337.0,14.083332,112.59854,1.8490102,116.33041,1.9568726,118.75165,2.5870364,116.54107,2.0662892,115.16546,1.9848005,112.294075,1.674623,0.0,1.0,0.07975266,0.015036689,,,0.08391855,0.013257174,,,,,116.33041,1.9104044,,,,,,,,,,,,,1,0.0,336.3281555,-30.4372044,,,16.671982,16.621271,,0.058205355,-20.49593,1.7786642,19.826918,21.300192,22.865376,0.0002931055,150.27185,10.307098,1.2028694,,2.0,0.0,Cluster,1.4598238,0.1864233,1.0,False,True,True,True,True,True,True,True,True,True,True,True,True,True,0.01642126265580353,True,True,True,Elliptical,True,True,True,True
9388000773_blue_red_8_Y17SBR1_P003_A3880T038_2018_05_07-2018_05_16,9388000773_A,9388000773_blue_8_Y17SBR1_P003_A3880T038_2018_05_07-2018_05_16.fits,9388000773,105.5,14.416667,135.22353,1.5300932,134.864,1.6867489,139.33032,3.1636546,134.29466,1.7625543,135.30095,1.7640128,136.0514,1.6384358,0.0,1.0,0.05282592,0.011808694,,,0.0612363,0.011107394,,,0.14600052,0.09501723,135.30095,1.7735107,0.0,1.0,0.04921878,0.012132405,,,0.05696354,0.010968797,,,0.14600052,0.09501723,1,0.0,336.216095,-30.7168312,,,16.70262,16.686682,,0.058830798,-20.428316,1.9839561,19.859205,21.226023,22.805258,0.24124661,75.47806,10.270209,1.1615658,,2.0,0.0,Cluster,1.6978313,0.45491102,1.0,False,True,True,True,True,True,True,True,True,True,True,True,True,True,0.01131528810111672,True,True,True,Elliptical,True,True,True,True
9388000949_blue_red_8_Y17SBR1_P003_A3880T038_2018_05_07-2018_05_16,9388000949_A,9388000949_blue_8_Y17SBR1_P003_A3880T038_2018_05_07-2018_05_16.fits,9388000949,126.5,2.8333333,144.25218,1.4946659,157.9794,1.4465286,159.73633,1.9983898,158.49272,1.7423942,157.68816,1.3621882,157.17383,1.3158262,0.0,1.0,0.13377325,0.0070444075,,,0.13559294,0.006148355,,,0.114063665,0.04794219,152.21098,1.0612813,0.0,1.0,0.06797582,0.0058497596,,,0.07530818,0.0052820058,,,0.114063665,0.04794219,1,0.0,336.4735413,-31.1833477,,,15.310694,15.414128,,0.058570467,-21.702269,6.372516,21.092472,22.584084,24.147148,0.00010089077,92.19079,10.769343,1.1679955,,2.0,0.0,Cluster,1.8907955,0.3431765,1.0,False,True,True,True,True,True,True,True,True,True,True,True,True,True,0.01036147876586683,True,True,True,Elliptical,True,True,True,True
9403800004_blue_red_7_Y15SBR1_P005_A4038T027_2015_09_07-2015_09_13,9403800004_A,9403800004_blue_7_Y15SBR1_P005_A4038T027_2015_09_07-2015_09_13.fits,9403800004,77.5,7.6666665,67.11128,1.5837396,67.2856,1.6605732,62.832493,3.1365356,63.26239,2.292843,66.01175,1.845485,66.83948,1.8501049,0.0,1.0,0.11872329,0.018801939,,,0.14236335,0.0179441,,,0.22889099,0.06264135,66.44403,1.834742,0.0,1.0,0.11268901,0.01926839,,,0.13353899,0.017369885,,,0.22889099,0.06264135,1,0.0,356.9304199,-28.1566486,,,16.985577,16.6054,,0.026964389,-18.938334,2.4437065,20.57951,21.539276,23.216845,0.21094114,52.627808,9.903342,1.4668618,,7.0,0.0,Cluster,0.02506846,-1.1647043,1.0,False,True,True,True,True,True,True,True,True,True,True,True,True,True,0.02359870948669136,True,True,True,Elliptical,True,True,True,True
9403800005_blue_red_7_Y13SBR2_P007_A4038T005_2013_10_02-2013_10_08,9403800005_A,9403800005_blue_7_Y13SBR2_P007_A4038T005_2013_10_02-2013_10_08.fits,9403800005,285.0,2.5833333,67.56803,1.5901537,65.75584,1.1190064,63.39147,2.4726899,64.7376,1.5840784,65.15154,1.1742948,64.9184,1.2721786,0.0,1.0,0.31964594,0.012277169,,,0.3594929,0.013035634,,,0.04564158,0.011390862,67.10372,1.4761423,0.0,1.0,0.32949534,0.012340089,,,0.36917657,0.013302751,,,0.04564158,0.011390862,1,0.0,356.9254761,-28.1259537,,,15.166803,14.27077,,0.029741017,-21.294773,4.913454,20.979055,22.079082,23.711884,0.17721699,108.99732,10.815976,1.3704777,,7.0,0.0,Cluster,0.02656025,0.1908159,1.0,False,True,True,True,True,True,True,True,True,True,True,True,True,True,0.02353411369252589,True,True,True,Elliptical,True,True,True,True
9403800026_blue_red_11_Y16SBR1_P002_A4038T031_2016_09_28-2016_10_04,9403800026_A,9403800026_blue_11_Y16SBR1_P002_A4038T031_2016_09_28-2016_10_04.fits,9403800026,142.0,13.499999,75.96635,1.5573795,77.39021,1.5130574,76.84077,2.4717987,76.029144,1.8929056,76.39826,1.5106304,77.30788,1.5643772,,,,,,,,,,,,,77.67498,1.6287345,0.0,1.0,0.11414694,0.017506722,,,0.13123031,0.01713224,,,0.20700358,0.09756307,1,0.0,356.8700867,-28.1405926,,,16.65739,16.493593,,0.030434081,-19.078283,1.5701218,19.662699,21.146067,22.710073,0.14571308,149.77637,9.83642,1.2199593,,7.0,0.0,Cluster,0.086714976,0.5285927,1.0,False,True,True,True,True,True,True,True,True,True,True,True,True,True,0.020500912575107267,True,True,True,Elliptical,True,True,True,True
9403800047_blue_red_7_Y13SBR2_P004_A4038T002_2013_10_02-2013_10_08,9403800047_A,9403800047_blue_7_Y13SBR2_P004_A4038T002_2013_10_02-2013_10_08.fits,9403800047,99.5,12.166667,162.97139,1.0911691,170.90501,0.92841816,182.75693,1.6170634,177.86795,1.3473616,173.53383,1.0254099,171.72388,0.96199214,0.0,1.0,0.056687023,0.00496389,,,0.058724668,0.004282435,,,0.4130622,0.08261434,169.36539,0.9238844,0.0,1.0,0.042580925,0.0047013145,,,0.045485057,0.0042340867,,,0.4130622,0.08261434,1,0.0,356.8468933,-28.1190262,,,14.845767,14.82346,,0.03258391,-20.749876,5.0978665,19.963614,21.392132,22.96284,0.19933133,134.99979,10.524509,1.2581453,,7.0,0.0,Cluster,0.12059089,1.5749015,1.0,False,True,True,True,True,True,True,True,True,True,True,True,True,True,0.006695464154782013,True,True,True,Elliptical,True,True,True,True
9403800057_blue_red_7_Y13SBR2_P007_A4038T005_2013_10_02-2013_10_08,9403800057_A,9403800057_blue_7_Y13SBR2_P007_A4038T005_2013_10_02-2013_10_08.fits,9403800057,183.0,1.25,146.29407,0.9505971,148.12714,0.8387979,155.12643,1.292757,154.84741,1.0963326,149.82407,0.8780768,148.42104,0.8279518,0.0,1.0,0.19136687,0.0042386586,,,0.19678661,0.0038728253,,,0.04899472,0.011079105,148.07005,0.9469783,0.0,1.0,0.17423746,0.0042803157,,,0.17869122,0.0039672717,,,0.04899472,0.011079105,1,0.0,356.8202515,-28.124033,,,14.800793,14.801207,,0.029803185,-20.76961,4.024042,19.460215,20.800581,22.38383,0.20834719,11.098905,10.505978,1.2253,,7.0,0.0,Cluster,0.15246588,0.22112367,1.0,False,True,True,True,True,True,True,True,True,True,True,True,True,True,0.006497851211604133,True,True,True,Elliptical,True,True,True,True
9403800077_blue_red_7_Y13SBR2_P003_A4038T001_2013_10_02-2013_10_08,9403800077_A,9403800077_blue_7_Y13SBR2_P003_A4038T001_2013_10_02-2013_10_08.fits,9403800077,231.5,3.0833333,101.61582,1.0175259,110.40222,0.8557658,120.87546,1.2292514,119.5579,1.212961,116.97343,0.95772976,113.75518,0.90872025,0.0,1.0,0.14578171,0.0072316504,,,0.13918114,0.005900469,,,0.06705437,0.021204513,107.03123,0.8876778,0.0,1.0,0.12317658,0.006518667,,,0.11981774,0.0056008324,,,0.06705437,0.021204513,1,0.0,356.8100281,-28.1929169,,,15.232813,15.2269,,0.029381264,-20.343214,4.4585648,20.305101,21.66236,23.243017,0.020419292,207.06046,10.339337,1.2339019,,7.0,0.0,Cluster,0.18032548,0.015394248,1.0,False,True,True,True,True,True,True,True,True,True,True,True,True,True,0.010013459518409635,True,True,True,Elliptical,True,True,True,True
9403800086_blue_red_7_Y13SBR2_P004_A4038T002_2013_10_02-2013_10_08,9403800086_A,9403800086_blue_7_Y13SBR2_P004_A4038T002_2013_10_02-2013_10_08.fits,9403800086,183.0,2.4166648,129.12497,1.1270072,134.67589,0.8534424,134.03447,1.5736946,132.90349,1.0156698,135.09538,0.881483,134.67589,0.76969457,0.0,1.0,0.16191402,0.005831544,,,0.16903847,0.0053689918,,,0.101629205,0.024499208,132.28128,0.94286555,0.0,1.0,0.1103747,0.0053684944,,,0.11712354,0.0051560826,,,0.101629205,0.024499208,1,0.0,357.0795593,-28.1789017,,,15.006701,14.979367,,0.035270087,-20.597061,5.7872972,20.442362,21.86744,23.438595,0.100633524,195.18517,10.366692,1.1552078,,7.0,0.0,Cluster,0.1897925,2.8791695,0.0,False,True,True,True,True,True,True,True,True,True,True,True,True,True,0.008728034554432036,True,True,True,Elliptical,True,True,True,True
9403800119_blue_red_7_Y13SBR2_P004_A4038T002_2013_10_02-2013_10_08,9403800119_A,9403800119_blue_7_Y13SBR2_P004_A4038T002_2013_10_02-2013_10_08.fits,9403800119,6.0,1.4166666,135.7096,1.0072317,135.14001,0.99326843,137.7862,1.7829229,139.57062,1.3671681,137.6503,1.0322541,136.08104,0.89025646,0.0,1.0,0.18291207,0.006321045,,,0.19412674,0.0059911977,,,0.060521543,0.020708313,137.6503,1.1529104,0.0,1.0,0.14297932,0.007529181,,,0.15017128,0.0070032547,,,0.060521543,0.020708313,1,0.0,357.1116943,-28.1102142,,,15.620808,15.634958,,0.032749955,-19.939104,2.3856416,19.210892,20.596893,22.173355,0.15913832,8.588867,10.129424,1.177247,,7.0,0.0,Cluster,0.2270469,1.6556228,1.0,False,True,True,True,True,True,True,True,True,True,True,True,True,True,0.0074219635162140335,True,True,True,Elliptical,True,True,True,True
9403800123_blue_red_7_Y13SBR2_P003_A4038T001_2013_10_02-2013_10_08,9403800123_A,9403800123_blue_7_Y13SBR2_P003_A4038T001_2013_10_02-2013_10_08.fits,9403800123,238.0,0.16666667,282.25815,1.3411416,297.75467,1.325484,320.172,2.2140493,317.621,1.8429295,312.60422,1.5660986,307.1313,1.5643438,0.0,1.0,0.49953628,0.0018013184,,,0.53627706,0.0023392432,,,0.019241164,0.002261799,288.80597,1.234503,0.0,1.0,0.4682021,0.0018963,,,0.5000156,0.0023895353,,,0.019241164,0.002261799,1,0.0,357.0856323,-28.2318954,,,13.608605,13.600339,,0.026820788,-21.966171,6.723193,19.351068,20.674334,22.2603,0.2126622,58.443153,11.052546,1.3028183,,7.0,0.0,Cluster,0.23098798,-1.234908,1.0,False,True,True,True,True,True,True,True,True,True,True,True,True,True,0.004751471658125727,True,True,True,Elliptical,True,True,True,True
9403800168_blue_red_7_Y13SBR2_P004_A4038T002_2013_10_02-2013_10_08,9403800168_A,9403800168_blue_7_Y13SBR2_P004_A4038T002_2013_10_02-2013_10_08.fits,9403800168,213.0,0.8333333,149.05045,0.76411784,149.36598,0.72895366,154.32362,1.3014117,151.11823,1.0494765,150.18103,0.82809275,150.03032,0.7664282,0.0,1.0,0.2891421,0.0035033117,,,0.3052257,0.0035477297,,,0.023543753,0.006359445,149.46364,0.6611468,0.0,1.0,0.26691088,0.0035861044,,,0.2819892,0.0035989566,,,0.023543753,0.006359445,1,0.0,357.1091003,-28.2787514,,,14.584284,14.586873,,0.027444977,-20.982214,3.9165943,19.177824,20.436958,22.034073,0.23627718,35.364613,10.57053,1.1876154,,7.0,0.0,Cluster,0.29709238,-0.9298247,1.0,False,True,True,True,True,True,True,True,True,True,True,True,True,True,0.005126571841950159,True,True,True,Elliptical,True,True,True,True
9403800507_blue_red_7_Y13SBR2_P006_A4038T004_2013_10_02-2013_10_08,9403800507_A,9403800507_blue_7_Y13SBR2_P006_A4038T004_2013_10_02-2013_10_08.fits,9403800507,86.0,1.0,89.67387,0.7319149,88.909,0.7521754,87.58548,1.0988227,88.65049,0.8480496,89.55736,0.86864954,88.947365,0.7843244,0.0,1.0,0.36260682,0.006125116,,,0.3993557,0.0065961666,,,0.029342322,0.008134463,89.32822,0.77231055,0.0,1.0,0.3273969,0.0061938674,,,0.36249983,0.0065753264,,,0.029342322,0.008134463,1,0.0,357.4351807,-28.0510559,,,15.235503,15.246985,,0.03098471,-20.325626,3.5981195,19.764715,21.034258,22.629454,0.103629954,87.54775,10.174771,1.0438261,,8.0,0.0,Cluster,0.65031636,0.79678935,1.0,False,True,True,True,True,True,True,True,True,True,True,True,True,True,0.008161964014712425,True,True,True,Elliptical,True,True,True,True
9403800520_blue_red_7_Y13SBR2_P007_A4038T005_2013_10_02-2013_10_08,9403800520_A,9403800520_blue_7_Y13SBR2_P007_A4038T005_2013_10_02-2013_10_08.fits,9403800520,107.0,4.8333335,120.45609,1.6614177,124.823105,1.341416,124.26791,2.2529354,126.44438,1.7812653,128.98962,1.4023185,127.80183,1.4903111,0.0,1.0,0.1671714,0.011486546,,,0.18618551,0.009309927,,,0.102684826,0.02494313,126.66872,1.4904679,0.0,1.0,0.15045868,0.009357636,,,0.1659062,0.008655769,,,0.102684826,0.02494313,1,0.0,356.5033569,-27.8954773,,,15.971062,15.920009,,0.029070152,-19.650812,5.377094,20.94185,22.681387,24.222395,0.23669948,107.531975,10.003793,1.1511068,,7.0,0.0,Cluster,0.66103727,-0.13635862,1.0,False,True,True,True,True,True,True,True,True,True,True,True,True,True,0.013792724801211794,True,True,True,Elliptical,True,True,True,True
9403800798_blue_red_7_Y16SBR2_P001_A4038T032_2016_09_28-2016_10_04,9403800798_B,9403800798_blue_7_Y16SBR2_P001_A4038T032_2016_09_28-2016_10_04.fits,9403800798,100.0,13.25,53.153522,1.476446,52.87777,1.6060144,59.276993,2.7918885,58.017128,1.9720817,54.523075,1.6206428,53.79378,1.5728825,0.0,1.0,0.15664117,0.023635415,,,0.1748723,0.022548351,,,0.17540215,0.068599164,52.991062,1.7108749,0.0,1.0,0.1521822,0.022987377,,,0.17034541,0.022912715,,,0.17540215,0.068599164,2,0.0,356.2657776,-27.9865665,,,16.88265,16.807447,,0.029739069,-18.764086,2.8879714,21.031612,22.063322,23.716013,0.058747575,104.68826,9.595891,1.0952778,,7.0,0.0,Cluster,0.8897605,0.18986602,1.0,True,True,True,True,True,True,True,True,True,True,True,True,True,True,0.02777701165315066,True,True,True,Elliptical,True,True,True,True
9403800833_blue_red_7_Y13SBR2_P006_A4038T004_2013_10_02-2013_10_08,9403800833_A,9403800833_blue_7_Y13SBR2_P006_A4038T004_2013_10_02-2013_10_08.fits,9403800833,317.5,10.25,78.73311,1.05753,80.58178,0.8597346,81.55723,1.4443616,81.88299,1.2019234,81.73837,0.9952887,81.131836,0.9198045,0.0,1.0,0.09532562,0.008880911,,,0.10435852,0.007912461,,,,,80.3392,0.881009,0.0,1.0,0.07917606,0.008502976,,,0.089605525,0.008146638,,,,,1,0.0,357.6486206,-28.1284409,,,15.459213,15.401858,,0.028868528,-20.168835,4.3636603,20.496231,21.738846,23.339096,0.020454047,-15.252423,10.18921,1.1269035,,7.0,0.0,Cluster,0.9104372,-0.23473033,1.0,False,True,True,True,True,True,True,True,True,True,True,True,True,True,0.013431833189365949,True,True,True,Elliptical,True,True,True,True
9403800911_blue_red_7_Y13SBR2_P006_A4038T004_2013_10_02-2013_10_08,9403800911_A,9403800911_blue_7_Y13SBR2_P006_A4038T004_2013_10_02-2013_10_08.fits,9403800911,2.5,1.5833324,77.82161,1.4525212,76.27356,0.9406147,76.76007,1.6653941,76.90788,1.289862,77.44797,1.0436833,76.97664,1.0326777,0.0,1.0,0.44405168,0.010291824,,,0.4983262,0.011622661,,,0.04334395,0.009853887,77.41198,1.1392834,0.0,1.0,0.3846432,0.0093515515,,,0.42533928,0.010338682,,,0.04334395,0.009853887,1,0.0,357.6253357,-28.4276352,,,15.567298,15.451673,,0.02800349,-20.117844,6.7663145,21.22425,22.575802,24.157324,0.17188244,4.3815393,10.192368,1.1628532,,7.0,0.0,Cluster,0.9729768,-0.6569987,1.0,False,True,True,True,True,True,True,True,True,True,True,True,True,True,0.018664753916039514,True,True,True,Elliptical,True,True,True,True
9403801002_blue_red_7_Y16SBR2_P001_A4038T032_2016_09_28-2016_10_04,9403801002_A,9403801002_blue_7_Y16SBR2_P001_A4038T032_2016_09_28-2016_10_04.fits,9403801002,48.5,1.0,115.781456,0.64760596,118.39565,0.7253622,126.40998,0.9984685,126.94451,0.82578075,123.99679,0.74119955,121.617455,0.6849073,0.0,1.0,0.32604527,0.004923216,,,0.31805286,0.004614083,,,0.03636603,0.007550291,120.45387,0.627948,0.0,1.0,0.22111823,0.004811888,,,0.22320789,0.0044699768,,,0.03636603,0.007550291,1,0.0,356.130188,-28.1092834,,,15.122722,15.129084,,0.026790852,-20.439213,4.3999925,19.834057,21.368465,22.926886,0.24107964,50.433018,10.361357,1.1986217,,2.0,0.0,Cluster,1.0353229,-1.2495445,1.0,False,True,True,True,True,True,True,True,True,True,True,True,True,True,0.005593347867382148,True,True,True,Elliptical,True,True,True,True
9403801579_blue_red_7_Y16SBR2_P001_A4038T032_2016_09_28-2016_10_04,9403801579_A,9403801579_blue_7_Y16SBR2_P001_A4038T032_2016_09_28-2016_10_04.fits,9403801579,18.0,3.6666667,52.304882,1.6155999,51.581383,1.6316817,42.805763,2.4979808,45.416348,2.2896037,47.237118,1.8635775,49.575684,1.6880476,2.0,1.0821795,0.3039449,0.022342008,0.31995392,0.022342008,0.37540993,0.025106069,0.39487287,0.025106069,0.061552145,0.029080283,,,,,,,,,,,,,,,1,0.0,355.8471375,-28.1881771,,,16.707026,16.714653,,0.028201403,-18.8555,3.0185993,20.900654,21.823448,23.515678,0.15794115,7.553002,9.642783,1.0986729,,2.0,0.0,Cluster,1.3980114,-0.560356,1.0,False,True,True,True,True,True,True,True,True,True,True,True,True,True,0.030888128186581133,True,True,True,Elliptical,True,True,True,True
