cubeid,cubeidpub,cubename,catid,pa_stelkin,pa_stelkin_err,sigma_re,sigma_re_err,sigma_3kpc_round,sigma_3kpc_round_err,sigma_1_4_arcsecond,sigma_1_4_arcsecond_err,sigma_2_arcsecond,sigma_2_arcsecond_err,sigma_3_arcsecond,sigma_3_arcsecond_err,sigma_4_arcsecond,sigma_4_arcsecond_err,aper_corr_flag,rmax_aper_corr,lambdar_re,lambdar_re_err,lambdar_max,lambdar_max_err,vsigma_re,vsigma_re_err,vsigma_max,vsigma_max_err,mean_k51_re,mean_k51_re_err,sigma_re_mge,sigma_re_mge_err,aper_corr_flag_mge,rmax_aper_corr_mge,lambdar_re_mge,lambdar_re_mge_err,lambdar_max_mge,lambdar_max_mge_err,vsigma_re_mge,vsigma_re_mge_err,vsigma_max_mge,vsigma_max_mge_err,mean_k51_re_mge,mean_k51_re_mge_err,observation_count,type,ra_obj,dec_obj,ra_ifu,dec_ifu,r_petro,r_auto,z_tonry,z_spec,m_r,r_e,mu_within_1re,mu_1re,mu_2re,ellip,pa,mstar,g_i,a_g,surv_sami,bad_class,sample_origin,r_on_rtwo,v_on_sigma,is_mem,flag_repeated_catid,flag_morphology_match,flag_main_input_match,flag_finite_m_r,flag_finite_mstar,flag_finite_sigma_re,flag_finite_sigma_re_err,flag_positive_sigma_re,part2_flag_finite_m_r,part2_flag_finite_mstar,part2_flag_finite_sigma_re,part2_flag_finite_sigma_re_err,part2_flag_positive_sigma_re,part2_flag_nonnegative_sigma_re_err,sigma_relative_error,part2_flag_valid_kinematics,part2_flag_photometric_inputs,part2_flag_mass_inputs,morphology_label,flag_elliptical,flag_early_type,flag_clean_bad_class,selected_best_observation
7139_blue_red_7_Y18SAR3_P002_12T122_2018_05_07-2018_05_16,7139_A,7139_blue_7_Y18SAR3_P002_12T122_2018_05_07-2018_05_16.fits,7139,267.5,1.5,235.61281,3.0147629,232.86076,2.6190042,227.91887,3.23779,232.86076,2.538515,227.91617,2.3636317,228.24727,2.4224946,0.0,1.0,,,,,,,,,,,235.61281,3.229881,,,,,,,,,,,,,1,1.0,175.82830466,0.74788117,175.82830466,0.74788117,16.959,16.831,0.07697,0.07567,-20.98,1.23,18.73,20.03,21.62,0.4654,89.29,10.63,1.36,0.102,3.0,0.0,GAMA,,,,False,True,True,True,True,True,True,True,True,True,True,True,True,True,0.012795411675621543,True,True,True,S0,False,True,True,True
7289_blue_red_7_Y18SAR3_P002_12T122_2018_05_07-2018_05_16,7289_A,7289_blue_7_Y18SAR3_P002_12T122_2018_05_07-2018_05_16.fits,7289,84.5,12.75,205.14528,1.8772924,228.24532,2.3793814,227.96672,2.4607205,228.24532,2.5035534,224.60478,1.9799101,218.58223,2.003036,0.0,1.0,0.07193211,0.0075797155,,,0.0797666,0.0072175167,,,0.23975329,0.072991356,212.49521,1.5672057,0.0,1.0,0.05596431,0.0069313175,,,0.06152828,0.006164173,,,0.23975329,0.072991356,1,0.5,176.77502491,0.63568906,176.77502491,0.63568906,15.784,15.757,0.08813,0.08682,-22.37,4.96,20.72,22.17,23.74,0.2661,103.68,11.12,1.32,0.105,8.0,0.0,GAMA,,,,False,True,True,True,True,True,True,True,True,True,True,True,True,True,0.009151038717537151,True,True,True,Elliptical/S0,False,True,True,True
7839_blue_red_7_Y16SAR4_P002_12T101_2017_04_19-2017_05_01,7839_A,7839_blue_7_Y16SAR4_P002_12T101_2017_04_19-2017_05_01.fits,7839,49.5,1.25,195.76112,1.6140423,223.14139,1.5195676,232.88278,2.4152997,232.89111,2.2225654,223.14139,1.5342572,218.3499,1.3276602,0.0,1.0,0.32422054,0.004915802,,,0.32087862,0.0043023285,,,0.021447787,0.006136946,204.76128,1.5008167,0.0,1.0,0.30171224,0.0045705456,,,0.29396695,0.004307293,,,0.021447787,0.006136946,1,0.5,179.61542288,0.71790602,179.61542288,0.71790602,15.003,14.641,0.04874,0.04749,-22.1,6.95,20.5,21.92,23.5,0.2481,44.72,11.05,1.28,0.085,8.0,0.0,GAMA,,,,False,True,True,True,True,True,True,True,True,True,True,True,True,True,0.008244958447315789,True,True,True,Elliptical/S0,False,True,True,True
7969_blue_red_7_Y16SAR4_P002_12T101_2017_04_19-2017_05_01,7969_A,7969_blue_7_Y16SAR4_P002_12T101_2017_04_19-2017_05_01.fits,7969,117.5,11.166667,249.79765,2.4518452,258.8951,2.2880316,267.4869,3.1991794,258.8951,2.2900918,258.03995,2.0631237,255.9217,1.9588563,1.0,0.9281981,0.07408679,0.007457648,0.070236586,0.007457648,0.08016793,0.0068837274,0.076434724,0.0068837274,0.58738834,0.29351422,253.85786,1.9050815,0.0,1.0,0.044866167,0.00666484,,,0.05206474,0.005835871,,,0.58738834,0.29351422,1,0.5,180.03364558,0.67385043,180.03364558,0.67385043,16.037,15.976,0.08683,0.08554,-22.12,5.17,21.03,22.6,24.15,0.1772,161.03,11.02,1.32,0.091,8.0,0.0,GAMA,,,,False,True,True,True,True,True,True,True,True,True,True,True,True,True,0.009815325324317503,True,True,True,Elliptical/S0,False,True,True,True
7992_blue_red_7_Y16SAR4_P002_12T101_2017_04_19-2017_05_01,7992_A,7992_blue_7_Y16SAR4_P002_12T101_2017_04_19-2017_05_01.fits,7992,24.5,4.1666665,230.09796,1.9353241,236.2842,2.2942445,246.55412,3.126101,236.2842,2.444281,232.45067,2.183163,234.41197,2.0592194,0.0,1.0,0.12314851,0.0069863037,,,0.13203153,0.00648072,,,0.05896837,0.030699354,231.40596,1.9082525,0.0,1.0,0.09856497,0.0070434855,,,0.10655644,0.0065721,,,0.05896837,0.030699354,1,1.0,180.22123209,0.81384911,180.22123209,0.81384911,16.177,16.079,0.08293,0.08164,-21.91,3.15,20.07,21.49,23.06,0.3437,40.360016,10.95,1.33,0.08,8.0,0.0,GAMA,,,,False,True,True,True,True,True,True,True,True,True,True,True,True,True,0.008410870309323908,True,True,True,S0,False,True,True,True
8488_blue_red_7_Y15SAR3_P006_12T097_2017_04_19-2017_05_01,8488_A,8488_blue_7_Y15SAR3_P006_12T097_2017_04_19-2017_05_01.fits,8488,76.5,29.83333,74.450806,1.0931453,74.87751,1.2785623,75.9822,1.2740746,75.75952,1.2072397,73.94739,0.9400875,74.31857,0.9682899,0.0,1.0,,,,,,,,,,,74.450806,0.8895921,0.0,1.0,,,,,,,,,,,1,0.0,182.62970446,0.67277654,182.62970446,0.67277654,16.811,16.533,0.02171,0.01996,-18.36,1.42,19.28,20.69,22.27,0.0642,65.130005,9.51,1.17,0.108,8.0,0.0,GAMA,,,,False,True,True,True,True,True,True,True,True,True,True,True,True,True,0.014682786644378302,True,True,True,Elliptical,True,True,True,True
8865_blue_red_6_Y16SAR4_P002_12T100_2017_04_19-2017_05_01,8865_A,8865_blue_6_Y16SAR4_P002_12T100_2017_04_19-2017_05_01.fits,8865,27.5,29.75,214.67976,2.8171825,219.0812,3.2735994,224.5206,4.490466,217.83223,3.4015484,220.67503,2.8595033,214.40337,2.6707373,0.0,1.0,0.03996329,0.009923504,,,0.044664282,0.00909983,,,0.93219995,0.65482867,220.67503,2.7528417,,,,,,,,,,,,,1,0.0,184.03133471,0.65632281,184.03133471,0.65632281,16.685,16.556,0.0744,0.07314,-21.16,2.5,20.28,21.96,23.5,0.1,23.950012,10.66,1.32,0.098,3.0,0.0,GAMA,,,,False,True,True,True,True,True,True,True,True,True,True,True,True,True,0.013122720558286446,True,True,True,Elliptical,True,True,True,True
9062_blue_red_6_Y15SAR3_P005_12T092_2015_04_14-2015_04_22,9062_A,9062_blue_6_Y15SAR3_P005_12T092_2015_04_14-2015_04_22.fits,9062,345.5,1.1666666,134.576,1.008032,131.01753,0.881577,132.24287,1.399667,131.79372,1.1729764,131.7991,0.9403881,131.22804,0.93940026,0.0,1.0,0.18260397,0.006073213,,,0.21377836,0.005911522,,,0.030021513,0.017608259,132.36812,0.84029007,0.0,1.0,0.14099313,0.0055092596,,,0.14771673,0.00508008,,,0.030021513,0.017608259,1,1.0,184.85513709,0.63095782,184.85513709,0.63095782,14.856,14.756,0.02323,0.0217,-20.3,4.37,18.65,20.14,21.7,0.6783,166.16,10.23,1.1,0.087,8.0,0.0,GAMA,,,,False,True,True,True,True,True,True,True,True,True,True,True,True,True,0.00749042919985733,True,True,True,S0,False,True,True,True
14552_blue_red_7_Y14SAR4_P008_15T094_2016_04_04-2016_04_12,14552_A,14552_blue_7_Y14SAR4_P008_15T094_2016_04_04-2016_04_12.fits,14552,181.5,1.3333315,178.1168,1.2021414,176.38171,1.8892391,173.7848,2.2880485,176.38171,1.8142122,177.32614,1.5631021,175.23514,1.3979793,0.0,1.0,0.31397676,0.0066388403,,,0.34870714,0.007078961,,,0.03437183,0.013881165,179.10672,1.5086726,0.0,1.0,0.23600453,0.0072778636,,,0.26263896,0.007397976,,,0.03437183,0.013881165,1,1.0,212.02462596,0.74927355,212.02462596,0.74927355,15.875,15.84,0.07767,0.07673,-21.97,2.94,19.47,20.99,22.55,0.4359,178.62,10.87,1.19,0.131,3.0,0.0,GAMA,,,,False,True,True,True,True,True,True,True,True,True,True,True,True,True,0.006749174698849294,True,True,True,S0,False,True,True,True
15165_blue_red_6_Y14SAR4_P001_15T087_2014_05_23-2014_06_01,15165_A,15165_blue_6_Y14SAR4_P001_15T087_2014_05_23-2014_06_01.fits,15165,153.5,1.0833334,180.07,2.1366076,200.09235,2.099691,206.43332,2.550893,200.09235,2.1853163,195.86264,1.7701513,192.59335,1.4430128,0.0,1.0,0.45352075,0.007738761,,,0.48498487,0.007852599,,,0.039652277,0.008365774,184.93167,1.5909852,0.0,1.0,0.41174662,0.006851401,,,0.43226808,0.00720436,,,0.039652277,0.008365774,2,0.5,214.38117277,0.77164277,214.38117277,0.77164277,15.493,15.443,0.07844,0.07753,-22.4,6.24,21.12,22.59,24.16,0.1203,148.83,11.15,1.31,0.147,8.0,0.0,GAMA,,,,True,True,True,True,True,True,True,True,True,True,True,True,True,True,0.011865427889154219,True,True,True,Elliptical/S0,False,True,True,True
15481_blue_red_8_Y15SAR3_P002_15T108_2015_04_14-2015_04_22,15481_A,15481_blue_8_Y15SAR3_P002_15T108_2015_04_14-2015_04_22.fits,15481,199.0,8.75,225.85182,2.2824519,234.58095,2.1200986,234.70273,2.768599,235.33844,2.2727504,236.06201,1.909052,236.44466,1.856539,0.0,1.0,0.071238264,0.0052873613,,,0.07618185,0.004937271,,,0.28448382,0.09054263,230.60489,1.933106,0.0,1.0,0.059199754,0.0050658016,,,0.063882664,0.004802493,,,0.28448382,0.09054263,1,0.0,215.75408194,0.79435287,215.75408194,0.79435287,14.888,14.788,0.05493,0.05407,-22.23,5.63,20.38,21.84,23.41,0.044,3.3899994,11.08,1.27,0.099,8.0,0.0,GAMA,,,,False,True,True,True,True,True,True,True,True,True,True,True,True,True,0.0101059708086479,True,True,True,Elliptical,True,True,True,True
16022_blue_red_7_Y17SAR3_P010_15T133_2018_05_07-2018_05_16,16022_A,16022_blue_7_Y17SAR3_P010_15T133_2018_05_07-2018_05_16.fits,16022,12.0,10.666667,119.587006,1.1548386,124.32371,1.5220935,133.07854,2.1905196,127.69785,1.662781,123.56887,1.4341872,119.912834,1.3744438,0.0,1.0,0.05999869,0.0096680345,,,0.06887668,0.009020786,,,0.14536962,0.08904132,123.56887,1.4382963,0.0,1.0,0.036537927,0.010391449,,,0.044318806,0.009610249,,,0.14536962,0.08904132,1,0.5,217.45754642,0.66485519,217.45754642,0.66485519,16.338,16.34,0.05451,0.05368,-20.65,2.19,19.85,21.3,22.86,0.1207,30.940002,10.41,1.22,0.146,8.0,0.0,GAMA,,,,False,True,True,True,True,True,True,True,True,True,True,True,True,True,0.009656890314655088,True,True,True,Elliptical/S0,False,True,True,True
16317_blue_red_11_Y17SAR3_P012_12T136_2018_05_07-2018_05_16,16317_A,16317_blue_11_Y17SAR3_P012_12T136_2018_05_07-2018_05_16.fits,16317,127.5,0.8333333,118.45002,0.72346735,120.052574,0.8448994,120.903,1.6275471,120.82259,0.97461426,121.30704,0.84609747,120.754,0.723436,0.0,1.0,0.35506725,0.004348237,,,0.39396772,0.004882771,,,0.035183795,0.0057938034,119.43019,0.75149685,0.0,1.0,0.32028598,0.004367435,,,0.35386926,0.004676631,,,0.035183795,0.0057938034,1,1.0,218.33730088,0.83733901,218.33730088,0.83733901,14.807,14.811,0.03493,0.03413,-21.16,5.59,19.92,21.28,22.86,0.4395,138.02,10.53,1.08,0.141,8.0,0.0,GAMA,,,,False,True,True,True,True,True,True,True,True,True,True,True,True,True,0.006107785798600962,True,True,True,S0,False,True,True,True
16526_blue_red_7_Y14SAR2_P006_15T066_2017_03_24-2017_04_02,16526_A,16526_blue_7_Y14SAR2_P006_15T066_2017_03_24-2017_04_02.fits,16526,156.0,4.9166665,98.526566,1.9801577,97.77074,2.495145,92.91291,4.3895736,94.02723,3.2517889,97.751884,2.3614273,98.83746,2.1379108,0.0,1.0,0.18912405,0.019127365,,,0.21800771,0.018569406,,,0.070079684,0.03773602,98.738144,2.0127292,0.0,1.0,0.19612435,0.01821384,,,0.22537743,0.017583871,,,0.070079684,0.03773602,1,0.0,219.18604924,0.71005094,219.18604924,0.71005094,16.816,16.719,0.05705,0.05624,-20.37,2.24,20.38,21.44,23.08,0.1801,151.37,10.26,1.19,0.16,8.0,0.0,GAMA,,,,False,True,True,True,True,True,True,True,True,True,True,True,True,True,0.0200977033950417,True,True,True,Elliptical,True,True,True,True
16926_blue_red_12_Y14SAR2_P009_15T069_2015_08_12-2015_08_17,16926_A,16926_blue_12_Y14SAR2_P009_15T069_2015_08_12-2015_08_17.fits,16926,207.5,1.0,121.8342,1.5057082,116.159,1.3824182,114.98946,1.7949798,115.093796,1.6147639,116.159,1.3771933,117.55603,1.2658707,0.0,1.0,0.39551374,0.008911985,,,0.47550443,0.010864532,,,0.022963729,0.009233028,118.371506,1.3447913,0.0,1.0,0.33853713,0.008943257,,,0.38207656,0.010197755,,,0.022963729,0.009233028,2,1.0,220.94265849,0.71789615,220.94265849,0.71789615,16.395,16.406,0.05113,0.05036,-20.45,2.47,19.4,20.27,21.99,0.627,33.95999,10.29,1.17,0.18,8.0,0.0,GAMA,,,,True,True,True,True,True,True,True,True,True,True,True,True,True,True,0.012358666121663704,True,True,True,S0,False,True,True,True
17390_blue_red_13_Y14SAR3_P007_15T082_2017_03_24-2017_04_02,17390_A,17390_blue_13_Y14SAR3_P007_15T082_2017_03_24-2017_04_02.fits,17390,184.0,8.916664,200.43686,1.8745421,208.3117,2.6564853,212.09273,3.948989,208.3117,2.5275538,208.32993,1.9174231,205.57014,2.039131,0.0,1.0,0.066805966,0.006658439,,,0.0748046,0.006446821,,,0.20145845,0.07048306,204.85667,1.9825351,0.0,1.0,0.04755481,0.0066875876,,,0.05342542,0.0062081967,,,0.20145845,0.07048306,3,0.5,223.30728599,0.65649125,223.30728599,0.65649125,15.929,15.905,0.09257,0.09181,-22.33,3.68,20.48,21.95,23.51,0.1676,123.95,11.06,1.28,0.182,8.0,0.0,GAMA,,,,True,True,True,True,True,True,True,True,True,True,True,True,True,True,0.009352282309750812,True,True,True,Elliptical/S0,False,True,True,True
22582_blue_red_7_Y15SAR4_P002_12T096_2015_05_14-2015_05_20,22582_A,22582_blue_7_Y15SAR4_P002_12T096_2015_05_14-2015_05_20.fits,22582,323.5,2.8333333,222.05295,1.7512776,226.68886,1.8159572,227.01291,2.2505763,226.68886,1.9516922,223.83342,1.7042912,221.31976,1.6656009,0.0,1.0,0.14598055,0.0060894596,,,0.15564424,0.0055168713,,,0.030655518,0.0139112305,222.2238,1.4856125,0.0,1.0,0.12611985,0.006010741,,,0.1343559,0.005234736,,,0.030655518,0.0139112305,1,0.5,178.191957,1.19481093,178.191957,1.19481093,15.646,15.605,0.0791,0.07781,-22.26,3.73,20.08,21.57,23.14,0.1927,134.31,11.06,1.28,0.081,8.0,0.0,GAMA,,,,False,True,True,True,True,True,True,True,True,True,True,True,True,True,0.007886756739777607,True,True,True,Elliptical/S0,False,True,True,True
22595_blue_red_7_Y15SAR4_P002_12T096_2015_05_14-2015_05_20,22595_A,22595_blue_7_Y15SAR4_P002_12T096_2015_05_14-2015_05_20.fits,22595,30.0,1.0,268.1537,2.1643705,264.59573,2.4637947,261.9824,2.9229383,264.59573,2.4143863,263.65222,2.2481928,263.45288,2.1569605,0.0,1.0,0.3655032,0.005871011,,,0.40840617,0.0063174446,,,0.031032117,0.0054670344,266.87668,2.1811728,0.0,1.0,0.37842938,0.0058806217,,,0.41553336,0.0062405835,,,0.031032117,0.0054670344,1,1.0,178.31624751,1.21121208,178.31624751,1.21121208,15.731,15.634,0.08032,0.07903,-22.29,3.68,19.81,21.22,22.79,0.4436,28.220001,11.12,1.36,0.079,8.0,0.0,GAMA,,,,False,True,True,True,True,True,True,True,True,True,True,True,True,True,0.008071380331503909,True,True,True,S0,False,True,True,True
23070_blue_red_7_Y14SAR3_P009_12T060_2015_05_14-2015_05_20,23070_A,23070_blue_7_Y14SAR3_P009_12T060_2015_05_14-2015_05_20.fits,23070,119.0,2.0833333,171.80676,2.153238,171.13258,2.703946,170.38907,3.157197,171.13258,2.3758395,171.78644,2.3039107,170.62724,2.0617886,0.0,1.0,0.27999765,0.00984431,,,0.30792776,0.009870778,,,0.05013325,0.013829849,172.12566,2.012211,0.0,1.0,0.25155446,0.01008144,,,0.2739438,0.009956046,,,0.05013325,0.013829849,1,1.0,180.18146705,1.18217251,180.18146705,1.18217251,16.197,16.063,0.0804,0.07912,-21.85,2.88,19.9,21.27,22.85,0.3456,121.07,10.92,1.3,0.083,8.0,0.0,GAMA,,,,False,True,True,True,True,True,True,True,True,True,True,True,True,True,0.012532906155729844,True,True,True,S0,False,True,True,True
23082_blue_red_7_Y16SAR4_P002_12T101_2017_04_19-2017_05_01,23082_A,23082_blue_7_Y16SAR4_P002_12T101_2017_04_19-2017_05_01.fits,23082,112.0,7.8333335,253.00856,1.7546431,266.32828,2.3533638,260.20706,2.7229502,266.32828,2.1834893,266.76416,1.9693098,261.4058,1.5807575,0.0,1.0,0.057847697,0.0055157724,,,0.061489157,0.004747263,,,0.099188626,0.03920646,260.68945,1.8071265,0.0,1.0,0.05193125,0.0055942195,,,0.05524703,0.0049505886,,,0.099188626,0.03920646,1,0.0,180.21030428,1.15764677,180.21030428,1.15764677,15.809,15.688,0.07983,0.07855,-22.21,3.05,19.85,21.47,23.02,0.087,110.74,11.08,1.34,0.084,8.0,0.0,GAMA,,,,False,True,True,True,True,True,True,True,True,True,True,True,True,True,0.006935113578765873,True,True,True,Elliptical,True,True,True,True
23265_blue_red_11_Y14SAR1_P003_12T043_2015_02_16-2015_02_25,23265_A,23265_blue_11_Y14SAR1_P003_12T043_2015_02_16-2015_02_25.fits,23265,99.0,3.8333333,182.95624,2.5833027,193.81445,2.9408617,194.14563,4.022816,193.81445,2.7995455,188.28366,2.7705264,185.43715,2.2303553,0.0,1.0,0.14602935,0.009376824,,,0.15579619,0.008734657,,,0.04830624,0.027400825,182.95494,2.5129585,0.0,1.0,0.14970173,0.009281639,,,0.15923166,0.008583328,,,0.04830624,0.027400825,1,0.0,180.91580293,1.20458191,180.91580293,1.20458191,15.944,15.869,0.07926,0.07798,-22.02,3.02,20.21,21.6,23.18,0.1177,107.19,11.0,1.34,0.068,8.0,0.0,GAMA,,,,False,True,True,True,True,True,True,True,True,True,True,True,True,True,0.014119784599858413,True,True,True,Elliptical,True,True,True,True
23341_blue_red_8_Y17SAR3_P005_12T106_2018_05_07-2018_05_16,23341_A,23341_blue_8_Y17SAR3_P005_12T106_2018_05_07-2018_05_16.fits,23341,127.0,1.6666666,257.73355,2.1715446,282.9059,3.285822,286.19565,3.5343933,282.9059,2.8931882,272.11618,2.3411605,271.10867,2.0626814,0.0,1.0,0.24672419,0.0070057395,,,0.2487748,0.006771809,,,0.06407612,0.013756051,266.01813,2.3974137,0.0,1.0,0.21195483,0.007447025,,,0.21840721,0.007145931,,,0.06407612,0.013756051,1,0.0,181.2276879,1.23408229,181.2276879,1.23408229,15.912,15.892,0.07961,0.07833,-22.02,3.36,20.27,21.64,23.22,0.1526,127.399994,11.01,1.35,0.067,8.0,0.0,GAMA,,,,False,True,True,True,True,True,True,True,True,True,True,True,True,True,0.008425541028709689,True,True,True,Elliptical,True,True,True,True
30361_blue_red_7_Y17SAR3_P001_12T102_2018_02_12-2018_02_19,30361_C,30361_blue_7_Y17SAR3_P001_12T102_2018_02_12-2018_02_19.fits,30361,129.0,1.4166666,304.32584,2.081595,303.40677,2.4340587,306.7678,3.1786382,303.40677,2.5475035,296.18317,2.1043038,298.35187,2.0169983,0.0,1.0,0.27279815,0.004666054,,,0.2856161,0.0042631906,,,0.033066392,0.0059196027,303.53976,2.037766,0.0,1.0,0.25061426,0.004422171,,,0.2592297,0.004181189,,,0.033066392,0.0059196027,3,1.0,174.82596412,-1.13482494,174.82596412,-1.13482494,15.036,15.056,0.07798,0.07667,-22.78,5.26,20.11,21.46,23.04,0.3236,126.94,11.33,1.36,0.083,8.0,0.0,GAMA,,,,True,True,True,True,True,True,True,True,True,True,True,True,True,True,0.00684002055165608,True,True,True,S0,False,True,True,True
30469_blue_red_7_Y18SAR4_P001_12T128_2018_05_07-2018_05_16,30469_A,30469_blue_7_Y18SAR4_P001_12T128_2018_05_07-2018_05_16.fits,30469,101.0,2.6666667,235.79944,1.9728508,256.04312,2.500093,259.3673,3.3266304,256.04312,2.5305476,248.47884,1.7606444,247.55745,1.6928494,0.0,1.0,0.13627046,0.0057669696,,,0.14115308,0.005106421,,,0.057988826,0.016705526,239.57375,1.6674725,0.0,1.0,0.12505426,0.0056514274,,,0.12943476,0.0049635,,,0.057988826,0.016705526,1,0.5,175.42881156,-1.20672475,175.42881156,-1.20672475,15.605,15.424,0.07771,0.0764,-22.41,4.7,20.46,21.87,23.44,0.2455,106.36,11.16,1.33,0.071,8.0,0.0,GAMA,,,,False,True,True,True,True,True,True,True,True,True,True,True,True,True,0.008366647520452127,True,True,True,Elliptical/S0,False,True,True,True
30615_blue_red_7_Y18SAR3_P001_12T123_2018_04_09-2018_04_19,30615_A,30615_blue_7_Y18SAR3_P001_12T123_2018_04_09-2018_04_19.fits,30615,175.5,2.25,285.8886,2.657128,303.72888,3.1951478,305.58743,4.226788,303.72888,3.2786407,301.5994,2.4763856,298.5845,2.680709,0.0,1.0,0.2234361,0.006767997,,,0.23066688,0.0063309735,,,0.05363816,0.0105677545,295.74222,2.3879726,0.0,1.0,0.17724898,0.006934883,,,0.18620473,0.006477553,,,0.05363816,0.0105677545,1,0.5,176.14189154,-1.13909079,176.14189154,-1.13909079,15.649,15.654,0.07997,0.07866,-22.26,4.54,20.5,21.88,23.46,0.2042,176.37,11.13,1.37,0.069,8.0,0.0,GAMA,,,,False,True,True,True,True,True,True,True,True,True,True,True,True,True,0.009294277561259875,True,True,True,Elliptical/S0,False,True,True,True
30847_blue_red_7_Y17SAR3_P008_12T109_2018_04_09-2018_04_19,30847_A,30847_blue_7_Y17SAR3_P008_12T109_2018_04_09-2018_04_19.fits,30847,305.5,1.4166666,251.10297,2.2748299,267.86618,4.0715294,267.86618,3.6094005,259.9477,2.9509017,256.4512,2.7104023,251.83176,2.291503,0.0,1.0,0.24029483,0.0061928006,,,0.25173682,0.005813377,,,0.036286633,0.011471498,252.64911,2.3165777,0.0,1.0,0.22951323,0.0061212904,,,0.24091268,0.0058141425,,,0.036286633,0.011471498,1,0.5,177.15497546,-1.2128314,177.15497546,-1.2128314,15.575,15.52,0.10808,0.10674,-23.11,4.01,20.17,21.48,23.07,0.2349,121.95,11.44,1.41,0.076,4.0,0.0,GAMA,,,,False,True,True,True,True,True,True,True,True,True,True,True,True,True,0.009059350831254604,True,True,True,Elliptical/S0,False,True,True,True
31448_blue_red_7_Y17SAR3_P010_12T115_2018_04_09-2018_04_19,31448_A,31448_blue_7_Y17SAR3_P010_12T115_2018_04_09-2018_04_19.fits,31448,347.0,1.5,161.14995,1.8306835,160.00403,2.034657,157.96965,2.723312,160.00403,2.222978,161.80792,1.6760302,159.61467,1.7756528,0.0,1.0,0.36873025,0.010708326,,,0.41077486,0.011045937,,,0.040298034,0.01213726,162.79329,1.6978917,0.0,1.0,0.30705523,0.009941079,,,0.3245584,0.009459173,,,0.040298034,0.01213726,1,1.0,179.72673263,-1.2367022,179.72673263,-1.2367022,16.491,16.502,0.08308,0.08178,-21.46,3.88,20.47,21.89,23.46,0.5248,0.51000977,10.75,1.29,0.075,3.0,0.0,GAMA,,,,False,True,True,True,True,True,True,True,True,True,True,True,True,True,0.011360124529979686,True,True,True,S0,False,True,True,True
31623_blue_red_8_Y14SAR4_P008_12T070_2016_04_04-2016_04_12,31623_A,31623_blue_8_Y14SAR4_P008_12T070_2016_04_04-2016_04_12.fits,31623,357.0,4.166665,268.38837,2.030891,294.45834,2.511123,305.99905,4.6015663,294.45834,2.3217854,290.30695,2.0366802,280.82535,2.0726876,0.0,1.0,0.11550045,0.005320895,,,0.1174712,0.004855469,,,0.070797086,0.016318418,274.03873,1.7127129,0.0,1.0,0.089407004,0.004819763,,,0.089335844,0.00425801,,,0.070797086,0.016318418,1,0.5,180.61572071,-1.132541,180.61572071,-1.132541,15.415,15.479,0.09378,0.09247,-22.77,5.62,20.54,21.95,23.52,0.3487,175.42,11.31,1.36,0.108,8.0,0.0,GAMA,,,,False,True,True,True,True,True,True,True,True,True,True,True,True,True,0.007566985857099546,True,True,True,Elliptical/S0,False,True,True,True
32196_blue_red_7_Y14SAR4_P007_12T069_2016_04_04-2016_04_12,32196_A,32196_blue_7_Y14SAR4_P007_12T069_2016_04_04-2016_04_12.fits,32196,19.0,6.5833335,172.56548,1.565298,183.22247,1.7831962,186.98607,2.5803437,183.22247,1.7876923,179.03323,1.3556062,177.68475,1.3848623,0.0,1.0,0.10272051,0.006966994,,,0.10938448,0.0065308334,,,0.20137864,0.051337298,176.7265,1.303976,0.0,1.0,0.06351378,0.005975766,,,0.068387285,0.0052616196,,,0.20137864,0.051337298,1,0.0,183.82603445,-1.1098486,183.82603445,-1.1098486,15.541,15.118,0.07722,0.07595,-22.75,5.76,20.91,22.36,23.93,0.1812,84.16998,11.28,1.22,0.076,8.0,0.0,GAMA,,,,False,True,True,True,True,True,True,True,True,True,True,True,True,True,0.009070748100952751,True,True,True,Elliptical,True,True,True,True
36880_blue_red_6_Y14SAR2_P004_15T064_2017_03_24-2017_04_02,36880_A,36880_blue_6_Y14SAR2_P004_15T064_2017_03_24-2017_04_02.fits,36880,158.5,0.8333333,163.90932,1.8542334,147.9532,1.9417404,156.68462,2.9421692,151.81898,2.1855106,146.21979,1.7629129,145.74013,1.6178297,0.0,1.0,0.55299884,0.007357931,,,0.69141084,0.011453847,,,0.029613946,0.0062041027,157.4153,1.69253,0.0,1.0,0.53441054,0.0074343574,,,0.6553885,0.011206531,,,0.029613946,0.0062041027,1,1.0,211.8418988,-1.09638366,211.8418988,-1.09638366,15.407,15.362,0.05602,0.05509,-21.68,6.29,20.86,21.93,23.57,0.4205,157.73001,10.8,1.19,0.225,8.0,0.0,GAMA,,,,False,True,True,True,True,True,True,True,True,True,True,True,True,True,0.011312556235362333,True,True,True,S0,False,True,True,True
39057_blue_red_7_Y17SAR3_P001_12T102_2018_02_12-2018_02_19,39057_C,39057_blue_7_Y17SAR3_P001_12T102_2018_02_12-2018_02_19.fits,39057,283.5,0.8333333,129.30246,0.77656317,135.97505,0.75963396,147.98576,1.211717,144.50378,1.1950418,140.32999,0.84295404,139.19676,0.69524384,0.0,1.0,0.25404578,0.003050248,,,0.24755143,0.0027360015,,,0.031555634,0.006652561,130.36845,0.7518628,0.0,1.0,0.24033979,0.0030461354,,,0.23634669,0.0027356062,,,0.031555634,0.006652561,3,0.0,175.02670566,-0.83774235,175.02670566,-0.83774235,14.179,14.191,0.02141,0.01962,-20.69,5.53,19.7,20.95,22.55,0.0689,91.520004,10.44,1.17,0.066,8.0,0.0,GAMA,,,,True,True,True,True,True,True,True,True,True,True,True,True,True,True,0.006005788056932559,True,True,True,Elliptical,True,True,True,True
39475_blue_red_7_Y15SAR3_P006_12T098_2016_03_03-2016_03_13,39475_A,39475_blue_7_Y15SAR3_P006_12T098_2016_03_03-2016_03_13.fits,39475,291.0,5.0833335,118.79556,3.0089686,109.528465,4.7788267,107.193886,5.831344,109.528465,4.55373,110.75711,3.7743013,114.71627,3.0541804,0.0,1.0,0.430908,0.026125515,,,0.51206285,0.033469502,,,0.062804274,0.017864324,115.231346,3.0998669,0.0,1.0,0.40105855,0.026472444,,,0.4643837,0.03173544,,,0.062804274,0.017864324,1,1.0,177.10683716,-0.6407392,177.10683716,-0.6407392,17.045,17.017,0.08106,0.07976,-20.91,3.5,20.86,21.92,23.57,0.5297,118.869995,10.53,1.29,0.086,3.0,0.0,GAMA,,,,False,True,True,True,True,True,True,True,True,True,True,True,True,True,0.025328965156610234,True,True,True,S0,False,True,True,True
40445_blue_red_8_Y18SAR4_P002_12T127_2018_05_07-2018_05_16,40445_A,40445_blue_8_Y18SAR4_P002_12T127_2018_05_07-2018_05_16.fits,40445,331.5,29.666666,196.55258,2.3268952,201.59464,2.1726902,194.45146,3.1040385,201.59464,2.228123,202.67996,2.028469,201.16748,1.8517481,0.0,1.0,0.09153424,0.0074047633,,,0.09969578,0.0070412,,,1.1493067,0.63335174,195.75763,1.9971898,0.0,1.0,0.08976935,0.0073128114,,,0.097695135,0.0069977418,,,1.1493067,0.63335174,1,0.0,181.3133436,-0.75026279,181.3133436,-0.75026279,15.588,15.423,0.08418,0.08289,-22.61,6.48,21.32,22.62,24.21,0.2054,5.73999,11.29,1.37,0.093,8.0,0.0,GAMA,,,,False,True,True,True,True,True,True,True,True,True,True,True,True,True,0.011838538064471094,True,True,True,Elliptical,True,True,True,True
40491_blue_red_8_Y18SAR4_P002_12T127_2018_05_07-2018_05_16,40491_A,40491_blue_8_Y18SAR4_P002_12T127_2018_05_07-2018_05_16.fits,40491,32.5,1.4166666,122.27869,1.8645976,122.43134,2.2117918,117.9762,3.0558891,122.43134,2.424829,120.88737,1.9766345,120.27845,1.5330281,0.0,1.0,0.3366472,0.012426208,,,0.3865714,0.013448914,,,0.07360438,0.007838904,121.13268,1.7010651,0.0,1.0,0.29704517,0.012922823,,,0.33622015,0.013405397,,,0.07360438,0.007838904,1,0.5,181.60459572,-0.71793767,181.60459572,-0.71793767,16.854,16.951,0.07851,0.07723,-20.88,2.75,20.62,21.86,23.46,0.284,33.559998,10.46,1.21,0.081,3.0,0.0,GAMA,,,,False,True,True,True,True,True,True,True,True,True,True,True,True,True,0.015248753482720498,True,True,True,Elliptical/S0,False,True,True,True
41059_blue_red_7_Y14SAR4_P007_12T069_2016_04_04-2016_04_12,41059_A,41059_blue_7_Y14SAR4_P007_12T069_2016_04_04-2016_04_12.fits,41059,58.0,1.5833334,262.36987,1.9752498,281.03683,2.3536222,281.18073,2.9327347,279.36685,2.4727402,272.88574,2.2092237,273.91977,1.9932159,0.0,1.0,0.06115717,0.004755389,,,0.06746848,0.0043360577,,,0.5633596,0.12232953,261.73914,2.0810962,0.0,1.0,0.060755007,0.004783379,,,0.06704919,0.0043327776,,,0.5633596,0.12232953,1,0.0,184.20460114,-0.7417948,184.20460114,-0.7417948,14.828,14.843,0.07205,0.07079,-22.81,5.36,20.38,21.81,23.38,0.1072,33.009995,11.32,1.32,0.086,8.0,0.0,GAMA,,,,False,True,True,True,True,True,True,True,True,True,True,True,True,True,0.007528493267919827,True,True,True,Elliptical,True,True,True,True
41180_blue_red_11_Y18SAR3_P002_12T129_2018_05_07-2018_05_16,41180_A,41180_blue_11_Y18SAR3_P002_12T129_2018_05_07-2018_05_16.fits,41180,173.0,29.83333,152.4699,2.6819348,159.06198,3.4288905,171.8551,5.955364,159.06198,3.7949736,152.5893,2.6134026,153.32265,2.7936406,,,,,,,,,,,,,156.04207,2.8571768,,,,,,,,,,,,,1,0.0,184.53027125,-0.74739265,184.53027125,-0.74739265,17.218,17.189,0.08571,0.08444,-20.84,1.81,20.06,21.65,23.21,0.3112,129.15,10.47,1.26,0.117,3.0,0.0,GAMA,,,,False,True,True,True,True,True,True,True,True,True,True,True,True,True,0.017589929553308556,True,True,True,Elliptical,True,True,True,True
41274_blue_red_7_Y16SAR4_P001_12T093_2017_04_19-2017_05_01,41274_A,41274_blue_7_Y16SAR4_P001_12T093_2017_04_19-2017_05_01.fits,41274,307.5,2.0833333,118.192375,1.5283351,123.657455,1.7521658,121.673416,2.5460572,124.72134,1.9296299,124.01635,1.5429505,118.03353,1.5934644,0.0,1.0,0.15713957,0.011188807,,,0.16691814,0.010474857,,,0.028886411,0.025556557,124.01635,1.4973443,0.0,1.0,0.12638544,0.010854129,,,0.13807318,0.010435244,,,0.028886411,0.025556557,1,0.5,185.12046738,-0.68816312,185.12046738,-0.68816312,16.584,16.586,0.07401,0.07276,-21.13,2.27,20.15,21.56,23.13,0.1289,102.75,10.58,1.25,0.108,3.0,0.0,GAMA,,,,False,True,True,True,True,True,True,True,True,True,True,True,True,True,0.012930911152263419,True,True,True,Elliptical/S0,False,True,True,True
47152_blue_red_7_Y17SAR2_P004_15T121_2018_03_12-2018_03_22,47152_A,47152_blue_7_Y17SAR2_P004_15T121_2018_03_12-2018_03_22.fits,47152,148.5,29.83333,196.86418,2.0083797,213.68394,3.2199936,218.07521,2.9768171,213.68394,2.7336996,208.00502,2.1847343,205.6753,1.9454741,0.0,1.0,0.054641627,0.00933603,,,0.06092714,0.008647645,,,0.5382215,0.37166905,200.93837,1.758954,0.0,1.0,0.04676964,0.008915696,,,0.05314168,0.008571183,,,0.5382215,0.37166905,1,0.0,211.56681954,-0.64109919,211.56681954,-0.64109919,15.904,15.811,0.08356,0.0826,-22.2,3.89,20.55,21.98,23.55,0.1847,80.66998,11.06,1.31,0.171,8.0,0.0,GAMA,,,,False,True,True,True,True,True,True,True,True,True,True,True,True,True,0.01020185439524854,True,True,True,Elliptical,True,True,True,True
47254_blue_red_7_Y17SAR2_P004_15T121_2018_03_12-2018_03_22,47254_A,47254_blue_7_Y17SAR2_P004_15T121_2018_03_12-2018_03_22.fits,47254,171.0,1.1666666,195.2867,1.2542456,216.11818,1.5273293,223.62457,2.281711,218.23958,1.7767407,212.93045,1.46701,205.37282,1.3538102,0.0,1.0,0.25765228,0.004590976,,,0.2599366,0.004357378,,,0.026891178,0.009206073,196.18753,1.3344209,0.0,1.0,0.2543805,0.004593762,,,0.2575982,0.0043532737,,,0.026891178,0.009206073,1,0.0,212.00218596,-0.82181131,212.00218596,-0.82181131,14.974,14.933,0.05566,0.05473,-22.12,3.75,19.82,21.02,22.63,0.0529,175.45001,11.03,1.27,0.174,8.0,0.0,GAMA,,,,False,True,True,True,True,True,True,True,True,True,True,True,True,True,0.00642258586990307,True,True,True,Elliptical,True,True,True,True
47293_blue_red_7_Y17SAR2_P004_15T121_2018_03_12-2018_03_22,47293_A,47293_blue_7_Y17SAR2_P004_15T121_2018_03_12-2018_03_22.fits,47293,356.0,1.6666651,123.23092,1.4926549,121.346085,1.5294784,120.573524,2.1078992,122.791885,1.9277391,120.90976,1.7304192,121.04937,1.3003193,0.0,1.0,0.28809035,0.011995137,,,0.32847002,0.013049823,,,0.022340504,0.014218041,122.67964,1.7984935,0.0,1.0,0.24313393,0.012977481,,,0.2722888,0.0137495,,,0.022340504,0.014218041,1,1.0,212.0802501,-0.64825979,212.0802501,-0.64825979,16.731,16.739,0.0535,0.05257,-20.2,2.21,19.85,21.14,22.73,0.4139,178.06,10.17,1.15,0.159,8.0,0.0,GAMA,,,,False,True,True,True,True,True,True,True,True,True,True,True,True,True,0.012112665392743964,True,True,True,S0,False,True,True,True
47674_blue_red_7_Y14SAR3_P008_15T083_2016_05_02-2016_05_10,47674_A,47674_blue_7_Y14SAR3_P008_15T083_2016_05_02-2016_05_10.fits,47674,330.5,0.5,262.82553,1.0624273,259.6062,1.0095998,266.42117,1.7779143,261.32755,1.228132,259.57785,1.0371865,259.6062,0.9374641,0.0,1.0,0.3576023,0.0026819028,,,0.3965901,0.0028547663,,,0.009412639,0.0026861446,263.23294,0.9378165,0.0,1.0,0.3430185,0.002697894,,,0.37782025,0.0028502662,,,0.009412639,0.0026861446,1,1.0,213.75262592,-0.79695438,213.75262592,-0.79695438,14.076,13.977,0.03939,0.0385,-22.28,5.93,19.21,20.54,22.12,0.4696,150.11,11.1,1.23,0.167,8.0,0.0,GAMA,,,,False,True,True,True,True,True,True,True,True,True,True,True,True,True,0.004042329145117676,True,True,True,S0,False,True,True,True
48470_blue_red_7_Y15SAR4_P003_15T114_2016_03_03-2016_03_13,48470_A,48470_blue_7_Y15SAR4_P003_15T114_2016_03_03-2016_03_13.fits,48470,61.0,2.6666667,160.61392,1.6742635,168.7235,2.1281576,173.513,2.9942956,168.7235,1.9301404,164.79974,1.9254045,163.16281,1.7325664,0.0,1.0,0.18561323,0.008208576,,,0.1996309,0.0075839018,,,0.07065496,0.017706705,162.5525,1.75382,0.0,1.0,0.16233866,0.008324193,,,0.1776929,0.007720163,,,0.07065496,0.017706705,1,0.0,217.16033334,-0.8306571,217.16033334,-0.8306571,15.75,15.672,0.08042,0.07956,-22.23,3.53,20.23,21.77,23.32,0.1087,63.36,11.01,1.23,0.161,8.0,0.0,GAMA,,,,False,True,True,True,True,True,True,True,True,True,True,True,True,True,0.010424149413699634,True,True,True,Elliptical,True,True,True,True
48548_blue_red_7_Y15SAR4_P003_15T114_2016_03_03-2016_03_13,48548_A,48548_blue_7_Y15SAR4_P003_15T114_2016_03_03-2016_03_13.fits,48548,50.5,2.9166667,191.30531,2.367436,192.6372,3.368498,198.62881,4.8531013,192.6372,2.89791,185.25204,2.550169,185.93788,2.418661,0.0,1.0,0.17017844,0.009591321,,,0.19168098,0.009130909,,,0.10347632,0.029035646,187.71904,2.6270716,0.0,1.0,0.16117276,0.009551917,,,0.17979188,0.009009627,,,0.10347632,0.029035646,1,0.5,217.48766749,-0.74742253,217.48766749,-0.74742253,15.88,15.826,0.08367,0.08281,-22.19,3.91,20.46,21.77,23.35,0.2889,43.73999,11.05,1.32,0.169,8.0,0.0,GAMA,,,,False,True,True,True,True,True,True,True,True,True,True,True,True,True,0.0123751713948766,True,True,True,Elliptical/S0,False,True,True,True
48681_blue_red_6_Y17SAR3_P005_15T128_2018_04_09-2018_04_19,48681_A,48681_blue_6_Y17SAR3_P005_15T128_2018_04_09-2018_04_19.fits,48681,21.0,4.8333335,258.91483,2.5305045,267.3372,3.6356752,268.1896,4.1473303,267.3372,3.742629,266.90433,2.6593008,261.408,2.451193,0.0,1.0,0.07380778,0.008156302,,,0.08472769,0.008083261,,,0.11809039,0.03963891,263.79834,2.310471,0.0,1.0,0.05558796,0.008261058,,,0.06069813,0.007850403,,,0.11809039,0.03963891,1,1.0,218.31284355,-0.82461046,218.31284355,-0.82461046,15.881,15.764,0.08978,0.08893,-22.42,3.15,19.72,21.15,22.72,0.4038,31.26001,11.16,1.36,0.173,8.0,0.0,GAMA,,,,False,True,True,True,True,True,True,True,True,True,True,True,True,True,0.00977350157965073,True,True,True,S0,False,True,True,True
49734_blue_red_10_Y14SAR2_P008_15T068_2017_02_27-2017_03_05,49734_A,49734_blue_10_Y14SAR2_P008_15T068_2017_02_27-2017_03_05.fits,49734,181.5,1.249999,154.98206,1.6619552,138.06552,1.6687839,137.53746,3.3991241,137.10635,2.2881453,138.06552,1.7885296,139.34822,1.6727333,0.0,1.0,0.5287877,0.007852875,,,0.6860446,0.012004366,,,0.023538474,0.005716965,146.74644,1.798452,0.0,1.0,0.4799751,0.008593664,,,0.60327125,0.012035683,,,0.023538474,0.005716965,1,1.0,222.31861682,-0.71125477,222.31861682,-0.71125477,15.706,15.693,0.04384,0.0431,-20.8,4.69,19.96,21.14,22.76,0.6444,6.6900024,10.45,1.16,0.18,8.0,0.0,GAMA,,,,False,True,True,True,True,True,True,True,True,True,True,True,True,True,0.01072353277534187,True,True,True,S0,False,True,True,True
49784_blue_red_10_Y14SAR2_P008_15T068_2017_02_27-2017_03_05,49784_A,49784_blue_10_Y14SAR2_P008_15T068_2017_02_27-2017_03_05.fits,49784,111.5,1.1666666,92.44567,1.0421879,92.76802,1.2333282,89.968,2.3685234,92.43799,1.415118,92.76802,1.200215,90.75203,1.1355116,0.0,1.0,0.2753606,0.010233514,,,0.31253776,0.011176149,,,0.047139138,0.014677747,92.07953,1.3209544,0.0,1.0,0.21711858,0.011006381,,,0.23718056,0.010891457,,,0.047139138,0.014677747,1,1.0,222.57312732,-0.65014115,222.57312732,-0.65014115,16.072,16.058,0.04352,0.04278,-20.42,3.06,20.05,21.46,23.03,0.313,122.57001,10.24,1.1,0.178,8.0,0.0,GAMA,,,,False,True,True,True,True,True,True,True,True,True,True,True,True,True,0.011273517732090644,True,True,True,S0,False,True,True,True
54202_blue_red_7_Y14SAR3_P006_12T057_2016_04_04-2016_04_12,54202_A,54202_blue_7_Y14SAR3_P006_12T057_2016_04_04-2016_04_12.fits,54202,127.0,2.1666667,177.34062,1.4870949,187.27885,1.7048427,193.27513,2.842092,190.00429,2.068636,187.27885,1.6493376,182.61963,1.5149399,0.0,1.0,0.1896914,0.0069502327,,,0.19446768,0.006473496,,,0.07012515,0.016406637,182.26369,1.6878145,0.0,1.0,0.17235497,0.007221228,,,0.17891209,0.006823495,,,0.07012515,0.016406637,1,0.0,177.17595931,-0.2787371,177.17595931,-0.2787371,15.74,15.696,0.04843,0.04717,-21.02,3.04,19.9,21.35,22.92,0.1295,127.0,10.58,1.24,0.092,8.0,0.0,GAMA,,,,False,True,True,True,True,True,True,True,True,True,True,True,True,True,0.008385528932965272,True,True,True,Elliptical,True,True,True,True
54270_blue_red_7_Y14SAR3_P006_12T057_2016_04_04-2016_04_12,54270_A,54270_blue_7_Y14SAR3_P006_12T057_2016_04_04-2016_04_12.fits,54270,288.5,2.3333333,264.95786,2.47101,282.40588,2.2914596,288.7742,3.5881832,282.40588,2.6397448,281.43817,2.1477852,278.5888,2.1857438,0.0,1.0,0.115601845,0.0067334985,,,0.12229089,0.0059696427,,,0.09033667,0.028088164,268.48535,2.3879287,0.0,1.0,0.10523561,0.006534909,,,0.111650474,0.0058572497,,,0.09033667,0.028088164,1,0.0,177.35884385,-0.30503619,177.35884385,-0.30503619,15.334,15.334,0.08475,0.08344,-22.71,4.87,20.65,22.09,23.66,0.066,117.73,11.28,1.36,0.083,8.0,0.0,GAMA,,,,False,True,True,True,True,True,True,True,True,True,True,True,True,True,0.009326049055498864,True,True,True,Elliptical,True,True,True,True
54500_blue_red_7_Y15SAR3_P004_12T086_2016_02_08-2016_02_14,54500_A,54500_blue_7_Y15SAR3_P004_12T086_2016_02_08-2016_02_14.fits,54500,274.0,29.83333,191.56473,3.4076478,212.29869,2.768899,213.26561,3.4370027,212.29869,2.7811744,209.99492,2.0872297,206.42809,2.1048362,1.0,0.7292429,0.11745013,0.010719213,0.09380342,0.010719213,0.12855549,0.011020927,0.10503375,0.011020927,0.45725298,0.29423887,199.2554,1.9062345,0.0,1.0,0.06196274,0.009726594,,,0.07049058,0.010049003,,,0.45725298,0.29423887,1,0.5,178.29135629,-0.39899849,178.29135629,-0.39899849,16.09,16.081,0.08203,0.08073,-21.87,6.67,21.62,23.33,24.88,0.2365,7.2599945,10.93,1.32,0.083,8.0,0.0,GAMA,,,,False,True,True,True,True,True,True,True,True,True,True,True,True,True,0.017788492693827304,True,True,True,Elliptical/S0,False,True,True,True
54921_blue_red_8_Y14SAR3_P008_12T059_2016_05_02-2016_05_10,54921_A,54921_blue_8_Y14SAR3_P008_12T059_2016_05_02-2016_05_10.fits,54921,160.5,1.8333334,165.08867,2.3791785,163.73262,2.4839146,162.07062,2.7795312,163.73262,2.281407,166.61258,2.4534488,166.48615,2.1706905,0.0,1.0,0.34057269,0.011089696,,,0.3712613,0.011411518,,,0.05576563,0.010157772,165.02078,2.2553325,0.0,1.0,0.30679873,0.010963415,,,0.3340904,0.011037361,,,0.05576563,0.010157772,1,0.0,179.99837449,-0.29094967,179.99837449,-0.29094967,16.235,16.24,0.09497,0.09366,-22.06,3.3,20.65,21.92,23.52,0.1678,166.83,10.99,1.33,0.107,8.0,0.0,GAMA,,,,False,True,True,True,True,True,True,True,True,True,True,True,True,True,0.014411518973409865,True,True,True,Elliptical,True,True,True,True
56140_blue_red_14_Y14SAR3_P004_12T055_2014_04_24-2014_05_04,56140_A,56140_blue_14_Y14SAR3_P004_12T055_2014_04_24-2014_05_04.fits,56140,191.0,0.5833333,249.21362,1.412665,237.29851,1.8835051,234.43192,2.0574198,237.29851,1.9161289,239.88629,1.4943885,241.98683,1.6142439,0.0,1.0,0.37625545,0.0031357573,,,0.4475434,0.0038802533,,,0.0131405,0.0029236302,247.1879,1.4995283,0.0,1.0,0.3635831,0.0031884147,,,0.43374345,0.003913494,,,0.0131405,0.0029236302,4,1.0,184.66762679,-0.25646389,184.66762679,-0.25646389,15.086,15.015,0.08111,0.07985,-22.93,3.06,19.07,20.23,21.85,0.3537,19.86,11.3,1.25,0.101,8.0,0.0,GAMA,,,,True,True,True,True,True,True,True,True,True,True,True,True,True,True,0.005668490349764993,True,True,True,S0,False,True,True,True
56181_blue_red_7_Y15SAR3_P002_12T085_2015_04_14-2015_04_22,56181_A,56181_blue_7_Y15SAR3_P002_12T085_2015_04_14-2015_04_22.fits,56181,56.0,3.0833333,88.369576,1.8577719,88.32858,1.8296226,89.11609,3.1130297,89.25301,2.2008913,88.32858,1.8113152,88.313,1.7511798,0.0,1.0,0.18050683,0.015336766,,,0.1963052,0.0147472555,,,0.021034053,0.02441844,88.40385,1.760417,,,,,,,,,,,,,1,0.0,184.83688992,-0.2415394,184.83688992,-0.2415394,16.133,16.144,0.05182,0.05059,-20.74,1.86,19.36,20.43,22.07,0.1231,83.20999,10.32,1.05,0.093,8.0,0.0,GAMA,,,,False,True,True,True,True,True,True,True,True,True,True,True,True,True,0.021022754482832418,True,True,True,Elliptical,True,True,True,True
62239_blue_red_7_Y17SAR2_P004_15T121_2018_03_12-2018_03_22,62239_A,62239_blue_7_Y17SAR2_P004_15T121_2018_03_12-2018_03_22.fits,62239,20.0,1.3333334,125.134346,1.4166105,147.8635,1.1828271,148.58519,1.5129514,148.73314,1.1769212,146.32986,1.0969267,144.56836,1.1034596,1.0,0.9962397,0.4106771,0.0074181734,0.40975165,0.0074181734,0.3963215,0.0070648245,0.3953671,0.0070648245,0.033540927,0.008192311,134.68787,0.996842,0.0,1.0,0.30234075,0.0065486594,,,0.29873642,0.006251389,,,0.033540927,0.008192311,1,0.0,211.97225913,-0.32437332,211.97225913,-0.32437332,15.082,15.062,0.05408,0.05315,-21.91,7.53,21.14,22.62,24.18,0.0823,24.790009,10.89,1.19,0.144,8.0,0.0,GAMA,,,,False,True,True,True,True,True,True,True,True,True,True,True,True,True,0.01132071685578634,True,True,True,Elliptical,True,True,True,True
62244_blue_red_7_Y17SAR2_P004_15T121_2018_03_12-2018_03_22,62244_A,62244_blue_7_Y17SAR2_P004_15T121_2018_03_12-2018_03_22.fits,62244,159.0,2.1666667,166.53181,2.4634209,166.77708,2.1526685,170.65337,2.8056467,166.53181,2.5232744,164.7607,1.9204104,163.54028,2.205131,,,,,,,,,,,,,164.08,2.5292776,,,,,,,,,,,,,1,0.0,212.00660742,-0.22560787,212.00660742,-0.22560787,17.045,17.024,0.05422,0.05329,-19.96,1.11,18.97,20.43,22.0,0.2358,160.14,10.15,1.24,0.142,8.0,0.0,GAMA,,,,False,True,True,True,True,True,True,True,True,True,True,True,True,True,0.014792494599079898,True,True,True,Elliptical,True,True,True,True
65408_blue_red_7_Y17SAR3_P004_15T127_2018_04_09-2018_04_19,65408_A,65408_blue_7_Y17SAR3_P004_15T127_2018_04_09-2018_04_19.fits,65408,265.0,3.0,182.3932,1.1168879,185.63737,1.3713216,185.40002,2.0005794,185.08319,1.4116591,185.63737,1.33372,186.06087,1.1656321,0.0,1.0,0.114145614,0.004763926,,,0.1162792,0.0041970764,,,0.11113537,0.020132113,184.22792,1.0206913,0.0,1.0,0.10390548,0.0045191217,,,0.10626308,0.0041632806,,,0.11113537,0.020132113,1,0.0,223.06693011,-0.29362259,223.06693011,-0.29362259,14.561,14.536,0.04414,0.04341,-21.95,5.29,20.0,21.35,22.93,0.1226,98.58,10.92,1.18,0.202,8.0,0.0,GAMA,,,,False,True,True,True,True,True,True,True,True,True,True,True,True,True,0.006123517214457557,True,True,True,Elliptical,True,True,True,True
65410_blue_red_7_Y13SAR1_P003_15T008_2013_03_05-2013_03_17,65410_A,65410_blue_7_Y13SAR1_P003_15T008_2013_03_05-2013_03_17.fits,65410,272.0,9.666667,88.86967,1.5993541,86.83719,1.6947592,81.67921,2.6658268,84.35843,1.9261465,86.83719,1.6434954,88.056984,1.7992184,0.0,1.0,0.06945315,0.015023513,,,0.084893264,0.015391762,,,0.2678184,0.16180947,87.04237,1.6765665,0.0,1.0,0.06961475,0.015090589,,,0.084893264,0.015391762,,,0.2678184,0.16180947,1,0.5,223.08090459,-0.26920906,223.08090459,-0.26920906,16.432,16.425,0.04432,0.04359,-20.07,2.17,19.84,20.85,22.51,0.3003,70.92999,10.05,1.04,0.202,8.0,0.0,GAMA,,,,False,True,True,True,True,True,True,True,True,True,True,True,True,True,0.017996624720222322,True,True,True,Elliptical/S0,False,True,True,True
70022_blue_red_7_Y15SAR3_P004_12T086_2016_02_08-2016_02_14,70022_A,70022_blue_7_Y15SAR3_P004_12T086_2016_02_08-2016_02_14.fits,70022,65.5,4.9166665,217.71552,1.8447427,225.41388,1.812451,230.39062,2.7180984,226.56836,2.179171,224.83295,1.8574764,224.75398,1.8688543,0.0,1.0,0.11491027,0.008162749,,,0.12194894,0.0066480287,,,0.13933875,0.027228044,218.21065,1.7700963,0.0,1.0,0.10834182,0.0076419474,,,0.115030155,0.0063930424,,,0.13933875,0.027228044,1,0.5,178.02230766,0.07408833,178.02230766,0.07408833,15.544,15.463,0.06116,0.05989,-21.79,4.09,20.39,21.92,23.48,0.0519,147.05,10.94,1.34,0.088,8.0,0.0,GAMA,,,,False,True,True,True,True,True,True,True,True,True,True,True,True,True,0.00847317958774827,True,True,True,Elliptical/S0,False,True,True,True
70640_blue_red_7_Y15SAR3_P004_12T089_2016_02_08-2016_02_14,70640_A,70640_blue_7_Y15SAR3_P004_12T089_2016_02_08-2016_02_14.fits,70640,127.5,7.0,195.36157,2.6263666,219.71114,3.0019927,229.2769,3.8634086,219.71114,3.0919654,217.00526,2.3884404,212.98508,2.6213136,1.0,0.89951664,0.16458656,0.011207238,0.1527969,0.011207238,0.17627503,0.009473882,0.16472392,0.009473882,0.101943515,0.032145422,201.09052,2.5698953,0.0,1.0,0.13579395,0.010837739,,,0.14773002,0.009130974,,,0.101943515,0.032145422,1,0.5,180.74268937,0.0302337,180.74268937,0.0302337,16.041,16.184,0.08106,0.07977,-21.78,5.63,21.36,22.68,24.27,0.2344,143.84,10.91,1.34,0.089,8.0,0.0,GAMA,,,,False,True,True,True,True,True,True,True,True,True,True,True,True,True,0.013443619438562046,True,True,True,Elliptical/S0,False,True,True,True
70670_blue_red_7_Y15SAR3_P004_12T089_2016_02_08-2016_02_14,70670_A,70670_blue_7_Y15SAR3_P004_12T089_2016_02_08-2016_02_14.fits,70670,268.5,29.83333,229.86823,2.6530254,256.62802,2.5032728,253.74687,3.3617575,256.62802,2.5076203,252.91806,2.085179,247.20215,1.9059051,0.0,1.0,0.075852126,0.0069958265,,,0.0796433,0.006095656,,,0.6943495,0.29144362,238.03294,2.0643945,0.0,1.0,0.05391113,0.0065324185,,,0.058882184,0.0058513144,,,0.6943495,0.29144362,1,0.0,180.86818789,0.0601291,180.86818789,0.0601291,15.467,15.535,0.08325,0.08196,-22.47,5.59,20.83,22.26,23.83,0.1341,84.02002,11.21,1.39,0.085,8.0,0.0,GAMA,,,,False,True,True,True,True,True,True,True,True,True,True,True,True,True,0.011541505322418849,True,True,True,Elliptical,True,True,True,True
70802_blue_red_7_Y17SAR3_P002_12T103_2018_02_12-2018_02_19,70802_A,70802_blue_7_Y17SAR3_P002_12T103_2018_02_12-2018_02_19.fits,70802,261.5,3.0,251.52089,1.6718457,265.14273,2.082223,265.02817,2.8121831,264.65353,2.0186005,262.62457,1.6883333,253.85347,1.609486,0.0,1.0,0.055525012,0.0040221578,,,0.06249592,0.0037184053,,,0.12657584,0.024351295,251.52089,1.6474994,0.0,1.0,0.063024566,0.0039851423,,,0.06922686,0.0035995727,,,0.12657584,0.024351295,1,0.0,181.52724765,0.08866597,181.52724765,0.08866597,14.922,14.988,0.0622,0.06094,-22.33,3.49,19.43,20.77,22.36,0.1826,151.16,11.1,1.27,0.083,8.0,0.0,GAMA,,,,False,True,True,True,True,True,True,True,True,True,True,True,True,True,0.006646945706974876,True,True,True,Elliptical,True,True,True,True
70808_blue_red_7_Y17SAR3_P002_12T103_2018_02_12-2018_02_19,70808_A,70808_blue_7_Y17SAR3_P002_12T103_2018_02_12-2018_02_19.fits,70808,345.5,29.499998,88.64072,1.3406321,93.65082,1.3274719,101.57336,2.3971133,97.62442,1.6951226,94.73414,1.3579619,92.72476,1.2736273,0.0,1.0,0.06246788,0.011777631,,,0.07049757,0.011706072,,,0.27661377,0.2010683,88.64072,1.0329558,0.0,1.0,0.066157445,0.011585957,,,0.074065894,0.01127478,,,0.27661377,0.2010683,1,0.0,181.62542091,0.18181518,181.62542091,0.18181518,16.437,16.505,0.0419,0.04067,-19.86,2.6,20.43,21.77,23.35,0.0165,106.520004,10.08,1.17,0.086,8.0,0.0,GAMA,,,,False,True,True,True,True,True,True,True,True,True,True,True,True,True,0.015124336760802486,True,True,True,Elliptical,True,True,True,True
71178_blue_red_8_Y14SAR4_P010_12T072_2016_04_04-2016_04_12,71178_A,71178_blue_8_Y14SAR4_P010_12T072_2016_04_04-2016_04_12.fits,71178,205.5,4.4166665,179.96753,2.1208296,189.19473,1.9639975,188.58737,2.9349926,189.19473,2.085649,188.20352,2.0766895,186.16537,1.8906744,0.0,1.0,0.17051724,0.009070979,,,0.18213667,0.008160293,,,0.04957075,0.019924728,181.5016,1.7429214,0.0,1.0,0.16650788,0.008713655,,,0.1756907,0.007977522,,,0.04957075,0.019924728,1,0.5,183.42229892,0.19650743,183.42229892,0.19650743,15.67,15.678,0.07591,0.07465,-22.11,4.46,20.59,22.01,23.58,0.249,26.289993,11.0,1.27,0.079,8.0,0.0,GAMA,,,,False,True,True,True,True,True,True,True,True,True,True,True,True,True,0.011784512461775743,True,True,True,Elliptical/S0,False,True,True,True
78530_blue_red_7_Y14SAR3_P002_15T077_2016_04_04-2016_04_12,78530_A,78530_blue_7_Y14SAR3_P002_15T077_2016_04_04-2016_04_12.fits,78530,279.5,1.75,173.94888,1.6957587,175.30888,1.271702,179.3984,2.2774215,176.05763,1.6663646,175.0194,1.5375628,172.95876,1.4007823,0.0,1.0,0.25922555,0.0065316223,,,0.27866834,0.0065031373,,,0.051468857,0.011224905,173.62027,1.3238091,0.0,1.0,0.25024328,0.006606349,,,0.26767334,0.0065707467,,,0.051468857,0.011224905,1,0.5,217.58210206,0.1191366,217.58210206,0.1191366,15.316,15.276,0.05711,0.05627,-21.84,3.78,19.93,21.12,22.73,0.2189,98.15,10.86,1.2,0.147,8.0,0.0,GAMA,,,,False,True,True,True,True,True,True,True,True,True,True,True,True,True,0.009748603727715867,True,True,True,Elliptical/S0,False,True,True,True
78634_blue_red_7_Y14SAR3_P002_15T077_2016_04_04-2016_04_12,78634_A,78634_blue_7_Y14SAR3_P002_15T077_2016_04_04-2016_04_12.fits,78634,10.0,1.4166666,130.42058,1.8321576,126.48452,1.5711348,124.91128,2.8260949,124.77004,2.023288,126.905754,1.6292572,126.112236,1.5942911,0.0,1.0,0.28748763,0.014021521,,,0.33897623,0.014986127,,,0.030126024,0.015768562,126.07909,1.7939866,,,,,,,,,,,,,1,1.0,218.03268234,0.1651945,218.03268234,0.1651945,16.489,16.514,0.05633,0.0555,-20.56,2.49,19.06,20.27,21.87,0.7382,16.040009,10.37,1.23,0.141,8.0,0.0,GAMA,,,,False,True,True,True,True,True,True,True,True,True,True,True,True,True,0.014048071247651252,True,True,True,S0,False,True,True,True
79706_blue_red_6_Y14SAR3_P007_15T082_2018_03_12-2018_03_22,79706_C,79706_blue_6_Y14SAR3_P007_15T082_2018_03_12-2018_03_22.fits,79706,229.5,29.916666,55.26873,3.9828944,58.729996,2.9041753,55.26873,3.988307,57.638344,3.137056,58.729996,3.1325994,61.395832,3.5405257,,,,,,,,,,,,,55.26873,4.1220264,,,,,,,,,,,,,3,0.0,222.70255859,0.09371126,222.70255859,0.09371126,18.765,18.703,0.04409,0.04335,-17.8,0.62,19.66,20.87,22.47,0.1104,100.39001,9.3,1.22,0.169,8.0,0.0,GAMA,,,,True,True,True,True,True,True,True,True,True,True,True,True,True,True,0.07206415635025448,True,True,True,Elliptical,True,True,True,True
79711_blue_red_7_Y17SAR3_P004_15T127_2018_04_09-2018_04_19,79711_A,79711_blue_7_Y17SAR3_P004_15T127_2018_04_09-2018_04_19.fits,79711,38.5,1.3333334,130.20557,1.2206413,131.376,1.26948,127.88841,2.1564772,128.30516,1.575264,131.376,1.2821536,130.86652,1.1744297,0.0,1.0,0.32511282,0.009658297,,,0.35827696,0.010574534,,,0.04557346,0.011245142,130.34955,1.2594646,0.0,1.0,0.24631807,0.009376034,,,0.26915672,0.009806256,,,0.04557346,0.011245142,1,1.0,222.7537345,0.07608834,222.7537345,0.07608834,16.095,16.053,0.04414,0.0434,-20.42,2.54,19.1,20.4,21.99,0.6047,40.62001,10.32,1.19,0.171,8.0,0.0,GAMA,,,,False,True,True,True,True,True,True,True,True,True,True,True,True,True,0.00937472413814555,True,True,True,S0,False,True,True,True
79733_blue_red_10_Y14SAR2_P008_15T068_2017_02_27-2017_03_05,79733_A,79733_blue_10_Y14SAR2_P008_15T068_2017_02_27-2017_03_05.fits,79733,345.5,2.5,76.893654,0.7493917,78.49765,0.7759037,82.587654,1.2962258,80.25835,0.9875501,79.50426,0.8292977,79.4196,0.659944,0.0,1.0,0.168158,0.0062480536,,,0.17396542,0.005946533,,,0.060300797,0.014133164,77.64428,0.8156752,0.0,1.0,0.16264477,0.006244637,,,0.16914399,0.0059365383,,,0.060300797,0.014133164,1,0.5,222.8475741,0.00707868,222.8475741,0.00707868,14.956,14.79,0.02393,0.02319,-20.32,4.86,20.03,21.44,23.02,0.2469,17.929993,10.23,1.09,0.173,8.0,0.0,GAMA,,,,False,True,True,True,True,True,True,True,True,True,True,True,True,True,0.009745819856603511,True,True,True,Elliptical/S0,False,True,True,True
79750_blue_red_7_Y17SAR3_P004_15T127_2018_04_09-2018_04_19,79750_A,79750_blue_7_Y17SAR3_P004_15T127_2018_04_09-2018_04_19.fits,79750,321.0,13.749999,176.97415,1.8817502,182.23233,2.3458247,185.05266,3.0466216,182.23233,2.0476375,180.5001,1.9086741,179.5292,1.7231396,0.0,1.0,0.067292556,0.00958063,,,0.07762834,0.009801516,,,0.39190486,0.32846957,179.8947,1.8780208,0.0,1.0,0.051527005,0.009325341,,,0.05950502,0.008909883,,,0.39190486,0.32846957,1,0.0,222.91686943,0.04639488,222.91686943,0.04639488,16.255,16.186,0.10049,0.09972,-22.22,3.4,20.43,21.99,23.55,0.2541,136.9,10.98,1.23,0.171,4.0,0.0,GAMA,,,,False,True,True,True,True,True,True,True,True,True,True,True,True,True,0.010632909947582739,True,True,True,Elliptical,True,True,True,True
79810_blue_red_13_Y14SAR3_P007_15T082_2017_03_24-2017_04_02,79810_A,79810_blue_13_Y14SAR3_P007_15T082_2017_03_24-2017_04_02.fits,79810,279.5,13.75,75.35465,1.1502255,75.37223,0.9118515,77.652115,1.6650335,76.18672,1.2440523,75.37223,0.9150089,74.84954,0.9197787,0.0,1.0,,,,,,,,,,,77.26097,1.1227574,0.0,1.0,,,,,,,,,,,3,0.0,223.26107295,0.20313785,223.26107295,0.20313785,16.527,16.517,0.04393,0.0432,-19.96,1.46,19.21,20.57,22.15,0.1149,92.24999,10.0,1.03,0.175,8.0,0.0,GAMA,,,,True,True,True,True,True,True,True,True,True,True,True,True,True,True,0.015264160871293276,True,True,True,Elliptical,True,True,True,True
79866_blue_red_7_Y17SAR3_P004_15T127_2018_04_09-2018_04_19,79866_A,79866_blue_7_Y17SAR3_P004_15T127_2018_04_09-2018_04_19.fits,79866,286.5,1.5,171.94785,1.2238675,179.68593,1.653733,177.0043,2.352325,182.68599,1.6972432,179.68593,1.564831,176.28256,1.3016708,0.0,1.0,0.2130618,0.006131621,,,0.2202443,0.005728316,,,0.052576214,0.018855773,177.49838,1.312236,0.0,1.0,0.1453121,0.0063533913,,,0.15513472,0.006023115,,,0.052576214,0.018855773,1,0.0,223.45444216,0.08965906,223.45444216,0.08965906,15.391,15.384,0.04465,0.04393,-21.16,3.43,19.7,21.27,22.82,0.2657,97.0,10.64,1.23,0.185,8.0,0.0,GAMA,,,,False,True,True,True,True,True,True,True,True,True,True,True,True,True,0.007117666780945503,True,True,True,Elliptical,True,True,True,True
84106_blue_red_7_Y14SAR4_P005_12T067_2014_05_23-2014_06_01,84106_A,84106_blue_7_Y14SAR4_P005_12T067_2014_05_23-2014_06_01.fits,84106,87.5,1.1666666,125.11918,0.88768625,124.92273,0.83073694,127.969475,1.48892,125.76466,1.0603151,125.70253,0.8948247,125.15756,0.81570435,0.0,1.0,0.29734462,0.005631715,,,0.3272405,0.005783762,,,0.04078928,0.006696656,125.042244,0.8925636,0.0,1.0,0.31133947,0.005628756,,,0.33826867,0.005759894,,,0.04078928,0.006696656,1,0.5,175.98676023,0.52227376,175.98676023,0.52227376,16.164,16.229,0.02918,0.02794,-19.42,2.68,20.19,21.01,22.75,0.0638,87.64,9.93,1.13,0.104,8.0,0.0,GAMA,,,,False,True,True,True,True,True,True,True,True,True,True,True,True,True,0.007094725604819341,True,True,True,Elliptical/S0,False,True,True,True
84209_blue_red_7_Y18SAR3_P002_12T122_2018_05_07-2018_05_16,84209_A,84209_blue_7_Y18SAR3_P002_12T122_2018_05_07-2018_05_16.fits,84209,144.0,2.4166667,190.68498,1.9225415,201.01233,2.6461873,201.01233,3.116388,198.88187,2.2647707,197.23058,2.17843,195.66176,2.056236,0.0,1.0,0.2591377,0.0102355275,,,0.26496136,0.009751478,,,0.03399504,0.015613235,195.17387,1.9677558,0.0,1.0,0.2186134,0.0093584955,,,0.22360793,0.008880829,,,0.03399504,0.015613235,1,0.0,176.63164942,0.42550114,176.63164942,0.42550114,16.399,16.374,0.10531,0.10398,-22.21,3.06,20.64,21.97,23.56,0.1226,131.81,11.06,1.38,0.123,4.0,0.0,GAMA,,,,False,True,True,True,True,True,True,True,True,True,True,True,True,True,0.010082291221888582,True,True,True,Elliptical,True,True,True,True
84680_blue_red_7_Y14SAR4_P002_12T064_2014_05_23-2014_06_01,84680_A,84680_blue_7_Y14SAR4_P002_12T064_2014_05_23-2014_06_01.fits,84680,97.0,1.0,136.59335,1.0057219,132.9824,0.93886405,138.4222,1.7820538,134.64476,1.1426427,132.9824,0.87611717,132.64873,0.9945871,0.0,1.0,0.42176965,0.0063735372,,,0.478239,0.0074539827,,,0.022866415,0.005551917,133.49507,0.8958544,0.0,1.0,0.4056033,0.006332759,,,0.4502157,0.007109239,,,0.022866415,0.005551917,1,1.0,179.37502334,0.60255069,179.37502334,0.60255069,15.89,15.916,0.04842,0.04717,-20.79,3.57,20.03,21.24,22.84,0.4169,92.64,10.51,1.26,0.074,8.0,0.0,GAMA,,,,False,True,True,True,True,True,True,True,True,True,True,True,True,True,0.007362890653168694,True,True,True,S0,False,True,True,True
84734_blue_red_7_Y16SAR4_P002_12T101_2017_04_19-2017_05_01,84734_A,84734_blue_7_Y16SAR4_P002_12T101_2017_04_19-2017_05_01.fits,84734,171.0,2.5,207.77654,2.032222,231.74536,2.0232453,235.373,2.338065,231.74536,1.9237996,227.02657,1.7452482,225.02185,1.4849869,0.0,1.0,0.21747947,0.0073370426,,,0.21968226,0.005915634,,,0.08628374,0.011387543,215.79271,1.6760813,0.0,1.0,0.1926792,0.0065680407,,,0.19479403,0.005649794,,,0.08628374,0.011387543,1,0.5,179.5974736,0.55192471,179.5974736,0.55192471,15.5,15.502,0.07768,0.07639,-22.32,5.87,20.86,22.37,23.93,0.2226,6.380005,11.07,1.25,0.075,8.0,0.0,GAMA,,,,False,True,True,True,True,True,True,True,True,True,True,True,True,True,0.00978080585998785,True,True,True,Elliptical/S0,False,True,True,True
85205_blue_red_7_Y17SAR3_P002_12T103_2018_02_12-2018_02_19,85205_A,85205_blue_7_Y17SAR3_P002_12T103_2018_02_12-2018_02_19.fits,85205,42.5,29.83333,122.31242,1.8120294,122.09891,2.029507,132.51773,3.873296,120.33789,2.5745602,122.09891,2.1366675,121.71993,2.0051064,0.0,1.0,0.070232674,0.014758588,,,0.0780123,0.014316837,,,1.6570868,0.32098895,122.90382,1.8979205,0.0,1.0,0.082783684,0.014380481,,,0.09337499,0.013721719,,,1.6570868,0.32098895,1,0.0,181.45545795,0.54021916,181.45545795,0.54021916,16.581,16.62,0.05061,0.04937,-20.18,2.4,20.52,21.77,23.37,0.0206,25.020004,10.21,1.18,0.094,8.0,0.0,GAMA,,,,False,True,True,True,True,True,True,True,True,True,True,True,True,True,0.014814762065863792,True,True,True,Elliptical,True,True,True,True
85559_blue_red_7_Y15SAR3_P006_12T097_2017_04_19-2017_05_01,85559_A,85559_blue_7_Y15SAR3_P006_12T097_2017_04_19-2017_05_01.fits,85559,120.0,6.8333335,157.58253,2.038098,173.44267,2.0950541,173.4048,2.966025,173.44267,2.263181,166.34126,1.8945557,163.59955,1.670379,0.0,1.0,0.13147143,0.012188111,,,0.14033006,0.010851276,,,0.09554361,0.044464678,162.12106,1.8162129,0.0,1.0,0.102015816,0.0108338585,,,0.109712794,0.009572993,,,0.09554361,0.044464678,1,0.0,182.95308783,0.61465616,182.95308783,0.61465616,16.462,16.435,0.07984,0.07857,-21.44,3.75,21.06,22.59,24.15,0.1058,101.399994,10.65,1.16,0.103,3.0,0.0,GAMA,,,,False,True,True,True,True,True,True,True,True,True,True,True,True,True,0.012933527593445798,True,True,True,Elliptical,True,True,True,True
85667_blue_red_6_Y16SAR4_P002_12T100_2017_04_19-2017_05_01,85667_A,85667_blue_6_Y16SAR4_P002_12T100_2017_04_19-2017_05_01.fits,85667,260.0,14.25,178.66098,1.4250692,193.79068,1.6050451,199.39574,3.0692804,193.79068,1.8474104,188.4357,1.5728331,185.79312,1.3122125,0.0,1.0,0.04828618,0.0062894085,,,0.053345792,0.0057511767,,,0.68475056,0.34155813,182.92987,1.4872196,0.0,1.0,0.04111734,0.00639792,,,0.046647254,0.00578762,,,0.68475056,0.34155813,1,0.0,183.51920665,0.44638424,183.51920665,0.44638424,15.596,15.525,0.07596,0.0747,-22.25,3.35,19.99,21.43,23.0,0.0949,41.47,11.0,1.21,0.082,8.0,0.0,GAMA,,,,False,True,True,True,True,True,True,True,True,True,True,True,True,True,0.00797638745740676,True,True,True,Elliptical,True,True,True,True
91545_blue_red_7_Y17SAR3_P012_15T129_2018_05_07-2018_05_16,91545_A,91545_blue_7_Y17SAR3_P012_15T129_2018_05_07-2018_05_16.fits,91545,54.0,5.25,170.18066,1.7286656,173.55466,1.7803898,168.6084,2.9534235,171.3008,2.0572987,172.00339,1.7219568,169.6458,1.6156902,0.0,1.0,0.08467116,0.008956253,,,0.09177053,0.0082050795,,,0.0946873,0.0467684,172.00339,1.7797325,,,,,,,,,,,,,1,0.0,212.61032387,0.44409159,212.61032387,0.44409159,16.316,16.193,0.05385,0.05294,-20.73,1.99,19.57,21.07,22.63,0.0863,40.009995,10.47,1.24,0.131,8.0,0.0,GAMA,,,,False,True,True,True,True,True,True,True,True,True,True,True,True,True,0.010157826394609118,True,True,True,Elliptical,True,True,True,True
91568_blue_red_7_Y14SAR3_P010_15T085_2016_05_02-2016_05_10,91568_A,91568_blue_7_Y14SAR3_P010_15T085_2016_05_02-2016_05_10.fits,91568,2.5,1.8333306,156.28069,1.2860183,153.12187,1.18722,156.04942,1.6182381,164.27773,1.5514624,158.46298,1.250864,155.34453,1.1262857,0.0,1.0,,,,,,,,,,,162.61542,1.4543308,0.0,1.0,,,,,,,,,,,1,0.5,212.75914697,0.60849331,212.75914697,0.60849331,15.914,15.84,0.02752,0.02663,-19.59,1.39,18.19,19.6,21.17,0.3219,3.0800018,9.95,1.12,0.136,8.0,0.0,GAMA,,,,False,True,True,True,True,True,True,True,True,True,True,True,True,True,0.00822890083221414,True,True,True,Elliptical/S0,False,True,True,True
91686_blue_red_7_Y17SAR3_P012_15T129_2018_05_07-2018_05_16,91686_A,91686_blue_7_Y17SAR3_P012_15T129_2018_05_07-2018_05_16.fits,91686,4.0,1.8333321,176.98544,1.8118503,177.6248,1.9598063,179.55957,3.3193781,177.99065,2.1618454,176.52892,1.9179639,175.75891,1.8493578,0.0,1.0,0.44849908,0.007023227,,,0.5079501,0.00854512,,,0.029553676,0.007338843,176.76237,1.7186072,0.0,1.0,0.39273036,0.0072249263,,,0.4372122,0.008153842,,,0.029553676,0.007338843,1,1.0,212.95963829,0.51328615,212.95963829,0.51328615,15.686,15.645,0.05551,0.0546,-21.42,5.39,20.47,21.83,23.41,0.514,1.8699951,10.85,1.39,0.159,8.0,0.0,GAMA,,,,False,True,True,True,True,True,True,True,True,True,True,True,True,True,0.010237284490746809,True,True,True,S0,False,True,True,True
91689_blue_red_7_Y14SAR3_P010_15T085_2016_05_02-2016_05_10,91689_A,91689_blue_7_Y14SAR3_P010_15T085_2016_05_02-2016_05_10.fits,91689,140.5,3.4166667,160.98209,1.8988417,162.1158,2.06356,167.58669,3.1463397,166.33578,2.2447724,161.51366,1.9199214,157.77711,1.8910334,0.0,1.0,0.12149613,0.0113499435,,,0.1322439,0.010332925,,,,,166.33578,2.4077196,,,,,,,,,,,,,1,0.0,212.97755087,0.49781354,212.97755087,0.49781354,16.894,16.789,0.05526,0.05435,-20.23,1.89,19.8,21.66,23.19,0.1831,139.31999,10.21,1.17,0.161,8.0,0.0,GAMA,,,,False,True,True,True,True,True,True,True,True,True,True,True,True,True,0.011795359968304548,True,True,True,Elliptical,True,True,True,True
91691_blue_red_6_Y14SAR2_P007_15T067_2016_05_02-2016_05_10,91691_A,91691_blue_6_Y14SAR2_P007_15T067_2016_05_02-2016_05_10.fits,91691,266.5,2.1666667,116.97117,2.4017167,116.827194,2.374729,117.08048,4.2489095,115.99078,3.2337976,115.43035,2.4445243,115.23171,2.0088747,0.0,1.0,0.2910491,0.015351847,,,0.31507465,0.015771678,,,0.103495166,0.023988903,115.02117,1.980374,0.0,1.0,0.27176443,0.015145144,,,0.28952122,0.015539017,,,0.103495166,0.023988903,1,0.5,212.98196487,0.46656441,212.98196487,0.46656441,16.297,16.307,0.05566,0.05475,-20.75,3.68,21.03,22.2,23.82,0.0964,104.240005,10.51,1.28,0.162,8.0,0.0,GAMA,,,,False,True,True,True,True,True,True,True,True,True,True,True,True,True,0.020532552593942596,True,True,True,Elliptical/S0,False,True,True,True
91697_blue_red_7_Y14SAR3_P010_15T085_2016_05_02-2016_05_10,91697_A,91697_blue_7_Y14SAR3_P010_15T085_2016_05_02-2016_05_10.fits,91697,26.0,1.4166666,133.43979,1.149762,137.32985,1.6096642,135.61226,1.7413373,137.69667,1.4119052,137.0489,1.1859441,134.96735,1.1831456,0.0,1.0,0.33594584,0.0059864013,,,0.3553741,0.00621709,,,0.05153392,0.011006088,135.5385,1.2083185,0.0,1.0,0.29618523,0.006090559,,,0.31296316,0.0061176335,,,0.05153392,0.011006088,1,0.5,213.09023813,0.53044097,213.09023813,0.53044097,15.649,15.621,0.05468,0.05377,-21.37,3.49,20.02,21.39,22.97,0.2489,24.39,10.64,1.15,0.149,8.0,0.0,GAMA,,,,False,True,True,True,True,True,True,True,True,True,True,True,True,True,0.008616335502326555,True,True,True,Elliptical/S0,False,True,True,True
91963_blue_red_7_Y13SAR1_P014_15T029_2013_04_12-2013_04_16,91963_A,91963_blue_7_Y13SAR1_P014_15T029_2013_04_12-2013_04_16.fits,91963,130.0,0.75,185.74475,1.7154677,187.1247,1.6820089,184.02672,2.871306,183.23209,2.2031977,187.1247,1.5495214,188.12054,1.6024787,1.0,1.0184032,0.4311609,0.004918372,0.43578285,0.004918372,0.48897737,0.0056040264,0.49471763,0.0056040264,0.028147453,0.004145765,185.83627,1.6160401,0.0,1.0,0.4348696,0.0048364145,,,0.48955342,0.005530077,,,0.028147453,0.004145765,1,0.0,214.36652643,0.48277548,214.36652643,0.48277548,14.643,14.579,0.05087,0.04999,-22.26,7.36,20.68,21.78,23.41,0.2234,127.72,11.04,1.19,0.134,8.0,0.0,GAMA,,,,False,True,True,True,True,True,True,True,True,True,True,True,True,True,0.009235618772535967,True,True,True,Elliptical,True,True,True,True
91988_blue_red_9_Y15SAR4_P001_15T110_2015_05_14-2015_05_20,91988_A,91988_blue_9_Y15SAR4_P001_15T110_2015_05_14-2015_05_20.fits,91988,87.5,5.75,300.458,2.7953467,311.67422,3.050575,304.69565,3.8778112,316.4705,3.0737176,309.37363,2.4991083,304.81567,2.3552973,0.0,1.0,0.07774762,0.005372082,,,0.08790163,0.0046838424,,,0.19831467,0.029813025,307.90128,2.6624973,0.0,1.0,0.068618394,0.0053659384,,,0.07797262,0.004780806,,,0.19831467,0.029813025,1,0.5,214.45774912,0.51093625,214.45774912,0.51093625,14.619,14.506,0.053,0.05212,-22.43,6.27,19.93,21.51,23.06,0.3235,90.37,11.14,1.23,0.138,8.0,0.0,GAMA,,,,False,True,True,True,True,True,True,True,True,True,True,True,True,True,0.009303618808618842,True,True,True,Elliptical/S0,False,True,True,True
92592_blue_red_7_Y17SAR3_P010_15T133_2018_05_07-2018_05_16,92592_A,92592_blue_7_Y17SAR3_P010_15T133_2018_05_07-2018_05_16.fits,92592,257.0,3.3333333,189.70734,1.4537976,193.2341,1.8462635,196.084,2.5277264,193.2341,1.8873907,195.58136,1.7381853,192.03313,1.6420033,0.0,1.0,0.1006123,0.006572348,,,0.1087945,0.0060543176,,,0.048076123,0.022480555,190.66354,1.3962018,0.0,1.0,0.09624146,0.0064564105,,,0.10350728,0.005966692,,,0.048076123,0.022480555,1,1.0,216.9740069,0.56960364,216.9740069,0.56960364,15.822,15.737,0.08618,0.08531,-22.33,3.45,19.95,21.32,22.89,0.3618,80.08002,11.06,1.25,0.128,8.0,0.0,GAMA,,,,False,True,True,True,True,True,True,True,True,True,True,True,True,True,0.0076633703261033545,True,True,True,S0,False,True,True,True
92773_blue_red_10_Y13SAR1_P015_15T023_2013_04_12-2013_04_16,92773_A,92773_blue_10_Y13SAR1_P015_15T023_2013_04_12-2013_04_16.fits,92773,204.0,3.4166667,174.52786,1.403178,178.25015,1.4325005,182.36742,2.8646116,180.89702,1.8941418,177.64517,1.498408,174.96101,1.6221011,0.0,1.0,0.16042034,0.008193085,,,0.17144035,0.007559422,,,0.11489646,0.021710254,173.76505,1.6001681,0.0,1.0,0.16904354,0.008477164,,,0.1796736,0.007509004,,,0.11489646,0.021710254,1,0.0,217.44493793,0.42414861,217.44493793,0.42414861,15.327,15.275,0.05512,0.05428,-21.75,3.59,20.12,21.49,23.07,0.0284,42.300003,10.85,1.22,0.141,8.0,0.0,GAMA,,,,False,True,True,True,True,True,True,True,True,True,True,True,True,True,0.00803985105873641,True,True,True,Elliptical,True,True,True,True
93803_blue_red_7_Y17SAR3_P003_15T126_2018_04_09-2018_04_19,93803_A,93803_blue_7_Y17SAR3_P003_15T126_2018_04_09-2018_04_19.fits,93803,311.5,4.6666665,157.41713,0.93999475,158.49669,1.017644,158.12729,1.7191695,158.36374,1.329378,158.41855,1.0014017,159.02225,1.0324277,0.0,1.0,0.05613449,0.004047041,,,0.061289396,0.0037111747,,,0.15533213,0.02824671,156.9045,0.9034383,0.0,1.0,0.06707434,0.0040523955,,,0.072591476,0.003588955,,,0.15533213,0.02824671,1,0.0,222.48909911,0.55829608,222.48909911,0.55829608,14.322,14.217,0.0406,0.03986,-22.1,4.61,19.53,20.92,22.49,0.1723,143.3,10.94,1.13,0.17,8.0,0.0,GAMA,,,,False,True,True,True,True,True,True,True,True,True,True,True,True,True,0.005971362519441182,True,True,True,Elliptical,True,True,True,True
93807_blue_red_13_Y14SAR3_P007_15T082_2017_03_24-2017_04_02,93807_A,93807_blue_13_Y14SAR3_P007_15T082_2017_03_24-2017_04_02.fits,93807,182.0,0.75,143.45558,0.99020135,156.05312,0.90953827,164.80533,1.5777427,163.33127,1.3449967,158.76813,1.0684115,154.4406,0.94422215,0.0,1.0,0.2521733,0.003388651,,,0.24642389,0.0031520906,,,0.036111966,0.009362692,150.2522,0.9354253,0.0,1.0,0.18181822,0.0035783525,,,0.18768889,0.003354256,,,0.036111966,0.009362692,3,0.0,222.50903232,0.57878033,222.50903232,0.57878033,14.999,14.997,0.04118,0.04044,-21.35,4.07,19.79,21.4,22.95,0.0895,7.75,10.66,1.16,0.172,8.0,0.0,GAMA,,,,True,True,True,True,True,True,True,True,True,True,True,True,True,True,0.0069024944864466056,True,True,True,Elliptical,True,True,True,True
97915_blue_red_7_Y16SAR4_P001_12T090_2017_04_19-2017_05_01,97915_A,97915_blue_7_Y16SAR4_P001_12T090_2017_04_19-2017_05_01.fits,97915,350.0,7.1666646,213.60051,2.3699055,236.14763,2.8731077,236.08316,3.7179017,236.14763,2.5875432,230.09352,2.1935477,225.9703,2.372238,0.0,1.0,0.098328136,0.009634002,,,0.10549678,0.008158318,,,0.15809643,0.041942842,219.79631,2.275834,0.0,1.0,0.08551199,0.008872095,,,0.09588689,0.007689726,,,0.15809643,0.041942842,1,0.5,175.10408827,1.02231486,175.10408827,1.02231486,15.957,16.001,0.07652,0.07522,-21.77,4.1,20.86,22.35,23.92,0.0274,5.299988,10.93,1.34,0.077,8.0,0.0,GAMA,,,,False,True,True,True,True,True,True,True,True,True,True,True,True,True,0.011095036711288751,True,True,True,Elliptical/S0,False,True,True,True
98097_blue_red_7_Y18SAR3_P002_12T122_2018_05_07-2018_05_16,98097_A,98097_blue_7_Y18SAR3_P002_12T122_2018_05_07-2018_05_16.fits,98097,160.5,0.75,132.79979,0.6930286,130.51813,0.68963075,140.57059,1.2176507,138.87207,0.83021396,135.51802,0.8241549,132.4463,0.7166334,0.0,1.0,0.32695302,0.004899943,,,0.3518629,0.005006671,,,0.030766396,0.0038715932,131.25616,0.8167601,0.0,1.0,0.30993223,0.004836728,,,0.3177374,0.0048045414,,,0.030766396,0.0038715932,1,1.0,176.22100301,0.93963258,176.22100301,0.93963258,15.322,15.336,0.02927,0.02803,-20.21,3.5,19.36,20.68,22.26,0.4388,158.82,10.16,1.07,0.09,8.0,0.0,GAMA,,,,False,True,True,True,True,True,True,True,True,True,True,True,True,True,0.00521859710772133,True,True,True,S0,False,True,True,True
98880_blue_red_7_Y16SAR4_P002_12T101_2017_04_19-2017_05_01,98880_A,98880_blue_7_Y16SAR4_P002_12T101_2017_04_19-2017_05_01.fits,98880,345.0,2.5,224.28813,1.5080982,240.68903,2.0346534,242.11914,2.2365568,240.68903,1.9509039,239.16599,1.6678313,237.01657,1.7503209,0.0,1.0,0.08981241,0.0052797277,,,0.08939054,0.004299955,,,0.10516597,0.021780448,226.39539,1.7044013,0.0,1.0,0.091163285,0.005200022,,,0.08941217,0.0042878017,,,0.10516597,0.021780448,1,0.0,180.31149663,0.93981778,180.31149663,0.93981778,15.385,15.467,0.08655,0.08526,-22.63,4.77,20.45,21.77,23.36,0.2276,107.89,11.2,1.3,0.073,8.0,0.0,GAMA,,,,False,True,True,True,True,True,True,True,True,True,True,True,True,True,0.0067239322919139775,True,True,True,Elliptical,True,True,True,True
105519_blue_red_7_Y14SAR4_P008_15T094_2016_04_04-2016_04_12,105519_A,105519_blue_7_Y14SAR4_P008_15T094_2016_04_04-2016_04_12.fits,105519,40.0,1.4166666,126.625916,1.9237187,123.90595,1.7671617,128.14806,3.5564637,125.86863,1.8838712,122.99522,1.4221754,124.439606,1.437724,,,,,,,,,,,,,126.47327,1.8967882,,,,,,,,,,,,,1,1.0,212.34017928,1.02774133,212.34017928,1.02774133,16.458,16.45,0.05862,0.0577,-20.7,1.44,18.47,19.87,21.44,0.508,40.01001,10.34,1.12,0.139,8.0,0.0,GAMA,,,,False,True,True,True,True,True,True,True,True,True,True,True,True,True,0.015192140446194284,True,True,True,S0,False,True,True,True
105738_blue_red_7_Y17SAR3_P012_15T129_2018_05_07-2018_05_16,105738_A,105738_blue_7_Y17SAR3_P012_15T129_2018_05_07-2018_05_16.fits,105738,312.5,4.0833335,99.66448,1.6864097,101.68793,1.8210292,98.65327,3.2686255,100.33667,1.8914307,102.2776,1.6426498,101.078384,1.3932657,0.0,1.0,0.12960626,0.009560394,,,0.13503674,0.008835028,,,0.11299411,0.032999586,100.61071,1.5608689,0.0,1.0,0.12731749,0.009611307,,,0.13284774,0.0088385325,,,0.11299411,0.032999586,1,1.0,213.24685982,0.92118465,213.24685982,0.92118465,15.99,15.854,0.05381,0.05291,-21.11,2.84,19.74,21.08,22.67,0.3627,123.84,10.5,1.08,0.124,8.0,0.0,GAMA,,,,False,True,True,True,True,True,True,True,True,True,True,True,True,True,0.016920869902697533,True,True,True,S0,False,True,True,True
106016_blue_red_6_Y14SAR4_P001_15T087_2014_05_23-2014_06_01,106016_A,106016_blue_6_Y14SAR4_P001_15T087_2014_05_23-2014_06_01.fits,106016,54.5,2.5833333,137.87242,3.7341244,133.03664,3.175247,138.75964,4.3323393,137.53499,4.2491055,132.65503,2.7915318,131.8037,2.7463005,0.0,1.0,0.16550551,0.012505936,,,0.17601386,0.012227017,,,,,136.74629,3.3605669,0.0,1.0,,,,,,,,,,,2,1.0,214.41821353,0.92016229,214.41821353,0.92016229,16.723,16.731,0.05439,0.05351,-20.25,1.94,19.1,20.51,22.09,0.6262,59.320007,10.23,1.2,0.147,8.0,0.0,GAMA,,,,True,True,True,True,True,True,True,True,True,True,True,True,True,True,0.027083911343544993,True,True,True,S0,False,True,True,True
106549_blue_red_7_Y15SAR4_P002_15T111_2015_05_14-2015_05_20,106549_A,106549_blue_7_Y15SAR4_P002_15T111_2015_05_14-2015_05_20.fits,106549,76.5,1.4166666,72.65036,0.8689263,73.36733,0.92116934,74.41774,1.7523155,75.385635,1.0377276,74.58975,1.0282855,73.71897,0.98624873,0.0,1.0,0.21197236,0.006363424,,,0.22270846,0.0062527913,,,0.06010867,0.019831738,72.69843,1.0338886,0.0,1.0,0.20836231,0.0063876184,,,0.21873632,0.0062475963,,,0.06010867,0.019831738,1,0.5,216.55409249,0.8605753,216.55409249,0.8605753,14.866,14.827,0.03269,0.03186,-20.98,3.14,19.26,20.42,22.04,0.0423,84.33002,10.27,0.84,0.114,8.0,0.0,GAMA,,,,False,True,True,True,True,True,True,True,True,True,True,True,True,True,0.011960385330506276,True,True,True,Elliptical/S0,False,True,True,True
106839_blue_red_7_Y17SAR3_P010_15T133_2018_05_07-2018_05_16,106839_A,106839_blue_7_Y17SAR3_P010_15T133_2018_05_07-2018_05_16.fits,106839,235.0,0.5833333,170.69443,0.9644167,173.89041,0.9342187,181.0468,1.6424329,180.75992,1.1930851,178.14896,0.9933769,176.01584,0.8010197,0.0,1.0,0.39680785,0.0037084057,,,0.4197079,0.003983332,,,0.013077447,0.0045957565,171.6668,0.7661304,0.0,1.0,0.34366316,0.0036710794,,,0.3607485,0.0037843916,,,0.013077447,0.0045957565,1,1.0,217.50239169,1.04608713,217.50239169,1.04608713,14.596,14.596,0.03055,0.02974,-21.08,5.91,19.93,21.45,23.01,0.3629,59.15999,10.54,1.12,0.133,8.0,0.0,GAMA,,,,False,True,True,True,True,True,True,True,True,True,True,True,True,True,0.005649959989907111,True,True,True,S0,False,True,True,True
107135_blue_red_11_Y17SAR3_P012_12T136_2018_05_07-2018_05_16,107135_A,107135_blue_11_Y17SAR3_P012_12T136_2018_05_07-2018_05_16.fits,107135,358.0,1.2499989,241.3955,1.6611618,238.3982,2.0067408,239.05154,3.312071,238.3982,2.3978405,239.36426,1.6103135,241.25745,1.7546083,0.0,1.0,0.21370141,0.006510894,,,0.23421787,0.0064701694,,,0.022657562,0.01148732,239.5698,1.8676215,,,,,,,,,,,,,1,1.0,218.67565835,0.91385247,218.67565835,0.91385247,15.542,15.35,0.07885,0.07802,-22.5,2.22,18.55,20.06,21.62,0.4301,0.8899994,11.11,1.22,0.162,8.0,0.0,GAMA,,,,False,True,True,True,True,True,True,True,True,True,True,True,True,True,0.006881494476906155,True,True,True,S0,False,True,True,True
136605_blue_red_7_Y14SAR4_P009_12T071_2016_04_04-2016_04_12,136605_A,136605_blue_7_Y14SAR4_P009_12T071_2016_04_04-2016_04_12.fits,136605,288.5,3.5833333,237.00847,2.6172664,237.45486,3.5005946,237.45486,3.5866165,237.8091,2.9411316,238.19939,2.5541618,234.34196,2.3316875,0.0,1.0,0.0760574,0.009849232,,,0.08105224,0.009491538,,,0.067099676,0.047792442,238.19939,2.6769342,0.0,1.0,0.074716546,0.009666799,,,0.08027287,0.009368548,,,0.067099676,0.047792442,1,0.0,175.88107888,-1.75237351,175.88107888,-1.75237351,16.566,16.479,0.10495,0.10361,-22.08,1.86,19.71,21.18,22.75,0.1103,132.29,11.02,1.39,0.067,4.0,0.0,GAMA,,,,False,True,True,True,True,True,True,True,True,True,True,True,True,True,0.011042923487080442,True,True,True,Elliptical,True,True,True,True
136616_blue_red_7_Y14SAR4_P009_12T071_2016_04_04-2016_04_12,136616_A,136616_blue_7_Y14SAR4_P009_12T071_2016_04_04-2016_04_12.fits,136616,288.5,1.3333334,195.03027,1.3785188,194.89903,1.453796,196.41168,2.5215232,194.86562,1.823903,194.89903,1.3664346,194.34355,1.2911215,0.0,1.0,0.2544515,0.005462152,,,0.2764417,0.005357619,,,0.018332336,0.0059179584,194.55663,1.3016096,0.0,1.0,0.25727063,0.00517042,,,0.27608192,0.0050727376,,,0.018332336,0.0059179584,1,1.0,175.90197426,-1.63834008,175.90197426,-1.63834008,15.451,15.347,0.04436,0.04309,-21.16,2.84,19.1,20.38,21.98,0.4405,111.32001,10.65,1.24,0.071,8.0,0.0,GAMA,,,,False,True,True,True,True,True,True,True,True,True,True,True,True,True,0.007068229972711415,True,True,True,S0,False,True,True,True
136624_blue_red_7_Y14SAR4_P009_12T071_2016_04_04-2016_04_12,136624_A,136624_blue_7_Y14SAR4_P009_12T071_2016_04_04-2016_04_12.fits,136624,24.5,1.25,121.89853,1.1406568,121.16435,1.2106795,120.48715,2.0432534,118.75377,1.4632738,121.16435,1.1384875,122.10784,1.0939798,0.0,1.0,0.28763515,0.009263652,,,0.33108342,0.01023079,,,0.022334527,0.011127563,121.47026,1.2290423,0.0,1.0,0.25771558,0.008873486,,,0.2943005,0.009285861,,,0.022334527,0.011127563,1,1.0,175.82106147,-1.64417448,175.82106147,-1.64417448,16.263,16.256,0.04632,0.04505,-20.35,2.24,19.19,20.32,21.94,0.5198,20.51001,10.28,1.19,0.068,8.0,0.0,GAMA,,,,False,True,True,True,True,True,True,True,True,True,True,True,True,True,0.009357428674488527,True,True,True,S0,False,True,True,True
136841_blue_red_7_Y14SAR4_P009_12T071_2016_04_04-2016_04_12,136841_A,136841_blue_7_Y14SAR4_P009_12T071_2016_04_04-2016_04_12.fits,136841,284.5,0.5833333,142.47655,0.81068707,139.32298,0.8662249,141.49985,1.31364,140.40443,0.90121347,141.75432,0.82430303,140.3162,0.795147,0.0,1.0,0.43627232,0.0034012531,,,0.49555635,0.0038426395,,,0.01883323,0.003921984,140.9797,0.70401233,0.0,1.0,0.35601583,0.0034873502,,,0.39564922,0.0036903906,,,0.01883323,0.003921984,1,1.0,176.27655546,-1.6691871,176.27655546,-1.6691871,14.645,14.564,0.02886,0.02761,-20.96,6.05,19.71,21.19,22.75,0.4481,104.44,10.48,1.1,0.066,8.0,0.0,GAMA,,,,False,True,True,True,True,True,True,True,True,True,True,True,True,True,0.0056899684193644495,True,True,True,S0,False,True,True,True
136842_blue_red_7_Y14SAR1_P004_12T044_2015_02_16-2015_02_25,136842_A,136842_blue_7_Y14SAR1_P004_12T044_2015_02_16-2015_02_25.fits,136842,258.0,3.1666667,173.2146,1.079064,178.50273,0.95504695,180.30827,1.5649228,180.86963,1.2019335,181.05681,0.9662178,180.0874,0.9489583,0.0,1.0,0.08389864,0.0031905842,,,0.086115085,0.0027574366,,,,,,,1.0,0.78744906,0.11482177,0.0034133357,0.0968589,0.0034133357,0.11637882,0.0029077095,0.09987489,0.0029077095,,,1,0.0,176.29122535,-1.76259733,176.29122535,-1.76259733,14.137,13.908,0.02834,0.02709,-21.59,6.08,19.78,21.06,22.66,0.1898,6.6100006,10.8,1.19,0.063,8.0,0.0,GAMA,,,,False,True,True,True,True,True,True,True,True,True,True,True,True,True,0.00622963653179351,True,True,True,Elliptical,True,True,True,True
136871_blue_red_6_Y14SAR3_P002_12T053_2016_04_04-2016_04_12,136871_A,136871_blue_6_Y14SAR3_P002_12T053_2016_04_04-2016_04_12.fits,136871,211.0,4.3333335,91.26349,1.68307,89.60267,1.5586512,92.08585,2.5206423,90.31719,1.74517,91.102425,1.5896866,90.93781,1.5891931,0.0,1.0,0.18079631,0.015849637,,,0.1924433,0.015310029,,,,,89.6145,2.3874185,,,,,,,,,,,,,1,0.5,176.28641994,-1.80381586,176.28641994,-1.80381586,16.464,16.415,0.02765,0.02638,-19.0,1.87,19.4,20.74,22.33,0.262,28.390015,9.73,1.15,0.062,8.0,0.0,GAMA,,,,False,True,True,True,True,True,True,True,True,True,True,True,True,True,0.01844187637356406,True,True,True,Elliptical/S0,False,True,True,True
137037_blue_red_7_Y14SAR4_P006_12T068_2014_05_23-2014_06_01,137037_A,137037_blue_7_Y14SAR4_P006_12T068_2014_05_23-2014_06_01.fits,137037,163.5,9.583333,290.64673,2.6496952,303.05835,3.1635654,304.68765,4.4890833,303.05835,3.3466227,296.2257,2.8510675,295.07605,2.8310807,0.0,1.0,0.07771923,0.00693434,,,0.08964722,0.006611749,,,0.3660574,0.13301665,291.1716,2.2328067,0.0,1.0,0.06760844,0.0068657873,,,0.0788577,0.006601223,,,0.3660574,0.13301665,1,0.5,176.83746154,-1.70279378,176.83746154,-1.70279378,15.556,15.655,0.09363,0.09231,-22.62,4.81,20.64,22.12,23.69,0.218,151.0,11.24,1.35,0.075,8.0,0.0,GAMA,,,,False,True,True,True,True,True,True,True,True,True,True,True,True,True,0.009116549152299081,True,True,True,Elliptical/S0,False,True,True,True
137841_blue_red_7_Y17SAR3_P010_12T115_2018_04_09-2018_04_19,137841_A,137841_blue_7_Y17SAR3_P010_12T115_2018_04_09-2018_04_19.fits,137841,171.0,29.916666,40.202034,2.8533974,,,45.359272,3.7046258,42.98558,2.835155,42.06108,2.7675366,40.705925,2.4094803,,,,,,,,,,,,,42.98558,2.9005861,,,,,,,,,,,,,1,1.0,179.87503948,-1.84909102,179.87503948,-1.84909102,16.935,16.925,0.02264,0.02101,-18.02,1.68,19.68,20.9,22.51,0.3017,113.25,8.9,0.59,0.11,8.0,0.0,GAMA,,,,False,True,True,True,True,True,True,True,True,True,True,True,True,True,0.07097644362969296,True,True,True,S0,False,True,True,True
143291_blue_red_7_Y18SAR4_P001_12T128_2018_05_07-2018_05_16,143291_A,143291_blue_7_Y18SAR4_P001_12T128_2018_05_07-2018_05_16.fits,143291,217.5,29.08333,126.83288,1.5067801,125.01245,1.381802,123.49412,2.4436998,123.88525,1.9147842,125.01245,1.3492216,124.91911,1.3939222,0.0,1.0,0.07671611,0.011560231,,,0.090418525,0.010139041,,,0.87366337,0.33556274,124.37445,1.3722395,0.0,1.0,0.05407362,0.010927283,,,0.06454525,0.009517828,,,0.87366337,0.33556274,1,0.0,175.21195232,-1.31819845,175.21195232,-1.31819845,16.37,16.352,0.04615,0.04488,-20.25,3.96,20.87,22.41,23.96,0.2274,10.839996,10.17,1.11,0.066,8.0,0.0,GAMA,,,,False,True,True,True,True,True,True,True,True,True,True,True,True,True,0.01188004325061451,True,True,True,Elliptical,True,True,True,True
143735_blue_red_7_Y17SAR3_P008_12T109_2018_04_09-2018_04_19,143735_A,143735_blue_7_Y17SAR3_P008_12T109_2018_04_09-2018_04_19.fits,143735,286.0,1.1666666,157.17484,1.46148,158.66415,2.1401284,157.00429,2.638004,158.66415,2.0889475,158.63199,1.5577952,158.91226,1.6795124,0.0,1.0,0.31526557,0.007984009,,,0.3518584,0.008731766,,,0.05099328,0.01076436,158.85046,1.5367782,0.0,1.0,0.30704084,0.008341443,,,0.34192684,0.009177041,,,0.05099328,0.01076436,1,0.5,177.28134048,-1.36652418,177.28134048,-1.36652418,15.951,15.911,0.08246,0.08115,-22.04,2.73,19.96,21.13,22.74,0.1249,119.83,10.95,1.24,0.079,8.0,0.0,GAMA,,,,False,True,True,True,True,True,True,True,True,True,True,True,True,True,0.00929843478765431,True,True,True,Elliptical/S0,False,True,True,True
143918_blue_red_7_Y17SAR3_P006_12T107_2018_04_09-2018_04_19,143918_A,143918_blue_7_Y17SAR3_P006_12T107_2018_04_09-2018_04_19.fits,143918,261.0,1.0,93.73381,1.0775816,92.66693,1.0354291,84.73109,1.534649,87.959595,1.2118295,88.473495,1.0841321,90.31762,0.97020584,0.0,1.0,0.39481422,0.009257439,,,0.4635544,0.011020684,,,0.051255055,0.007012651,90.1313,0.98523587,0.0,1.0,0.34902033,0.009064277,,,0.40732124,0.009977329,,,0.051255055,0.007012651,1,1.0,178.20696723,-1.25366683,178.20696723,-1.25366683,15.767,15.772,0.02988,0.02864,-19.84,2.43,18.83,19.95,21.58,0.5458,86.84,9.98,1.04,0.079,8.0,0.0,GAMA,,,,False,True,True,True,True,True,True,True,True,True,True,True,True,True,0.011496189048540755,True,True,True,S0,False,True,True,True
144335_blue_red_7_Y17SAR3_P010_12T115_2018_04_09-2018_04_19,144335_A,144335_blue_7_Y17SAR3_P010_12T115_2018_04_09-2018_04_19.fits,144335,325.5,29.916666,210.11678,2.4307709,208.40295,2.7381182,210.6946,2.942381,208.40295,2.4354868,205.23145,2.3069832,208.16466,2.0921073,0.0,1.0,0.0771794,0.0089709135,,,0.0860536,0.0088007515,,,1.2705961,0.6065882,209.78535,2.1767318,0.0,1.0,0.0612555,0.009069261,,,0.070787445,0.009492913,,,1.2705961,0.6065882,1,1.0,179.75917021,-1.31307917,179.75917021,-1.31307917,15.75,15.689,0.08253,0.08123,-22.29,5.68,20.91,22.19,23.78,0.3301,13.700012,11.09,1.31,0.076,8.0,0.0,GAMA,,,,False,True,True,True,True,True,True,True,True,True,True,True,True,True,0.011568666243600345,True,True,True,S0,False,True,True,True
144498_blue_red_13_Y14SAR3_P003_12T054_2014_04_24-2014_05_04,144498_A,144498_blue_13_Y14SAR3_P003_12T054_2014_04_24-2014_05_04.fits,144498,309.0,1.9166666,81.42801,1.5908735,78.45703,1.625022,62.93859,3.5100677,71.052284,2.1983616,76.000244,1.8489397,78.45703,1.5179955,0.0,1.0,0.34470138,0.0122477235,,,0.40533304,0.01410941,,,0.02342392,0.01221824,77.115715,1.7790647,0.0,1.0,0.3120283,0.01248304,,,0.36275768,0.01381654,,,0.02342392,0.01221824,4,1.0,180.25110679,-1.38946468,180.25110679,-1.38946468,16.55,16.551,0.03661,0.03537,-19.53,2.69,20.14,21.27,22.89,0.4173,129.09,9.86,1.06,0.127,8.0,0.0,GAMA,,,,True,True,True,True,True,True,True,True,True,True,True,True,True,True,0.019537177686154924,True,True,True,S0,False,True,True,True
144640_blue_red_8_Y14SAR4_P008_12T070_2016_04_04-2016_04_12,144640_A,144640_blue_8_Y14SAR4_P008_12T070_2016_04_04-2016_04_12.fits,144640,341.0,1.8333334,189.76463,1.7543728,202.77963,2.0620055,209.06027,2.8437324,202.77963,2.242244,198.42427,1.8679842,197.50865,1.5584819,0.0,1.0,0.19774508,0.006408183,,,0.20936282,0.005945234,,,0.05757241,0.01646668,194.75658,1.345329,0.0,1.0,0.13831314,0.0059578097,,,0.14906675,0.0054307384,,,0.05757241,0.01646668,1,1.0,180.93728078,-1.38039759,180.93728078,-1.38039759,15.621,15.574,0.0836,0.08231,-22.42,6.37,20.85,22.32,23.88,0.3908,169.39001,11.08,1.23,0.086,8.0,0.0,GAMA,,,,False,True,True,True,True,True,True,True,True,True,True,True,True,True,0.009244993653453755,True,True,True,S0,False,True,True,True
177969_blue_red_7_Y17SAR3_P006_12T107_2018_04_09-2018_04_19,177969_A,177969_blue_7_Y17SAR3_P006_12T107_2018_04_09-2018_04_19.fits,177969,251.5,3.5,234.89638,1.9847045,259.7164,2.6096163,266.9497,3.0825746,259.7164,2.5188735,253.0579,2.1872103,247.72408,2.002966,0.0,1.0,0.07188974,0.007303901,,,0.077119716,0.006505773,,,0.26430485,0.108914375,245.73048,1.9650462,0.0,1.0,0.04586142,0.0069066836,,,0.05042827,0.0060894587,,,0.26430485,0.108914375,1,0.0,178.46741825,-1.97492224,178.46741825,-1.97492224,15.744,15.734,0.0772,0.0759,-22.08,4.01,20.35,21.8,23.36,0.2087,62.630005,11.03,1.33,0.079,8.0,0.0,GAMA,,,,False,True,True,True,True,True,True,True,True,True,True,True,True,True,0.00844927665551934,True,True,True,Elliptical,True,True,True,True
184042_blue_red_12_Y15SAR3_P005_12T094_2017_03_24-2017_04_02,184042_A,184042_blue_12_Y15SAR3_P005_12T094_2017_03_24-2017_04_02.fits,184042,184.5,4.8333306,285.887,1.6909072,328.38434,2.1787212,321.7913,2.4407773,328.38434,2.275254,319.98914,1.8439791,313.92636,1.6912402,0.0,1.0,0.07082727,0.0036426587,,,0.07207717,0.0030374527,,,0.15070558,0.05697203,298.90787,1.7031252,0.0,1.0,0.049586244,0.0032501593,,,0.05124917,0.002744156,,,0.15070558,0.05697203,2,0.0,174.66401689,-1.53717485,174.66401689,-1.53717485,15.105,14.985,0.07815,0.07684,-22.83,6.05,20.56,22.17,23.72,0.0963,3.3600006,11.38,1.38,0.081,8.0,0.0,GAMA,,,,True,True,True,True,True,True,True,True,True,True,True,True,True,True,0.005914599824406147,True,True,True,Elliptical,True,True,True,True
184046_blue_red_12_Y15SAR3_P005_12T094_2017_03_24-2017_04_02,184046_A,184046_blue_12_Y15SAR3_P005_12T094_2017_03_24-2017_04_02.fits,184046,244.0,5.0833335,257.07245,2.369545,267.8825,2.8962448,266.2601,3.0294487,267.8825,2.4562726,263.14972,2.5054464,260.8279,2.1400392,0.0,1.0,0.05308329,0.005572559,,,0.056653507,0.00508412,,,0.09597553,0.047813054,258.8883,2.0020938,0.0,1.0,0.04986301,0.005540124,,,0.053277068,0.0051028193,,,0.09597553,0.047813054,2,0.0,174.70806548,-1.45814613,174.70806548,-1.45814613,16.056,15.998,0.0803,0.07899,-21.91,2.87,20.08,21.53,23.09,0.1316,69.979996,10.96,1.34,0.08,8.0,0.0,GAMA,,,,True,True,True,True,True,True,True,True,True,True,True,True,True,True,0.00921742100330082,True,True,True,Elliptical,True,True,True,True
184202_blue_red_7_Y18SAR4_P001_12T128_2018_05_07-2018_05_16,184202_A,184202_blue_7_Y18SAR4_P001_12T128_2018_05_07-2018_05_16.fits,184202,204.0,29.499998,180.7091,1.5312883,184.7236,2.1360106,188.09439,2.6350744,184.7236,2.296501,181.24886,1.9117626,179.94006,1.7230104,0.0,1.0,0.037350614,0.007953324,,,0.042834498,0.007243275,,,0.41312656,0.24269608,180.86575,1.7490522,0.0,1.0,0.030332515,0.008369836,,,0.03497145,0.007541314,,,0.41312656,0.24269608,1,1.0,175.47617859,-1.45588909,175.47617859,-1.45588909,16.515,16.535,0.09455,0.09322,-21.77,2.85,20.05,21.34,22.93,0.4544,61.73001,10.88,1.33,0.06,3.0,0.0,GAMA,,,,False,True,True,True,True,True,True,True,True,True,True,True,True,True,0.008473775255368987,True,True,True,S0,False,True,True,True
184648_blue_red_7_Y14SAR4_P006_12T068_2014_05_23-2014_06_01,184648_A,184648_blue_7_Y14SAR4_P006_12T068_2014_05_23-2014_06_01.fits,184648,59.5,0.6666667,160.22507,0.6616131,161.78519,0.65881974,172.78014,1.2570702,169.86485,0.9063187,166.93304,0.746513,162.5471,0.619985,0.0,1.0,0.2627329,0.0023495506,,,0.2714776,0.00222418,,,0.013201077,0.004325733,161.82768,0.6461589,0.0,1.0,0.25473127,0.0023558508,,,0.2622833,0.0022391456,,,0.013201077,0.004325733,1,0.0,177.4014459,-1.45549329,177.4014459,-1.45549329,13.813,13.749,0.02069,0.01875,-21.05,5.64,19.17,20.49,22.07,0.224,59.11,10.6,1.18,0.078,8.0,0.0,GAMA,,,,False,True,True,True,True,True,True,True,True,True,True,True,True,True,0.0041292732778959,True,True,True,Elliptical,True,True,True,True
185085_blue_red_7_Y17SAR3_P006_12T107_2018_04_09-2018_04_19,185085_A,185085_blue_7_Y17SAR3_P006_12T107_2018_04_09-2018_04_19.fits,185085,1.0,1.083332,189.1346,1.272828,181.25002,1.3428959,182.42902,2.027989,181.03506,1.407101,182.45644,1.1363776,182.816,1.1177009,0.0,1.0,0.28587255,0.0049806824,,,0.3255358,0.0054149823,,,0.038025357,0.008290222,184.36229,1.318381,0.0,1.0,0.21911432,0.005040323,,,0.24848701,0.0050702286,,,0.038025357,0.008290222,1,1.0,178.97876826,-1.60334071,178.97876826,-1.60334071,15.374,15.334,0.06556,0.06428,-22.08,3.32,19.1,20.51,22.08,0.5084,179.76999,10.96,1.21,0.097,8.0,0.0,GAMA,,,,False,True,True,True,True,True,True,True,True,True,True,True,True,True,0.006729746963273774,True,True,True,S0,False,True,True,True
185224_blue_red_7_Y14SAR3_P011_12T062_2016_05_02-2016_05_10,185224_A,185224_blue_7_Y14SAR3_P011_12T062_2016_05_02-2016_05_10.fits,185224,155.5,0.33333334,195.63913,1.5979235,168.48665,1.7743181,169.48561,2.302078,168.48665,1.8280652,170.47784,1.356721,170.08847,1.5831302,0.0,1.0,0.6241645,0.0061485553,,,0.8436772,0.011483619,,,0.02254031,0.0034551448,181.04282,1.3020701,0.0,1.0,0.593806,0.0062106643,,,0.7664887,0.01032434,,,0.02254031,0.0034551448,1,1.0,179.58978973,-1.45842632,179.58978973,-1.45842632,16.03,16.053,0.08299,0.08169,-21.94,4.26,20.02,20.99,22.67,0.655,156.9,10.98,1.35,0.08,8.0,0.0,GAMA,,,,False,True,True,True,True,True,True,True,True,True,True,True,True,True,0.008167709087645197,True,True,True,S0,False,True,True,True
185365_blue_red_7_Y14SAR3_P011_12T062_2016_05_02-2016_05_10,185365_A,185365_blue_7_Y14SAR3_P011_12T062_2016_05_02-2016_05_10.fits,185365,17.0,1.4166666,100.27366,1.134076,100.22501,1.1391394,101.602165,1.3827096,102.46913,1.1354212,100.27366,1.0780069,99.14623,0.9372393,0.0,1.0,0.20442799,0.009114406,,,0.2184432,0.009062002,,,0.035076246,0.015043331,99.893,0.9780097,0.0,1.0,0.2106813,0.008696274,,,0.223022,0.008729287,,,0.035076246,0.015043331,1,0.5,180.0115588,-1.61473473,180.0115588,-1.61473473,16.193,16.19,0.0535,0.05224,-20.75,1.79,19.28,20.46,22.07,0.1623,116.92,10.39,1.13,0.125,8.0,0.0,GAMA,,,,False,True,True,True,True,True,True,True,True,True,True,True,True,True,0.011309809575116736,True,True,True,Elliptical/S0,False,True,True,True
185567_blue_red_8_Y14SAR4_P008_12T070_2016_04_04-2016_04_12,185567_A,185567_blue_8_Y14SAR4_P008_12T070_2016_04_04-2016_04_12.fits,185567,99.5,3.0833333,216.80211,1.6712481,224.9535,2.319685,227.67616,3.2729268,224.9535,2.148801,221.22984,1.9770857,219.5384,1.8102978,0.0,1.0,0.13373071,0.0072416323,,,0.14132045,0.0063535864,,,0.08727132,0.021975331,218.9276,1.8397617,0.0,1.0,0.11964337,0.007440165,,,0.12575538,0.0066289473,,,0.08727132,0.021975331,1,0.5,180.80043345,-1.48836433,180.80043345,-1.48836433,16.166,16.147,0.08366,0.08237,-21.86,3.58,20.3,21.65,23.23,0.3816,96.86,10.9,1.3,0.086,8.0,0.0,GAMA,,,,False,True,True,True,True,True,True,True,True,True,True,True,True,True,0.007708633924273154,True,True,True,Elliptical/S0,False,True,True,True
185914_blue_red_7_Y17SAR3_P007_12T108_2018_04_09-2018_04_19,185914_A,185914_blue_7_Y17SAR3_P007_12T108_2018_04_09-2018_04_19.fits,185914,356.5,1.3333309,197.69081,2.961636,218.79395,3.6297982,218.79395,3.2832716,215.84514,2.7503195,218.44658,2.6359532,214.8544,2.2501183,0.0,1.0,0.45202175,0.009931867,,,0.47810793,0.010724852,,,0.0458646,0.010836385,204.86452,2.328902,0.0,1.0,0.37066978,0.009451773,,,0.38900274,0.0098480405,,,0.0458646,0.010836385,1,0.5,182.45537204,-1.47165803,182.45537204,-1.47165803,16.128,16.139,0.11263,0.11131,-22.59,4.96,21.24,22.59,24.17,0.159,177.27,11.16,1.3,0.079,4.0,0.0,GAMA,,,,False,True,True,True,True,True,True,True,True,True,True,True,True,True,0.014981151627635093,True,True,True,Elliptical/S0,False,True,True,True
186470_blue_red_11_Y18SAR3_P002_12T129_2018_05_07-2018_05_16,186470_A,186470_blue_11_Y18SAR3_P002_12T129_2018_05_07-2018_05_16.fits,186470,132.5,2.75,141.45447,1.9581535,139.4963,1.7971293,142.46158,2.9741073,142.47574,1.9717954,138.39499,1.4977006,138.28433,1.3821459,,,,,,,,,,,,,144.83089,2.296427,,,,,,,,,,,,,1,1.0,184.65302771,-1.51681145,184.65302771,-1.51681145,16.562,16.544,0.07038,0.06913,-21.04,1.54,18.73,20.26,21.82,0.4628,133.53,10.49,1.16,0.101,3.0,0.0,GAMA,,,,False,True,True,True,True,True,True,True,True,True,True,True,True,True,0.013842994851983117,True,True,True,S0,False,True,True,True
198343_blue_red_6_Y14SAR2_P002_09T069_2014_04_02-2014_04_06,198343_A,198343_blue_6_Y14SAR2_P002_09T069_2014_04_02-2014_04_06.fits,198343,166.0,1.0833334,211.22374,2.0177736,208.07585,1.9151297,215.35744,2.6691272,211.26099,2.2503514,207.92105,2.0160184,207.20053,1.756788,0.0,1.0,0.19610743,0.010713246,,,0.22329001,0.010917896,,,,,210.05962,2.205839,0.0,1.0,,,,,,,,,,,1,1.0,139.04118585,-0.68882379,139.04118585,-0.68882379,16.181,16.187,0.0532,0.05207,-20.76,1.84,18.94,20.11,21.73,0.4251,166.77,10.48,1.25,0.138,8.0,0.0,GAMA,,,,False,True,True,True,True,True,True,True,True,True,True,True,True,True,0.009552778489766349,True,True,True,S0,False,True,True,True
198631_blue_red_8_Y14SAR1_P004_09T064_2015_02_16-2015_02_25,198631_A,198631_blue_8_Y14SAR1_P004_09T064_2015_02_16-2015_02_25.fits,198631,128.0,2.9166667,144.06041,1.7554702,139.05345,2.0255792,136.08961,3.2768004,139.38306,2.5694995,139.09407,1.8141863,139.82535,1.75782,0.0,1.0,0.26209188,0.011596646,,,0.28364974,0.012270288,,,0.062539816,0.02371516,139.95587,1.7761486,0.0,1.0,0.23806429,0.011461505,,,0.25313494,0.011693683,,,0.062539816,0.02371516,1,1.0,140.21921598,-0.767935,140.21921598,-0.767935,16.165,16.12,0.05684,0.0557,-20.95,3.38,20.35,21.65,23.24,0.3084,136.73,10.49,1.18,0.118,8.0,0.0,GAMA,,,,False,True,True,True,True,True,True,True,True,True,True,True,True,True,0.012185653227003867,True,True,True,S0,False,True,True,True
202399_blue_red_7_Y15SAR1_P001_09T097_2016_03_03-2016_03_13,202399_A,202399_blue_7_Y15SAR1_P001_09T097_2016_03_03-2016_03_13.fits,202399,118.0,1.9166666,178.08374,1.3728967,184.99825,1.5720174,187.54935,1.8748423,188.53015,1.6986866,182.19,1.4401115,182.67572,1.2661144,0.0,1.0,0.17959994,0.0050813504,,,0.18371274,0.00489799,,,0.033370417,0.016035289,180.25278,1.3279507,0.0,1.0,0.16009492,0.0050596036,,,0.1633172,0.00475769,,,0.033370417,0.016035289,1,1.0,129.45734504,-0.2516077,129.45734504,-0.2516077,15.153,15.084,0.05285,0.05184,-21.85,5.0,20.16,21.53,23.11,0.3089,148.42,10.95,1.29,0.13,8.0,0.0,GAMA,,,,False,True,True,True,True,True,True,True,True,True,True,True,True,True,0.007709275984432942,True,True,True,S0,False,True,True,True
202480_blue_red_7_Y18SAR1_P001_09T138_2018_02_12-2018_02_19,202480_A,202480_blue_7_Y18SAR1_P001_09T138_2018_02_12-2018_02_19.fits,202480,104.5,3.9166667,194.53346,1.7761093,202.42726,1.9402106,212.02148,2.6411612,207.5849,2.2414389,201.06859,1.9948043,200.31483,1.8439752,0.0,1.0,0.1776529,0.009807909,,,0.19766495,0.007826044,,,0.050396383,0.017658554,200.66489,1.8297411,0.0,1.0,0.17560287,0.008653584,,,0.18892488,0.007921806,,,0.050396383,0.017658554,1,0.5,129.92932234,-0.33696963,129.92932234,-0.33696963,16.108,15.9,0.05303,0.05202,-21.03,4.24,20.52,22.28,23.82,0.3106,100.19,10.56,1.21,0.111,8.0,0.0,GAMA,,,,False,True,True,True,True,True,True,True,True,True,True,True,True,True,0.00913009669390551,True,True,True,Elliptical/S0,False,True,True,True
203140_blue_red_7_Y13SAR1_P008_09T013_2013_04_12-2013_04_16,203140_A,203140_blue_7_Y13SAR1_P008_09T013_2013_04_12-2013_04_16.fits,203140,125.0,1.4166666,188.72206,1.801344,186.73308,1.8902578,191.09482,2.877078,186.73308,1.9949673,185.321,1.5732582,185.92035,1.6111999,0.0,1.0,0.23753725,0.007671551,,,0.2573457,0.008081144,,,0.021568257,0.014708132,186.2653,1.6356434,0.0,1.0,0.19430661,0.007889549,,,0.20428492,0.0078920545,,,0.021568257,0.014708132,1,1.0,132.74333509,-0.22884554,132.74333509,-0.22884554,16.158,16.155,0.08804,0.08696,-21.97,2.57,19.76,21.07,22.66,0.3054,128.32,10.93,1.29,0.111,8.0,0.0,GAMA,,,,False,True,True,True,True,True,True,True,True,True,True,True,True,True,0.00954495727738453,True,True,True,S0,False,True,True,True
203833_blue_red_7_Y16SAR2_P002_09T118_2016_03_03-2016_03_13,203833_A,203833_blue_7_Y16SAR2_P002_09T118_2016_03_03-2016_03_13.fits,203833,178.5,3.4999979,207.119,1.4741863,214.64708,1.6476593,218.9185,1.8903952,220.00865,1.6359938,212.12036,1.4576389,210.8093,1.3700529,0.0,1.0,0.08270844,0.0048900233,,,0.08599836,0.0043882434,,,0.06787258,0.026349181,207.209,1.5115192,0.0,1.0,0.07503625,0.0048302654,,,0.07897442,0.004442274,,,0.06787258,0.026349181,1,0.0,135.45654592,-0.39792396,135.45654592,-0.39792396,15.328,15.213,0.05399,0.0529,-21.76,3.55,19.7,21.22,22.78,0.1671,102.53,10.9,1.27,0.154,8.0,0.0,GAMA,,,,False,True,True,True,True,True,True,True,True,True,True,True,True,True,0.007117581197282721,True,True,True,Elliptical,True,True,True,True
204093_blue_red_7_Y15SAR2_P003_09T112_2016_02_08-2016_02_14,204093_A,204093_blue_7_Y15SAR2_P003_09T112_2016_02_08-2016_02_14.fits,204093,67.0,1.8333334,183.37813,2.6935284,180.11862,2.928036,182.46109,3.5090194,180.11862,2.7376642,179.91049,2.322085,180.7151,2.3044136,0.0,1.0,0.3270485,0.014004777,,,0.37426403,0.015178027,,,0.012504674,0.0115261,181.3775,2.7499714,0.0,1.0,0.27188748,0.012996641,,,0.29795855,0.0131414095,,,0.012504674,0.0115261,1,1.0,136.60417503,-0.23777465,136.60417503,-0.23777465,16.721,16.665,0.09619,0.09505,-21.7,2.43,19.21,20.43,22.04,0.729,61.960007,10.92,1.44,0.128,4.0,0.0,GAMA,,,,False,True,True,True,True,True,True,True,True,True,True,True,True,True,0.014688384051031603,True,True,True,S0,False,True,True,True
204832_blue_red_6_Y14SAR2_P002_09T069_2014_04_02-2014_04_06,204832_A,204832_blue_6_Y14SAR2_P002_09T069_2014_04_02-2014_04_06.fits,204832,88.0,29.916666,63.41162,1.806114,66.567764,2.1956794,71.87397,3.731082,68.79307,2.6576438,66.02095,1.9451542,64.12936,1.9027172,0.0,1.0,0.14581254,0.026031278,,,0.16318275,0.02446733,,,0.43657005,0.31551805,63.253914,1.9263226,0.0,1.0,0.13528977,0.026659809,,,0.15512314,0.025294706,,,0.43657005,0.31551805,1,0.0,139.65673704,-0.31597758,139.65673704,-0.31597758,16.981,16.991,0.05637,0.05523,-20.05,2.75,21.13,22.15,23.8,0.0222,54.070007,10.07,1.11,0.112,8.0,0.0,GAMA,,,,False,True,True,True,True,True,True,True,True,True,True,True,True,True,0.02848238225107638,True,True,True,Elliptical,True,True,True,True
204877_blue_red_6_Y14SAR2_P002_09T069_2014_04_02-2014_04_06,204877_A,204877_blue_6_Y14SAR2_P002_09T069_2014_04_02-2014_04_06.fits,204877,183.5,9.333331,78.186066,2.1136973,80.83246,2.0153127,79.73227,3.6716588,81.40364,2.588808,79.989395,1.9859558,79.35071,1.9699564,0.0,1.0,0.16975304,0.02356544,,,0.19561423,0.02685555,,,0.7911721,0.5449794,79.17993,1.9554011,0.0,1.0,0.085724026,0.022822205,,,0.10544238,0.024039598,,,0.7911721,0.5449794,1,0.0,139.88496524,-0.29992712,139.88496524,-0.29992712,16.857,16.709,0.05526,0.05412,-20.31,3.61,21.37,22.88,24.44,0.0761,142.79,10.21,1.13,0.117,8.0,0.0,GAMA,,,,False,True,True,True,True,True,True,True,True,True,True,True,True,True,0.027034194302601185,True,True,True,Elliptical,True,True,True,True
204983_blue_red_8_Y14SAR1_P004_09T064_2015_02_16-2015_02_25,204983_A,204983_blue_8_Y14SAR1_P004_09T064_2015_02_16-2015_02_25.fits,204983,326.0,1.0,145.1852,1.9825838,130.03333,1.8917896,129.75299,2.794252,130.51964,2.1912231,129.00629,2.0054588,130.23352,1.7206136,0.0,1.0,0.4991032,0.009133625,,,0.63680524,0.013301245,,,0.017924039,0.0076764734,137.28514,1.7845716,0.0,1.0,0.45550248,0.009334185,,,0.56413317,0.012927921,,,0.017924039,0.0076764734,1,1.0,140.30728014,-0.23044183,140.30728014,-0.23044183,15.869,15.845,0.05608,0.05494,-21.19,4.83,20.61,21.75,23.37,0.4167,140.67,10.52,1.08,0.114,8.0,0.0,GAMA,,,,False,True,True,True,True,True,True,True,True,True,True,True,True,True,0.013655550290249969,True,True,True,S0,False,True,True,True
205089_blue_red_7_Y14SAR2_P006_09T073_2016_03_03-2016_03_13,205089_B,205089_blue_7_Y14SAR2_P006_09T073_2016_03_03-2016_03_13.fits,205089,105.5,2.0,127.506165,1.6272578,121.44123,1.6874352,128.04608,2.5413837,123.44992,1.7527533,122.923325,1.7217221,123.99176,1.8290263,0.0,1.0,0.3579339,0.011686905,,,0.42189085,0.013465764,,,0.065717325,0.01523773,124.23793,1.8710693,0.0,1.0,0.30798763,0.012244718,,,0.34915656,0.013305763,,,0.065717325,0.01523773,2,1.0,140.55532449,-0.36339142,140.55532449,-0.36339142,16.558,16.542,0.05812,0.05697,-20.6,3.17,20.33,21.66,23.25,0.4516,104.78,10.4,1.23,0.115,8.0,0.0,GAMA,,,,True,True,True,True,True,True,True,True,True,True,True,True,True,True,0.012762189185126853,True,True,True,S0,False,True,True,True
205161_blue_red_8_Y14SAR1_P004_09T064_2015_02_16-2015_02_25,205161_A,205161_blue_8_Y14SAR1_P004_09T064_2015_02_16-2015_02_25.fits,205161,257.5,2.0833333,264.9148,2.8747067,261.3983,2.8402288,275.2289,4.952687,262.55457,3.559972,260.89594,2.6173568,257.59552,2.6325557,0.0,1.0,0.23578532,0.006949916,,,0.25672454,0.006570525,,,0.05920155,0.0106097115,265.09167,2.4891715,0.0,1.0,0.2391743,0.0069840867,,,0.25831544,0.0065845256,,,0.05920155,0.0106097115,1,1.0,140.68724345,-0.3488322,140.68724345,-0.3488322,14.931,14.8,0.0594,0.05825,-22.4,6.48,20.41,21.88,23.44,0.376,78.860016,11.14,1.27,0.107,8.0,0.0,GAMA,,,,False,True,True,True,True,True,True,True,True,True,True,True,True,True,0.010851438651219184,True,True,True,S0,False,True,True,True
205168_blue_red_7_Y14SAR1_P001_09T061_2015_02_16-2015_02_25,205168_A,205168_blue_7_Y14SAR1_P001_09T061_2015_02_16-2015_02_25.fits,205168,8.5,2.3333333,117.75599,2.919869,112.96973,2.3583117,108.32319,3.7244747,110.34132,2.3735096,115.280846,2.3197315,117.96815,2.5481207,0.0,1.0,0.34161466,0.028597046,,,0.39793912,0.034310225,,,,,110.34132,2.5576642,,,,,,,,,,,,,1,1.0,140.72565299,-0.34796012,140.72565299,-0.34796012,16.793,16.774,0.05741,0.05626,-20.33,2.1,18.91,20.22,21.8,0.7339,15.820007,10.26,1.19,0.106,8.0,0.0,GAMA,,,,False,True,True,True,True,True,True,True,True,True,True,True,True,True,0.024795927578715952,True,True,True,S0,False,True,True,True
205208_blue_red_7_Y14SAR1_P001_09T061_2015_02_16-2015_02_25,205208_A,205208_blue_7_Y14SAR1_P001_09T061_2015_02_16-2015_02_25.fits,205208,283.5,9.333333,104.873085,2.7859228,104.01114,2.8266125,110.998085,3.2960927,105.967415,3.3722527,106.437996,2.7584047,108.66809,2.629767,0.0,1.0,,,,,,,,,,,104.883064,3.2964265,,,,,,,,,,,,,1,1.0,140.83517658,-0.39711103,140.83517658,-0.39711103,17.242,17.178,0.05545,0.0543,-19.85,1.47,19.2,20.46,22.05,0.554,92.04,10.09,1.22,0.102,8.0,0.0,GAMA,,,,False,True,True,True,True,True,True,True,True,True,True,True,True,True,0.02656470723637051,True,True,True,S0,False,True,True,True
205211_blue_red_7_Y14SAR2_P006_09T073_2016_03_03-2016_03_13,205211_A,205211_blue_7_Y14SAR2_P006_09T073_2016_03_03-2016_03_13.fits,205211,32.0,29.499998,130.85611,2.0238993,135.24019,1.8649883,130.95999,2.7872055,134.2396,2.1130354,134.66838,2.0744982,134.23692,1.9822044,0.0,1.0,0.105618,0.0159451,,,0.11632957,0.015075201,,,0.62109554,0.28881025,132.05418,2.0659418,0.0,1.0,0.101360105,0.015602289,,,0.10946686,0.014210292,,,0.62109554,0.28881025,1,0.5,140.84796086,-0.40347647,140.84796086,-0.40347647,16.232,16.204,0.05476,0.05361,-20.78,3.75,20.88,22.26,23.84,0.1969,94.36,10.43,1.17,0.103,8.0,0.0,GAMA,,,,False,True,True,True,True,True,True,True,True,True,True,True,True,True,0.01546660144490005,True,True,True,Elliptical/S0,False,True,True,True
208652_blue_red_7_Y18SAR1_P001_09T138_2018_02_12-2018_02_19,208652_A,208652_blue_7_Y18SAR1_P001_09T138_2018_02_12-2018_02_19.fits,208652,249.0,3.3333333,153.8418,1.2841157,152.08655,1.3683858,157.9369,1.898848,154.00723,1.6093526,152.08655,1.4563882,151.11954,1.1933442,0.0,1.0,0.14647487,0.007467068,,,0.15550439,0.0074353125,,,0.10909219,0.024133,154.2069,1.3369117,0.0,1.0,0.12724566,0.0072939005,,,0.13768567,0.0071701813,,,0.10909219,0.024133,1,0.0,129.7534118,0.0622835,129.7534118,0.0622835,14.964,14.91,0.05083,0.04982,-21.93,5.25,20.46,21.83,23.4,0.0048,39.070007,11.0,1.3,0.156,8.0,0.0,GAMA,,,,False,True,True,True,True,True,True,True,True,True,True,True,True,True,0.008346988269768034,True,True,True,Elliptical,True,True,True,True
208876_blue_red_10_Y14SAR2_P008_09T075_2017_02_27-2017_03_05,208876_A,208876_blue_10_Y14SAR2_P008_09T075_2017_02_27-2017_03_05.fits,208876,257.5,1.25,154.76094,1.6292584,151.93602,1.4726213,148.71846,2.4373512,152.25032,1.9298377,151.93602,1.424752,153.14992,1.470621,0.0,1.0,0.21888192,0.011928126,,,0.2613135,0.012162174,,,,,152.25032,1.9525188,0.0,1.0,,,,,,,,,,,1,1.0,130.60860556,0.13638264,130.60860556,0.13638264,16.21,16.196,0.05165,0.05063,-20.66,1.84,18.53,19.87,21.45,0.5937,76.350006,10.39,1.19,0.136,8.0,0.0,GAMA,,,,False,True,True,True,True,True,True,True,True,True,True,True,True,True,0.010527581442707701,True,True,True,S0,False,True,True,True
209185_blue_red_7_Y15SAR2_P001_09T107_2016_02_08-2016_02_14,209185_A,209185_blue_7_Y15SAR2_P001_09T107_2016_02_08-2016_02_14.fits,209185,94.5,0.8333333,176.75218,1.7256429,176.85944,1.6059476,188.38145,2.551203,181.49355,1.7404937,176.85944,1.5258378,173.13063,1.4650646,0.0,1.0,0.5130183,0.0068786205,,,0.5766333,0.008674437,,,0.03363222,0.009081823,174.23885,1.4094887,0.0,1.0,0.37096757,0.006952037,,,0.40537363,0.0075627514,,,0.03363222,0.009081823,1,0.5,132.18426782,0.16849947,132.18426782,0.16849947,15.415,15.417,0.05262,0.05158,-21.48,5.64,20.57,22.06,23.62,0.3322,87.27,10.73,1.2,0.142,8.0,0.0,GAMA,,,,False,True,True,True,True,True,True,True,True,True,True,True,True,True,0.009763064308457185,True,True,True,Elliptical/S0,False,True,True,True
209680_blue_red_7_Y15SAR2_P002_09T108_2016_02_08-2016_02_14,209680_A,209680_blue_7_Y15SAR2_P002_09T108_2016_02_08-2016_02_14.fits,209680,150.0,14.666665,199.64397,2.5319698,229.49403,1.9752614,231.51521,2.9945164,230.74077,2.6128697,228.84976,2.084139,223.12146,2.0914776,1.0,0.88675404,0.10950062,0.0073765046,0.100519195,0.0073765046,0.1122968,0.006363482,0.10398277,0.006363482,0.3096083,0.08556135,206.88277,1.988453,0.0,1.0,0.08135955,0.0070623676,,,0.08755482,0.0062532877,,,0.3096083,0.08556135,1,0.0,134.48904486,0.17119032,134.48904486,0.17119032,14.938,14.846,0.05402,0.05295,-22.14,7.67,20.91,22.49,24.04,0.1707,91.740005,11.11,1.35,0.105,8.0,0.0,GAMA,,,,False,True,True,True,True,True,True,True,True,True,True,True,True,True,0.012682425619967385,True,True,True,Elliptical,True,True,True,True
210375_blue_red_7_Y14SAR2_P005_09T072_2017_02_27-2017_03_05,210375_A,210375_blue_7_Y14SAR2_P005_09T072_2017_02_27-2017_03_05.fits,210375,208.5,1.1666666,177.51111,1.3663688,175.03725,1.406921,177.78221,2.5286741,176.66586,1.7887911,174.94139,1.4890056,175.35968,1.3959912,0.0,1.0,0.24599561,0.007539569,,,0.26280773,0.008132858,,,,,176.10435,1.6401764,,,,,,,,,,,,,1,1.0,138.22591716,0.09076451,138.22591716,0.09076451,16.08,16.054,0.05557,0.05445,-20.98,2.28,19.17,20.62,22.19,0.4236,25.830002,10.54,1.23,0.095,8.0,0.0,GAMA,,,,False,True,True,True,True,True,True,True,True,True,True,True,True,True,0.007697370604014589,True,True,True,S0,False,True,True,True
210467_blue_red_7_Y18SAR2_P001_09T143_2018_03_12-2018_03_22,210467_A,210467_blue_7_Y18SAR2_P001_09T143_2018_03_12-2018_03_22.fits,210467,307.5,9.25,177.33728,2.7920728,179.32033,3.946691,175.5205,4.8638964,179.32033,4.244783,179.6942,3.4137812,179.58151,3.4699454,0.0,1.0,0.07078664,0.019049836,,,0.0852765,0.018848509,,,,,178.05482,3.4089053,,,,,,,,,,,,,1,0.0,138.48371402,0.05958424,138.48371402,0.05958424,17.243,17.144,0.09372,0.09256,-21.13,1.98,20.24,21.82,23.37,0.2495,79.899994,10.63,1.35,0.1,3.0,0.0,GAMA,,,,False,True,True,True,True,True,True,True,True,True,True,True,True,True,0.015744421026419264,True,True,True,Elliptical,True,True,True,True
214211_blue_red_7_Y17SAR2_P001_09T126_2017_03_24-2017_04_02,214211_A,214211_blue_7_Y17SAR2_P001_09T126_2017_03_24-2017_04_02.fits,214211,165.0,12.499997,144.87468,1.5425711,168.7211,2.043779,171.1078,2.755246,168.7211,1.7990716,161.40263,1.5955211,157.81856,1.5576656,0.0,1.0,0.07946873,0.0080238255,,,0.081496365,0.0068344483,,,0.49951896,0.29691455,153.75166,1.2971598,0.0,1.0,0.054739006,0.007665219,,,0.05833949,0.0065990775,,,0.49951896,0.29691455,1,0.5,129.26993475,0.42908598,129.26993475,0.42908598,15.966,15.961,0.07868,0.07765,-21.89,3.52,20.52,22.03,23.59,0.0402,142.81999,10.9,1.28,0.15,8.0,0.0,GAMA,,,,False,True,True,True,True,True,True,True,True,True,True,True,True,True,0.010647623863604046,True,True,True,Elliptical/S0,False,True,True,True
214363_blue_red_7_Y17SAR2_P003_09T134_2018_02_12-2018_02_19,214363_A,214363_blue_7_Y17SAR2_P003_09T134_2018_02_12-2018_02_19.fits,214363,237.5,1.1666666,187.61394,1.1276764,190.20644,1.2856758,194.86432,2.0231054,191.59055,1.535123,190.20644,1.3162273,190.24551,1.1415282,0.0,1.0,0.3039295,0.003756305,,,0.32102063,0.0037696823,,,0.0425115,0.006663329,188.25214,1.093471,0.0,1.0,0.28104097,0.003706401,,,0.2945939,0.0036958375,,,0.0425115,0.006663329,1,1.0,129.97057844,0.43242663,129.97057844,0.43242663,14.495,14.438,0.04313,0.04213,-22.0,6.67,20.12,21.5,23.08,0.3061,55.550003,10.99,1.24,0.165,8.0,0.0,GAMA,,,,False,True,True,True,True,True,True,True,True,True,True,True,True,True,0.006010621598800173,True,True,True,S0,False,True,True,True
214895_blue_red_7_Y15SAR2_P001_09T107_2016_02_08-2016_02_14,214895_A,214895_blue_7_Y15SAR2_P001_09T107_2016_02_08-2016_02_14.fits,214895,355.0,2.8333313,133.2489,2.3491085,130.1919,1.6651127,133.54016,3.0612931,132.7291,2.1680043,130.45215,1.9027824,133.838,1.8760338,,,,,,,,,,,,,134.10309,2.3432224,,,,,,,,,,,,,1,1.0,131.97905512,0.5666869,131.97905512,0.5666869,16.832,16.776,0.05959,0.05855,-20.41,1.32,18.44,19.77,21.36,0.6112,174.1,10.27,1.17,0.17,8.0,0.0,GAMA,,,,False,True,True,True,True,True,True,True,True,True,True,True,True,True,0.017629477616700775,True,True,True,S0,False,True,True,True
215289_blue_red_7_Y14SAR2_P001_09T068_2014_04_02-2014_04_06,215289_A,215289_blue_7_Y14SAR2_P001_09T068_2014_04_02-2014_04_06.fits,215289,190.0,2.5,179.2809,1.6384974,180.36122,1.6070864,187.48839,2.2321875,182.12328,1.773311,179.0683,1.5422883,178.81197,1.290485,0.0,1.0,0.13685462,0.0077645783,,,0.14445513,0.0069726855,,,0.08837729,0.019154403,180.09688,1.6919668,0.0,1.0,0.13859499,0.007793878,,,0.14642267,0.007021267,,,0.08837729,0.019154403,1,0.0,133.50575734,0.55898013,133.50575734,0.55898013,15.602,15.525,0.05867,0.05761,-21.64,3.05,19.94,21.21,22.81,0.0714,3.1100006,10.81,1.24,0.173,8.0,0.0,GAMA,,,,False,True,True,True,True,True,True,True,True,True,True,True,True,True,0.009139274735903268,True,True,True,Elliptical,True,True,True,True
216149_blue_red_7_Y16SAR2_P001_09T116_2016_03_03-2016_03_13,216149_A,216149_blue_7_Y16SAR2_P001_09T116_2016_03_03-2016_03_13.fits,216149,279.0,0.9166667,220.25195,1.7852921,213.18645,1.6663179,217.36472,2.5187905,213.14624,1.7837306,212.69276,1.6119776,213.79442,1.5028558,0.0,1.0,0.2442487,0.008135141,,,0.27619034,0.007842993,,,0.022905482,0.00915114,212.99577,1.782553,0.0,1.0,0.23840313,0.007689051,,,0.25221387,0.0073193847,,,0.022905482,0.00915114,1,1.0,137.02439499,0.57333959,137.02439499,0.57333959,15.915,15.824,0.05483,0.05373,-21.18,1.88,18.07,19.46,21.03,0.6597,96.87,10.63,1.24,0.135,8.0,0.0,GAMA,,,,False,True,True,True,True,True,True,True,True,True,True,True,True,True,0.00810568124368479,True,True,True,S0,False,True,True,True
216184_blue_red_7_Y16SAR2_P001_09T116_2016_03_03-2016_03_13,216184_A,216184_blue_7_Y16SAR2_P001_09T116_2016_03_03-2016_03_13.fits,216184,213.0,0.9166667,151.06465,0.8266079,149.9404,0.7724103,146.43634,1.577284,148.95741,1.0633838,148.90216,0.9315819,148.06532,0.922309,0.0,1.0,0.2520458,0.0029104678,,,0.2708106,0.002867449,,,0.025018755,0.0051249787,151.03793,0.8680594,0.0,1.0,0.25596097,0.0029085476,,,0.27413082,0.0028429367,,,0.025018755,0.0051249787,1,0.0,137.17432015,0.48469129,137.17432015,0.48469129,13.981,13.888,0.01959,0.01879,-20.8,5.24,19.49,20.58,22.22,0.0813,36.880005,10.51,1.19,0.14,8.0,0.0,GAMA,,,,False,True,True,True,True,True,True,True,True,True,True,True,True,True,0.005471881740698435,True,True,True,Elliptical,True,True,True,True
216396_blue_red_7_Y18SAR2_P001_09T143_2018_03_12-2018_03_22,216396_A,216396_blue_7_Y18SAR2_P001_09T143_2018_03_12-2018_03_22.fits,216396,122.5,2.0833333,203.52415,1.9014808,200.46957,2.1764758,198.06377,3.2098472,202.48898,2.2891436,202.11783,1.9732733,201.86288,1.7309645,0.0,1.0,0.23955671,0.008758607,,,0.26496235,0.008528161,,,0.055552952,0.0123396,204.03818,1.810167,0.0,1.0,0.22696057,0.008711727,,,0.2501259,0.008508299,,,0.055552952,0.0123396,1,1.0,138.01793908,0.42179788,138.01793908,0.42179788,15.767,15.702,0.05579,0.05468,-21.34,3.89,20.0,21.46,23.03,0.4186,121.36,10.72,1.26,0.099,8.0,0.0,GAMA,,,,False,True,True,True,True,True,True,True,True,True,True,True,True,True,0.009342777257637484,True,True,True,S0,False,True,True,True
219992_blue_red_7_Y17SAR3_P009_12T110_2018_04_09-2018_04_19,219992_A,219992_blue_7_Y17SAR3_P009_12T110_2018_04_09-2018_04_19.fits,219992,157.5,2.4166667,140.22165,2.725152,137.76933,2.665243,143.02354,3.461252,137.76933,2.9739773,136.40869,2.390256,140.43616,2.201822,0.0,1.0,0.2227027,0.019008387,,,0.255365,0.019065393,,,0.06364564,0.02381245,140.06184,2.5698009,0.0,1.0,0.20160906,0.018136833,,,0.24014412,0.017673163,,,0.06364564,0.02381245,1,1.0,179.90522416,1.49603095,179.90522416,1.49603095,17.151,17.147,0.07945,0.07817,-20.74,1.83,19.81,20.79,22.46,0.4784,153.48,10.45,1.27,0.078,3.0,0.0,GAMA,,,,False,True,True,True,True,True,True,True,True,True,True,True,True,True,0.019434602288590955,True,True,True,S0,False,True,True,True
220112_blue_red_7_Y14SAR3_P009_12T060_2015_05_14-2015_05_20,220112_A,220112_blue_7_Y14SAR3_P009_12T060_2015_05_14-2015_05_20.fits,220112,99.5,1.1666666,79.852356,0.88130695,81.035286,1.0046451,87.60381,1.4681515,84.676735,1.0482987,85.15142,1.0344026,84.13203,0.9534069,0.0,1.0,0.24445571,0.0062592635,,,0.24709864,0.0056437226,,,0.033592153,0.010731877,79.96089,1.0358249,0.0,1.0,0.24517485,0.0062539987,,,0.24728714,0.0056333924,,,0.033592153,0.010731877,1,0.0,180.52256862,1.52589798,180.52256862,1.52589798,14.826,14.811,0.02147,0.01968,-20.07,4.57,20.03,21.38,22.96,0.0418,103.28001,10.12,1.08,0.074,8.0,0.0,GAMA,,,,False,True,True,True,True,True,True,True,True,True,True,True,True,True,0.011036705667143997,True,True,True,Elliptical,True,True,True,True
220218_blue_red_7_Y14SAR3_P009_12T060_2015_05_14-2015_05_20,220218_A,220218_blue_7_Y14SAR3_P009_12T060_2015_05_14-2015_05_20.fits,220218,340.0,6.0833335,122.5845,1.8023434,125.782936,1.6212273,128.25783,2.4481268,124.698044,2.0181582,125.782936,1.6146472,125.267075,1.7598349,0.0,1.0,0.14656323,0.010834565,,,0.16307174,0.010955991,,,0.15762296,0.041544776,125.435295,1.5940405,0.0,1.0,0.10584081,0.010097878,,,0.11930443,0.009162098,,,0.15762296,0.041544776,1,0.0,180.8180342,1.63546555,180.8180342,1.63546555,15.75,15.746,0.04896,0.04772,-20.98,5.26,21.06,22.58,24.14,0.0407,148.51,10.5,1.15,0.075,8.0,0.0,GAMA,,,,False,True,True,True,True,True,True,True,True,True,True,True,True,True,0.014702865370417956,True,True,True,Elliptical,True,True,True,True
220328_blue_red_11_Y14SAR3_P007_12T058_2017_03_24-2017_04_02,220328_A,220328_blue_11_Y14SAR3_P007_12T058_2017_03_24-2017_04_02.fits,220328,76.5,1.6666666,81.73632,1.1031412,79.60122,1.1396756,76.95852,2.0929482,76.07925,1.6276946,77.11994,1.2497896,78.91396,1.173502,0.0,1.0,0.32334965,0.008759867,,,0.3843449,0.010096866,,,0.030574163,0.010895578,78.46278,1.2510524,0.0,1.0,0.28100064,0.008959493,,,0.32860187,0.009750733,,,0.030574163,0.010895578,1,1.0,181.06937208,1.54624511,181.06937208,1.54624511,15.614,15.612,0.02213,0.02045,-19.32,5.2,20.07,21.22,22.84,0.6185,80.45001,9.8,1.06,0.087,8.0,0.0,GAMA,,,,False,True,True,True,True,True,True,True,True,True,True,True,True,True,0.013496340427364481,True,True,True,S0,False,True,True,True
220394_blue_red_7_Y14SAR1_P001_12T041_2015_02_16-2015_02_25,220394_A,220394_blue_7_Y14SAR1_P001_12T041_2015_02_16-2015_02_25.fits,220394,274.0,1.0,107.49211,1.0833399,106.312836,1.0105182,102.18901,1.5752085,102.50645,1.0871408,102.99268,0.9824082,105.4253,0.9199906,0.0,1.0,0.34546232,0.00490402,,,0.37946963,0.0052487827,,,0.03974658,0.006977452,106.685005,0.94148713,0.0,1.0,0.32372686,0.0048360997,,,0.3526417,0.005119088,,,0.03974658,0.006977452,1,1.0,181.41942584,1.59349099,181.41942584,1.59349099,14.501,14.476,0.0222,0.02053,-20.47,5.56,20.01,21.11,22.74,0.1226,87.630005,10.3,1.11,0.074,8.0,0.0,GAMA,,,,False,True,True,True,True,True,True,True,True,True,True,True,True,True,0.010078320166940625,True,True,True,S0,False,True,True,True
220437_blue_red_11_Y14SAR3_P007_12T058_2017_03_24-2017_04_02,220437_A,220437_blue_11_Y14SAR3_P007_12T058_2017_03_24-2017_04_02.fits,220437,153.0,3.25,205.0075,2.0989635,213.22409,2.9734933,214.2319,4.7470293,213.22409,2.9333167,212.50609,2.2479508,213.92406,2.184852,0.0,1.0,0.16583204,0.0067287507,,,0.17915078,0.0063326103,,,0.07354484,0.018969119,210.55525,1.8191272,0.0,1.0,0.13653243,0.0067203604,,,0.14895223,0.006286196,,,0.07354484,0.018969119,1,0.0,181.59512158,1.47201838,181.59512158,1.47201838,15.654,15.63,0.07966,0.07838,-22.26,4.98,20.91,22.28,23.86,0.0507,158.01001,11.09,1.32,0.09,8.0,0.0,GAMA,,,,False,True,True,True,True,True,True,True,True,True,True,True,True,True,0.010238471763228174,True,True,True,Elliptical,True,True,True,True
220465_blue_red_11_Y14SAR3_P007_12T058_2017_03_24-2017_04_02,220465_A,220465_blue_11_Y14SAR3_P007_12T058_2017_03_24-2017_04_02.fits,220465,117.0,1.8333334,240.83266,1.8840313,240.75258,2.8078735,245.93735,4.0058193,240.75258,2.5665052,236.18108,2.1510835,235.24055,1.8208094,0.0,1.0,0.19655809,0.0050487127,,,0.21497925,0.0049746674,,,0.04191668,0.012601486,238.26654,1.9385394,0.0,1.0,0.17870606,0.004998485,,,0.19516838,0.004970635,,,0.04191668,0.012601486,1,0.5,181.75304533,1.49750244,181.75304533,1.49750244,15.252,15.203,0.08574,0.08446,-22.87,5.85,20.62,21.86,23.46,0.2936,118.869995,11.31,1.31,0.108,8.0,0.0,GAMA,,,,False,True,True,True,True,True,True,True,True,True,True,True,True,True,0.007822989207526918,True,True,True,Elliptical/S0,False,True,True,True
220499_blue_red_7_Y15SAR4_P001_12T091_2015_05_14-2015_05_20,220499_A,220499_blue_7_Y15SAR4_P001_12T091_2015_05_14-2015_05_20.fits,220499,268.0,2.9166667,137.0216,1.654973,134.38965,1.5392476,140.39447,3.2706203,134.87553,2.4423685,134.38965,1.642573,134.43219,1.7335113,0.0,1.0,0.24374996,0.011971441,,,0.26983848,0.011891876,,,0.058908157,0.020786067,134.58408,1.7511297,0.0,1.0,0.2159081,0.011956297,,,0.22621325,0.011539529,,,0.058908157,0.020786067,1,1.0,181.85849619,1.5455943,181.85849619,1.5455943,16.261,15.769,0.0491,0.04786,-21.04,3.75,20.41,22.02,23.57,0.4046,82.100006,10.69,1.26,0.101,8.0,0.0,GAMA,,,,False,True,True,True,True,True,True,True,True,True,True,True,True,True,0.012078190591848292,True,True,True,S0,False,True,True,True
220502_blue_red_11_Y14SAR3_P007_12T058_2017_03_24-2017_04_02,220502_A,220502_blue_11_Y14SAR3_P007_12T058_2017_03_24-2017_04_02.fits,220502,55.0,0.5833333,159.03165,0.76782846,153.88478,0.7705504,157.83908,1.5567949,154.90358,1.1174674,154.39516,0.87778175,154.27461,0.78483045,0.0,1.0,0.36630252,0.003068885,,,0.42773992,0.0034765683,,,0.02320553,0.005188798,155.38927,0.81155175,0.0,1.0,0.30875582,0.0031580736,,,0.35001165,0.0033911462,,,0.02320553,0.005188798,1,1.0,181.90865583,1.57421355,181.90865583,1.57421355,14.439,14.337,0.02184,0.02011,-20.57,5.76,18.98,20.28,21.87,0.6398,57.410004,10.37,1.14,0.1,8.0,0.0,GAMA,,,,False,True,True,True,True,True,True,True,True,True,True,True,True,True,0.004828148736430767,True,True,True,S0,False,True,True,True
227278_blue_red_9_Y13SAR1_P001_15T001_2013_03_05-2013_03_17,227278_A,227278_blue_9_Y13SAR1_P001_15T001_2013_03_05-2013_03_17.fits,227278,289.0,2.0833333,154.1339,1.6419635,153.12428,1.4787111,154.62286,2.6873357,156.61331,2.2714992,154.41461,1.9492396,153.14081,1.5848517,,,,,,,,,,,,,153.98215,1.8293568,,,,,,,,,,,,,1,1.0,212.82985142,1.30953672,212.82985142,1.30953672,15.393,15.368,0.02588,0.02496,-19.92,2.05,18.38,19.55,21.17,0.4252,112.96,10.11,1.15,0.142,8.0,0.0,GAMA,,,,False,True,True,True,True,True,True,True,True,True,True,True,True,True,0.010652838214046357,True,True,True,S0,False,True,True,True
227611_blue_red_11_Y17SAR3_P009_15T132_2018_04_09-2018_04_19,227611_A,227611_blue_11_Y17SAR3_P009_15T132_2018_04_09-2018_04_19.fits,227611,307.0,0.9166667,227.14713,1.5732776,228.00366,2.0361333,235.3457,3.0084147,228.7727,2.3574922,229.22144,1.9644791,226.8052,1.9582663,0.0,1.0,0.3147442,0.0049472596,,,0.34390137,0.00511637,,,0.018408861,0.0074991775,228.81137,1.9840398,0.0,1.0,0.25150684,0.0055167917,,,0.26764494,0.0056516374,,,0.018408861,0.0074991775,2,1.0,214.3066034,1.30190539,214.3066034,1.30190539,15.376,15.326,0.05659,0.0557,-21.76,3.65,19.47,20.95,22.51,0.4265,130.13,10.86,1.24,0.144,8.0,0.0,GAMA,,,,True,True,True,True,True,True,True,True,True,True,True,True,True,True,0.006926249079176126,True,True,True,S0,False,True,True,True
227617_blue_red_9_Y15SAR4_P001_15T110_2015_05_14-2015_05_20,227617_A,227617_blue_9_Y15SAR4_P001_15T110_2015_05_14-2015_05_20.fits,227617,272.0,10.333333,120.06133,3.4975457,120.37663,3.5088584,125.36057,4.644409,124.31844,3.6472428,117.63717,3.1427088,117.6711,2.8254335,1.0,0.8987911,0.24566005,0.01959132,0.22847746,0.01959132,0.28345704,0.020673104,0.26474565,0.020673104,0.22479345,0.06956232,115.71533,2.9083977,0.0,1.0,0.17881037,0.020122567,,,0.2100529,0.01960547,,,0.22479345,0.06956232,1,0.0,214.32397858,1.22152981,214.32397858,1.22152981,16.172,16.077,0.05515,0.05426,-20.94,4.97,21.31,22.87,24.42,0.1588,79.21999,10.52,1.2,0.151,8.0,0.0,GAMA,,,,False,True,True,True,True,True,True,True,True,True,True,True,True,True,0.02913132563165842,True,True,True,Elliptical,True,True,True,True
227905_blue_red_8_Y15SAR3_P002_15T108_2015_04_14-2015_04_22,227905_A,227905_blue_8_Y15SAR3_P002_15T108_2015_04_14-2015_04_22.fits,227905,256.0,1.0833334,183.49478,1.3418324,179.13655,1.3448659,176.07166,1.861738,178.85701,1.7294278,180.55974,1.3116066,180.73045,1.5628002,0.0,1.0,0.31262285,0.0067009414,,,0.37751734,0.0069245733,,,0.027716648,0.008528678,182.03873,1.5039712,0.0,1.0,0.27893627,0.0059640035,,,0.30405915,0.005764846,,,0.027716648,0.008528678,1,1.0,215.31936155,1.20743873,215.31936155,1.20743873,15.356,15.349,0.05568,0.05481,-21.69,3.45,18.62,19.96,21.54,0.7299,79.91998,10.79,1.18,0.149,8.0,0.0,GAMA,,,,False,True,True,True,True,True,True,True,True,True,True,True,True,True,0.007312646169008187,True,True,True,S0,False,True,True,True
228708_blue_red_11_Y17SAR3_P012_12T136_2018_05_07-2018_05_16,228708_A,228708_blue_11_Y17SAR3_P012_12T136_2018_05_07-2018_05_16.fits,228708,123.5,6.3333335,154.78857,2.0774143,167.99666,2.8030756,166.85431,2.9522347,167.99666,2.7055511,165.32384,2.3259737,161.26636,1.8682798,0.0,1.0,0.08768567,0.009478195,,,0.09406347,0.008408558,,,0.17547715,0.063770585,158.0175,2.1057327,0.0,1.0,0.083424106,0.009665412,,,0.08846144,0.008552807,,,0.17547715,0.063770585,1,0.0,218.45043403,1.18721545,218.45043403,1.18721545,16.204,16.21,0.09484,0.09399,-22.11,3.14,20.59,21.96,23.54,0.103,162.09,10.99,1.31,0.17,8.0,0.0,GAMA,,,,False,True,True,True,True,True,True,True,True,True,True,True,True,True,0.01342097998579611,True,True,True,Elliptical,True,True,True,True
229164_blue_red_7_Y15SAR4_P004_15T113_2016_03_03-2016_03_13,229164_A,229164_blue_7_Y15SAR4_P004_15T113_2016_03_03-2016_03_13.fits,229164,8.0,1.9166666,104.545166,0.9804572,113.6617,0.83940524,115.93251,1.3302525,117.31588,1.1467818,113.6617,0.88207895,111.49101,0.8366934,0.0,1.0,0.2496271,0.006245419,,,0.24306282,0.0058372742,,,0.035858676,0.016187662,109.13015,0.8999197,0.0,1.0,0.18046688,0.0062614824,,,0.18225332,0.0058923843,,,0.035858676,0.016187662,1,0.5,220.7318824,1.15111779,220.7318824,1.15111779,15.603,15.6,0.05029,0.04952,-21.19,4.08,20.29,21.97,23.51,0.1239,18.859993,10.57,1.14,0.15,8.0,0.0,GAMA,,,,False,True,True,True,True,True,True,True,True,True,True,True,True,True,0.009378312145011086,True,True,True,Elliptical/S0,False,True,True,True
230421_blue_red_7_Y17SAR3_P009_12T110_2018_04_09-2018_04_19,230421_A,230421_blue_7_Y17SAR3_P009_12T110_2018_04_09-2018_04_19.fits,230421,267.0,1.75,157.05946,1.2111835,153.69072,1.3849556,153.30754,1.7367978,155.49243,1.4970758,153.69072,1.2137039,154.05534,1.2335954,0.0,1.0,0.15549701,0.007679012,,,0.17288452,0.007396975,,,0.042930115,0.0198247,155.21992,1.2913947,0.0,1.0,0.14016241,0.007883397,,,0.15214567,0.0074968035,,,0.042930115,0.0198247,1,1.0,179.77182515,1.90992123,179.77182515,1.90992123,15.625,15.623,0.04869,0.04744,-21.11,2.58,18.99,20.3,21.89,0.4422,92.96,10.51,1.11,0.079,8.0,0.0,GAMA,,,,False,True,True,True,True,True,True,True,True,True,True,True,True,True,0.007711623992594906,True,True,True,S0,False,True,True,True
230455_blue_red_7_Y17SAR3_P009_12T110_2018_04_09-2018_04_19,230455_A,230455_blue_7_Y17SAR3_P009_12T110_2018_04_09-2018_04_19.fits,230455,20.0,5.25,205.06236,3.4321165,205.72278,3.123165,210.12077,4.100257,205.72278,2.9230883,201.01303,2.3872793,199.32976,2.6855395,1.0,0.8166383,0.15566573,0.010809749,0.13495524,0.010809749,0.16694874,0.009963552,0.14665003,0.009963552,0.10656414,0.03175413,200.56546,2.379767,0.0,1.0,0.12751028,0.0107471505,,,0.13952889,0.010055566,,,0.10656414,0.03175413,1,0.5,179.89602352,1.8670652,179.89602352,1.8670652,15.856,15.83,0.07884,0.07756,-22.07,7.1,21.44,22.73,24.32,0.3455,26.160004,11.05,1.37,0.088,8.0,0.0,GAMA,,,,False,True,True,True,True,True,True,True,True,True,True,True,True,True,0.016736940411687447,True,True,True,Elliptical/S0,False,True,True,True
230556_blue_red_7_Y17SAR3_P009_12T110_2018_04_09-2018_04_19,230556_A,230556_blue_7_Y17SAR3_P009_12T110_2018_04_09-2018_04_19.fits,230556,196.0,21.916664,171.73434,3.4475589,183.71893,3.5523214,191.673,4.850657,183.71893,3.53161,175.39915,2.5787816,175.94315,2.8547833,1.0,0.90569615,0.12801291,0.013059958,0.1193314,0.013059958,0.1386773,0.012292605,0.13015899,0.012292605,,,171.69151,2.8803737,0.0,1.0,0.11676344,0.013057194,,,0.12748541,0.012361863,,,,,1,0.0,180.3269596,1.89278283,180.3269596,1.89278283,15.978,15.98,0.07888,0.0776,-21.88,5.3,21.52,22.76,24.36,0.0672,73.56,10.97,1.34,0.102,8.0,0.0,GAMA,,,,False,True,True,True,True,True,True,True,True,True,True,True,True,True,0.02007495355908434,True,True,True,Elliptical,True,True,True,True
230567_blue_red_7_Y17SAR3_P009_12T110_2018_04_09-2018_04_19,230567_A,230567_blue_7_Y17SAR3_P009_12T110_2018_04_09-2018_04_19.fits,230567,182.0,1.6666657,239.38002,1.3949128,253.6696,1.7031696,259.81662,2.5329566,255.44823,2.0982697,253.6696,1.7192345,248.4893,1.5304031,0.0,1.0,0.17840916,0.0041880542,,,0.18137838,0.0037372324,,,0.03348915,0.011140799,243.38092,1.3762012,0.0,1.0,0.16055924,0.0041836654,,,0.16379692,0.0037964943,,,0.03348915,0.011140799,1,1.0,180.40956494,1.99188263,180.40956494,1.99188263,14.682,14.6,0.04874,0.0475,-22.15,5.0,19.58,20.97,22.54,0.3618,7.269989,11.04,1.24,0.104,8.0,0.0,GAMA,,,,False,True,True,True,True,True,True,True,True,True,True,True,True,True,0.005827189754600237,True,True,True,S0,False,True,True,True
230683_blue_red_8_Y17SAR3_P005_12T106_2018_05_07-2018_05_16,230683_A,230683_blue_8_Y17SAR3_P005_12T106_2018_05_07-2018_05_16.fits,230683,11.5,9.833332,64.024796,0.91193974,65.589645,0.87598777,77.19319,1.620632,71.28003,1.1475911,68.570595,0.8246449,67.567604,0.8427285,0.0,1.0,0.08296946,0.008462283,,,0.08976758,0.0080142105,,,0.3060536,0.13409407,65.56776,0.86485064,0.0,1.0,0.07419554,0.008075114,,,0.08064579,0.0072874622,,,0.3060536,0.13409407,1,0.0,180.86975065,1.97642781,180.86975065,1.97642781,15.406,15.423,0.02221,0.02054,-19.52,4.57,20.61,21.73,23.36,0.0299,13.459991,9.94,1.13,0.088,8.0,0.0,GAMA,,,,False,True,True,True,True,True,True,True,True,True,True,True,True,True,0.014243539955988304,True,True,True,Elliptical,True,True,True,True
230786_blue_red_11_Y14SAR1_P003_12T043_2015_02_16-2015_02_25,230786_A,230786_blue_11_Y14SAR1_P003_12T043_2015_02_16-2015_02_25.fits,230786,302.0,3.0833333,125.20055,1.0426608,122.29574,1.0348861,127.71707,1.8829055,127.11257,1.4367285,126.39204,1.1063387,124.94833,1.0446061,0.0,1.0,0.11695507,0.0067976136,,,0.12817438,0.006458023,,,0.056421753,0.021035613,125.46865,1.1127684,0.0,1.0,0.113512374,0.0069218758,,,0.12536015,0.006575848,,,0.056421753,0.021035613,1,0.0,181.0545379,1.90016163,181.0545379,1.90016163,15.588,15.565,0.02105,0.01919,-19.27,2.37,19.25,20.33,21.97,0.2025,123.4,9.93,1.24,0.103,8.0,0.0,GAMA,,,,False,True,True,True,True,True,True,True,True,True,True,True,True,True,0.00832792507700645,True,True,True,Elliptical,True,True,True,True
230787_blue_red_7_Y14SAR1_P001_12T041_2015_02_16-2015_02_25,230787_A,230787_blue_7_Y14SAR1_P001_12T041_2015_02_16-2015_02_25.fits,230787,95.0,14.75,64.4898,1.8492395,63.931534,2.3046696,68.07489,3.222894,66.35223,2.1460285,65.656555,1.84544,65.13258,2.0211112,0.0,1.0,0.13686995,0.022977531,,,0.15516755,0.023475347,,,0.32374617,0.11684244,64.226395,2.0787833,0.0,1.0,0.12711008,0.02343294,,,0.14331292,0.023539854,,,0.32374617,0.11684244,1,0.0,181.06213957,1.86667151,181.06213957,1.86667151,16.739,16.774,0.02246,0.02083,-18.19,2.33,20.36,21.48,23.11,0.1909,129.74,9.34,1.05,0.101,8.0,0.0,GAMA,,,,False,True,True,True,True,True,True,True,True,True,True,True,True,True,0.028674914482600348,True,True,True,Elliptical,True,True,True,True
230789_blue_red_6_Y14SAR1_P006_12T046_2015_02_16-2015_02_25,230789_A,230789_blue_6_Y14SAR1_P006_12T046_2015_02_16-2015_02_25.fits,230789,159.0,4.0833335,87.344604,1.4431888,85.60379,1.6088767,84.302536,1.8953289,86.71463,1.6390246,88.696915,1.3591472,87.764,1.223308,,,,,,,,,,,,,87.28846,1.5758967,,,,,,,,,,,,,1,0.5,181.07218222,1.91745956,181.07218222,1.91745956,16.682,16.627,0.0227,0.0211,-18.38,1.11,18.56,19.64,21.28,0.3084,156.10999,9.52,1.18,0.103,8.0,0.0,GAMA,,,,False,True,True,True,True,True,True,True,True,True,True,True,True,True,0.016522930254512343,True,True,True,Elliptical/S0,False,True,True,True
230793_blue_red_6_Y14SAR1_P002_12T042_2015_02_16-2015_02_25,230793_A,230793_blue_6_Y14SAR1_P002_12T042_2015_02_16-2015_02_25.fits,230793,116.0,2.0833333,87.36165,1.4741523,86.79471,1.3071775,90.92074,2.4679067,88.153046,1.8348355,85.50411,1.385675,85.92741,1.3507148,0.0,1.0,0.24280931,0.01068401,,,0.26793844,0.011177882,,,0.07826274,0.016987635,87.572685,1.3779024,0.0,1.0,0.21106958,0.010924028,,,0.23038487,0.010817295,,,0.07826274,0.016987635,1,1.0,181.12279847,1.93997181,181.12279847,1.93997181,15.624,15.661,0.01935,0.0173,-18.97,4.51,20.0,21.12,22.74,0.5543,107.899994,9.73,1.14,0.102,8.0,0.0,GAMA,,,,False,True,True,True,True,True,True,True,True,True,True,True,True,True,0.016874135275604343,True,True,True,S0,False,True,True,True
230797_blue_red_11_Y14SAR1_P003_12T043_2015_02_16-2015_02_25,230797_A,230797_blue_11_Y14SAR1_P003_12T043_2015_02_16-2015_02_25.fits,230797,9.0,29.916666,51.00309,3.0124316,51.470566,3.0703444,49.547836,3.623524,51.00309,2.8501012,49.79249,2.432164,48.420433,2.5207653,,,,,,,,,,,,,51.00309,2.986953,,,,,,,,,,,,,1,0.0,181.15316312,1.91898482,181.15316312,1.91898482,17.852,17.827,0.02145,0.01966,-17.03,0.95,19.69,20.81,22.43,0.0549,130.70001,8.94,1.13,0.101,8.0,0.0,GAMA,,,,False,True,True,True,True,True,True,True,True,True,True,True,True,True,0.05906370770868981,True,True,True,Elliptical,True,True,True,True
230880_blue_red_6_Y14SAR1_P006_12T046_2015_02_16-2015_02_25,230880_A,230880_blue_6_Y14SAR1_P006_12T046_2015_02_16-2015_02_25.fits,230880,1.5,3.0833313,69.02742,1.2740554,69.103134,1.296284,67.51235,2.8778994,70.323524,2.0331337,69.31819,1.4384587,69.37142,1.2687153,0.0,1.0,0.26315624,0.011834358,,,0.2880961,0.012494088,,,0.12023037,0.02838714,68.99681,1.1964998,0.0,1.0,0.24560091,0.0118079325,,,0.26526105,0.012206876,,,0.12023037,0.02838714,1,1.0,181.36470368,1.94811987,181.36470368,1.94811987,15.772,15.785,0.02057,0.01864,-19.0,4.89,20.63,21.68,23.33,0.4071,14.600006,9.7,1.09,0.09,8.0,0.0,GAMA,,,,False,True,True,True,True,True,True,True,True,True,True,True,True,True,0.018457236269297038,True,True,True,S0,False,True,True,True
238214_blue_red_15_Y14SAR2_P001_15T061_2014_04_02-2014_04_06,238214_A,238214_blue_15_Y14SAR2_P001_15T061_2014_04_02-2014_04_06.fits,238214,197.5,29.916666,80.27253,1.808933,78.70341,1.647656,81.81504,2.812394,79.69247,1.9036998,79.20244,1.7024446,76.955345,1.7145756,,,,,,,,,,,,,80.27253,1.9066192,,,,,,,,,,,,,3,0.5,213.62610101,1.73115722,213.62610101,1.73115722,17.629,17.039,0.05393,0.05304,-19.95,1.11,19.62,20.62,22.29,0.2028,27.330002,10.13,1.21,0.2,8.0,0.0,GAMA,,,,True,True,True,True,True,True,True,True,True,True,True,True,True,True,0.022534894564803176,True,True,True,Elliptical/S0,False,True,True,True
238276_blue_red_7_Y13SAR1_P012_15T012_2013_04_12-2013_04_16,238276_A,238276_blue_7_Y13SAR1_P012_15T012_2013_04_12-2013_04_16.fits,238276,10.0,1.0,155.65598,1.0420979,153.79634,1.3256775,156.20348,2.0944262,153.1793,1.4775501,153.5826,1.0888274,154.79486,1.1828123,0.0,1.0,0.2617024,0.0072800037,,,0.29803133,0.0076172496,,,0.028296601,0.0105161,153.77463,1.2280236,0.0,1.0,0.23716871,0.006487258,,,0.27216434,0.006728462,,,0.028296601,0.0105161,1,1.0,213.76379677,1.65231095,213.76379677,1.65231095,15.807,15.75,0.05557,0.05468,-21.29,2.14,18.54,19.9,21.48,0.5738,9.429993,10.58,1.13,0.175,8.0,0.0,GAMA,,,,False,True,True,True,True,True,True,True,True,True,True,True,True,True,0.00669487866768755,True,True,True,S0,False,True,True,True
238282_blue_red_7_Y13SAR1_P012_15T012_2013_04_12-2013_04_16,238282_A,238282_blue_7_Y13SAR1_P012_15T012_2013_04_12-2013_04_16.fits,238282,213.0,0.8333333,150.32991,1.658663,139.47124,1.4344736,140.25401,2.5192823,139.4846,1.7338684,139.3619,1.4869246,138.91998,1.4014951,0.0,1.0,0.45524842,0.008400737,,,0.55186665,0.010638372,,,0.046065465,0.009839409,143.08147,1.3030337,0.0,1.0,0.37874153,0.008332518,,,0.44231296,0.009734539,,,0.046065465,0.009839409,1,1.0,213.81396578,1.73135537,213.81396578,1.73135537,16.038,16.058,0.0549,0.05401,-20.93,4.08,20.48,21.82,23.4,0.3792,32.200012,10.48,1.17,0.164,8.0,0.0,GAMA,,,,False,True,True,True,True,True,True,True,True,True,True,True,True,True,0.01103348628360118,True,True,True,S0,False,True,True,True
238325_blue_red_7_Y17SAR2_P004_15T120_2018_03_12-2018_03_22,238325_A,238325_blue_7_Y17SAR2_P004_15T120_2018_03_12-2018_03_22.fits,238325,268.5,1.8333334,97.51899,1.5672694,95.54488,1.5355259,92.39773,2.1000109,94.66063,1.5578007,95.95741,1.5408126,95.382,1.4246923,0.0,1.0,0.48656866,0.013608346,,,0.56401587,0.017354691,,,0.036684953,0.010413427,97.539665,1.6395127,0.0,1.0,0.40010437,0.012734799,,,0.43796584,0.014893681,,,0.036684953,0.010413427,1,0.5,213.95445523,1.71980763,213.95445523,1.71980763,16.731,16.752,0.05495,0.05406,-20.23,3.68,20.98,22.47,24.03,0.3374,87.78,10.18,1.14,0.159,8.0,0.0,GAMA,,,,False,True,True,True,True,True,True,True,True,True,True,True,True,True,0.01607142772910179,True,True,True,Elliptical/S0,False,True,True,True
238412_blue_red_8_Y14SAR2_P005_15T065_2017_02_27-2017_03_05,238412_A,238412_blue_8_Y14SAR2_P005_15T065_2017_02_27-2017_03_05.fits,238412,292.0,1.0833334,309.30145,2.8805737,306.94662,2.6413496,312.76437,3.7539964,310.0546,3.2987275,306.52167,2.1422164,308.08698,2.4697127,0.0,1.0,0.31521222,0.009944605,,,0.3536569,0.009792906,,,0.02772024,0.010386188,306.6485,2.8638463,0.0,1.0,0.24626027,0.009404131,,,0.26752192,0.009008328,,,0.02772024,0.010386188,1,1.0,214.25389026,1.66315035,214.25389026,1.66315035,15.478,15.349,0.05622,0.05533,-21.73,2.6,18.27,19.67,21.25,0.6809,108.26,10.88,1.28,0.163,8.0,0.0,GAMA,,,,False,True,True,True,True,True,True,True,True,True,True,True,True,True,0.009313159378981249,True,True,True,S0,False,True,True,True
238453_blue_red_8_Y14SAR2_P005_15T065_2017_02_27-2017_03_05,238453_A,238453_blue_8_Y14SAR2_P005_15T065_2017_02_27-2017_03_05.fits,238453,51.5,2.5833333,148.13976,1.6974112,160.55962,2.2002356,161.96982,3.7320714,163.42996,2.399727,156.30562,2.0062873,152.54555,1.8151683,0.0,1.0,0.15505071,0.009935047,,,0.15977685,0.008986817,,,0.09478171,0.037539236,151.65395,1.9368422,0.0,1.0,0.12512344,0.010182024,,,0.13590175,0.009567377,,,0.09478171,0.037539236,1,0.5,214.30321406,1.71399133,214.30321406,1.71399133,15.731,15.718,0.05546,0.05458,-21.32,3.29,20.12,21.49,23.07,0.1013,19.169998,10.69,1.24,0.161,8.0,0.0,GAMA,,,,False,True,True,True,True,True,True,True,True,True,True,True,True,True,0.011458174361832366,True,True,True,Elliptical/S0,False,True,True,True
238458_blue_red_11_Y17SAR3_P009_15T132_2018_04_09-2018_04_19,238458_A,238458_blue_11_Y17SAR3_P009_15T132_2018_04_09-2018_04_19.fits,238458,142.5,5.3333335,242.34717,2.056837,266.07373,2.1399212,272.5487,2.36802,266.07373,2.1686454,262.86667,1.7235656,254.654,1.503669,0.0,1.0,0.09276382,0.005342363,,,0.09433559,0.00462721,,,0.25044143,0.05537538,251.89438,1.6210186,0.0,1.0,0.059848126,0.004606575,,,0.063655436,0.003978433,,,0.25044143,0.05537538,2,0.0,214.34860454,1.64469621,214.34860454,1.64469621,15.238,15.081,0.07843,0.07753,-22.78,6.69,20.92,22.53,24.08,0.0787,49.51999,11.28,1.3,0.158,8.0,0.0,GAMA,,,,True,True,True,True,True,True,True,True,True,True,True,True,True,True,0.008487150891838349,True,True,True,Elliptical,True,True,True,True
238500_blue_red_11_Y17SAR3_P009_15T132_2018_04_09-2018_04_19,238500_A,238500_blue_11_Y17SAR3_P009_15T132_2018_04_09-2018_04_19.fits,238500,65.0,4.25,112.980125,1.4800851,112.410675,1.5057169,121.321335,2.10475,115.01843,1.6331241,111.50521,1.4217834,108.51868,1.3648432,0.0,1.0,0.102713615,0.012263079,,,0.109483816,0.011542085,,,,,114.74254,1.5829849,,,,,,,,,,,,,2,0.0,214.4985581,1.70716045,214.4985581,1.70716045,16.903,16.894,0.05498,0.0541,-20.12,1.62,19.65,21.3,22.85,0.1543,23.020004,10.18,1.19,0.139,8.0,0.0,GAMA,,,,True,True,True,True,True,True,True,True,True,True,True,True,True,True,0.013100402393783862,True,True,True,Elliptical,True,True,True,True
238922_blue_red_8_Y15SAR3_P002_15T108_2015_04_14-2015_04_22,238922_A,238922_blue_8_Y15SAR3_P002_15T108_2015_04_14-2015_04_22.fits,238922,312.5,0.75,185.24484,1.3810326,183.16782,1.0273633,181.89278,1.2222127,181.62411,1.2461402,181.09116,1.2252405,183.39432,1.2233529,0.0,1.0,0.32164177,0.0030388213,,,0.337657,0.002993862,,,0.018580135,0.004955165,183.72144,1.2460961,0.0,1.0,0.29935908,0.0030335654,,,0.31180486,0.0030173254,,,0.018580135,0.004955165,1,0.0,215.7872446,1.67158066,215.7872446,1.67158066,13.937,13.869,0.02702,0.02618,-21.52,6.33,19.53,21.06,22.62,0.1972,127.53,10.74,1.13,0.123,8.0,0.0,GAMA,,,,False,True,True,True,True,True,True,True,True,True,True,True,True,True,0.0074551744599201785,True,True,True,Elliptical,True,True,True,True
239292_blue_red_11_Y14SAR3_P004_15T079_2014_04_24-2014_05_04,239292_A,239292_blue_11_Y14SAR3_P004_15T079_2014_04_24-2014_05_04.fits,239292,249.0,1.1666666,97.77622,1.9842148,90.756485,1.8643612,91.157364,3.3728623,91.384224,2.2498577,90.756485,1.8270948,94.50597,1.9306448,0.0,1.0,0.4106645,0.014028554,,,0.50445074,0.019093635,,,0.04048903,0.012695087,92.92772,2.2522726,0.0,1.0,0.350171,0.014498791,,,0.4181637,0.017899046,,,0.04048903,0.012695087,2,0.5,217.19993103,1.69292605,217.19993103,1.69292605,16.825,16.837,0.04906,0.04823,-19.89,1.92,19.58,20.25,22.1,0.4923,70.380005,10.0,1.07,0.126,8.0,0.0,GAMA,,,,True,True,True,True,True,True,True,True,True,True,True,True,True,True,0.020293429220315535,True,True,True,Elliptical/S0,False,True,True,True
250183_blue_red_10_Y13SAR1_P004_15T002_2013_03_05-2013_03_17,250183_A,250183_blue_10_Y13SAR1_P004_15T002_2013_03_05-2013_03_17.fits,250183,225.5,7.5,155.24103,3.5771024,153.29085,3.2539754,165.32681,4.218294,157.54643,3.6152012,152.95985,3.4419768,152.3418,2.7800117,,,,,,,,,,,,,165.32681,4.151998,,,,,,,,,,,,,1,0.5,214.23885064,1.9748295,214.23885064,1.9748295,17.025,16.976,0.05973,0.05884,-20.24,0.85,18.56,19.93,21.51,0.1163,58.589996,10.23,1.22,0.151,8.0,0.0,GAMA,,,,False,True,True,True,True,True,True,True,True,True,True,True,True,True,0.023042248560190562,True,True,True,Elliptical/S0,False,True,True,True
250243_blue_red_7_Y17SAR2_P004_15T120_2018_03_12-2018_03_22,250243_A,250243_blue_7_Y17SAR2_P004_15T120_2018_03_12-2018_03_22.fits,250243,93.5,5.0,84.670555,1.5611205,86.0782,1.702198,87.01845,2.5414147,87.32533,1.865278,85.76961,1.6153497,84.64337,1.6231377,0.0,1.0,0.20523974,0.018032609,,,0.22159266,0.017450182,,,0.049016707,0.0339195,85.76961,1.7123789,0.0,1.0,0.146925,0.016395895,,,0.15900433,0.015248599,,,0.049016707,0.0339195,1,0.0,214.36319761,1.98847815,214.36319761,1.98847815,17.066,17.06,0.05535,0.05447,-19.93,2.31,20.56,22.08,23.64,0.1681,64.62999,10.07,1.15,0.149,8.0,0.0,GAMA,,,,False,True,True,True,True,True,True,True,True,True,True,True,True,True,0.018437584352671364,True,True,True,Elliptical,True,True,True,True
252057_blue_red_10_Y14SAR3_P009_15T084_2016_03_03-2016_03_13,252057_A,252057_blue_10_Y14SAR3_P009_15T084_2016_03_03-2016_03_13.fits,252057,326.0,2.5,91.988976,0.9913923,91.6787,1.0029682,94.088066,1.9742455,94.07587,1.3162527,93.7847,1.0669826,92.461914,1.0521077,0.0,1.0,0.16981444,0.009623365,,,0.1816796,0.009260785,,,0.05482097,0.026800856,93.63315,1.0913814,0.0,1.0,0.12171686,0.010527612,,,0.12753603,0.009827033,,,0.05482097,0.026800856,1,0.5,222.0074133,1.9368577,222.0074133,1.9368577,16.378,16.343,0.03345,0.03271,-19.54,2.48,19.92,21.59,23.13,0.2147,166.29001,9.91,1.12,0.144,8.0,0.0,GAMA,,,,False,True,True,True,True,True,True,True,True,True,True,True,True,True,0.01077729466191688,True,True,True,Elliptical/S0,False,True,True,True
271387_blue_red_7_Y18SAR4_P001_12T126_2018_05_07-2018_05_16,271387_A,271387_blue_7_Y18SAR4_P001_12T126_2018_05_07-2018_05_16.fits,271387,242.0,6.5,181.58534,3.1407273,185.13484,3.5996602,183.25278,5.031006,185.13484,3.6731026,185.69421,3.4722176,183.3755,3.3473847,0.0,1.0,0.1263084,0.01254587,,,0.1396958,0.010973873,,,0.104823634,0.06397695,184.2321,3.5079849,0.0,1.0,0.13074484,0.012737716,,,0.14731622,0.012058501,,,0.104823634,0.06397695,1,1.0,174.13639304,1.37981204,174.13639304,1.37981204,16.028,15.913,0.07632,0.07502,-21.88,3.6,20.36,21.37,23.03,0.4745,60.72,10.93,1.29,0.095,8.0,0.0,GAMA,,,,False,True,True,True,True,True,True,True,True,True,True,True,True,True,0.017296150118726546,True,True,True,S0,False,True,True,True
271538_blue_red_7_Y16SAR4_P001_12T090_2017_04_19-2017_05_01,271538_A,271538_blue_7_Y16SAR4_P001_12T090_2017_04_19-2017_05_01.fits,271538,348.5,29.916666,183.98088,1.6784745,203.97052,1.9144568,204.73164,2.3572068,203.97052,1.7807845,194.23822,1.6146783,189.73042,1.4875853,0.0,1.0,0.04438694,0.008013738,,,0.048917513,0.007173366,,,0.7035951,0.38974583,187.01015,1.458889,0.0,1.0,0.036200047,0.007928745,,,0.041481297,0.007122588,,,0.7035951,0.38974583,1,0.5,174.66458445,1.26476587,174.66458445,1.26476587,15.927,15.811,0.07764,0.07634,-22.01,3.38,20.22,21.59,23.17,0.2246,133.8,10.97,1.29,0.094,8.0,0.0,GAMA,,,,False,True,True,True,True,True,True,True,True,True,True,True,True,True,0.0091230920299979,True,True,True,Elliptical/S0,False,True,True,True
272190_blue_red_7_Y15SAR4_P002_12T096_2015_05_14-2015_05_20,272190_A,272190_blue_7_Y15SAR4_P002_12T096_2015_05_14-2015_05_20.fits,272190,78.5,4.9166665,187.20653,1.7855163,192.70712,1.8707224,197.81223,2.527587,192.70712,1.816891,190.50789,1.7157624,189.87755,1.5765887,0.0,1.0,0.11858249,0.0074007125,,,0.12448056,0.006685429,,,0.11725594,0.038410142,189.06464,1.5233256,0.0,1.0,0.08400378,0.0072219195,,,0.088973306,0.0066765216,,,0.11725594,0.038410142,1,0.0,178.24168855,1.2878002,178.24168855,1.2878002,15.853,15.832,0.08224,0.08094,-22.13,3.7,20.37,21.9,23.46,0.1251,97.149994,10.96,1.23,0.077,8.0,0.0,GAMA,,,,False,True,True,True,True,True,True,True,True,True,True,True,True,True,0.009537681725097944,True,True,True,Elliptical,True,True,True,True
272439_blue_red_7_Y14SAR4_P002_12T064_2014_05_23-2014_06_01,272439_A,272439_blue_7_Y14SAR4_P002_12T064_2014_05_23-2014_06_01.fits,272439,256.5,0.6666667,141.23482,0.89171076,133.90416,0.88892305,132.40475,1.2697971,132.92223,1.1425041,133.90416,1.0077496,134.25505,0.82856405,0.0,1.0,0.48418254,0.005629475,,,0.6026615,0.0074874987,,,0.016077232,0.0037440574,135.50673,0.9011695,0.0,1.0,0.40455446,0.00594773,,,0.481594,0.0068914616,,,0.016077232,0.0037440574,1,1.0,179.47792326,1.27700306,179.47792326,1.27700306,15.851,15.862,0.05017,0.04892,-20.93,3.81,19.78,21.15,22.73,0.5368,76.21002,10.49,1.17,0.065,8.0,0.0,GAMA,,,,False,True,True,True,True,True,True,True,True,True,True,True,True,True,0.006313675055485609,True,True,True,S0,False,True,True,True
272488_blue_red_7_Y14SAR4_P002_12T064_2014_05_23-2014_06_01,272488_A,272488_blue_7_Y14SAR4_P002_12T064_2014_05_23-2014_06_01.fits,272488,228.0,1.25,130.53653,1.172516,130.1856,1.1044352,132.71883,1.8092569,130.4754,1.4044504,130.1856,1.0357705,127.852135,1.1905656,0.0,1.0,0.228771,0.008207377,,,0.2453648,0.0077375346,,,0.031587236,0.013508649,131.20172,1.1420108,0.0,1.0,0.1894813,0.009163062,,,0.20487335,0.009203103,,,0.031587236,0.013508649,1,0.5,179.63940534,1.36999894,179.63940534,1.36999894,16.26,16.28,0.04974,0.04849,-20.5,2.01,19.45,20.82,22.4,0.1975,45.23999,10.33,1.19,0.073,8.0,0.0,GAMA,,,,False,True,True,True,True,True,True,True,True,True,True,True,True,True,0.008982282584039885,True,True,True,Elliptical/S0,False,True,True,True
272820_blue_red_8_Y17SAR3_P005_12T106_2018_05_07-2018_05_16,272820_A,272820_blue_8_Y17SAR3_P005_12T106_2018_05_07-2018_05_16.fits,272820,183.0,6.9166656,167.44753,1.6855139,194.63208,2.5217507,198.02002,3.5485146,194.63208,2.4676287,174.62335,1.9505515,176.0304,2.0334108,0.0,1.0,0.13015926,0.009455794,,,0.13638477,0.008486795,,,0.11001332,0.044666473,176.26053,2.0272498,0.0,1.0,0.10082139,0.009343343,,,0.11280436,0.008686584,,,0.11001332,0.044666473,1,0.0,180.96505859,1.29506537,180.96505859,1.29506537,16.442,16.407,0.08444,0.08315,-21.61,3.11,20.62,22.05,23.62,0.0754,176.87,10.82,1.32,0.071,3.0,0.0,GAMA,,,,False,True,True,True,True,True,True,True,True,True,True,True,True,True,0.010065922740096553,True,True,True,Elliptical,True,True,True,True
272831_blue_red_7_Y13SAR1_P014_12T001_2013_04_12-2013_04_16,272831_A,272831_blue_7_Y13SAR1_P014_12T001_2013_04_12-2013_04_16.fits,272831,106.0,9.666667,254.38034,2.407833,261.05762,2.5276866,265.77045,3.3025336,261.05762,2.3822556,256.6298,2.2335162,254.95915,2.2387512,0.0,1.0,0.067704946,0.0075853462,,,0.07783249,0.0069315964,,,0.14761879,0.06744679,254.21962,2.2923954,0.0,1.0,0.06509341,0.007398588,,,0.07568987,0.0066930833,,,0.14761879,0.06744679,1,0.5,181.00820693,1.44487385,181.00820693,1.44487385,15.627,15.549,0.0848,0.08352,-22.49,3.75,20.29,21.78,23.34,0.1529,112.159996,11.17,1.32,0.089,8.0,0.0,GAMA,,,,False,True,True,True,True,True,True,True,True,True,True,True,True,True,0.00946548384989186,True,True,True,Elliptical/S0,False,True,True,True
272833_blue_red_6_Y14SAR1_P002_12T042_2015_02_16-2015_02_25,272833_A,272833_blue_6_Y14SAR1_P002_12T042_2015_02_16-2015_02_25.fits,272833,207.5,4.8333335,161.59938,2.6333582,179.99292,3.7728066,177.70085,4.519379,179.99292,4.0421095,175.61621,2.8868115,174.90482,2.9384027,0.0,1.0,0.16091733,0.012795003,,,0.16779415,0.011563431,,,0.11439616,0.04577152,172.40048,2.4731846,0.0,1.0,0.11510177,0.01307105,,,0.12602544,0.011638353,,,0.11439616,0.04577152,1,0.5,181.01475603,1.37358943,181.01475603,1.37358943,16.152,16.164,0.08379,0.08251,-21.85,4.44,20.91,22.35,23.92,0.2729,48.270004,10.92,1.33,0.084,8.0,0.0,GAMA,,,,False,True,True,True,True,True,True,True,True,True,True,True,True,True,0.016295595936073517,True,True,True,Elliptical/S0,False,True,True,True
272990_blue_red_11_Y14SAR3_P007_12T058_2017_03_24-2017_04_02,272990_A,272990_blue_11_Y14SAR3_P007_12T058_2017_03_24-2017_04_02.fits,272990,1.5,1.4999986,137.34772,1.0435927,134.3745,1.192858,133.13765,2.1404324,131.578,1.6063559,133.57768,1.2645237,134.42317,1.2759202,0.0,1.0,0.2630347,0.0051223426,,,0.28474417,0.005312196,,,0.0358183,0.009996137,135.64873,1.2517802,0.0,1.0,0.21913844,0.005724147,,,0.23730375,0.005776272,,,0.0358183,0.009996137,1,0.5,181.69677946,1.28606075,181.69677946,1.28606075,15.113,15.1,0.04241,0.04118,-21.3,4.16,19.76,21.17,22.74,0.2542,2.869995,10.59,1.08,0.11,8.0,0.0,GAMA,,,,False,True,True,True,True,True,True,True,True,True,True,True,True,True,0.007598180006191584,True,True,True,Elliptical/S0,False,True,True,True
273845_blue_red_7_Y15SAR3_P003_12T087_2016_02_08-2016_02_14,273845_A,273845_blue_7_Y15SAR3_P003_12T087_2016_02_08-2016_02_14.fits,273845,22.0,29.916666,289.1236,2.5589178,281.71503,2.803279,283.12137,3.6869361,281.71503,2.9044027,279.61496,2.4237542,286.11783,2.4415476,1.0,0.8727065,0.07312136,0.006353837,0.06632482,0.006353837,0.08279104,0.0059861853,0.07588204,0.0059861853,1.1981755,0.7089947,288.14767,2.3160098,0.0,1.0,0.059379254,0.006287428,,,0.06882923,0.005976049,,,1.1981755,0.7089947,1,0.0,185.48441237,1.38252552,185.48441237,1.38252552,15.344,15.288,0.07997,0.07872,-22.62,5.73,20.84,22.19,23.77,0.0314,127.91,11.24,1.33,0.081,8.0,0.0,GAMA,,,,False,True,True,True,True,True,True,True,True,True,True,True,True,True,0.008850601611214027,True,True,True,Elliptical,True,True,True,True
273850_blue_red_8_Y14SAR3_P005_12T056_2015_01_19-2015_01_26,273850_A,273850_blue_8_Y14SAR3_P005_12T056_2015_01_19-2015_01_26.fits,273850,40.5,3.0,319.04224,2.9608994,330.23584,4.4306397,320.9897,3.9446673,330.23584,3.7856586,321.50613,3.1514285,313.98627,3.2164984,0.0,1.0,0.18990612,0.007086357,,,0.20017986,0.006645871,,,0.036046907,0.0122173745,312.5226,3.3219213,0.0,1.0,0.15949242,0.0068874555,,,0.1685962,0.006484253,,,0.036046907,0.0122173745,1,1.0,185.5101319,1.39499888,185.5101319,1.39499888,15.673,15.64,0.0823,0.08105,-22.33,4.14,20.2,21.67,23.24,0.3183,38.87001,11.14,1.35,0.08,8.0,0.0,GAMA,,,,False,True,True,True,True,True,True,True,True,True,True,True,True,True,0.00928058742315751,True,True,True,S0,False,True,True,True
278840_blue_red_7_Y16SAR2_P003_09T122_2017_03_24-2017_04_02,278840_A,278840_blue_7_Y16SAR2_P003_09T122_2017_03_24-2017_04_02.fits,278840,223.5,1.1666666,101.722015,1.267471,100.58718,1.0863389,100.57191,1.4659992,102.86321,1.4140258,101.13653,1.0591226,100.313286,1.088774,0.0,1.0,0.3148719,0.007501049,,,0.34370598,0.008117371,,,0.04199248,0.01523349,101.3681,1.075059,0.0,1.0,0.28456908,0.007827598,,,0.30899045,0.008314574,,,0.04199248,0.01523349,1,0.5,133.95947561,0.83114632,133.95947561,0.83114632,15.42,15.443,0.04276,0.04171,-20.97,3.15,19.64,20.9,22.5,0.2466,54.240005,10.41,1.03,0.191,8.0,0.0,GAMA,,,,False,True,True,True,True,True,True,True,True,True,True,True,True,True,0.012460144443658533,True,True,True,Elliptical/S0,False,True,True,True
279840_blue_red_12_Y15SAR1_P002_09T100_2016_03_03-2016_03_13,279840_A,279840_blue_12_Y15SAR1_P002_09T100_2016_03_03-2016_03_13.fits,279840,232.5,1.6666666,120.65036,2.5067763,110.19096,2.9222336,110.56028,3.830127,110.19096,2.8967667,109.23389,2.2910283,109.47729,2.4592414,0.0,1.0,0.5695231,0.015571419,,,0.74972314,0.026370015,,,0.03566775,0.0083794845,115.33172,2.4956872,0.0,1.0,0.5443901,0.01549135,,,0.7001823,0.02476371,,,0.03566775,0.0083794845,1,1.0,139.6586771,1.05694706,139.6586771,1.05694706,17.071,17.09,0.08785,0.08669,-21.02,3.22,20.92,21.8,23.51,0.4744,56.86,10.44,1.13,0.089,3.0,0.0,GAMA,,,,False,True,True,True,True,True,True,True,True,True,True,True,True,True,0.020777197017895346,True,True,True,S0,False,True,True,True
279878_blue_red_7_Y13SAR1_P009_09T015_2013_03_05-2013_03_17,279878_A,279878_blue_7_Y13SAR1_P009_09T015_2013_03_05-2013_03_17.fits,279878,223.0,5.5,232.71104,1.849916,239.37344,2.425042,241.34143,3.0357358,239.37344,2.4659245,240.01419,1.7758292,240.9873,2.1431077,0.0,1.0,0.09192488,0.006991979,,,0.098573714,0.0062823873,,,0.2483732,0.040330388,234.56462,2.1639354,0.0,1.0,0.08605007,0.0068647484,,,0.092775404,0.006327303,,,0.2483732,0.040330388,1,0.0,139.81814651,1.03629872,139.81814651,1.03629872,15.491,15.444,0.08851,0.08734,-22.7,4.39,20.57,21.96,23.54,0.0575,64.17,11.26,1.33,0.095,8.0,0.0,GAMA,,,,False,True,True,True,True,True,True,True,True,True,True,True,True,True,0.007949412284006809,True,True,True,Elliptical,True,True,True,True
279905_blue_red_12_Y15SAR1_P002_09T100_2016_03_03-2016_03_13,279905_A,279905_blue_12_Y15SAR1_P002_09T100_2016_03_03-2016_03_13.fits,279905,351.0,0.6666667,170.58922,1.203754,170.04767,1.0133568,177.54988,1.4243461,177.63506,1.4529536,171.121,1.0767227,170.56996,0.9625467,0.0,1.0,0.45129344,0.0027704232,,,0.49230763,0.0031335372,,,0.019864678,0.003204503,172.63753,1.0390034,0.0,1.0,0.42351812,0.0027884333,,,0.4582051,0.0031418686,,,0.019864678,0.003204503,1,0.5,139.97994268,0.94514506,139.97994268,0.94514506,13.994,13.962,0.01861,0.01768,-20.61,6.15,19.38,20.77,22.35,0.3402,170.78,10.43,1.18,0.104,8.0,0.0,GAMA,,,,False,True,True,True,True,True,True,True,True,True,True,True,True,True,0.007056448232778132,True,True,True,Elliptical/S0,False,True,True,True
279910_blue_red_12_Y15SAR1_P002_09T100_2016_03_03-2016_03_13,279910_A,279910_blue_12_Y15SAR1_P002_09T100_2016_03_03-2016_03_13.fits,279910,131.5,7.1666665,219.4877,1.7947191,231.33333,2.1824481,238.44939,2.856112,231.33333,1.899398,225.25946,1.6443601,222.14355,1.7745795,0.0,1.0,0.06189084,0.006399417,,,0.06799897,0.0057776445,,,0.08602721,0.0647561,224.61563,1.7493185,0.0,1.0,0.04387172,0.0067192204,,,0.04847119,0.0060190475,,,0.08602721,0.0647561,1,0.5,139.85523047,1.05979042,139.85523047,1.05979042,15.973,15.912,0.08802,0.08685,-22.22,2.88,19.66,21.41,22.95,0.304,137.24,11.01,1.27,0.095,8.0,0.0,GAMA,,,,False,True,True,True,True,True,True,True,True,True,True,True,True,True,0.008176855012832154,True,True,True,Elliptical/S0,False,True,True,True
288679_blue_red_7_Y17SAR3_P009_12T110_2018_04_09-2018_04_19,288679_A,288679_blue_7_Y17SAR3_P009_12T110_2018_04_09-2018_04_19.fits,288679,216.5,1.75,208.01494,1.7645878,202.4392,2.2700186,203.82858,2.7975128,202.4392,2.1503263,204.1811,2.0592523,204.98495,1.6860647,0.0,1.0,0.2491074,0.008830434,,,0.29184932,0.009202421,,,0.042081572,0.016651059,206.60258,1.7358546,0.0,1.0,0.19858715,0.008660299,,,0.22755863,0.008604948,,,0.042081572,0.016651059,1,1.0,179.71741085,1.72827367,179.71741085,1.72827367,16.14,16.105,0.07982,0.07854,-21.81,3.59,19.88,21.32,22.89,0.5716,38.78,10.92,1.33,0.082,8.0,0.0,GAMA,,,,False,True,True,True,True,True,True,True,True,True,True,True,True,True,0.008482985885533029,True,True,True,S0,False,True,True,True
288803_blue_red_7_Y17SAR3_P009_12T110_2018_04_09-2018_04_19,288803_A,288803_blue_7_Y17SAR3_P009_12T110_2018_04_09-2018_04_19.fits,288803,332.5,3.4166667,176.93388,1.5295032,185.61139,1.5104222,187.63448,2.3379855,186.59467,1.9711916,185.61139,1.6606691,184.93765,1.3715327,0.0,1.0,0.10031791,0.006888212,,,0.107967466,0.005728254,,,0.06855966,0.02992492,182.49068,1.4019742,0.0,1.0,0.091549315,0.0063412017,,,0.09634325,0.0056839306,,,0.06855966,0.02992492,1,0.0,180.20559667,1.69372839,180.20559667,1.69372839,15.557,15.53,0.04977,0.04852,-21.27,4.2,20.37,21.9,23.46,0.0878,95.009995,10.66,1.21,0.088,8.0,0.0,GAMA,,,,False,True,True,True,True,True,True,True,True,True,True,True,True,True,0.0086444902468651,True,True,True,Elliptical,True,True,True,True
289089_blue_red_7_Y13SAR1_P014_12T001_2013_04_12-2013_04_16,289089_A,289089_blue_7_Y13SAR1_P014_12T001_2013_04_12-2013_04_16.fits,289089,3.0,0.33333334,196.14189,0.73093,194.92139,0.83706087,208.23132,1.292232,208.46371,1.1431025,207.01431,0.9630939,206.03075,0.82812643,0.0,1.0,0.2956729,0.002149195,,,0.30302727,0.0021679231,,,0.01615852,0.0035025908,191.94528,0.90470904,0.0,1.0,0.33236995,0.0020242748,,,0.33612365,0.0020998,,,0.01615852,0.0035025908,1,1.0,181.02495228,1.84697816,181.02495228,1.84697816,13.747,13.63,0.01853,0.01641,-20.93,4.19,18.81,19.93,21.56,0.1296,33.72,10.59,1.22,0.1,8.0,0.0,GAMA,,,,False,True,True,True,True,True,True,True,True,True,True,True,True,True,0.00372653694730891,True,True,True,S0,False,True,True,True
289102_blue_red_8_Y17SAR3_P005_12T106_2018_05_07-2018_05_16,289102_A,289102_blue_8_Y17SAR3_P005_12T106_2018_05_07-2018_05_16.fits,289102,291.0,0.8333333,97.83471,0.8178463,97.36713,0.60068625,100.5234,0.99221754,100.574974,0.7977574,98.87612,0.6351644,98.475685,0.6025028,0.0,1.0,0.48161522,0.004740589,,,0.5096979,0.005418505,,,0.01864528,0.0051118624,98.01247,0.6222586,0.0,1.0,0.36100602,0.0044922656,,,0.37705094,0.0048268484,,,0.01864528,0.0051118624,1,1.0,181.14191145,1.73821018,181.14191145,1.73821018,15.017,15.026,0.02369,0.02221,-20.08,6.46,20.44,22.02,23.58,0.2867,111.6,10.14,1.11,0.081,8.0,0.0,GAMA,,,,False,True,True,True,True,True,True,True,True,True,True,True,True,True,0.008359469762827528,True,True,True,S0,False,True,True,True
289113_blue_red_11_Y14SAR3_P007_12T058_2017_03_24-2017_04_02,289113_A,289113_blue_11_Y14SAR3_P007_12T058_2017_03_24-2017_04_02.fits,289113,339.0,0.5833333,123.38496,0.64229107,120.21614,0.73251873,120.90894,1.4938922,120.311104,1.1769767,121.09085,0.87796926,121.163445,0.77288085,0.0,1.0,0.36331037,0.003443502,,,0.41323477,0.0041216626,,,0.04532825,0.0062368517,121.20282,0.6826538,0.0,1.0,0.3212192,0.0033718979,,,0.35356554,0.0037230642,,,0.04532825,0.0062368517,1,1.0,181.07915908,1.84838804,181.07915908,1.84838804,14.415,14.355,0.02522,0.02387,-20.89,6.51,19.83,20.95,22.58,0.4397,166.34999,10.52,1.18,0.1,8.0,0.0,GAMA,,,,False,True,True,True,True,True,True,True,True,True,True,True,True,True,0.005205586402102816,True,True,True,S0,False,True,True,True
289168_blue_red_11_Y14SAR3_P007_12T058_2017_03_24-2017_04_02,289168_A,289168_blue_11_Y14SAR3_P007_12T058_2017_03_24-2017_04_02.fits,289168,112.0,29.916666,56.081985,2.7544017,59.8867,3.0702147,57.39083,5.024277,55.78789,4.0773964,60.17878,3.2361479,56.282497,2.8118486,0.0,1.0,0.14332867,0.032876752,,,0.18561518,0.04095096,,,2.208935,1.5024949,59.527264,2.8865817,,,,,,,,,,,,,1,0.5,181.19151437,1.80396083,181.19151437,1.80396083,17.246,17.253,0.02135,0.01954,-17.62,2.81,21.1,22.33,23.93,0.2535,136.63,9.1,1.02,0.091,8.0,0.0,GAMA,,,,False,True,True,True,True,True,True,True,True,True,True,True,True,True,0.049113841102450276,True,True,True,Elliptical/S0,False,True,True,True
289170_blue_red_6_Y14SAR1_P002_12T042_2015_02_16-2015_02_25,289170_A,289170_blue_6_Y14SAR1_P002_12T042_2015_02_16-2015_02_25.fits,289170,274.5,3.0,74.38062,1.3227493,74.0478,1.2352481,66.30858,2.173775,68.598145,1.7794813,70.077484,1.3884178,70.16776,1.2161883,0.0,1.0,0.3372331,0.011924996,,,0.39640743,0.014125848,,,0.031110518,0.011673383,72.488106,1.1932424,0.0,1.0,0.30765504,0.012192607,,,0.35416955,0.013807306,,,0.031110518,0.011673383,1,1.0,181.22584827,1.82130587,181.22584827,1.82130587,15.853,15.859,0.02111,0.01926,-18.98,4.45,20.29,21.42,23.05,0.5133,91.78,9.7,1.11,0.091,8.0,0.0,GAMA,,,,False,True,True,True,True,True,True,True,True,True,True,True,True,True,0.017783520761187523,True,True,True,S0,False,True,True,True
290323_blue_red_7_Y15SAR3_P003_12T087_2016_02_08-2016_02_14,290323_A,290323_blue_7_Y15SAR3_P003_12T087_2016_02_08-2016_02_14.fits,290323,330.5,11.333331,199.01183,1.8250043,203.31218,2.3144364,206.83855,3.074852,203.31218,2.4230597,206.59937,2.0823414,204.34267,2.1775978,0.0,1.0,0.087799884,0.008630565,,,0.10107216,0.008484763,,,0.2551854,0.050812162,204.45732,2.137027,0.0,1.0,0.08174817,0.008742069,,,0.09133103,0.008431808,,,0.2551854,0.050812162,1,1.0,185.52172082,1.81183953,185.52172082,1.81183953,16.174,16.171,0.08636,0.0851,-21.91,3.43,20.1,21.54,23.11,0.4374,158.76001,10.9,1.28,0.083,8.0,0.0,GAMA,,,,False,True,True,True,True,True,True,True,True,True,True,True,True,True,0.009170330728580306,True,True,True,S0,False,True,True,True
296927_blue_red_7_Y17SAR2_P004_15T120_2018_03_12-2018_03_22,296927_A,296927_blue_7_Y17SAR2_P004_15T120_2018_03_12-2018_03_22.fits,296927,320.0,1.0,220.80591,2.3241527,222.33884,1.945605,224.70335,2.569599,226.71852,2.0227935,223.19553,1.7289551,220.72607,1.696411,1.0,0.97111773,0.38753882,0.006254261,0.3806299,0.006254261,0.40486658,0.006108633,0.3973433,0.006108633,0.023734298,0.00701549,220.64713,1.6427077,0.0,1.0,0.31422976,0.0059254533,,,0.3341467,0.006006207,,,0.023734298,0.00701549,1,1.0,214.01775381,1.45822235,214.01775381,1.45822235,15.137,15.081,0.05488,0.05399,-21.94,7.28,20.96,22.54,24.09,0.2191,140.15,10.93,1.23,0.138,8.0,0.0,GAMA,,,,False,True,True,True,True,True,True,True,True,True,True,True,True,True,0.010525772158906434,True,True,True,S0,False,True,True,True
298590_blue_red_7_Y15SAR4_P004_15T113_2016_03_03-2016_03_13,298590_A,298590_blue_7_Y15SAR4_P004_15T113_2016_03_03-2016_03_13.fits,298590,245.0,1.5,136.9418,1.0237648,148.02448,1.1271051,154.03403,1.859121,153.47035,1.4783516,152.24864,1.2056782,149.04065,1.0562565,0.0,1.0,0.20597324,0.005362367,,,0.19799812,0.0046049757,,,0.040743627,0.015686452,143.55156,1.0957937,0.0,1.0,0.15206927,0.005097614,,,0.15284292,0.0044601127,,,0.040743627,0.015686452,1,0.0,220.67761653,1.31975042,220.67761653,1.31975042,15.115,15.054,0.03443,0.03367,-20.91,5.02,20.29,21.78,23.34,0.156,56.299988,10.55,1.22,0.141,8.0,0.0,GAMA,,,,False,True,True,True,True,True,True,True,True,True,True,True,True,True,0.007475911664663382,True,True,True,Elliptical,True,True,True,True
300406_blue_red_7_Y17SAR2_P001_09T126_2017_03_24-2017_04_02,300406_A,300406_blue_7_Y17SAR2_P001_09T126_2017_03_24-2017_04_02.fits,300406,100.5,2.0833333,204.09332,1.7442913,223.08858,1.5466397,240.45695,2.6245553,233.18816,1.9103061,223.08858,1.5617996,218.2225,1.4075027,0.0,1.0,0.11688639,0.0063902405,,,0.12091695,0.005631046,,,0.10500082,0.030137276,210.77962,1.5653415,0.0,1.0,0.08051012,0.0056282342,,,0.085157156,0.0049416614,,,0.10500082,0.030137276,1,0.5,129.40513092,1.07307332,129.40513092,1.07307332,15.146,14.987,0.05185,0.05085,-21.9,6.25,20.63,22.18,23.74,0.2164,54.20999,10.92,1.23,0.2,8.0,0.0,GAMA,,,,False,True,True,True,True,True,True,True,True,True,True,True,True,True,0.008546537926866004,True,True,True,Elliptical/S0,False,True,True,True
300411_blue_red_7_Y14SAR2_P003_09T070_2014_04_02-2014_04_06,300411_A,300411_blue_7_Y14SAR2_P003_09T070_2014_04_02-2014_04_06.fits,300411,304.5,29.499998,158.78639,1.4498625,159.617,1.466405,157.06532,2.302823,158.5082,2.1427922,159.617,1.3477851,160.65878,1.3256637,0.0,1.0,0.04604535,0.007102271,,,0.053450145,0.0063261096,,,0.552974,0.32612672,158.7803,1.3885623,0.0,1.0,0.048506904,0.0070343027,,,0.056259975,0.0063461335,,,0.552974,0.32612672,1,0.0,129.48588591,1.07243016,129.48588591,1.07243016,15.312,15.237,0.05209,0.05109,-21.65,3.2,19.7,21.01,22.6,0.1637,139.3,10.81,1.21,0.194,8.0,0.0,GAMA,,,,False,True,True,True,True,True,True,True,True,True,True,True,True,True,0.009130899065089898,True,True,True,Elliptical,True,True,True,True
300691_blue_red_7_Y14SAR2_P007_09T074_2017_02_27-2017_03_05,300691_A,300691_blue_7_Y14SAR2_P007_09T074_2017_02_27-2017_03_05.fits,300691,20.0,5.3333335,119.93721,1.5843027,119.79629,1.7122877,122.65693,2.1526918,120.30534,1.900494,119.79629,1.8301238,119.603455,1.6060612,0.0,1.0,0.09960199,0.0116087515,,,0.1122572,0.010707246,,,0.17103125,0.06314182,120.250275,1.5639615,0.0,1.0,0.09571315,0.012064038,,,0.10641691,0.011160094,,,0.17103125,0.06314182,1,0.0,130.41233479,1.1166267,130.41233479,1.1166267,16.158,16.131,0.04659,0.04558,-20.5,2.34,19.61,21.05,22.62,0.2731,35.809998,10.35,1.21,0.158,8.0,0.0,GAMA,,,,False,True,True,True,True,True,True,True,True,True,True,True,True,True,0.013209434336516583,True,True,True,Elliptical,True,True,True,True
300787_blue_red_7_Y14SAR2_P007_09T074_2017_02_27-2017_03_05,300787_A,300787_blue_7_Y14SAR2_P007_09T074_2017_02_27-2017_03_05.fits,300787,124.5,1.5833334,120.14132,1.4589546,111.84223,1.6694071,107.37219,2.6199565,107.28125,2.2919664,111.84223,1.4804235,113.30935,1.4636437,0.0,1.0,0.108559005,0.010832957,,,0.13064656,0.011579495,,,0.18520916,0.091314234,116.45709,1.4675113,0.0,1.0,0.0879261,0.010922946,,,0.10703115,0.0115588615,,,0.18520916,0.091314234,1,1.0,130.9349533,1.0791881,130.9349533,1.0791881,15.728,15.728,0.04485,0.04384,-20.8,3.08,19.81,20.81,22.47,0.3228,124.22,10.32,1.0,0.143,8.0,0.0,GAMA,,,,False,True,True,True,True,True,True,True,True,True,True,True,True,True,0.012143653823680312,True,True,True,S0,False,True,True,True
301519_blue_red_7_Y16SAR2_P003_09T122_2017_03_24-2017_04_02,301519_A,301519_blue_7_Y16SAR2_P003_09T122_2017_03_24-2017_04_02.fits,301519,204.5,13.0,218.08704,2.7552564,223.52798,3.8608673,223.52798,3.6688569,225.47943,3.545009,218.74307,2.7546558,218.53789,2.6318915,0.0,1.0,0.07029984,0.011423227,,,0.08077506,0.011362724,,,0.4509484,0.25320145,218.53789,2.710681,0.0,1.0,0.058396425,0.011193244,,,0.06755871,0.010869405,,,0.4509484,0.25320145,1,0.0,134.27488871,1.25091948,134.27488871,1.25091948,16.605,16.539,0.10838,0.10726,-22.08,2.73,20.64,21.96,23.55,0.1106,42.729996,10.95,1.31,0.165,4.0,0.0,GAMA,,,,False,True,True,True,True,True,True,True,True,True,True,True,True,True,0.012633746599522832,True,True,True,Elliptical,True,True,True,True
301937_blue_red_7_Y16SAR2_P001_09T115_2016_03_03-2016_03_13,301937_A,301937_blue_7_Y16SAR2_P001_09T115_2016_03_03-2016_03_13.fits,301937,321.5,9.833333,162.68784,1.9354324,163.59433,1.9239613,163.75642,2.0961838,163.59433,1.9437414,164.76326,1.729598,165.14595,1.4169285,0.0,1.0,0.082029246,0.008198688,,,0.08820811,0.0070889555,,,0.1838381,0.062050644,165.3045,1.5737869,0.0,1.0,0.062174812,0.0075757303,,,0.071529,0.006435282,,,0.1838381,0.062050644,1,0.5,135.65324572,1.32021912,135.65324572,1.32021912,15.872,15.857,0.0946,0.09348,-22.42,4.93,20.79,22.38,23.93,0.2975,73.979996,11.04,1.2,0.196,8.0,0.0,GAMA,,,,False,True,True,True,True,True,True,True,True,True,True,True,True,True,0.01189660149154356,True,True,True,Elliptical/S0,False,True,True,True
301994_blue_red_9_Y17SAR2_P002_09T129_2018_02_12-2018_02_19,301994_A,301994_blue_9_Y17SAR2_P002_09T129_2018_02_12-2018_02_19.fits,301994,278.0,2.3333333,181.41385,3.274677,178.18495,2.884207,189.61061,4.3208528,178.18495,2.8681774,178.26039,2.7645078,177.18402,2.8251362,0.0,1.0,0.3309753,0.016799333,,,0.38757795,0.017674096,,,0.055017352,0.028724026,178.85521,2.6095233,0.0,1.0,0.20365615,0.016336398,,,0.22087422,0.015705073,,,0.055017352,0.028724026,1,1.0,135.90665676,1.29667124,135.90665676,1.29667124,16.862,16.854,0.09483,0.0937,-21.45,4.72,20.99,22.57,24.12,0.6259,86.03,10.66,1.23,0.17,3.0,0.0,GAMA,,,,False,True,True,True,True,True,True,True,True,True,True,True,True,True,0.018050865465894694,True,True,True,S0,False,True,True,True
302684_blue_red_7_Y15SAR2_P002_09T110_2016_02_08-2016_02_14,302684_A,302684_blue_7_Y15SAR2_P002_09T110_2016_02_08-2016_02_14.fits,302684,196.0,7.9999976,147.02606,4.03336,136.305,3.7940314,148.66394,7.0139394,143.8849,4.3506393,135.1905,3.4827173,140.35286,3.5685196,0.0,1.0,0.15765864,0.026633995,,,0.18570848,0.025447706,,,0.20316976,0.085940965,138.8678,3.66637,0.0,1.0,0.13385385,0.026667984,,,0.15283515,0.024845973,,,0.20316976,0.085940965,1,1.0,138.81099817,1.51066334,138.81099817,1.51066334,16.674,16.682,0.05582,0.0547,-20.38,2.53,19.81,21.0,22.61,0.5646,20.199997,10.36,1.28,0.129,8.0,0.0,GAMA,,,,False,True,True,True,True,True,True,True,True,True,True,True,True,True,0.027432959843989562,True,True,True,S0,False,True,True,True
319059_blue_red_10_Y13SAR1_P004_15T002_2013_03_05-2013_03_17,319059_A,319059_blue_10_Y13SAR1_P004_15T002_2013_03_05-2013_03_17.fits,319059,60.5,9.666667,107.677574,3.072904,103.36714,3.0381198,112.259,4.176554,103.31218,3.2994325,102.17813,3.0521514,104.67366,2.88369,,,,,,,,,,,,,104.31847,2.9601798,,,,,,,,,,,,,1,1.0,213.45942567,1.95425702,213.45942567,1.95425702,17.124,17.091,0.05538,0.05448,-19.92,1.45,19.23,20.48,22.08,0.4982,60.740005,10.02,1.11,0.198,8.0,0.0,GAMA,,,,False,True,True,True,True,True,True,True,True,True,True,True,True,True,0.028538012938515867,True,True,True,S0,False,True,True,True
319060_blue_red_15_Y14SAR2_P001_15T061_2014_04_02-2014_04_06,319060_A,319060_blue_15_Y14SAR2_P001_15T061_2014_04_02-2014_04_06.fits,319060,147.0,0.75,136.06584,1.2937984,132.03564,1.2075156,131.09789,1.8469806,131.73183,1.459219,132.62056,1.2435755,133.41634,1.3050992,0.0,1.0,0.36644804,0.005617812,,,0.42424273,0.006591855,,,0.033563174,0.0077374987,133.03593,1.4928412,0.0,1.0,0.29558662,0.0055741454,,,0.3222895,0.006166853,,,0.033563174,0.0077374987,3,1.0,213.4666955,1.89498447,213.4666955,1.89498447,15.781,15.769,0.05486,0.05396,-21.23,2.9,19.01,20.34,21.92,0.6351,146.68,10.55,1.11,0.206,8.0,0.0,GAMA,,,,True,True,True,True,True,True,True,True,True,True,True,True,True,True,0.009508620238555098,True,True,True,S0,False,True,True,True
319067_blue_red_10_Y13SAR1_P004_15T002_2013_03_05-2013_03_17,319067_A,319067_blue_10_Y13SAR1_P004_15T002_2013_03_05-2013_03_17.fits,319067,21.0,1.6666666,202.47166,1.6887181,192.60419,1.8233855,196.86185,3.1851723,193.86588,2.2717452,191.54716,1.720935,191.99101,1.7975214,0.0,1.0,0.3043077,0.0069526564,,,0.3414564,0.0073677227,,,0.026706245,0.008783343,195.81584,1.7910997,0.0,1.0,0.27329135,0.007127057,,,0.30122468,0.007376858,,,0.026706245,0.008783343,1,1.0,213.49765496,1.83180809,213.49765496,1.83180809,15.025,14.916,0.05423,0.05333,-22.06,5.17,19.74,21.09,22.68,0.5119,20.98999,10.93,1.16,0.21,8.0,0.0,GAMA,,,,False,True,True,True,True,True,True,True,True,True,True,True,True,True,0.008340515902324305,True,True,True,S0,False,True,True,True
319070_blue_red_9_Y13SAR1_P001_15T001_2013_03_05-2013_03_17,319070_A,319070_blue_9_Y13SAR1_P001_15T001_2013_03_05-2013_03_17.fits,319070,55.0,1.0,194.4174,1.4645169,192.76169,1.2779961,199.33148,2.6880856,198.00502,2.2511344,193.84642,1.4529675,192.76169,1.5318375,0.0,1.0,0.2566919,0.0060820836,,,0.27288476,0.0063602086,,,0.04725895,0.011206244,193.65164,1.4411787,0.0,1.0,0.26885217,0.005947078,,,0.28708023,0.0061623016,,,0.04725895,0.011206244,1,0.5,213.50962527,1.84789354,213.50962527,1.84789354,14.892,14.85,0.03972,0.03884,-21.41,3.06,19.09,20.34,21.94,0.2591,55.839996,10.68,1.15,0.209,8.0,0.0,GAMA,,,,False,True,True,True,True,True,True,True,True,True,True,True,True,True,0.0075328489116714865,True,True,True,Elliptical/S0,False,True,True,True
319196_blue_red_7_Y17SAR2_P004_15T120_2018_03_12-2018_03_22,319196_A,319196_blue_7_Y17SAR2_P004_15T120_2018_03_12-2018_03_22.fits,319196,338.0,2.1666667,95.64099,1.2882628,95.47865,1.2587347,95.94569,1.834022,95.25768,1.565167,95.07829,1.292716,93.938614,1.1609671,0.0,1.0,0.3085517,0.011845772,,,0.34924108,0.013004558,,,0.036245536,0.012928013,95.07829,1.1796312,0.0,1.0,0.2595014,0.011597417,,,0.2977372,0.012446983,,,0.036245536,0.012928013,1,0.5,213.75530808,1.92117838,213.75530808,1.92117838,16.553,16.577,0.05402,0.05313,-20.38,2.11,19.91,21.49,23.04,0.2004,149.13,10.17,1.06,0.172,8.0,0.0,GAMA,,,,False,True,True,True,True,True,True,True,True,True,True,True,True,True,0.013469776923053598,True,True,True,Elliptical/S0,False,True,True,True
319231_blue_red_11_Y17SAR3_P009_15T132_2018_04_09-2018_04_19,319231_A,319231_blue_11_Y17SAR3_P009_15T132_2018_04_09-2018_04_19.fits,319231,176.0,1.0833334,72.58509,0.9564964,69.89874,0.85781336,67.2897,2.13804,63.50903,1.554639,66.09406,1.1687287,68.866234,1.0590537,0.0,1.0,0.49108538,0.006603843,,,0.5872085,0.008941099,,,0.038131364,0.0074458914,72.450905,0.94294727,0.0,1.0,0.45482433,0.0067519206,,,0.53417414,0.008808989,,,0.038131364,0.0074458914,2,0.0,213.96153032,1.88260835,213.96153032,1.88260835,15.106,15.099,0.0267,0.02582,-20.26,5.26,20.48,21.67,23.28,0.1545,175.97,10.05,0.92,0.179,8.0,0.0,GAMA,,,,True,True,True,True,True,True,True,True,True,True,True,True,True,True,0.013177587848964575,True,True,True,Elliptical,True,True,True,True
319293_blue_red_8_Y14SAR2_P005_15T065_2017_02_27-2017_03_05,319293_A,319293_blue_8_Y14SAR2_P005_15T065_2017_02_27-2017_03_05.fits,319293,203.5,7.3333335,94.19567,2.5333667,99.531494,2.9219713,94.0883,4.6269727,96.939705,3.7577705,96.39543,2.782437,94.29189,2.5278263,0.0,1.0,0.22872424,0.025445322,,,0.24976414,0.025165163,,,0.12268429,0.066233695,94.406204,2.5659428,0.0,1.0,0.17212349,0.026999734,,,0.1911986,0.025892088,,,0.12268429,0.066233695,1,0.5,214.00746672,1.91659509,214.00746672,1.91659509,16.658,16.639,0.05515,0.05426,-20.39,3.17,20.9,22.42,23.98,0.1648,7.169998,10.29,1.2,0.181,8.0,0.0,GAMA,,,,False,True,True,True,True,True,True,True,True,True,True,True,True,True,0.026894725628046384,True,True,True,Elliptical/S0,False,True,True,True
319395_blue_red_8_Y14SAR2_P005_15T065_2017_02_27-2017_03_05,319395_A,319395_blue_8_Y14SAR2_P005_15T065_2017_02_27-2017_03_05.fits,319395,346.5,3.5833333,105.19569,1.6892343,109.52525,1.9040235,118.92812,3.2664165,112.741394,2.1692672,110.434265,1.6496053,112.05773,1.4157983,0.0,1.0,0.18432829,0.012329149,,,0.1993615,0.012434149,,,0.04399751,0.023924423,110.20856,1.2920822,0.0,1.0,0.15333007,0.01161574,,,0.16400959,0.0106701255,,,0.04399751,0.023924423,1,0.5,214.34003447,1.82118909,214.34003447,1.82118909,15.552,15.523,0.05504,0.05416,-21.48,5.15,20.76,22.2,23.77,0.181,51.1,10.71,1.19,0.149,8.0,0.0,GAMA,,,,False,True,True,True,True,True,True,True,True,True,True,True,True,True,0.016058018156447286,True,True,True,Elliptical/S0,False,True,True,True
319402_blue_red_8_Y14SAR2_P005_15T065_2017_02_27-2017_03_05,319402_A,319402_blue_8_Y14SAR2_P005_15T065_2017_02_27-2017_03_05.fits,319402,39.0,6.1666665,191.08481,1.3765044,195.45564,1.6743007,203.0614,2.698371,199.24492,1.9854454,195.45564,1.4746188,193.49411,1.5574446,0.0,1.0,0.07764711,0.007413646,,,0.088822685,0.0071958355,,,0.22745964,0.079647265,193.60023,1.3671259,0.0,1.0,0.06381129,0.0075230254,,,0.07265233,0.0073998068,,,0.22745964,0.079647265,1,1.0,214.40123487,1.76816809,214.40123487,1.76816809,15.307,15.226,0.05253,0.05165,-21.68,3.72,19.53,20.95,22.52,0.3992,32.729996,10.79,1.18,0.147,8.0,0.0,GAMA,,,,False,True,True,True,True,True,True,True,True,True,True,True,True,True,0.007203630681057275,True,True,True,S0,False,True,True,True
319452_blue_red_7_Y17SAR2_P004_15T120_2018_03_12-2018_03_22,319452_A,319452_blue_7_Y17SAR2_P004_15T120_2018_03_12-2018_03_22.fits,319452,11.0,0.9166667,129.5584,1.0931671,130.42769,1.109118,136.44666,1.7671627,133.03767,1.5930992,130.13902,1.1455032,128.13716,1.1113268,0.0,1.0,0.3615529,0.007193616,,,0.39376652,0.00802405,,,0.04647187,0.011227944,130.13902,1.2317817,0.0,1.0,0.290388,0.007582549,,,0.30813137,0.007908857,,,0.04647187,0.011227944,1,1.0,214.48251755,1.8694504,214.48251755,1.8694504,16.057,16.067,0.05488,0.054,-20.94,2.63,19.76,21.19,22.76,0.2488,11.139999,10.49,1.19,0.138,8.0,0.0,GAMA,,,,False,True,True,True,True,True,True,True,True,True,True,True,True,True,0.008437639705337516,True,True,True,S0,False,True,True,True
321035_blue_red_7_Y15SAR4_P004_15T113_2016_03_03-2016_03_13,321035_A,321035_blue_7_Y15SAR4_P004_15T113_2016_03_03-2016_03_13.fits,321035,209.5,2.3333333,82.20462,1.6264575,80.31969,1.4785,81.78905,2.6353257,81.8005,2.2239707,80.28328,1.4073058,80.07606,1.5461806,0.0,1.0,0.33551824,0.01445542,,,0.3854933,0.017121788,,,0.03729106,0.015912045,80.15462,1.5183324,0.0,1.0,0.29617813,0.0151551245,,,0.33278242,0.015534045,,,0.03729106,0.015912045,1,1.0,220.74028625,1.75458196,220.74028625,1.75458196,16.674,16.662,0.03485,0.03409,-19.31,2.83,20.31,21.54,23.15,0.4167,34.800003,9.83,1.13,0.148,8.0,0.0,GAMA,,,,False,True,True,True,True,True,True,True,True,True,True,True,True,True,0.019785475560862634,True,True,True,S0,False,True,True,True
321059_blue_red_7_Y15SAR4_P004_15T113_2016_03_03-2016_03_13,321059_A,321059_blue_7_Y15SAR4_P004_15T113_2016_03_03-2016_03_13.fits,321059,243.0,0.33333334,86.169044,0.5446464,87.01858,0.6798219,75.953705,0.84416366,76.4676,0.728733,77.69151,0.5834543,77.51523,0.50921744,0.0,1.0,0.48317474,0.002529188,,,0.5950534,0.0035136656,,,0.015821531,0.0024661326,81.69901,0.52116555,0.0,1.0,0.467908,0.0025659376,,,0.56694245,0.0034532927,,,0.015821531,0.0024661326,1,1.0,220.98488226,1.60417529,220.98488226,1.60417529,13.625,13.547,0.007,0.00582,-18.86,6.98,18.76,19.83,21.47,0.6296,61.059998,9.67,1.1,0.148,8.0,0.0,GAMA,,,,False,True,True,True,True,True,True,True,True,True,True,True,True,True,0.006320673582034866,True,True,True,S0,False,True,True,True
321146_blue_red_10_Y14SAR3_P009_15T084_2016_03_03-2016_03_13,321146_A,321146_blue_10_Y14SAR3_P009_15T084_2016_03_03-2016_03_13.fits,321146,277.0,29.916666,74.80141,1.602781,74.41815,1.6501787,72.56,2.582598,73.01076,2.2353206,76.30116,1.7653712,74.57899,1.559539,0.0,1.0,0.09278723,0.017417382,,,0.11201034,0.017825166,,,0.18936309,0.23678263,75.05346,1.802611,0.0,1.0,0.052908733,0.018478008,,,0.05957085,0.018566942,,,0.18936309,0.23678263,1,0.5,221.49039321,1.69430408,221.49039321,1.69430408,16.719,16.72,0.03456,0.03381,-19.2,2.56,20.33,21.85,23.41,0.2463,104.89,9.7,1.02,0.144,8.0,0.0,GAMA,,,,False,True,True,True,True,True,True,True,True,True,True,True,True,True,0.02142714956843728,True,True,True,Elliptical/S0,False,True,True,True
323541_blue_red_6_Y17SAR2_P001_09T127_2018_02_12-2018_02_19,323541_A,323541_blue_6_Y17SAR2_P001_09T127_2018_02_12-2018_02_19.fits,323541,186.5,1.5833334,166.35733,1.9694129,165.81999,1.8985951,170.18878,2.2200801,166.30157,2.2900689,169.84087,1.7627503,174.21008,1.67134,0.0,1.0,0.21435453,0.014040013,,,0.2676678,0.017295437,,,,,167.37494,2.2883368,,,,,,,,,,,,,1,1.0,132.1358474,1.53295049,132.1358474,1.53295049,16.83,16.81,0.06867,0.06762,-20.74,1.56,18.49,19.82,21.4,0.7073,9.679993,10.48,1.3,0.137,3.0,0.0,GAMA,,,,False,True,True,True,True,True,True,True,True,True,True,True,True,True,0.01183844979959705,True,True,True,S0,False,True,True,True
323566_blue_red_6_Y17SAR2_P001_09T127_2018_02_12-2018_02_19,323566_A,323566_blue_6_Y17SAR2_P001_09T127_2018_02_12-2018_02_19.fits,323566,307.0,4.75,103.16686,1.4020617,104.030846,1.2404038,101.29463,2.0656538,102.348236,1.58126,104.030846,1.2693686,102.288925,1.2246479,0.0,1.0,,,,,,,,,,,103.16686,1.4071689,0.0,1.0,,,,,,,,,,,1,0.0,132.28304106,1.59911066,132.28304106,1.59911066,16.739,16.75,0.04353,0.0425,-19.72,1.41,19.24,20.51,22.11,0.2491,128.43001,10.01,1.15,0.14,8.0,0.0,GAMA,,,,False,True,True,True,True,True,True,True,True,True,True,True,True,True,0.013590233336557882,True,True,True,Elliptical,True,True,True,True
323593_blue_red_6_Y17SAR2_P001_09T127_2018_02_12-2018_02_19,323593_A,323593_blue_6_Y17SAR2_P001_09T127_2018_02_12-2018_02_19.fits,323593,299.5,2.0,251.03413,1.9972329,271.2749,2.4469588,273.85828,3.607981,271.13232,2.4394019,268.49368,2.1905084,263.42212,2.425952,0.0,1.0,0.25433737,0.006049662,,,0.26748696,0.00538317,,,0.06019598,0.010532171,254.63184,1.9372569,0.0,1.0,0.25160632,0.0060134763,,,0.2610346,0.005389815,,,0.06019598,0.010532171,1,0.5,132.38784606,1.72802437,132.38784606,1.72802437,15.374,15.174,0.06993,0.06887,-22.41,4.7,20.19,21.74,23.3,0.2881,119.38,11.13,1.27,0.141,8.0,0.0,GAMA,,,,False,True,True,True,True,True,True,True,True,True,True,True,True,True,0.007956021358530014,True,True,True,Elliptical/S0,False,True,True,True
325321_blue_red_12_Y15SAR1_P002_09T100_2016_03_03-2016_03_13,325321_A,325321_blue_12_Y15SAR1_P002_09T100_2016_03_03-2016_03_13.fits,325321,182.0,0.6666667,198.64821,1.7908071,184.19946,2.357687,179.91064,2.631689,184.19946,2.307157,180.04816,1.684105,182.9195,1.8205024,0.0,1.0,0.51457834,0.006951686,,,0.6243983,0.009852612,,,0.027580924,0.0050683217,187.0337,1.7815745,0.0,1.0,0.45437285,0.007190379,,,0.530019,0.00910262,,,0.027580924,0.0050683217,1,1.0,139.81121168,1.78031234,139.81121168,1.78031234,16.063,16.049,0.08877,0.08761,-22.1,4.0,20.16,21.34,22.95,0.5489,5.4100037,10.96,1.26,0.121,8.0,0.0,GAMA,,,,False,True,True,True,True,True,True,True,True,True,True,True,True,True,0.009014967212641885,True,True,True,S0,False,True,True,True
325467_blue_red_7_Y14SBR2_P001_09T088_2015_01_19-2015_01_26,325467_A,325467_blue_7_Y14SBR2_P001_09T088_2015_01_19-2015_01_26.fits,325467,168.0,2.5833333,214.36324,1.9383067,218.24509,1.9918319,221.48412,2.6729002,218.24509,2.0774245,218.10924,1.9174767,216.85599,1.8865271,0.0,1.0,0.20098932,0.008489504,,,0.21423176,0.007848984,,,0.027940828,0.014594293,217.1419,1.8894614,0.0,1.0,0.16681892,0.008186267,,,0.17855239,0.007625648,,,0.027940828,0.014594293,1,0.5,140.51652233,1.98864567,140.51652233,1.98864567,16.067,16.028,0.08639,0.08522,-22.06,3.7,20.41,21.91,23.47,0.2827,172.31,10.98,1.3,0.117,8.0,0.0,GAMA,,,,False,True,True,True,True,True,True,True,True,True,True,True,True,True,0.009042159933764764,True,True,True,Elliptical/S0,False,True,True,True
345758_blue_red_7_Y18SAR1_P002_09T150_2018_03_12-2018_03_22,345758_A,345758_blue_7_Y18SAR1_P002_09T150_2018_03_12-2018_03_22.fits,345758,350.0,13.083331,248.30537,2.1768074,253.01883,2.7830238,259.993,3.6566012,253.01883,2.523138,252.11531,2.1618905,250.0007,1.8266742,0.0,1.0,0.07412854,0.0072491607,,,0.08512318,0.007091602,,,0.121021464,0.07836201,251.7284,2.1261067,0.0,1.0,0.054679725,0.0068205637,,,0.06469721,0.006836544,,,0.121021464,0.07836201,1,0.0,131.02693494,1.89640977,131.02693494,1.89640977,15.419,15.33,0.07785,0.07681,-22.5,4.19,20.31,21.7,23.28,0.1501,164.2,11.2,1.34,0.324,8.0,0.0,GAMA,,,,False,True,True,True,True,True,True,True,True,True,True,True,True,True,0.00876665454315386,True,True,True,Elliptical,True,True,True,True
345767_blue_red_7_Y14SAR1_P006_09T066_2015_02_16-2015_02_25,345767_A,345767_blue_7_Y14SAR1_P006_09T066_2015_02_16-2015_02_25.fits,345767,202.0,7.9999986,251.09619,2.7212992,233.42178,3.1280725,232.85962,4.309444,233.42178,3.0439909,231.32648,2.4456317,232.49716,2.529798,1.0,0.8353658,0.11072483,0.009004971,0.09741024,0.009004971,0.1210887,0.00927104,0.10792068,0.00927104,0.29725948,0.05916211,241.94041,2.4108245,0.0,1.0,0.09567975,0.008894694,,,0.105744876,0.009314759,,,0.29725948,0.05916211,1,0.5,131.10314972,2.05687434,131.10314972,2.05687434,15.681,15.604,0.07887,0.07782,-22.24,5.11,20.97,22.37,23.94,0.2172,81.57001,11.04,1.26,0.323,8.0,0.0,GAMA,,,,False,True,True,True,True,True,True,True,True,True,True,True,True,True,0.010837676190944992,True,True,True,Elliptical/S0,False,True,True,True
345848_blue_red_7_Y14SAR1_P002_09T062_2015_02_16-2015_02_25,345848_A,345848_blue_7_Y14SAR1_P002_09T062_2015_02_16-2015_02_25.fits,345848,114.5,3.6666667,173.30333,2.130685,173.08223,2.7799735,169.00552,4.9000816,173.08223,2.9348466,173.00542,2.1204135,172.52383,2.4699059,0.0,1.0,0.18225227,0.011410241,,,0.19902587,0.0109068835,,,0.053386007,0.028965488,173.72336,2.262064,0.0,1.0,0.14451484,0.011508679,,,0.16015384,0.0110220695,,,0.053386007,0.028965488,1,0.0,131.30016633,2.04119469,131.30016633,2.04119469,16.053,15.989,0.07637,0.07532,-21.8,3.34,20.6,21.93,23.51,0.0766,125.59,10.94,1.36,0.292,8.0,0.0,GAMA,,,,False,True,True,True,True,True,True,True,True,True,True,True,True,True,0.012294541599402622,True,True,True,Elliptical,True,True,True,True
346046_blue_red_7_Y13SAR1_P002_09T004_2013_03_05-2013_03_17,346046_A,346046_blue_7_Y13SAR1_P002_09T004_2013_03_05-2013_03_17.fits,346046,2.0,2.3333309,115.67412,1.3620905,118.18848,1.4578424,125.057556,3.4381776,120.890724,1.8430082,118.18848,1.4502554,116.31432,1.4802144,0.0,1.0,0.2814872,0.011930902,,,0.29974115,0.012509497,,,0.026193753,0.017727692,117.76791,1.4830117,0.0,1.0,0.23225828,0.013017132,,,0.24475688,0.0133768385,,,0.026193753,0.017727692,1,1.0,132.12090752,2.07601626,132.12090752,2.07601626,16.426,16.39,0.04395,0.04292,-20.14,2.63,19.9,21.31,22.88,0.3826,177.76001,10.23,1.22,0.118,8.0,0.0,GAMA,,,,False,True,True,True,True,True,True,True,True,True,True,True,True,True,0.011775239785701417,True,True,True,S0,False,True,True,True
346623_blue_red_7_Y15SAR1_P002_09T098_2016_03_03-2016_03_13,346623_A,346623_blue_7_Y15SAR1_P002_09T098_2016_03_03-2016_03_13.fits,346623,226.0,2.75,172.21228,2.631117,172.5971,2.5120308,172.98875,3.8679419,173.01962,2.7585616,172.65648,2.551612,174.15707,2.1678617,0.0,1.0,0.17727837,0.014378198,,,0.19802654,0.014745192,,,0.02409077,0.022438198,172.21228,2.3100436,0.0,1.0,0.18358912,0.014099097,,,0.19778512,0.014358936,,,0.02409077,0.022438198,1,0.5,134.56891505,2.02191105,134.56891505,2.02191105,16.691,16.683,0.07203,0.07094,-20.97,1.7,19.57,20.82,22.42,0.263,47.36,10.54,1.26,0.157,3.0,0.0,GAMA,,,,False,True,True,True,True,True,True,True,True,True,True,True,True,True,0.015278335551913024,True,True,True,Elliptical/S0,False,True,True,True
346837_blue_red_7_Y15SAR1_P002_09T098_2016_03_03-2016_03_13,346837_A,346837_blue_7_Y15SAR1_P002_09T098_2016_03_03-2016_03_13.fits,346837,8.0,28.583334,90.084435,1.9674513,90.04931,2.0610032,92.55235,3.0712245,88.803825,2.2338467,89.98932,1.8747146,90.49137,1.837203,,,,,,,,,,,,,90.084435,1.9513425,,,,,,,,,,,,,1,0.0,135.21984256,2.21439177,135.21984256,2.21439177,17.19,17.133,0.05894,0.05786,-20.02,1.14,19.47,20.86,22.44,0.0036,98.369995,10.13,1.2,0.166,8.0,0.0,GAMA,,,,False,True,True,True,True,True,True,True,True,True,True,True,True,True,0.021840080364604608,True,True,True,Elliptical,True,True,True,True
346839_blue_red_11_Y13SAR1_P004_09T018_2013_03_05-2013_03_17,346839_A,346839_blue_11_Y13SAR1_P004_09T018_2013_03_05-2013_03_17.fits,346839,4.0,1.1666666,120.463295,1.3944142,118.845505,1.3077383,123.04353,2.3511848,119.10421,1.3760049,118.1465,1.3177673,117.85581,1.2977763,0.0,1.0,0.27530763,0.011086352,,,0.32086918,0.011706929,,,,,118.76369,1.4257069,0.0,1.0,,,,,,,,,,,1,1.0,135.23069329,2.22819313,135.23069329,2.22819313,16.496,16.481,0.05964,0.05856,-20.7,2.2,19.25,20.5,22.1,0.5948,179.6,10.39,1.18,0.169,8.0,0.0,GAMA,,,,False,True,True,True,True,True,True,True,True,True,True,True,True,True,0.011575428017306018,True,True,True,S0,False,True,True,True
346887_blue_red_7_Y15SAR1_P002_09T098_2016_03_03-2016_03_13,346887_A,346887_blue_7_Y15SAR1_P002_09T098_2016_03_03-2016_03_13.fits,346887,252.0,4.0,123.29776,1.2047331,124.847,1.3965824,125.13253,1.8712606,123.82388,1.641965,124.51109,1.4199734,123.29776,1.1326895,0.0,1.0,0.10952514,0.008749554,,,0.11974196,0.008390133,,,0.03981923,0.03268031,124.51109,1.2347544,0.0,1.0,0.09268847,0.010470946,,,0.10299346,0.009795199,,,0.03981923,0.03268031,1,0.5,135.38349686,2.0621208,135.38349686,2.0621208,16.109,15.999,0.05805,0.05697,-21.12,2.13,19.61,21.12,22.69,0.0471,126.87,10.55,1.17,0.207,8.0,0.0,GAMA,,,,False,True,True,True,True,True,True,True,True,True,True,True,True,True,0.009770924467727557,True,True,True,Elliptical/S0,False,True,True,True
346890_blue_red_11_Y13SAR1_P004_09T018_2013_03_05-2013_03_17,346890_A,346890_blue_11_Y13SAR1_P004_09T018_2013_03_05-2013_03_17.fits,346890,324.0,1.4166666,136.97435,1.4256669,131.54019,1.5108664,129.36906,2.0947714,129.43059,1.8001875,132.76576,1.5798098,134.33044,1.2822703,0.0,1.0,0.3547044,0.009380195,,,0.41823834,0.010652511,,,0.029229742,0.0121933725,133.2301,1.473603,0.0,1.0,0.30238396,0.009296003,,,0.3462185,0.009758803,,,0.029229742,0.0121933725,1,1.0,135.39136871,2.0876501,135.39136871,2.0876501,16.396,16.405,0.05939,0.05831,-20.77,2.65,19.69,21.13,22.7,0.5139,145.09,10.4,1.17,0.206,8.0,0.0,GAMA,,,,False,True,True,True,True,True,True,True,True,True,True,True,True,True,0.010408276440078015,True,True,True,S0,False,True,True,True
347432_blue_red_7_Y14SBR2_P001_09T087_2015_01_19-2015_01_26,347432_A,347432_blue_7_Y14SBR2_P001_09T087_2015_01_19-2015_01_26.fits,347432,327.0,0.5833333,241.02095,1.4513084,238.83105,1.5909197,244.618,2.3635285,242.98589,1.7650367,236.27263,1.5041956,234.10123,1.4303783,0.0,1.0,0.45997313,0.0037128625,,,0.530645,0.0044943187,,,0.016898746,0.0031352467,237.87679,1.2903461,0.0,1.0,0.4291425,0.0037841895,,,0.4833246,0.004391643,,,0.016898746,0.0031352467,2,1.0,137.71158282,2.30149001,137.71158282,2.30149001,14.842,14.728,0.0559,0.0548,-22.33,5.45,19.57,20.95,22.52,0.5464,145.6,11.12,1.26,0.151,8.0,0.0,GAMA,,,,True,True,True,True,True,True,True,True,True,True,True,True,True,True,0.0060215031099993595,True,True,True,S0,False,True,True,True
347471_blue_red_7_Y17SAR2_P002_09T130_2018_02_12-2018_02_19,347471_A,347471_blue_7_Y17SAR2_P002_09T130_2018_02_12-2018_02_19.fits,347471,6.0,1.5833334,196.60925,1.2361604,205.07904,1.5981771,206.44803,2.1022923,205.91917,1.4781003,204.09212,1.448096,201.85786,1.2281017,0.0,1.0,0.22657986,0.00515725,,,0.23213574,0.0047786664,,,0.034173194,0.009711985,199.56519,1.1540257,0.0,1.0,0.20376278,0.0053294506,,,0.20892493,0.0049019884,,,0.034173194,0.009711985,1,0.5,137.88330421,2.23981734,137.88330421,2.23981734,15.324,15.272,0.05615,0.05504,-21.78,3.43,19.61,20.92,22.51,0.2537,4.220001,10.87,1.23,0.11,8.0,0.0,GAMA,,,,False,True,True,True,True,True,True,True,True,True,True,True,True,True,0.006287396956145247,True,True,True,Elliptical/S0,False,True,True,True
348115_blue_red_8_Y13SAR1_P010_09T010_2013_03_05-2013_03_17,348115_A,348115_blue_8_Y13SAR1_P010_09T010_2013_03_05-2013_03_17.fits,348115,72.0,1.5833334,219.44662,3.1320386,238.37279,3.0558178,232.09007,4.137254,238.37279,3.3651829,236.59457,2.6000023,226.58928,2.5544066,0.0,1.0,0.39656773,0.0080506485,,,0.4354123,0.0085934475,,,0.043990657,0.010299214,225.91296,2.4495096,0.0,1.0,0.29586047,0.008286836,,,0.32848427,0.008640351,,,0.043990657,0.010299214,1,1.0,140.2860033,2.33393497,140.2860033,2.33393497,15.761,15.751,0.09022,0.08905,-22.44,6.49,21.18,22.66,24.23,0.3141,74.08,11.12,1.3,0.132,8.0,0.0,GAMA,,,,False,True,True,True,True,True,True,True,True,True,True,True,True,True,0.014272439466144432,True,True,True,S0,False,True,True,True
370997_blue_red_7_Y17SAR2_P001_09T126_2017_03_24-2017_04_02,370997_A,370997_blue_7_Y17SAR2_P001_09T126_2017_03_24-2017_04_02.fits,370997,347.0,0.9166667,154.05157,2.2586882,142.98909,2.422853,147.44572,3.2992446,142.98909,2.7529867,144.57222,2.1886408,145.09676,2.2941618,0.0,1.0,0.59519374,0.012194137,,,0.84926087,0.017509047,,,0.030483972,0.0066286335,150.97467,2.1061797,0.0,1.0,0.5672919,0.0130603565,,,0.8023142,0.017023847,,,0.030483972,0.0066286335,1,0.5,129.74054739,0.95970311,129.74054739,0.95970311,16.046,16.08,0.08642,0.08538,-22.0,4.75,21.16,22.19,23.84,0.2732,164.47,10.9,1.23,0.174,8.0,0.0,GAMA,,,,False,True,True,True,True,True,True,True,True,True,True,True,True,True,0.014661896662267058,True,True,True,Elliptical/S0,False,True,True,True
371171_blue_red_7_Y17SAR2_P003_09T134_2018_02_12-2018_02_19,371171_A,371171_blue_7_Y17SAR2_P003_09T134_2018_02_12-2018_02_19.fits,371171,21.5,1.9166666,95.27819,1.0886484,95.833755,1.047261,93.19551,1.6520823,94.77921,1.3320104,95.9074,1.0470454,96.33415,0.9425006,0.0,1.0,0.14989349,0.009422154,,,0.1533883,0.009566552,,,,,95.34081,1.0953709,,,,,,,,,,,,,1,0.0,130.49093127,0.92989378,130.49093127,0.92989378,15.96,15.937,0.0409,0.0399,-20.39,1.52,18.61,19.94,21.53,0.2284,22.399994,10.15,1.0,0.175,8.0,0.0,GAMA,,,,False,True,True,True,True,True,True,True,True,True,True,True,True,True,0.011425997912009035,True,True,True,Elliptical,True,True,True,True
371172_blue_red_7_Y17SAR2_P003_09T134_2018_02_12-2018_02_19,371172_A,371172_blue_7_Y17SAR2_P003_09T134_2018_02_12-2018_02_19.fits,371172,195.5,4.5,258.79404,1.9031917,270.33893,2.6791317,270.79282,3.3042712,270.33893,2.874527,268.42654,2.283859,265.35742,1.853332,0.0,1.0,0.10424652,0.0056027095,,,0.12023513,0.005017495,,,0.115565106,0.021936903,265.6833,1.9999795,0.0,1.0,0.10286898,0.0055281445,,,0.11614398,0.0052144625,,,0.115565106,0.021936903,1,0.0,130.49630279,1.01727921,130.49630279,1.01727921,15.47,15.401,0.07818,0.07714,-22.44,4.01,20.1,21.59,23.15,0.2197,24.070007,11.16,1.32,0.164,8.0,0.0,GAMA,,,,False,True,True,True,True,True,True,True,True,True,True,True,True,True,0.007354078556059483,True,True,True,Elliptical,True,True,True,True
371976_blue_red_7_Y14SAR2_P001_09T068_2014_04_02-2014_04_06,371976_A,371976_blue_7_Y14SAR2_P001_09T068_2014_04_02-2014_04_06.fits,371976,131.0,1.0,127.86676,1.4469365,125.2588,1.6603853,135.42706,2.3905654,127.48218,1.7569543,126.2566,1.4964386,126.235725,1.4273729,0.0,1.0,0.38482645,0.010039447,,,0.44754037,0.010269232,,,0.020558948,0.008435642,127.21786,1.5286134,0.0,1.0,0.32374856,0.01078198,,,0.37085548,0.010235203,,,0.020558948,0.008435642,1,1.0,133.68008215,1.09593028,133.68008215,1.09593028,15.906,15.914,0.05902,0.05796,-21.25,3.23,19.83,21.23,22.81,0.4281,133.36,10.55,1.1,0.191,8.0,0.0,GAMA,,,,False,True,True,True,True,True,True,True,True,True,True,True,True,True,0.01131597062442186,True,True,True,S0,False,True,True,True
372123_blue_red_7_Y16SAR2_P003_09T122_2017_03_24-2017_04_02,372123_A,372123_blue_7_Y16SAR2_P003_09T122_2017_03_24-2017_04_02.fits,372123,56.5,5.5833335,268.2697,2.7477672,275.99063,3.0738623,282.3777,3.694908,279.45422,3.1918323,267.063,2.268687,271.04578,2.2401123,1.0,0.78394866,0.11300509,0.0056821187,0.09501813,0.0056821187,0.11950329,0.004994931,0.10226428,0.004994931,,,268.15723,2.6480463,1.0,0.8960149,0.10266931,0.005679749,0.094938554,0.005679749,0.11012946,0.004970734,0.102656215,0.004970734,,,1,0.0,134.52059205,1.15374158,134.52059205,1.15374158,14.966,14.774,0.07228,0.07119,-22.9,7.06,21.01,22.46,24.03,0.0627,124.67,11.43,1.39,0.177,8.0,0.0,GAMA,,,,False,True,True,True,True,True,True,True,True,True,True,True,True,True,0.010242555159975205,True,True,True,Elliptical,True,True,True,True
372133_blue_red_7_Y16SAR2_P003_09T122_2017_03_24-2017_04_02,372133_A,372133_blue_7_Y16SAR2_P003_09T122_2017_03_24-2017_04_02.fits,372133,38.5,1.75,193.27429,2.3248074,192.03534,2.7697067,204.80527,3.4957743,190.93105,2.7203531,191.77254,2.359707,189.78247,2.167183,0.0,1.0,0.19907054,0.010568256,,,0.21606363,0.010664145,,,,,192.03534,2.2574937,0.0,1.0,,,,,,,,,,,1,0.5,134.43445894,1.16778866,134.43445894,1.16778866,16.647,16.635,0.07218,0.07109,-21.02,1.52,19.24,20.51,22.1,0.2681,40.33,10.59,1.31,0.179,3.0,0.0,GAMA,,,,False,True,True,True,True,True,True,True,True,True,True,True,True,True,0.012028539336504612,True,True,True,Elliptical/S0,False,True,True,True
372408_blue_red_7_Y16SAR2_P001_09T115_2016_03_03-2016_03_13,372408_A,372408_blue_7_Y16SAR2_P001_09T115_2016_03_03-2016_03_13.fits,372408,31.5,0.6666667,181.71323,1.3085915,172.74974,1.2947,177.46439,1.8477623,175.0852,1.5729228,171.01927,1.256721,171.47562,1.4178942,0.0,1.0,0.4369662,0.005284706,,,0.52174,0.006550449,,,0.02759739,0.005406865,175.11475,1.39844,0.0,1.0,0.35920456,0.005186877,,,0.40825486,0.0057738614,,,0.02759739,0.005406865,1,1.0,135.70510313,1.02059724,135.70510313,1.02059724,15.549,15.538,0.05459,0.05351,-21.46,3.44,19.12,20.32,21.93,0.6561,33.990005,10.76,1.26,0.176,8.0,0.0,GAMA,,,,False,True,True,True,True,True,True,True,True,True,True,True,True,True,0.007201410155991393,True,True,True,S0,False,True,True,True
372452_blue_red_7_Y16SAR2_P001_09T115_2016_03_03-2016_03_13,372452_A,372452_blue_7_Y16SAR2_P001_09T115_2016_03_03-2016_03_13.fits,372452,46.5,2.75,133.66962,1.3241632,150.28693,1.3183432,154.96606,1.7577835,151.70554,1.5806276,149.89409,1.1595223,147.37029,1.1041869,0.0,1.0,0.12816772,0.0072503467,,,0.123649925,0.006184044,,,0.10438592,0.033273414,144.64629,1.1410092,0.0,1.0,0.09705977,0.0069338647,,,0.09927441,0.0062547475,,,0.10438592,0.033273414,1,0.5,135.76969669,1.13570439,135.76969669,1.13570439,15.752,15.743,0.05372,0.05264,-21.22,3.93,20.37,21.8,23.37,0.248,99.4,10.65,1.24,0.177,8.0,0.0,GAMA,,,,False,True,True,True,True,True,True,True,True,True,True,True,True,True,0.009906238979358212,True,True,True,Elliptical/S0,False,True,True,True
373163_blue_red_12_Y15SAR1_P002_09T100_2016_03_03-2016_03_13,373163_A,373163_blue_12_Y15SAR1_P002_09T100_2016_03_03-2016_03_13.fits,373163,104.0,29.916666,186.35724,2.7696197,190.35951,2.5421386,195.18126,3.3882272,190.35951,2.33747,181.39592,2.0742326,181.72574,2.0627697,1.0,0.883252,0.07634094,0.012707176,0.06984667,0.012707176,0.083214596,0.011834646,0.07685881,0.011834646,0.3120773,0.11325406,183.51688,2.4277875,0.0,1.0,0.063227795,0.012473407,,,0.06869397,0.011662973,,,0.3120773,0.11325406,1,0.0,139.71577409,1.24279017,139.71577409,1.24279017,16.457,16.5,0.08876,0.08759,-21.64,4.3,21.31,22.8,24.36,0.1463,7.4599915,10.82,1.32,0.084,3.0,0.0,GAMA,,,,False,True,True,True,True,True,True,True,True,True,True,True,True,True,0.014861884088860728,True,True,True,Elliptical,True,True,True,True
373168_blue_red_12_Y15SAR1_P002_09T100_2016_03_03-2016_03_13,373168_A,373168_blue_12_Y15SAR1_P002_09T100_2016_03_03-2016_03_13.fits,373168,73.0,10.083333,241.51736,2.4538095,248.4422,2.428382,247.49939,2.8359783,248.4422,2.8014076,239.78627,2.2994256,237.59256,1.9412805,0.0,1.0,0.07221103,0.0074192015,,,0.080224626,0.00678484,,,0.11283457,0.051260088,236.55556,2.201933,0.0,1.0,0.07256096,0.007306281,,,0.080258906,0.0067962254,,,0.11283457,0.051260088,1,0.0,139.74080772,1.1489271,139.74080772,1.1489271,15.708,15.659,0.08896,0.08779,-22.51,4.65,20.8,22.19,23.76,0.1415,42.23001,11.2,1.35,0.089,8.0,0.0,GAMA,,,,False,True,True,True,True,True,True,True,True,True,True,True,True,True,0.010159971523372068,True,True,True,Elliptical,True,True,True,True
373173_blue_red_7_Y13SAR1_P003_09T006_2013_03_05-2013_03_17,373173_A,373173_blue_7_Y13SAR1_P003_09T006_2013_03_05-2013_03_17.fits,373173,56.0,1.0,189.03653,2.1514485,200.55243,2.5521314,205.89224,3.2630765,200.55243,2.4845436,193.31116,2.369722,191.07191,2.0989618,0.0,1.0,0.46338287,0.009415333,,,0.5083602,0.011076477,,,0.045614593,0.009728427,192.50444,2.1065745,0.0,1.0,0.39929712,0.009023496,,,0.4350948,0.010099495,,,0.045614593,0.009728427,1,1.0,139.76734716,1.17936637,139.76734716,1.17936637,16.353,16.342,0.09033,0.08916,-21.87,3.85,20.77,22.03,23.62,0.3051,56.960007,10.97,1.41,0.086,8.0,0.0,GAMA,,,,False,True,True,True,True,True,True,True,True,True,True,True,True,True,0.011381125648042735,True,True,True,S0,False,True,True,True
375560_blue_red_7_Y17SAR2_P003_09T134_2018_02_12-2018_02_19,375560_A,375560_blue_7_Y17SAR2_P003_09T134_2018_02_12-2018_02_19.fits,375560,273.0,1.0,215.59544,1.2777237,214.77692,1.7193661,216.3426,2.7451534,215.75983,1.8793217,214.77692,1.5994064,217.19662,1.5319237,0.0,1.0,0.31453717,0.004588874,,,0.343898,0.004623303,,,0.029349625,0.0054480303,215.25517,1.2425926,0.0,1.0,0.31031027,0.004512442,,,0.3395568,0.004538962,,,0.029349625,0.0054480303,1,0.5,129.87422108,1.23344437,129.87422108,1.23344437,14.621,14.5,0.05085,0.04985,-22.34,6.14,20.19,21.6,23.17,0.2451,94.43,11.11,1.23,0.184,8.0,0.0,GAMA,,,,False,True,True,True,True,True,True,True,True,True,True,True,True,True,0.005926487591759825,True,True,True,Elliptical/S0,False,True,True,True
375564_blue_red_7_Y14SAR2_P003_09T070_2014_04_02-2014_04_06,375564_A,375564_blue_7_Y14SAR2_P003_09T070_2014_04_02-2014_04_06.fits,375564,81.5,4.5833335,142.67899,3.031942,141.8812,2.1601126,141.78,4.387108,141.50699,3.033666,141.8812,2.4193358,142.56915,2.272671,,,,,,,,,,,,,142.67061,3.0336177,,,,,,,,,,,,,1,1.0,129.89422026,1.2511931,129.89422026,1.2511931,16.716,16.701,0.05022,0.04922,-20.1,1.69,19.1,20.39,21.98,0.521,83.45999,10.19,1.22,0.19,8.0,0.0,GAMA,,,,False,True,True,True,True,True,True,True,True,True,True,True,True,True,0.021250094355167497,True,True,True,S0,False,True,True,True
375615_blue_red_7_Y17SAR2_P003_09T134_2018_02_12-2018_02_19,375615_A,375615_blue_7_Y17SAR2_P003_09T134_2018_02_12-2018_02_19.fits,375615,216.0,2.1666667,109.183235,1.4704448,108.75564,1.9655272,107.251625,2.639666,108.75564,1.8546063,111.79167,1.4806486,110.444046,1.4973347,0.0,1.0,0.24484497,0.010321692,,,0.25650126,0.010209797,,,0.07291923,0.01855855,110.72585,1.2884212,0.0,1.0,0.22018123,0.010954927,,,0.23305583,0.010732842,,,0.07291923,0.01855855,1,0.5,130.04200051,1.24630305,130.04200051,1.24630305,16.113,16.093,0.07894,0.07791,-21.75,2.44,19.96,21.11,22.73,0.1404,23.919998,10.7,1.07,0.195,3.0,0.0,GAMA,,,,False,True,True,True,True,True,True,True,True,True,True,True,True,True,0.013467679355717938,True,True,True,Elliptical/S0,False,True,True,True
376097_blue_red_6_Y17SAR2_P001_09T127_2018_02_12-2018_02_19,376097_A,376097_blue_6_Y17SAR2_P001_09T127_2018_02_12-2018_02_19.fits,376097,218.0,15.166667,194.90384,1.7779471,197.65767,1.7822777,207.03947,2.4881895,199.26407,2.0792937,194.70953,1.7757835,194.97282,1.6420074,0.0,1.0,0.07541145,0.008595145,,,0.08301931,0.008072123,,,0.18693398,0.06337419,195.34045,1.5935849,0.0,1.0,0.06382214,0.008266916,,,0.06955832,0.007599949,,,0.18693398,0.06337419,1,1.0,132.03493449,1.35794045,132.03493449,1.35794045,15.729,15.569,0.06873,0.06768,-21.91,5.09,20.59,22.19,23.75,0.3826,37.639984,10.92,1.26,0.138,8.0,0.0,GAMA,,,,False,True,True,True,True,True,True,True,True,True,True,True,True,True,0.00912217583809534,True,True,True,S0,False,True,True,True
376703_blue_red_7_Y15SAR1_P002_09T098_2016_03_03-2016_03_13,376703_A,376703_blue_7_Y15SAR1_P002_09T098_2016_03_03-2016_03_13.fits,376703,96.5,7.3333335,193.725,1.5807838,200.72575,1.9343716,207.13736,2.9601703,201.74211,2.2897727,198.47484,1.7171749,198.50923,1.5528266,0.0,1.0,0.06545992,0.0074073076,,,0.072159424,0.007133568,,,0.15743117,0.0740797,198.202,1.7551205,0.0,1.0,0.054168846,0.007275953,,,0.06156581,0.0069998857,,,0.15743117,0.0740797,1,0.0,134.73813963,1.43825517,134.73813963,1.43825517,15.622,15.586,0.05311,0.05204,-21.35,3.22,19.93,21.36,22.93,0.1494,80.630005,10.74,1.28,0.201,8.0,0.0,GAMA,,,,False,True,True,True,True,True,True,True,True,True,True,True,True,True,0.008159937024132147,True,True,True,Elliptical,True,True,True,True
377710_blue_red_7_Y15SAR2_P002_09T110_2016_02_08-2016_02_14,377710_A,377710_blue_7_Y15SAR2_P002_09T110_2016_02_08-2016_02_14.fits,377710,298.5,6.6666665,112.267586,2.4619484,111.00694,2.4467454,116.82383,3.9265,111.61214,2.4984179,111.96857,2.2880158,111.177795,2.0689762,,,,,,,,,,,,,112.50275,2.472525,,,,,,,,,,,,,1,0.5,138.64709652,1.5626519,138.64709652,1.5626519,17.284,17.226,0.05643,0.05531,-19.84,1.25,19.61,20.98,22.56,0.1418,124.869995,10.03,1.16,0.114,8.0,0.0,GAMA,,,,False,True,True,True,True,True,True,True,True,True,True,True,True,True,0.021929289545782164,True,True,True,Elliptical/S0,False,True,True,True
378104_blue_red_7_Y14SBR2_P001_09T088_2015_01_19-2015_01_26,378104_A,378104_blue_7_Y14SBR2_P001_09T088_2015_01_19-2015_01_26.fits,378104,233.5,3.25,269.68085,2.5847197,270.5621,2.7514665,276.36636,3.8090584,270.5621,2.7712603,270.6109,2.466089,269.0602,2.4516778,0.0,1.0,0.14878023,0.0080988305,,,0.15782632,0.007575702,,,0.05498983,0.025765035,270.53934,2.429904,0.0,1.0,0.12548152,0.008204299,,,0.13243699,0.007467678,,,0.05498983,0.025765035,1,1.0,140.61697275,1.67359449,140.61697275,1.67359449,16.362,16.303,0.08627,0.0851,-21.79,2.69,19.71,21.22,22.78,0.4593,56.42,10.91,1.35,0.117,8.0,0.0,GAMA,,,,False,True,True,True,True,True,True,True,True,True,True,True,True,True,0.0095843650003328,True,True,True,S0,False,True,True,True
380697_blue_red_7_Y14SAR2_P003_09T070_2014_04_02-2014_04_06,380697_A,380697_blue_7_Y14SAR2_P003_09T070_2014_04_02-2014_04_06.fits,380697,355.5,1.5833317,215.78069,2.0133247,212.8353,2.621647,203.876,3.4124877,213.5566,2.7782774,213.9279,2.2175324,212.33737,2.2078502,0.0,1.0,0.24692468,0.008585999,,,0.2690706,0.008739049,,,0.0408697,0.014479279,213.70909,2.2348409,0.0,1.0,0.21009417,0.00892306,,,0.22945385,0.008677794,,,0.0408697,0.014479279,1,1.0,129.58584589,1.73254222,129.58584589,1.73254222,15.744,15.685,0.07432,0.0733,-22.04,2.98,19.77,21.04,22.64,0.2922,0.33999634,10.99,1.29,0.226,8.0,0.0,GAMA,,,,False,True,True,True,True,True,True,True,True,True,True,True,True,True,0.00933042108633539,True,True,True,S0,False,True,True,True
380734_blue_red_7_Y14SAR2_P003_09T070_2014_04_02-2014_04_06,380734_A,380734_blue_7_Y14SAR2_P003_09T070_2014_04_02-2014_04_06.fits,380734,339.0,6.0,193.04333,2.4478388,196.85202,2.7325413,201.18454,4.237445,197.84273,3.1345422,198.94203,2.4290597,196.76842,2.5614161,0.0,1.0,0.0932061,0.009447499,,,0.10085832,0.009125875,,,0.17294814,0.08147357,194.85696,2.303745,0.0,1.0,0.0689809,0.009278178,,,0.07495008,0.009044792,,,0.17294814,0.08147357,1,0.0,129.74517063,1.73462278,129.74517063,1.73462278,15.764,15.713,0.07345,0.07243,-21.97,3.23,20.23,21.67,23.24,0.0457,152.09,10.96,1.29,0.235,8.0,0.0,GAMA,,,,False,True,True,True,True,True,True,True,True,True,True,True,True,True,0.012680255774700944,True,True,True,Elliptical,True,True,True,True
381157_blue_red_6_Y17SAR2_P001_09T127_2018_02_12-2018_02_19,381157_A,381157_blue_6_Y17SAR2_P001_09T127_2018_02_12-2018_02_19.fits,381157,102.5,2.1666667,207.94656,2.3906565,204.00014,1.8606483,204.29301,3.3355923,204.51572,2.282744,202.76805,1.7574741,201.50441,1.968445,,,,,,,,,,,,,208.48735,2.5051749,,,,,,,,,,,,,1,1.0,131.65300249,1.81095988,131.65300249,1.81095988,16.473,16.43,0.05334,0.05231,-20.51,1.23,18.15,19.51,21.09,0.5238,100.770004,10.36,1.23,0.168,8.0,0.0,GAMA,,,,False,True,True,True,True,True,True,True,True,True,True,True,True,True,0.011496494580145976,True,True,True,S0,False,True,True,True
381160_blue_red_6_Y17SAR2_P001_09T127_2018_02_12-2018_02_19,381160_A,381160_blue_6_Y17SAR2_P001_09T127_2018_02_12-2018_02_19.fits,381160,41.0,3.3333333,104.48278,1.6217408,104.01113,1.6803851,103.62348,2.6737385,103.37685,1.8254836,104.01113,1.6765219,104.466835,1.6934577,0.0,1.0,0.1876896,0.017144948,,,0.20777653,0.017675104,,,0.031228926,0.022324443,103.33694,1.8555484,0.0,1.0,0.1829957,0.015966494,,,0.20056449,0.015904607,,,0.031228926,0.022324443,1,1.0,131.66053406,1.73812095,131.66053406,1.73812095,16.996,16.989,0.05206,0.05103,-19.87,2.03,19.65,20.62,22.29,0.5821,42.809998,10.06,1.17,0.158,8.0,0.0,GAMA,,,,False,True,True,True,True,True,True,True,True,True,True,True,True,True,0.015521608441123024,True,True,True,S0,False,True,True,True
381207_blue_red_7_Y13SAR1_P002_09T004_2013_03_05-2013_03_17,381207_A,381207_blue_7_Y13SAR1_P002_09T004_2013_03_05-2013_03_17.fits,381207,148.0,2.6666667,132.93057,2.2916815,139.81473,1.998056,143.4052,2.644818,146.21603,1.936847,139.81473,1.7016971,136.74588,1.4464375,0.0,1.0,0.2904965,0.012858613,,,0.29944226,0.01279872,,,0.032917973,0.018848313,134.42723,1.5044794,0.0,1.0,0.24859133,0.012460599,,,0.25956592,0.012556482,,,0.032917973,0.018848313,1,1.0,131.68919723,1.82157611,131.68919723,1.82157611,16.097,15.844,0.05231,0.05128,-21.05,5.15,21.06,22.71,24.26,0.303,141.06999,10.61,1.26,0.162,8.0,0.0,GAMA,,,,False,True,True,True,True,True,True,True,True,True,True,True,True,True,0.01723968760534165,True,True,True,S0,False,True,True,True
381219_blue_red_7_Y18SAR1_P002_09T150_2018_03_12-2018_03_22,381219_A,381219_blue_7_Y18SAR1_P002_09T150_2018_03_12-2018_03_22.fits,381219,207.5,1.8333334,135.97699,1.7154657,134.3625,1.6216283,134.4722,3.016556,136.17441,1.9399673,134.3625,1.5787232,133.51419,1.5995343,0.0,1.0,0.3439487,0.0103612,,,0.38237512,0.010840096,,,0.04264445,0.013625669,134.6242,1.5011458,0.0,1.0,0.24434906,0.010924483,,,0.26799285,0.011140856,,,0.04264445,0.013625669,1,0.5,131.70335373,1.80824085,131.70335373,1.80824085,16.325,16.336,0.05077,0.04974,-20.48,3.75,20.58,22.17,23.72,0.361,26.839996,10.32,1.19,0.157,8.0,0.0,GAMA,,,,False,True,True,True,True,True,True,True,True,True,True,True,True,True,0.012615852873342761,True,True,True,Elliptical/S0,False,True,True,True
381221_blue_red_6_Y17SAR2_P001_09T127_2018_02_12-2018_02_19,381221_A,381221_blue_6_Y17SAR2_P001_09T127_2018_02_12-2018_02_19.fits,381221,4.5,1.75,147.39818,2.106072,143.38564,1.6309147,139.34012,2.440518,141.98932,1.7894012,143.38564,1.6320676,142.77898,1.6855371,0.0,1.0,0.23966736,0.015808124,,,0.2883897,0.01719237,,,,,146.18954,1.8770653,,,,,,,,,,,,,1,1.0,131.73262516,1.86472984,131.73262516,1.86472984,16.924,16.879,0.05143,0.0504,-19.97,1.71,18.89,20.3,21.87,0.6591,9.119995,10.13,1.21,0.156,8.0,0.0,GAMA,,,,False,True,True,True,True,True,True,True,True,True,True,True,True,True,0.01428831753553538,True,True,True,S0,False,True,True,True
381229_blue_red_7_Y13SAR1_P005_09T009_2013_03_05-2013_03_17,381229_A,381229_blue_7_Y13SAR1_P005_09T009_2013_03_05-2013_03_17.fits,381229,143.5,7.5833335,151.8539,1.6839256,151.27495,1.7570367,161.53807,3.0539422,154.58037,2.2575355,151.27495,1.6090354,153.07956,1.7566838,0.0,1.0,0.11753583,0.010341188,,,0.13236775,0.00896306,,,0.10508038,0.03282986,152.33101,1.5658189,0.0,1.0,0.11014169,0.009753364,,,0.12420098,0.0087071145,,,0.10508038,0.03282986,1,0.0,131.81455082,1.89556314,131.81455082,1.89556314,15.973,15.902,0.05102,0.04999,-20.9,4.3,20.75,22.19,23.76,0.1838,149.39,10.49,1.18,0.142,8.0,0.0,GAMA,,,,False,True,True,True,True,True,True,True,True,True,True,True,True,True,0.011089116578500782,True,True,True,Elliptical,True,True,True,True
381979_blue_red_7_Y15SAR1_P002_09T098_2016_03_03-2016_03_13,381979_A,381979_blue_7_Y15SAR1_P002_09T098_2016_03_03-2016_03_13.fits,381979,83.5,1.8333334,198.55103,1.8825475,212.47984,1.9133353,223.55618,2.729383,215.4614,2.2881541,210.68393,2.0218892,207.88802,1.7618265,0.0,1.0,0.2601421,0.0075950064,,,0.2845756,0.007061985,,,0.037132736,0.009754075,206.6073,1.9084074,0.0,1.0,0.2463305,0.0070989663,,,0.26100188,0.0069626826,,,0.037132736,0.009754075,1,1.0,134.69782009,1.84251457,134.69782009,1.84251457,15.427,15.351,0.05924,0.05817,-21.83,6.13,20.51,22.03,23.59,0.4614,87.98999,10.92,1.27,0.168,8.0,0.0,GAMA,,,,False,True,True,True,True,True,True,True,True,True,True,True,True,True,0.009481429031116081,True,True,True,S0,False,True,True,True
382154_blue_red_7_Y15SAR1_P002_09T098_2016_03_03-2016_03_13,382154_A,382154_blue_7_Y15SAR1_P002_09T098_2016_03_03-2016_03_13.fits,382154,71.0,7.0833335,191.53542,1.805343,193.33195,1.8535454,203.95013,3.0781684,200.58253,2.2095366,194.96005,1.9107713,193.58684,1.6297162,0.0,1.0,0.07793118,0.0075344737,,,0.082385585,0.0068638064,,,0.14792529,0.06306976,193.44833,1.5185398,0.0,1.0,0.069964685,0.0077128466,,,0.074583955,0.0070484355,,,0.14792529,0.06306976,1,0.0,135.46703893,1.99326948,135.46703893,1.99326948,15.714,15.632,0.05793,0.05685,-21.5,3.02,19.75,21.23,22.79,0.2429,72.72,10.8,1.3,0.213,8.0,0.0,GAMA,,,,False,True,True,True,True,True,True,True,True,True,True,True,True,True,0.009425635216713442,True,True,True,Elliptical,True,True,True,True
382158_blue_red_11_Y13SAR1_P004_09T018_2013_03_05-2013_03_17,382158_A,382158_blue_11_Y13SAR1_P004_09T018_2013_03_05-2013_03_17.fits,382158,140.5,1.0,146.03593,1.3880847,141.93634,1.2918959,141.78964,1.9774051,142.14673,1.6859436,141.74484,1.4506665,141.84535,1.3556864,0.0,1.0,0.34994763,0.008551131,,,0.40006655,0.010146007,,,0.019959383,0.008938893,142.95708,1.5915478,0.0,1.0,0.2667293,0.009585988,,,0.29332033,0.010458444,,,0.019959383,0.008938893,1,1.0,135.53081934,2.03601494,135.53081934,2.03601494,16.368,16.339,0.05878,0.0577,-20.82,2.19,19.13,20.41,22.01,0.5848,141.64,10.47,1.22,0.209,8.0,0.0,GAMA,,,,False,True,True,True,True,True,True,True,True,True,True,True,True,True,0.009505090288396835,True,True,True,S0,False,True,True,True
382505_blue_red_7_Y15SAR2_P001_09T106_2016_02_08-2016_02_14,382505_A,382505_blue_7_Y15SAR2_P001_09T106_2016_02_08-2016_02_14.fits,382505,198.0,1.5,121.970665,1.2297225,127.08911,1.3284657,131.57236,1.7257887,128.17357,1.6489325,126.20523,1.2532557,124.37511,1.2432265,0.0,1.0,0.2326653,0.008708916,,,0.2465196,0.008613107,,,0.03934053,0.013779535,122.197075,1.156291,0.0,1.0,0.22471242,0.008670551,,,0.24206522,0.008587596,,,0.03934053,0.013779535,1,0.0,137.1001386,2.00008099,137.1001386,2.00008099,15.959,15.875,0.05717,0.05607,-21.23,2.7,19.99,21.38,22.96,0.1039,108.78001,10.63,1.21,0.135,8.0,0.0,GAMA,,,,False,True,True,True,True,True,True,True,True,True,True,True,True,True,0.010082116876217738,True,True,True,Elliptical,True,True,True,True
382538_blue_red_7_Y15SAR2_P001_09T106_2016_02_08-2016_02_14,382538_A,382538_blue_7_Y15SAR2_P001_09T106_2016_02_08-2016_02_14.fits,382538,35.0,2.0,163.37762,2.2195227,160.23141,2.0631866,155.34082,2.46195,159.0205,2.3802571,161.03853,1.8724533,159.73183,2.0334141,0.0,1.0,0.33689228,0.013977915,,,0.42523208,0.016069397,,,,,159.0205,2.5149379,,,,,,,,,,,,,1,1.0,137.26768826,2.00930307,137.26768826,2.00930307,16.799,16.785,0.05701,0.05591,-20.3,1.75,18.92,20.24,21.83,0.6332,38.440002,10.28,1.24,0.115,8.0,0.0,GAMA,,,,False,True,True,True,True,True,True,True,True,True,True,True,True,True,0.013585230951460794,True,True,True,S0,False,True,True,True
382563_blue_red_7_Y15SAR2_P001_09T106_2016_02_08-2016_02_14,382563_A,382563_blue_7_Y15SAR2_P001_09T106_2016_02_08-2016_02_14.fits,382563,280.0,6.0833335,77.59635,0.70825356,78.84643,0.83343184,79.53376,1.295446,80.177505,1.0120451,77.59917,0.8478494,77.32097,0.8576156,0.0,1.0,0.08411674,0.008681375,,,0.08959713,0.007875333,,,0.066994905,0.042825293,77.665825,0.87639976,0.0,1.0,0.07833086,0.008625119,,,0.08503157,0.007776199,,,0.066994905,0.042825293,1,0.5,137.37936956,2.06634903,137.37936956,2.06634903,15.597,15.586,0.02488,0.02396,-19.6,2.08,19.04,20.19,21.81,0.1319,105.85,9.85,0.98,0.124,8.0,0.0,GAMA,,,,False,True,True,True,True,True,True,True,True,True,True,True,True,True,0.009127408183503476,True,True,True,Elliptical/S0,False,True,True,True
382659_blue_red_7_Y14SBR2_P001_09T087_2015_01_19-2015_01_26,382659_A,382659_blue_7_Y14SBR2_P001_09T087_2015_01_19-2015_01_26.fits,382659,310.5,1.25,183.84718,1.4357284,173.31136,1.5816789,173.33751,2.5802279,173.89917,1.8083122,174.16286,1.5702767,174.02477,1.5130852,0.0,1.0,0.4814578,0.006432413,,,0.5782756,0.008456804,,,0.012105506,0.0040085,177.4746,1.5451,0.0,1.0,0.42280227,0.0067517105,,,0.48811418,0.008196009,,,0.012105506,0.0040085,1,1.0,137.82883053,2.0190079,137.82883053,2.0190079,15.716,15.643,0.05656,0.05545,-21.45,5.28,20.19,21.56,23.14,0.6056,129.51,10.76,1.27,0.103,8.0,0.0,GAMA,,,,False,True,True,True,True,True,True,True,True,True,True,True,True,True,0.007809357750279335,True,True,True,S0,False,True,True,True
383147_blue_red_7_Y14SBR2_P001_09T088_2015_01_19-2015_01_26,383147_A,383147_blue_7_Y14SBR2_P001_09T088_2015_01_19-2015_01_26.fits,383147,182.5,5.0833325,247.8582,2.11801,261.59454,2.761826,255.07513,3.0043356,261.59454,2.6702633,254.68488,1.9959551,252.00952,2.1119788,0.0,1.0,0.10218855,0.007290516,,,0.10901256,0.006658322,,,,,251.28305,2.0147533,0.0,1.0,0.082953386,0.007257704,,,0.088664845,0.006609976,,,,,1,1.0,140.07791018,2.18366672,140.07791018,2.18366672,15.58,15.548,0.09017,0.089,-22.62,4.3,20.19,21.64,23.21,0.3438,161.44,11.19,1.29,0.108,8.0,0.0,GAMA,,,,False,True,True,True,True,True,True,True,True,True,True,True,True,True,0.008545248855999115,True,True,True,S0,False,True,True,True
386268_blue_red_7_Y13SAR1_P005_09T009_2013_03_05-2013_03_17,386268_A,386268_blue_7_Y13SAR1_P005_09T009_2013_03_05-2013_03_17.fits,386268,274.5,0.8333333,212.11531,1.9990506,214.52682,2.7022643,215.1458,3.9381266,214.52682,2.3873148,205.78418,2.175609,203.74216,1.7887248,0.0,1.0,0.4280893,0.0071130367,,,0.50319856,0.008597883,,,0.040433433,0.007411565,205.1776,1.9116842,0.0,1.0,0.38616544,0.0071386797,,,0.43067452,0.007950504,,,0.040433433,0.007411565,1,1.0,131.18920984,2.18550531,131.18920984,2.18550531,15.781,15.801,0.07548,0.07444,-21.96,4.17,20.16,21.4,23.0,0.5116,93.05,10.95,1.3,0.244,8.0,0.0,GAMA,,,,False,True,True,True,True,True,True,True,True,True,True,True,True,True,0.009424357911741496,True,True,True,S0,False,True,True,True
386673_blue_red_7_Y15SAR2_P003_09T113_2016_02_08-2016_02_14,386673_A,386673_blue_7_Y15SAR2_P003_09T113_2016_02_08-2016_02_14.fits,386673,164.0,1.3333334,247.06357,2.2538455,243.3754,2.2291112,248.78885,3.2009728,245.4016,2.5588448,242.73761,2.1770167,243.05157,2.092884,0.0,1.0,0.33312282,0.0063689156,,,0.37062612,0.0065720067,,,0.029607356,0.0069266055,244.12134,2.0562,0.0,1.0,0.31919545,0.006389086,,,0.35540858,0.0064719217,,,0.029607356,0.0069266055,1,0.5,133.55896751,2.24083491,133.55896751,2.24083491,15.046,14.949,0.0593,0.05824,-22.24,4.39,19.7,21.07,22.65,0.3601,168.14,11.06,1.25,0.144,8.0,0.0,GAMA,,,,False,True,True,True,True,True,True,True,True,True,True,True,True,True,0.00912253271496077,True,True,True,Elliptical/S0,False,True,True,True
386722_blue_red_7_Y15SAR2_P003_09T113_2016_02_08-2016_02_14,386722_A,386722_blue_7_Y15SAR2_P003_09T113_2016_02_08-2016_02_14.fits,386722,40.5,5.1666665,103.921906,2.2441535,101.50995,2.2699661,102.225075,3.7129643,101.47912,2.9760382,101.50995,2.288617,102.58808,2.1877687,0.0,1.0,0.13876855,0.019860398,,,0.16197768,0.020930326,,,0.030109482,0.047603156,100.65248,2.0586076,0.0,1.0,0.11899148,0.02025225,,,0.13386989,0.021591077,,,0.030109482,0.047603156,1,0.5,133.66016096,2.32098615,133.66016096,2.32098615,16.269,16.29,0.05245,0.0514,-20.6,2.37,19.67,20.83,22.45,0.3825,28.369995,10.29,1.08,0.164,8.0,0.0,GAMA,,,,False,True,True,True,True,True,True,True,True,True,True,True,True,True,0.02159461451755898,True,True,True,Elliptical/S0,False,True,True,True
387042_blue_red_7_Y18SAR2_P001_09T151_2018_03_12-2018_03_22,387042_A,387042_blue_7_Y18SAR2_P001_09T151_2018_03_12-2018_03_22.fits,387042,40.5,2.3333333,158.17938,2.2982762,156.65393,1.9788336,153.99635,2.6884239,156.76358,2.0695007,154.91454,1.8227,152.0452,1.8731124,0.0,1.0,0.24410604,0.0154364025,,,0.26623726,0.016155718,,,,,158.17938,2.1797295,0.0,1.0,,,,,,,,,,,1,1.0,134.99690398,2.41143691,134.99690398,2.41143691,17.048,17.055,0.07284,0.07175,-20.62,1.55,19.32,20.56,22.16,0.4967,44.399994,10.41,1.27,0.164,3.0,0.0,GAMA,,,,False,True,True,True,True,True,True,True,True,True,True,True,True,True,0.014529556254424566,True,True,True,S0,False,True,True,True
387553_blue_red_7_Y15SAR2_P001_09T106_2016_02_08-2016_02_14,387553_A,387553_blue_7_Y15SAR2_P001_09T106_2016_02_08-2016_02_14.fits,387553,69.0,2.5833333,214.71996,1.5351005,226.75345,1.928507,232.51279,2.6249475,234.36546,1.954767,226.75345,2.0005667,227.97536,1.6596811,0.0,1.0,0.17795856,0.006820557,,,0.18071987,0.0059378785,,,0.060538843,0.01714549,217.6511,1.6271435,0.0,1.0,0.17670433,0.006765083,,,0.17869017,0.0059888866,,,0.060538843,0.01714549,1,0.5,136.81124288,2.44269688,136.81124288,2.44269688,15.422,15.28,0.05251,0.05142,-21.63,3.7,20.05,21.58,23.14,0.0794,70.94,10.84,1.26,0.127,8.0,0.0,GAMA,,,,False,True,True,True,True,True,True,True,True,True,True,True,True,True,0.007149314390706854,True,True,True,Elliptical/S0,False,True,True,True
387715_blue_red_7_Y15SAR2_P001_09T106_2016_02_08-2016_02_14,387715_A,387715_blue_7_Y15SAR2_P001_09T106_2016_02_08-2016_02_14.fits,387715,256.0,1.3333334,129.80319,1.0056169,138.87851,1.0068843,141.18227,1.5174469,140.99261,1.323381,139.66028,1.178874,137.47168,0.95467174,0.0,1.0,0.24349631,0.005823909,,,0.24984075,0.005626415,,,0.070668995,0.017286303,131.62923,0.8979926,0.0,1.0,0.22903666,0.005839439,,,0.23898768,0.005679089,,,0.070668995,0.017286303,1,1.0,137.51234371,2.32893437,137.51234371,2.32893437,15.268,15.281,0.03994,0.03885,-21.0,3.91,20.02,21.32,22.91,0.2029,35.23999,10.55,1.2,0.145,8.0,0.0,GAMA,,,,False,True,True,True,True,True,True,True,True,True,True,True,True,True,0.007747243345868464,True,True,True,S0,False,True,True,True
388146_blue_red_7_Y17SAR1_P001_09T125_2017_03_24-2017_04_02,388146_A,388146_blue_7_Y17SAR1_P001_09T125_2017_03_24-2017_04_02.fits,388146,329.5,7.8333335,248.93863,2.8475246,251.79898,3.1176531,257.622,4.2041416,251.79898,3.0924447,251.1057,2.588661,250.29132,2.3665524,0.0,1.0,0.11043803,0.009208564,,,0.12610418,0.008739904,,,0.17870255,0.05449971,250.34224,2.9185472,0.0,1.0,0.112487175,0.009212741,,,0.12753302,0.008805392,,,0.17870255,0.05449971,1,1.0,138.9338166,2.44407971,138.9338166,2.44407971,15.963,15.96,0.0922,0.09104,-22.27,4.58,20.77,22.25,23.82,0.3385,141.41,11.04,1.29,0.112,8.0,0.0,GAMA,,,,False,True,True,True,True,True,True,True,True,True,True,True,True,True,0.011438661006530003,True,True,True,S0,False,True,True,True
388513_blue_red_7_Y18SAR1_P001_09T139_2018_03_12-2018_03_22,388513_A,388513_blue_7_Y18SAR1_P001_09T139_2018_03_12-2018_03_22.fits,388513,311.5,1.75,175.78966,1.4678706,179.70456,1.8576268,178.98567,2.212977,179.70456,1.717044,179.70505,1.5607752,178.79008,1.2273089,0.0,1.0,0.25742525,0.007889764,,,0.27137607,0.0075836503,,,0.04714689,0.015215928,179.84198,1.4801515,0.0,1.0,0.22663866,0.007664668,,,0.2402198,0.0073445234,,,0.04714689,0.015215928,1,0.5,140.39026904,2.58450829,140.39026904,2.58450829,16.146,16.108,0.08522,0.08406,-21.93,3.08,20.35,21.86,23.42,0.1105,118.56,10.93,1.29,0.145,8.0,0.0,GAMA,,,,False,True,True,True,True,True,True,True,True,True,True,True,True,True,0.008350153245645961,True,True,True,Elliptical/S0,False,True,True,True
388552_blue_red_8_Y13SAR1_P010_09T010_2013_03_05-2013_03_17,388552_A,388552_blue_8_Y13SAR1_P010_09T010_2013_03_05-2013_03_17.fits,388552,176.5,1.1666666,210.8733,2.6275518,194.67473,3.0820787,187.07556,3.6589692,194.67473,2.75898,197.62695,2.6550102,200.03264,2.0862904,0.0,1.0,0.42307588,0.0090901805,,,0.50315064,0.011478607,,,0.033826012,0.0076730223,202.96451,2.4691813,0.0,1.0,0.3970505,0.008853577,,,0.4633747,0.010613637,,,0.033826012,0.0076730223,1,1.0,140.50356631,2.58787147,140.50356631,2.58787147,16.157,16.148,0.08699,0.08582,-21.97,3.85,20.22,21.43,23.03,0.5676,0.8899994,11.01,1.39,0.168,8.0,0.0,GAMA,,,,False,True,True,True,True,True,True,True,True,True,True,True,True,True,0.012460334238616269,True,True,True,S0,False,True,True,True
417440_blue_red_7_Y18SAR1_P002_09T150_2018_03_12-2018_03_22,417440_A,417440_blue_7_Y18SAR1_P002_09T150_2018_03_12-2018_03_22.fits,417440,84.0,2.0833333,205.22902,1.320688,224.407,1.5015215,230.45654,2.139711,228.53264,1.9839575,224.407,1.5864503,219.15833,1.4981973,0.0,1.0,0.13033363,0.0039677783,,,0.12720764,0.0034588424,,,0.08419811,0.018013682,203.94514,1.2901652,0.0,1.0,0.13766481,0.003983756,,,0.13398759,0.0034128588,,,0.08419811,0.018013682,1,0.0,131.12793191,2.29491763,131.12793191,2.29491763,14.416,14.39,0.05164,0.05062,-22.49,4.51,19.72,21.03,22.62,0.0195,77.119995,11.21,1.29,0.175,8.0,0.0,GAMA,,,,False,True,True,True,True,True,True,True,True,True,True,True,True,True,0.006435191280453418,True,True,True,Elliptical,True,True,True,True
417486_blue_red_7_Y13SAR1_P005_09T009_2013_03_05-2013_03_17,417486_A,417486_blue_7_Y13SAR1_P005_09T009_2013_03_05-2013_03_17.fits,417486,94.0,8.333333,63.110176,2.0848467,62.656307,2.0453062,59.622726,3.4632084,61.197136,2.5379565,62.656307,2.1371858,61.879005,1.9170471,0.0,1.0,0.19562647,0.024965992,,,0.22892804,0.026666617,,,0.22706974,0.10766301,62.278584,2.115991,0.0,1.0,0.15155391,0.024155023,,,0.1851666,0.026867429,,,0.22706974,0.10766301,1,0.5,131.32368836,2.2805638,131.32368836,2.2805638,17.036,17.021,0.05106,0.05004,-19.81,2.87,21.31,22.58,24.18,0.012,101.3,10.09,1.22,0.212,8.0,0.0,GAMA,,,,False,True,True,True,True,True,True,True,True,True,True,True,True,True,0.03303503225850614,True,True,True,Elliptical/S0,False,True,True,True
417580_blue_red_7_Y13SAR1_P005_09T009_2013_03_05-2013_03_17,417580_A,417580_blue_7_Y13SAR1_P005_09T009_2013_03_05-2013_03_17.fits,417580,125.5,2.6666667,76.323944,1.7916982,73.15298,1.7511252,71.83538,3.3780527,72.725624,2.471894,73.158134,1.8575099,72.70521,1.8339263,0.0,1.0,0.3413846,0.01798356,,,0.39322922,0.020860039,,,0.07504844,0.021818232,74.43439,1.7510579,0.0,1.0,0.31218925,0.018473508,,,0.34981382,0.020029059,,,0.07504844,0.021818232,1,0.5,132.10673934,2.28780776,132.10673934,2.28780776,16.788,16.77,0.04062,0.0396,-19.54,3.07,20.96,22.06,23.69,0.1997,125.92,9.93,1.15,0.12,8.0,0.0,GAMA,,,,False,True,True,True,True,True,True,True,True,True,True,True,True,True,0.023474916338180846,True,True,True,Elliptical/S0,False,True,True,True
418630_blue_red_7_Y15SAR2_P001_09T106_2016_02_08-2016_02_14,418630_A,418630_blue_7_Y15SAR2_P001_09T106_2016_02_08-2016_02_14.fits,418630,39.5,1.75,158.04872,1.6706016,158.51279,1.8665941,158.69095,2.312024,156.88118,2.0429287,159.36739,1.8600795,162.24316,1.6169323,0.0,1.0,0.21036386,0.012088058,,,0.2633309,0.01202228,,,,,156.88118,1.8597196,,,,,,,,,,,,,1,1.0,137.19225664,2.5334978,137.19225664,2.5334978,16.357,16.357,0.05598,0.05488,-20.69,2.16,18.76,20.13,21.71,0.6861,38.479996,10.41,1.21,0.105,8.0,0.0,GAMA,,,,False,True,True,True,True,True,True,True,True,True,True,True,True,True,0.01057016848981757,True,True,True,S0,False,True,True,True
419294_blue_red_7_Y18SAR1_P001_09T139_2018_03_12-2018_03_22,419294_A,419294_blue_7_Y18SAR1_P001_09T139_2018_03_12-2018_03_22.fits,419294,343.0,1.4166666,161.33064,2.2401893,157.84128,2.330282,160.4727,2.9085402,157.84128,2.1684194,154.93091,2.0480418,153.96446,2.1029015,0.0,1.0,0.36304015,0.011591201,,,0.41154438,0.013082806,,,,,157.72716,1.9709541,0.0,1.0,,,,,,,,,,,1,1.0,139.67800005,2.69147018,139.67800005,2.69147018,16.694,16.707,0.08694,0.08578,-21.4,2.12,19.45,20.76,22.35,0.5585,164.26999,10.7,1.28,0.14,3.0,0.0,GAMA,,,,False,True,True,True,True,True,True,True,True,True,True,True,True,True,0.013885702678672817,True,True,True,S0,False,True,True,True
419335_blue_red_7_Y17SAR1_P001_09T125_2017_03_24-2017_04_02,419335_A,419335_blue_7_Y17SAR1_P001_09T125_2017_03_24-2017_04_02.fits,419335,88.5,1.9166666,137.15353,1.9915233,132.53308,1.4241662,137.32724,2.8475454,135.11191,1.8627754,132.4976,1.5014704,132.60814,1.3691615,0.0,1.0,0.35382456,0.014112155,,,0.39188352,0.017058542,,,,,133.94688,1.6816189,0.0,1.0,,,,,,,,,,,1,1.0,139.75686615,2.75729364,139.75686615,2.75729364,16.63,16.618,0.05751,0.05638,-20.5,2.8,19.29,20.55,22.15,0.7695,87.640015,10.33,1.2,0.151,8.0,0.0,GAMA,,,,False,True,True,True,True,True,True,True,True,True,True,True,True,True,0.01452039404308442,True,True,True,S0,False,True,True,True
419345_blue_red_7_Y17SAR1_P001_09T125_2017_03_24-2017_04_02,419345_A,419345_blue_7_Y17SAR1_P001_09T125_2017_03_24-2017_04_02.fits,419345,345.0,0.8333333,117.401634,0.81493634,110.534424,0.8553165,107.7313,1.5988426,109.35526,1.2826098,109.332115,1.0254595,110.534424,0.8357364,0.0,1.0,0.43192217,0.0055325977,,,0.5174524,0.007112795,,,0.023353023,0.0051170224,113.05184,0.8978758,0.0,1.0,0.37895623,0.005860539,,,0.441696,0.0069009284,,,0.023353023,0.0051170224,1,1.0,139.85181914,2.70691827,139.85181914,2.70691827,15.374,15.392,0.0378,0.03669,-20.76,4.07,19.84,21.02,22.63,0.421,166.91,10.43,1.16,0.152,8.0,0.0,GAMA,,,,False,True,True,True,True,True,True,True,True,True,True,True,True,True,0.006941439503303676,True,True,True,S0,False,True,True,True
422292_blue_red_8_Y13SAR1_P006_09T014_2013_03_05-2013_03_17,422292_A,422292_blue_8_Y13SAR1_P006_09T014_2013_03_05-2013_03_17.fits,422292,94.0,0.8333333,198.55585,2.4067056,190.41582,1.8694261,196.66905,2.8051407,190.6847,2.6962445,190.41582,2.021215,190.18864,1.7422767,0.0,1.0,0.22162557,0.011747152,,,0.26931825,0.011073442,,,,,190.6847,2.1694295,,,,,,,,,,,,,1,1.0,130.15751857,2.61965909,130.15751857,2.61965909,16.241,16.209,0.05073,0.04973,-20.63,1.67,18.46,19.6,21.22,0.5702,96.649994,10.42,1.25,0.106,8.0,0.0,GAMA,,,,False,True,True,True,True,True,True,True,True,True,True,True,True,True,0.012121051079582898,True,True,True,S0,False,True,True,True
422389_blue_red_7_Y16SAR2_P002_09T117_2016_03_03-2016_03_13,422389_A,422389_blue_7_Y16SAR2_P002_09T117_2016_03_03-2016_03_13.fits,422389,98.0,3.5833333,95.64762,1.2326641,107.75733,1.3950429,118.0069,2.3440912,113.445206,1.6742742,107.75733,1.2734346,102.70003,1.3240955,0.0,1.0,0.19520652,0.010674494,,,0.19604465,0.009300301,,,0.07754552,0.022612095,96.17562,1.1964047,0.0,1.0,0.19581276,0.010730811,,,0.19716175,0.009312733,,,0.07754552,0.022612095,1,0.0,130.68721995,2.58308823,130.68721995,2.58308823,16.199,16.225,0.05185,0.05084,-20.66,3.11,20.68,21.94,23.54,0.0594,120.83,10.43,1.24,0.141,8.0,0.0,GAMA,,,,False,True,True,True,True,True,True,True,True,True,True,True,True,True,0.012887556428481963,True,True,True,Elliptical,True,True,True,True
422406_blue_red_8_Y13SAR1_P006_09T014_2013_03_05-2013_03_17,422406_A,422406_blue_8_Y13SAR1_P006_09T014_2013_03_05-2013_03_17.fits,422406,285.0,29.916666,83.2005,1.5729343,81.034225,1.4665315,80.39279,2.2341433,82.61265,1.6422005,81.034225,1.3631765,81.81378,1.5639956,,,,,,,,,,,,,83.28846,1.8324875,,,,,,,,,,,,,1,0.0,130.75188586,2.64168892,130.75188586,2.64168892,16.825,16.818,0.05153,0.05052,-20.03,1.2,19.01,20.25,21.85,0.2075,82.45999,10.05,1.08,0.145,8.0,0.0,GAMA,,,,False,True,True,True,True,True,True,True,True,True,True,True,True,True,0.018905346722675943,True,True,True,Elliptical,True,True,True,True
423267_blue_red_7_Y18SAR2_P001_09T151_2018_03_12-2018_03_22,423267_A,423267_blue_7_Y18SAR2_P001_09T151_2018_03_12-2018_03_22.fits,423267,111.0,0.6666667,103.23335,0.5701406,103.96069,0.7047563,93.69586,0.97714174,93.63988,0.7279379,94.99322,0.57104623,96.11566,0.6387262,0.0,1.0,0.32301378,0.003646098,,,0.37750915,0.0037615397,,,0.027267547,0.0040601464,99.19057,0.53772867,0.0,1.0,0.31343156,0.003537254,,,0.35875934,0.0037976855,,,0.027267547,0.0040601464,1,1.0,134.62699815,2.92548744,134.62699815,2.92548744,14.116,14.012,0.01371,0.013,-19.87,4.84,18.79,20.15,21.73,0.4781,114.68,10.02,1.05,0.164,8.0,0.0,GAMA,,,,False,True,True,True,True,True,True,True,True,True,True,True,True,True,0.00552283346418575,True,True,True,S0,False,True,True,True
463148_blue_red_6_Y14SAR4_P004_15T090_2014_05_23-2014_06_01,463148_A,463148_blue_6_Y14SAR4_P004_15T090_2014_05_23-2014_06_01.fits,463148,172.0,3.916666,74.533936,2.7676225,73.71489,2.6458378,74.85376,4.7480717,75.46428,3.9123137,74.18952,2.7753606,75.83645,2.573715,0.0,1.0,0.29850718,0.028647037,,,0.33269635,0.032053247,,,0.05693839,0.028626073,75.83645,2.4599648,0.0,1.0,0.25751978,0.029080627,,,0.2863767,0.03099235,,,0.05693839,0.028626073,1,0.5,211.68702632,-1.33977224,211.68702632,-1.33977224,16.678,16.687,0.05464,0.05371,-20.29,2.45,20.52,21.65,23.28,0.1325,172.45001,10.02,0.91,0.203,8.0,0.0,GAMA,,,,False,True,True,True,True,True,True,True,True,True,True,True,True,True,0.03713238087949629,True,True,True,Elliptical/S0,False,True,True,True
485883_blue_red_7_Y15SAR4_P004_15T112_2016_03_03-2016_03_13,485883_A,485883_blue_7_Y15SAR4_P004_15T112_2016_03_03-2016_03_13.fits,485883,219.0,4.25,185.92253,1.5705363,193.36993,2.047994,207.1698,3.0739605,198.61115,2.5283086,192.70955,1.8684704,191.50783,1.7753233,0.0,1.0,0.132135,0.00933519,,,0.13841079,0.00855309,,,0.08388636,0.03614881,192.0461,1.781589,0.0,1.0,0.09921182,0.009866949,,,0.10820864,0.009210268,,,0.08388636,0.03614881,1,0.5,217.74873843,-1.8231639,217.74873843,-1.8231639,16.07,15.978,0.05575,0.05491,-21.04,3.44,20.2,21.87,23.42,0.278,55.490005,10.54,1.18,0.166,8.0,0.0,GAMA,,,,False,True,True,True,True,True,True,True,True,True,True,True,True,True,0.008447261878374827,True,True,True,Elliptical/S0,False,True,True,True
485921_blue_red_7_Y15SAR4_P004_15T112_2016_03_03-2016_03_13,485921_A,485921_blue_7_Y15SAR4_P004_15T112_2016_03_03-2016_03_13.fits,485921,178.0,2.2499988,119.66252,1.4144317,123.71917,1.4221872,127.52643,2.249391,125.26652,1.9141617,122.746475,1.4279348,119.66252,1.2791401,0.0,1.0,0.12707621,0.008737068,,,0.1283147,0.008279015,,,0.04699285,0.033530965,122.746475,1.3424473,,,,,,,,,,,,,1,0.0,217.83383718,-1.75091976,217.83383718,-1.75091976,16.051,16.066,0.05609,0.05525,-20.99,2.14,19.6,21.09,22.65,0.0432,79.979996,10.48,1.16,0.164,8.0,0.0,GAMA,,,,False,True,True,True,True,True,True,True,True,True,True,True,True,True,0.011820173100148651,True,True,True,Elliptical,True,True,True,True
491457_blue_red_6_Y14SAR4_P004_15T090_2014_05_23-2014_06_01,491457_A,491457_blue_6_Y14SAR4_P004_15T090_2014_05_23-2014_06_01.fits,491457,110.5,0.75,159.73009,1.6157907,144.15692,1.5265056,133.97354,2.4329484,133.16072,1.950025,138.68468,1.6341354,141.72943,1.546142,0.0,1.0,0.5385657,0.00513681,,,0.689712,0.008303674,,,0.017207801,0.003677307,152.0237,1.5773787,0.0,1.0,0.5259965,0.005212727,,,0.66608226,0.008136673,,,0.017207801,0.003677307,1,1.0,211.73486406,-1.5947255,211.73486406,-1.5947255,14.156,14.143,0.03009,0.02918,-21.49,5.49,19.24,20.15,21.85,0.4882,111.53,10.64,1.03,0.193,8.0,0.0,GAMA,,,,False,True,True,True,True,True,True,True,True,True,True,True,True,True,0.010115756524021241,True,True,True,S0,False,True,True,True
491508_blue_red_6_Y14SAR4_P004_15T090_2014_05_23-2014_06_01,491508_A,491508_blue_6_Y14SAR4_P004_15T090_2014_05_23-2014_06_01.fits,491508,358.0,1.2499976,128.36896,2.156647,127.277855,2.3564909,131.02136,3.8980105,128.80072,2.798958,125.62627,2.4804235,124.13063,2.5222116,0.0,1.0,0.47105697,0.011181745,,,0.5614515,0.014608825,,,0.04341094,0.012094488,125.30938,2.2280815,0.0,1.0,0.43914273,0.011344179,,,0.5030615,0.014084407,,,0.04341094,0.012094488,1,1.0,212.16110627,-1.46876469,212.16110627,-1.46876469,15.599,15.615,0.05585,0.05492,-21.42,3.14,19.73,20.66,22.35,0.3545,4.4000015,10.61,1.07,0.194,8.0,0.0,GAMA,,,,False,True,True,True,True,True,True,True,True,True,True,True,True,True,0.01680037759907068,True,True,True,S0,False,True,True,True
492411_blue_red_7_Y14SAR4_P006_15T092_2014_05_23-2014_06_01,492411_A,492411_blue_7_Y14SAR4_P006_15T092_2014_05_23-2014_06_01.fits,492411,108.5,2.25,123.973076,1.0368946,125.17997,1.2611802,133.82018,2.2615292,127.334,1.5304602,124.95664,1.2352649,123.29956,1.2127148,0.0,1.0,0.10450015,0.008698872,,,0.1098,0.008514127,,,0.052837536,0.030949894,124.841606,1.3258302,0.0,1.0,0.10447837,0.008923104,,,0.109812096,0.008755404,,,0.052837536,0.030949894,1,0.0,216.47950699,-1.47142353,216.47950699,-1.47142353,15.752,15.697,0.05649,0.05563,-21.37,1.88,19.12,20.55,22.12,0.0419,111.39,10.7,1.23,0.171,8.0,0.0,GAMA,,,,False,True,True,True,True,True,True,True,True,True,True,True,True,True,0.008363869264645817,True,True,True,Elliptical,True,True,True,True
492486_blue_red_7_Y14SAR2_P009_15T070_2017_04_19-2017_05_01,492486_A,492486_blue_7_Y14SAR2_P009_15T070_2017_04_19-2017_05_01.fits,492486,26.5,4.8333335,160.12581,2.3760962,157.78229,1.9817432,152.5168,2.3397963,161.63843,2.388011,157.61871,2.1481578,156.46004,2.15298,0.0,1.0,,,,,,,,,,,161.63843,2.5061576,0.0,1.0,,,,,,,,,,,1,0.0,216.89883491,-1.37261003,216.89883491,-1.37261003,17.159,17.106,0.05626,0.05541,-19.95,1.1,19.3,20.65,22.23,0.0884,15.68,10.12,1.22,0.176,8.0,0.0,GAMA,,,,False,True,True,True,True,True,True,True,True,True,True,True,True,True,0.014838933211329267,True,True,True,Elliptical,True,True,True,True
492690_blue_red_7_Y15SAR4_P004_15T112_2016_03_03-2016_03_13,492690_A,492690_blue_7_Y15SAR4_P004_15T112_2016_03_03-2016_03_13.fits,492690,34.0,1.5833334,125.119896,0.9040212,124.6124,0.8828399,126.97789,1.586013,126.20915,1.0968491,125.15825,0.7838933,124.70999,0.759484,0.0,1.0,0.092841014,0.005627824,,,0.10269853,0.005476665,,,0.06934564,0.024334373,125.15825,0.88645333,0.0,1.0,0.08717012,0.0056761676,,,0.09336078,0.005502172,,,0.06934564,0.024334373,1,0.5,217.91036121,-1.35134352,217.91036121,-1.35134352,15.326,15.256,0.03103,0.03022,-20.44,2.02,18.5,19.89,21.47,0.2411,35.42,10.23,1.05,0.157,8.0,0.0,GAMA,,,,False,True,True,True,True,True,True,True,True,True,True,True,True,True,0.007225239381592836,True,True,True,Elliptical/S0,False,True,True,True
492941_blue_red_6_Y17SAR3_P005_15T128_2018_04_09-2018_04_19,492941_A,492941_blue_6_Y17SAR3_P005_15T128_2018_04_09-2018_04_19.fits,492941,185.0,2.999998,120.19888,2.159037,118.24449,2.1912224,114.062355,3.2021933,117.645424,2.7858622,119.16281,2.0763407,119.46029,2.1532965,0.0,1.0,0.23581061,0.01483197,,,0.26421866,0.014758195,,,0.08111785,0.024115905,119.46029,1.8839653,0.0,1.0,0.18341227,0.013832561,,,0.20583946,0.01368873,,,0.08111785,0.024115905,1,0.0,218.85667048,-1.39906755,218.85667048,-1.39906755,16.45,16.463,0.05656,0.05574,-20.6,3.45,20.8,22.37,23.92,0.1773,3.600006,10.35,1.17,0.154,8.0,0.0,GAMA,,,,False,True,True,True,True,True,True,True,True,True,True,True,True,True,0.017962205637856193,True,True,True,Elliptical,True,True,True,True
493028_blue_red_7_Y14SAR4_P007_15T093_2016_04_04-2016_04_12,493028_A,493028_blue_7_Y14SAR4_P007_15T093_2016_04_04-2016_04_12.fits,493028,59.5,3.0,133.3572,1.3106127,154.8546,1.3872054,167.28928,2.0183616,159.92897,1.7133628,154.8546,1.3055514,151.06639,1.3041514,0.0,1.0,0.17954257,0.007346284,,,0.17008542,0.006638914,,,0.08002104,0.021896046,139.61006,1.2516104,0.0,1.0,0.15029994,0.0067085456,,,0.1434211,0.0058418196,,,0.08002104,0.021896046,1,0.5,219.24001988,-1.39849664,219.24001988,-1.39849664,15.344,15.342,0.05112,0.05031,-21.5,5.37,20.78,22.3,23.86,0.129,79.119995,10.72,1.17,0.163,8.0,0.0,GAMA,,,,False,True,True,True,True,True,True,True,True,True,True,True,True,True,0.009827836067343946,True,True,True,Elliptical/S0,False,True,True,True
493838_blue_red_12_Y14SAR4_P010_15T096_2016_04_04-2016_04_12,493838_A,493838_blue_12_Y14SAR4_P010_15T096_2016_04_04-2016_04_12.fits,493838,27.0,1.0,168.8642,1.2627723,166.99338,1.2602496,172.67368,1.9441125,170.52568,1.5468186,166.99338,1.2877234,166.35536,1.2240902,0.0,1.0,0.3035549,0.0073838294,,,0.3368402,0.007926212,,,0.017580029,0.010658375,166.99338,1.3514423,0.0,1.0,0.29312003,0.007075037,,,0.31060386,0.007309506,,,0.017580029,0.010658375,2,1.0,222.60394384,-1.19465259,222.60394384,-1.19465259,15.917,15.881,0.04395,0.04321,-20.61,2.25,19.18,20.49,22.08,0.3782,28.919998,10.4,1.2,0.178,8.0,0.0,GAMA,,,,True,True,True,True,True,True,True,True,True,True,True,True,True,True,0.007478034420558057,True,True,True,S0,False,True,True,True
497035_blue_red_7_Y14SAR3_P008_15T083_2016_05_02-2016_05_10,497035_A,497035_blue_7_Y14SAR3_P008_15T083_2016_05_02-2016_05_10.fits,497035,207.5,0.16666667,226.3887,1.4574811,221.68959,2.0120142,220.4349,2.3502016,221.68959,1.958854,217.45058,1.4658092,216.0414,1.480585,0.0,1.0,0.46641812,0.004991756,,,0.5488329,0.0062243883,,,0.016834369,0.0044837096,223.30687,1.4277192,0.0,1.0,0.44652063,0.004974302,,,0.5171967,0.0059966375,,,0.016834369,0.0044837096,1,0.5,213.80153129,-1.1285437,213.80153129,-1.1285437,15.367,15.287,0.07776,0.07684,-22.55,4.43,20.05,21.33,22.92,0.3694,25.899994,11.2,1.31,0.154,8.0,0.0,GAMA,,,,False,True,True,True,True,True,True,True,True,True,True,True,True,True,0.006437958696701735,True,True,True,Elliptical/S0,False,True,True,True
504730_blue_red_7_Y14SAR2_P009_15T070_2017_04_19-2017_05_01,504730_A,504730_blue_7_Y14SAR2_P009_15T070_2017_04_19-2017_05_01.fits,504730,301.5,0.5,210.14275,1.171618,213.31316,1.260753,221.23288,1.6900924,215.35405,1.3613572,212.82396,1.3298757,209.1306,1.2460104,0.0,1.0,0.45764303,0.0035608504,,,0.5013356,0.004243145,,,0.011025475,0.003475513,208.89677,1.1827441,0.0,1.0,0.45437112,0.00353036,,,0.4853497,0.00415449,,,0.011025475,0.003475513,1,1.0,217.06490912,-1.98251925,217.06490912,-1.98251925,14.981,14.969,0.05536,0.05451,-22.05,4.61,19.63,20.98,22.56,0.4913,118.29,10.95,1.2,0.193,8.0,0.0,GAMA,,,,False,True,True,True,True,True,True,True,True,True,True,True,True,True,0.005575343427265514,True,True,True,S0,False,True,True,True
504877_blue_red_7_Y14SAR2_P009_15T070_2017_04_19-2017_05_01,504877_A,504877_blue_7_Y14SAR2_P009_15T070_2017_04_19-2017_05_01.fits,504877,130.5,2.5833333,111.37942,1.3019074,107.7344,1.2442658,103.758125,2.1557474,106.35381,1.4099783,108.29854,1.4408795,109.90281,1.3015538,0.0,1.0,0.31798333,0.012540424,,,0.374286,0.012999706,,,0.038095437,0.012369468,108.03089,1.2996417,0.0,1.0,0.30066144,0.011317092,,,0.33536434,0.01154934,,,0.038095437,0.012369468,1,1.0,217.58444442,-1.97651594,217.58444442,-1.97651594,16.736,16.342,0.05545,0.05461,-20.7,2.27,19.59,20.8,22.4,0.5658,123.97,10.4,1.12,0.181,8.0,0.0,GAMA,,,,False,True,True,True,True,True,True,True,True,True,True,True,True,True,0.01168894038054786,True,True,True,S0,False,True,True,True
504879_blue_red_7_Y14SAR2_P009_15T070_2017_04_19-2017_05_01,504879_A,504879_blue_7_Y14SAR2_P009_15T070_2017_04_19-2017_05_01.fits,504879,213.0,1.9166666,127.61472,1.1364261,130.92058,1.2718151,135.53212,1.6092219,134.25938,1.4809884,128.33699,1.0490701,124.15072,1.0022441,0.0,1.0,0.14541689,0.0070528714,,,0.15426417,0.0064921016,,,0.029432299,0.01923048,128.33699,1.0555215,0.0,1.0,0.13663016,0.007019703,,,0.1486565,0.0064821173,,,0.029432299,0.01923048,1,0.5,217.50671387,-1.90315448,217.50671387,-1.90315448,16.221,16.134,0.05502,0.05418,-20.86,1.81,19.43,20.78,22.36,0.0556,39.630005,10.43,1.15,0.19,8.0,0.0,GAMA,,,,False,True,True,True,True,True,True,True,True,True,True,True,True,True,0.008905133357656546,True,True,True,Elliptical/S0,False,True,True,True
505341_blue_red_7_Y14SAR4_P007_15T093_2016_04_04-2016_04_12,505341_A,505341_blue_7_Y14SAR4_P007_15T093_2016_04_04-2016_04_12.fits,505341,127.0,2.0833333,209.82045,1.7621244,208.2982,1.7668035,208.99147,2.5456662,208.45029,2.1455963,208.2982,1.6407813,209.58026,1.6358211,0.0,1.0,0.21974233,0.0060681766,,,0.23928803,0.006086468,,,0.021414869,0.011726793,209.24538,1.6216629,0.0,1.0,0.1835336,0.0062972396,,,0.19755581,0.0062087104,,,0.021414869,0.011726793,1,1.0,219.37847319,-1.96418974,219.37847319,-1.96418974,15.672,15.59,0.05119,0.05038,-21.26,3.13,19.56,21.01,22.58,0.3804,128.31,10.65,1.21,0.176,8.0,0.0,GAMA,,,,False,True,True,True,True,True,True,True,True,True,True,True,True,True,0.008398249074387173,True,True,True,S0,False,True,True,True
505765_blue_red_7_Y14SAR4_P003_15T089_2014_05_23-2014_06_01,505765_A,505765_blue_7_Y14SAR4_P003_15T089_2014_05_23-2014_06_01.fits,505765,283.0,1.3333334,183.44995,1.5395792,185.35413,1.8216249,181.82004,2.2138598,185.35413,1.7832268,183.93616,1.4239697,181.97742,1.4033698,0.0,1.0,0.2634278,0.007167193,,,0.28505486,0.0072626546,,,0.02939924,0.0118503645,181.97742,1.2554935,0.0,1.0,0.26264554,0.0068855383,,,0.28518692,0.0069121774,,,0.02939924,0.0118503645,1,0.0,221.55080574,-1.81456588,221.55080574,-1.81456588,16.093,15.972,0.08124,0.08045,-21.96,2.05,19.45,20.9,22.47,0.1903,112.95,10.91,1.25,0.194,8.0,0.0,GAMA,,,,False,True,True,True,True,True,True,True,True,True,True,True,True,True,0.008392366419287658,True,True,True,Elliptical,True,True,True,True
506119_blue_red_12_Y14SAR4_P010_15T096_2016_04_04-2016_04_12,506119_A,506119_blue_12_Y14SAR4_P010_15T096_2016_04_04-2016_04_12.fits,506119,248.0,4.8333335,224.29901,2.3306265,234.26372,2.3742194,222.35889,3.0584974,234.26372,2.5701103,231.72922,2.1348813,227.25531,2.034111,0.0,1.0,0.09941126,0.008249848,,,0.10931362,0.0074058063,,,0.09205842,0.0314757,224.06778,1.8991193,0.0,1.0,0.08873988,0.008073069,,,0.09721013,0.0073384214,,,0.09205842,0.0314757,2,0.0,223.27241783,-1.76928187,223.27241783,-1.76928187,15.837,15.794,0.08438,0.08362,-22.24,3.74,20.43,21.87,23.44,0.1857,84.45,11.07,1.32,0.229,8.0,0.0,GAMA,,,,True,True,True,True,True,True,True,True,True,True,True,True,True,True,0.01039071237987185,True,True,True,Elliptical,True,True,True,True
507721_blue_red_7_Y17SAR3_P008_15T131_2018_04_09-2018_04_19,507721_A,507721_blue_7_Y17SAR3_P008_15T131_2018_04_09-2018_04_19.fits,507721,265.0,2.75,196.99458,1.6158843,218.94585,2.3563626,216.74689,3.2275481,218.94585,2.13597,213.38823,1.9075114,210.07442,1.6551903,0.0,1.0,0.16933131,0.004862757,,,0.16722915,0.004264785,,,0.050355207,0.02036162,200.03493,1.4664594,0.0,1.0,0.14304721,0.0048256237,,,0.14507407,0.00434681,,,0.050355207,0.02036162,1,0.0,214.31787488,-1.58923728,214.31787488,-1.58923728,14.852,14.758,0.07813,0.07722,-23.07,5.04,20.26,21.57,23.15,0.0441,127.270004,11.39,1.29,0.218,8.0,0.0,GAMA,,,,False,True,True,True,True,True,True,True,True,True,True,True,True,True,0.008202684053540965,True,True,True,Elliptical,True,True,True,True
508132_blue_red_7_Y14SAR4_P006_15T092_2014_05_23-2014_06_01,508132_A,508132_blue_7_Y14SAR4_P006_15T092_2014_05_23-2014_06_01.fits,508132,344.5,2.25,322.08475,3.7719312,314.5077,4.4570146,310.09396,6.3432016,314.5077,4.6318755,319.45926,3.7781096,320.68216,3.2579157,0.0,1.0,0.092589945,0.012972544,,,0.098657876,0.012868834,,,0.06149242,0.04131383,320.4036,3.574943,0.0,1.0,0.09025138,0.0138522405,,,0.09989988,0.015959967,,,0.06149242,0.04131383,1,1.0,216.07692905,-1.60997944,216.07692905,-1.60997944,16.049,15.705,0.09195,0.09106,-22.49,2.03,19.16,20.54,22.12,0.3414,10.130005,11.04,1.15,0.166,8.0,0.0,GAMA,,,,False,True,True,True,True,True,True,True,True,True,True,True,True,True,0.011710989731739861,True,True,True,S0,False,True,True,True
508180_blue_red_7_Y14SAR4_P006_15T092_2014_05_23-2014_06_01,508180_A,508180_blue_7_Y14SAR4_P006_15T092_2014_05_23-2014_06_01.fits,508180,242.5,2.5,210.20448,1.6458118,212.96846,1.8027023,216.91476,2.867832,214.61702,2.127457,212.23955,1.8205252,211.60136,1.5275418,0.0,1.0,0.20683146,0.0062128925,,,0.21650782,0.0060271556,,,0.05223261,0.012760168,211.39178,1.7126465,0.0,1.0,0.2020373,0.006154421,,,0.21292809,0.0060520372,,,0.05223261,0.012760168,1,0.5,216.1556435,-1.63892988,216.1556435,-1.63892988,14.937,14.865,0.0564,0.05554,-22.21,5.42,20.22,21.63,23.2,0.2984,62.419983,11.06,1.26,0.172,8.0,0.0,GAMA,,,,False,True,True,True,True,True,True,True,True,True,True,True,True,True,0.007829575278319473,True,True,True,Elliptical/S0,False,True,True,True
508268_blue_red_8_Y13SAR1_P005_15T018_2013_03_05-2013_03_17,508268_A,508268_blue_8_Y13SAR1_P005_15T018_2013_03_05-2013_03_17.fits,508268,341.0,29.916666,111.202965,3.5376818,118.722626,2.3207493,118.07836,4.17747,119.39967,3.046922,118.97812,2.1687646,116.347725,2.235986,1.0,0.70324373,0.21999015,0.017998202,0.17240083,0.017998202,0.2324965,0.01765581,0.18559411,0.01765581,0.8143543,0.48553658,113.99563,1.9138353,0.0,1.0,0.13041973,0.017263861,,,0.1419169,0.017066961,,,0.8143543,0.48553658,1,0.5,216.52017589,-1.53893514,216.52017589,-1.53893514,16.519,16.479,0.0557,0.05484,-20.54,7.58,22.22,23.75,25.31,0.3404,37.270004,10.25,1.07,0.179,8.0,0.0,GAMA,,,,False,True,True,True,True,True,True,True,True,True,True,True,True,True,0.03181283700484065,True,True,True,Elliptical/S0,False,True,True,True
508593_blue_red_7_Y15SAR4_P004_15T112_2016_03_03-2016_03_13,508593_A,508593_blue_7_Y15SAR4_P004_15T112_2016_03_03-2016_03_13.fits,508593,348.5,3.4166667,135.46034,1.8523445,144.47147,2.0741158,151.71725,2.726812,147.02289,2.0701547,144.26404,1.9493753,141.92871,1.840083,0.0,1.0,0.17650701,0.011211571,,,0.18962719,0.010814451,,,0.12564845,0.038925756,140.41774,1.7436315,0.0,1.0,0.13094278,0.011033006,,,0.14527833,0.010270863,,,0.12564845,0.038925756,1,0.5,217.56786242,-1.59370268,217.56786242,-1.59370268,15.902,15.906,0.05731,0.05647,-21.19,4.09,20.71,22.29,23.84,0.091,164.78,10.58,1.17,0.179,8.0,0.0,GAMA,,,,False,True,True,True,True,True,True,True,True,True,True,True,True,True,0.013674441537648584,True,True,True,Elliptical/S0,False,True,True,True
508632_blue_red_7_Y14SAR2_P009_15T070_2017_04_19-2017_05_01,508632_A,508632_blue_7_Y14SAR2_P009_15T070_2017_04_19-2017_05_01.fits,508632,92.0,2.6666667,80.5314,1.0743321,93.52717,1.1206876,97.25477,1.9265846,95.13996,1.3083026,93.37564,1.1522818,91.30315,1.0945607,0.0,1.0,0.21477993,0.0093511455,,,0.21222621,0.008594752,,,0.05852213,0.021456262,85.85677,1.0729293,0.0,1.0,0.18387805,0.009022103,,,0.18834111,0.008337091,,,0.05852213,0.021456262,1,0.5,217.64673016,-1.66712911,217.64673016,-1.66712911,15.902,15.891,0.05756,0.05672,-21.21,4.41,20.9,22.15,23.75,0.2081,3.519989,10.56,1.14,0.173,8.0,0.0,GAMA,,,,False,True,True,True,True,True,True,True,True,True,True,True,True,True,0.013340536734739492,True,True,True,Elliptical/S0,False,True,True,True
508751_blue_red_7_Y15SAR4_P004_15T112_2016_03_03-2016_03_13,508751_A,508751_blue_7_Y15SAR4_P004_15T112_2016_03_03-2016_03_13.fits,508751,244.5,13.25,109.63758,1.7946584,107.50043,1.6256853,112.23,2.8453867,110.9016,2.003239,106.19506,1.3940434,104.06432,1.308612,,,,,,,,,,,,,109.62536,1.8170325,,,,,,,,,,,,,1,0.5,218.15650774,-1.53012487,218.15650774,-1.53012487,16.582,16.58,0.0531,0.05227,-20.35,1.43,19.07,20.26,21.88,0.2656,34.5,10.23,1.14,0.174,8.0,0.0,GAMA,,,,False,True,True,True,True,True,True,True,True,True,True,True,True,True,0.016369007779996603,True,True,True,Elliptical/S0,False,True,True,True
509075_blue_red_7_Y14SAR4_P007_15T093_2016_04_04-2016_04_12,509075_A,509075_blue_7_Y14SAR4_P007_15T093_2016_04_04-2016_04_12.fits,509075,137.5,2.75,131.77693,1.4296043,138.38474,1.3915422,141.65855,2.2061245,141.36534,1.8053515,138.38474,1.5279422,136.82892,1.3040586,0.0,1.0,0.24232127,0.008809334,,,0.2533271,0.008136318,,,0.060311783,0.019034022,135.37936,1.3227125,0.0,1.0,0.18899955,0.008631212,,,0.20384842,0.0077279336,,,0.060311783,0.019034022,1,0.0,219.64113368,-1.45839761,219.64113368,-1.45839761,15.911,15.893,0.05121,0.05041,-20.95,4.19,20.78,22.21,23.78,0.1136,151.29,10.52,1.21,0.18,8.0,0.0,GAMA,,,,False,True,True,True,True,True,True,True,True,True,True,True,True,True,0.010848669034860656,True,True,True,Elliptical,True,True,True,True
509080_blue_red_7_Y14SAR4_P007_15T093_2016_04_04-2016_04_12,509080_A,509080_blue_7_Y14SAR4_P007_15T093_2016_04_04-2016_04_12.fits,509080,2.0,2.4166648,107.14503,2.181797,109.64689,2.0281353,105.05808,2.7385693,105.92528,1.7514827,109.52289,1.6915857,112.27926,1.8861369,,,,,,,,,,,,,105.92528,1.940159,,,,,,,,,,,,,1,1.0,219.66127927,-1.56506462,219.66127927,-1.56506462,17.167,17.152,0.05806,0.05725,-19.97,1.35,18.74,19.87,21.49,0.6633,179.9,10.11,1.19,0.179,8.0,0.0,GAMA,,,,False,True,True,True,True,True,True,True,True,True,True,True,True,True,0.020363025704505378,True,True,True,S0,False,True,True,True
511892_blue_red_7_Y14SAR4_P006_15T092_2014_05_23-2014_06_01,511892_A,511892_blue_7_Y14SAR4_P006_15T092_2014_05_23-2014_06_01.fits,511892,301.5,1.5833334,168.37521,1.9089143,168.51816,1.6815552,167.30392,2.4949722,166.56108,2.0518856,170.27654,1.7311939,170.37297,1.3828835,0.0,1.0,0.3048587,0.008463105,,,0.3262446,0.008564652,,,0.05823773,0.015479913,168.19,1.5989193,0.0,1.0,0.2182463,0.00798315,,,0.23748696,0.0077001858,,,0.05823773,0.015479913,1,1.0,216.55726194,-1.19000252,216.55726194,-1.19000252,15.454,15.399,0.05611,0.05525,-21.67,5.99,20.85,22.38,23.94,0.24,119.14,10.86,1.28,0.143,8.0,0.0,GAMA,,,,False,True,True,True,True,True,True,True,True,True,True,True,True,True,0.011337264553374573,True,True,True,S0,False,True,True,True
512312_blue_red_6_Y17SAR3_P005_15T128_2018_04_09-2018_04_19,512312_A,512312_blue_6_Y17SAR3_P005_15T128_2018_04_09-2018_04_19.fits,512312,204.0,2.3333333,190.44347,3.9402719,186.59808,3.9305415,194.88666,5.246397,186.59808,3.4938347,184.6551,3.0673203,186.06616,3.1069539,,,,,,,,,,,,,186.26137,3.3851802,,,,,,,,,,,,,1,1.0,218.40563782,-1.0858171,218.40563782,-1.0858171,17.237,17.146,0.08211,0.08127,-20.82,1.22,19.12,20.2,21.84,0.46,35.98999,10.52,1.34,0.162,3.0,0.0,GAMA,,,,False,True,True,True,True,True,True,True,True,True,True,True,True,True,0.020689981651773097,True,True,True,S0,False,True,True,True
514218_blue_red_7_Y18SAR1_P001_09T139_2018_03_12-2018_03_22,514218_A,514218_blue_7_Y18SAR1_P001_09T139_2018_03_12-2018_03_22.fits,514218,30.5,1.0,190.85982,1.7689028,184.35216,2.6094573,183.94191,2.848416,184.35216,2.1092026,186.3629,1.9395001,185.64072,1.8125874,0.0,1.0,0.3339168,0.008845662,,,0.39239392,0.009631453,,,0.014138019,0.01026479,187.31,1.972701,0.0,1.0,0.29566392,0.008322049,,,0.34713826,0.0087587675,,,0.014138019,0.01026479,1,1.0,140.51298619,2.6938978,140.51298619,2.6938978,16.408,16.293,0.08607,0.0849,-21.78,2.38,19.48,20.76,22.35,0.5079,36.869995,10.92,1.36,0.172,8.0,0.0,GAMA,,,,False,True,True,True,True,True,True,True,True,True,True,True,True,True,0.009268073290648602,True,True,True,S0,False,True,True,True
517205_blue_red_7_Y13SAR1_P005_09T009_2013_03_05-2013_03_17,517205_A,517205_blue_7_Y13SAR1_P005_09T009_2013_03_05-2013_03_17.fits,517205,60.5,29.83333,244.93637,2.7031415,257.28265,3.0097387,262.96216,3.4947808,257.28265,2.7418578,255.8132,2.4557543,253.59447,2.1311967,1.0,0.9368931,0.08385288,0.0068442514,0.08003347,0.0068442514,0.09069005,0.006363685,0.08698437,0.006363685,0.4852972,0.16443785,248.73396,2.1837897,0.0,1.0,0.073701896,0.006739597,,,0.080462456,0.0063134036,,,0.4852972,0.16443785,1,0.0,131.38247114,2.4758725,131.38247114,2.4758725,15.311,15.188,0.07756,0.07651,-22.64,6.76,21.1,22.43,24.01,0.214,70.09,11.24,1.31,0.165,8.0,0.0,GAMA,,,,False,True,True,True,True,True,True,True,True,True,True,True,True,True,0.011036096844253877,True,True,True,Elliptical,True,True,True,True
517211_blue_red_7_Y16SAR2_P003_09T121_2017_02_27-2017_03_05,517211_A,517211_blue_7_Y16SAR2_P003_09T121_2017_02_27-2017_03_05.fits,517211,136.5,1.1666666,162.59781,1.8705598,157.98167,2.2334735,160.27832,2.852526,157.98167,2.3847096,155.21521,1.9363855,153.21336,1.7714732,0.0,1.0,0.45007142,0.01004335,,,0.5276747,0.013243596,,,0.042148184,0.007774294,158.87903,1.8369809,0.0,1.0,0.41744867,0.0100261485,,,0.47992656,0.012503578,,,0.042148184,0.007774294,1,1.0,131.34479878,2.52395232,131.34479878,2.52395232,16.128,16.121,0.07745,0.0764,-21.68,3.95,20.23,21.21,22.88,0.5747,137.25,10.79,1.24,0.154,3.0,0.0,GAMA,,,,False,True,True,True,True,True,True,True,True,True,True,True,True,True,0.011504212756617078,True,True,True,S0,False,True,True,True
517278_blue_red_7_Y16SAR2_P003_09T121_2017_02_27-2017_03_05,517278_A,517278_blue_7_Y16SAR2_P003_09T121_2017_02_27-2017_03_05.fits,517278,76.5,0.6666667,247.6589,1.1225458,251.83366,0.97712946,259.90314,1.6750548,257.31396,1.3521768,254.66165,1.209839,253.50055,1.2146797,0.0,1.0,0.3025617,0.0026608612,,,0.32566354,0.0025847263,,,0.029385256,0.0032696102,243.24274,1.2007304,1.0,1.003669,0.318286,0.0028302798,0.31904095,0.0028302798,0.3412532,0.0025061923,0.34205398,0.0025061923,0.029385256,0.0032696102,1,0.5,131.6831757,2.53742151,131.6831757,2.53742151,13.789,13.536,0.0291,0.02813,-22.03,5.31,18.75,20.12,21.7,0.4134,77.45001,11.06,1.29,0.175,8.0,0.0,GAMA,,,,False,True,True,True,True,True,True,True,True,True,True,True,True,True,0.00453262854676331,True,True,True,Elliptical/S0,False,True,True,True
517465_blue_red_6_Y14SAR2_P004_09T071_2014_04_02-2014_04_06,517465_A,517465_blue_6_Y14SAR2_P004_09T071_2014_04_02-2014_04_06.fits,517465,116.5,29.83333,89.74235,2.8653398,88.753746,2.572538,85.14321,5.417261,91.63401,2.9423468,89.028534,2.371294,89.41951,2.7628834,0.0,1.0,0.09214769,0.029208984,,,0.10896978,0.030516505,,,,,89.308846,3.3473935,,,,,,,,,,,,,1,1.0,132.53360618,2.61652557,132.53360618,2.61652557,17.292,17.305,0.05934,0.0583,-19.9,1.61,19.82,21.26,22.83,0.3621,21.050003,10.1,1.22,0.115,8.0,0.0,GAMA,,,,False,True,True,True,True,True,True,True,True,True,True,True,True,True,0.03192851312674562,True,True,True,S0,False,True,True,True
518829_blue_red_7_Y17SAR2_P002_09T130_2018_02_12-2018_02_19,518829_A,518829_blue_7_Y17SAR2_P002_09T130_2018_02_12-2018_02_19.fits,518829,142.0,1.5833334,99.41528,1.2936141,99.78969,1.2056689,91.14661,2.584023,95.195724,1.7822719,99.41885,1.3673092,99.78969,1.3588006,0.0,1.0,0.24083294,0.0129621895,,,0.27183795,0.014120704,,,0.0517806,0.019582827,97.95432,1.419641,,,,,,,,,,,,,1,0.5,138.22947896,2.93087801,138.22947896,2.93087801,16.672,16.687,0.03952,0.03843,-19.56,1.88,19.5,20.74,22.34,0.3977,146.92,9.93,1.13,0.14,8.0,0.0,GAMA,,,,False,True,True,True,True,True,True,True,True,True,True,True,True,True,0.013012226088384,True,True,True,Elliptical/S0,False,True,True,True
519141_blue_red_7_Y17SAR1_P001_09T125_2017_03_24-2017_04_02,519141_A,519141_blue_7_Y17SAR1_P001_09T125_2017_03_24-2017_04_02.fits,519141,209.5,2.0833333,162.79456,1.3534559,168.68976,2.0257995,168.05728,2.4933338,168.68976,1.9100202,164.33304,1.4114847,163.60716,1.3463901,0.0,1.0,0.19617528,0.0074619125,,,0.21482411,0.007289865,,,0.027810264,0.022740962,164.00409,1.4014485,0.0,1.0,0.15216564,0.007898309,,,0.16781355,0.0074501936,,,0.027810264,0.022740962,1,0.5,139.73967597,2.93965013,139.73967597,2.93965013,16.076,16.038,0.08707,0.08591,-22.05,2.79,20.03,21.54,23.1,0.1642,32.899994,10.92,1.22,0.143,8.0,0.0,GAMA,,,,False,True,True,True,True,True,True,True,True,True,True,True,True,True,0.008313888989902365,True,True,True,Elliptical/S0,False,True,True,True
521794_blue_red_7_Y16SAR2_P003_09T121_2017_02_27-2017_03_05,521794_A,521794_blue_7_Y16SAR2_P003_09T121_2017_02_27-2017_03_05.fits,521794,227.0,2.4166667,159.85861,3.5273266,155.37221,3.1775963,162.79579,4.246301,155.37221,3.1458828,151.09277,2.6844935,152.52707,2.948164,0.0,1.0,0.34886014,0.023256343,,,0.40325078,0.028194962,,,,,156.55421,2.780166,0.0,1.0,,,,,,,,,,,1,1.0,131.21183174,2.8308294,131.21183174,2.8308294,17.173,17.151,0.07768,0.07664,-20.67,1.91,19.55,20.72,22.34,0.621,52.89,10.4,1.24,0.145,3.0,0.0,GAMA,,,,False,True,True,True,True,True,True,True,True,True,True,True,True,True,0.022065290071019632,True,True,True,S0,False,True,True,True
521823_blue_red_7_Y16SAR2_P003_09T121_2017_02_27-2017_03_05,521823_A,521823_blue_7_Y16SAR2_P003_09T121_2017_02_27-2017_03_05.fits,521823,23.5,22.333334,163.53142,2.1315165,169.21098,2.6294887,174.06787,3.3524125,169.21098,2.7958329,169.34314,2.3199482,165.30914,2.1414547,0.0,1.0,0.086664274,0.012031507,,,0.09386044,0.0115285255,,,0.21811968,0.113451414,164.81392,2.416739,0.0,1.0,0.080320165,0.011795345,,,0.087527074,0.010806594,,,0.21811968,0.113451414,1,0.0,131.33012371,2.92524828,131.33012371,2.92524828,16.036,15.975,0.07939,0.07834,-21.89,3.21,20.51,21.75,23.35,0.0558,148.01,10.94,1.31,0.119,8.0,0.0,GAMA,,,,False,True,True,True,True,True,True,True,True,True,True,True,True,True,0.013034293348642114,True,True,True,Elliptical,True,True,True,True
522033_blue_red_6_Y14SAR2_P004_09T071_2014_04_02-2014_04_06,522033_A,522033_blue_6_Y14SAR2_P004_09T071_2014_04_02-2014_04_06.fits,522033,344.5,2.0833333,204.68385,2.3979633,209.11165,2.435249,212.45166,2.9802954,207.1584,2.7819178,203.841,2.314719,201.07872,2.3691533,0.0,1.0,0.18658431,0.010338209,,,0.20763001,0.010374832,,,0.039653685,0.024627222,204.72377,2.3339102,0.0,1.0,0.16817535,0.009972353,,,0.18655229,0.009933874,,,0.039653685,0.024627222,1,1.0,132.18252005,2.85015716,132.18252005,2.85015716,16.066,15.769,0.06735,0.0663,-21.76,2.37,19.34,20.79,22.36,0.3668,155.01001,10.96,1.33,0.117,8.0,0.0,GAMA,,,,False,True,True,True,True,True,True,True,True,True,True,True,True,True,0.011715449460228542,True,True,True,S0,False,True,True,True
534760_blue_red_7_Y17SAR3_P001_12T102_2018_02_12-2018_02_19,534760_C,534760_blue_7_Y17SAR3_P001_12T102_2018_02_12-2018_02_19.fits,534760,340.5,1.0833334,146.55484,1.277324,160.83635,1.2661387,167.3057,2.4837859,163.10376,1.63936,160.40688,1.3633351,156.46852,1.2258995,0.0,1.0,0.38933334,0.0061427774,,,0.38155448,0.0063287774,,,,,151.37032,1.1340846,0.0,1.0,0.31033903,0.0056722625,,,0.30683765,0.0054957895,,,,,3,0.0,174.94844197,-0.84393942,174.94844197,-0.84393942,15.514,15.553,0.05384,0.05256,-21.41,5.07,20.69,22.09,23.66,0.1795,5.029999,10.72,1.23,0.054,8.0,0.0,GAMA,,,,True,True,True,True,True,True,True,True,True,True,True,True,True,True,0.008715672576900223,True,True,True,Elliptical,True,True,True,True
534904_blue_red_7_Y17SAR3_P001_12T102_2018_02_12-2018_02_19,534904_A,534904_blue_7_Y17SAR3_P001_12T102_2018_02_12-2018_02_19.fits,534904,300.0,1.5,161.11385,1.7119225,161.78415,1.3803853,158.3835,2.6053407,162.71681,1.5512679,161.78415,1.6037097,162.73383,1.4474394,0.0,1.0,,,,,,,,,,,162.71681,1.7617328,,,,,,,,,,,,,1,1.0,175.67756968,-0.95672315,175.67756968,-0.95672315,16.439,16.329,0.05119,0.04992,-20.51,1.37,18.49,19.78,21.37,0.3989,117.99,10.37,1.24,0.072,8.0,0.0,GAMA,,,,False,True,True,True,True,True,True,True,True,True,True,True,True,True,0.010625545227800091,True,True,True,S0,False,True,True,True
536454_blue_red_11_Y15SAR4_P003_12T099_2015_05_14-2015_05_20,536454_A,536454_blue_11_Y15SAR4_P003_12T099_2015_05_14-2015_05_20.fits,536454,338.5,3.75,249.13126,2.4169407,270.01727,2.1604576,274.24374,2.909411,271.84152,2.2765517,268.85638,2.1989484,265.3368,1.9024116,0.0,1.0,0.102654904,0.0048923017,,,0.11508242,0.0038510999,,,0.053531315,0.016233373,259.551,1.9246637,0.0,1.0,0.09187047,0.0046126484,,,0.10611176,0.0038540529,,,0.053531315,0.016233373,1,0.0,182.39681085,-0.91247515,182.39681085,-0.91247515,14.994,14.932,0.06115,0.05989,-22.32,6.69,20.6,22.24,23.78,0.1776,156.1,11.08,1.23,0.07,8.0,0.0,GAMA,,,,False,True,True,True,True,True,True,True,True,True,True,True,True,True,0.009701475037696996,True,True,True,Elliptical,True,True,True,True
536463_blue_red_11_Y15SAR4_P003_12T099_2015_05_14-2015_05_20,536463_A,536463_blue_11_Y15SAR4_P003_12T099_2015_05_14-2015_05_20.fits,536463,96.5,1.5,225.88689,1.9071181,227.6081,2.1483033,226.87549,3.0336056,227.6081,2.461525,219.85257,1.7173262,220.5752,1.6883597,0.0,1.0,0.2284866,0.006275857,,,0.25511816,0.0066518383,,,0.035509385,0.012305244,223.45055,1.9757861,0.0,1.0,0.20089628,0.0065060146,,,0.22190695,0.006714244,,,0.035509385,0.012305244,1,1.0,182.47688834,-0.91817312,182.47688834,-0.91817312,15.748,15.719,0.08049,0.07921,-22.18,3.2,19.44,20.59,22.21,0.5249,98.65,11.05,1.31,0.074,8.0,0.0,GAMA,,,,False,True,True,True,True,True,True,True,True,True,True,True,True,True,0.008442801173631635,True,True,True,S0,False,True,True,True
536963_blue_red_7_Y14SAR4_P007_12T069_2016_04_04-2016_04_12,536963_A,536963_blue_7_Y14SAR4_P007_12T069_2016_04_04-2016_04_12.fits,536963,1.5,1.4166647,220.29482,1.9846729,220.72243,2.3434315,222.91231,2.8934906,220.72243,2.6714098,221.58145,2.2297246,220.50783,1.9146402,0.0,1.0,0.29200408,0.00800778,,,0.32217628,0.008035169,,,0.036048982,0.01168944,222.13109,1.9452573,0.0,1.0,0.26109973,0.00834652,,,0.29456896,0.008143553,,,0.036048982,0.01168944,1,0.5,183.53869379,-0.93859567,183.53869379,-0.93859567,16.321,16.229,0.08421,0.08293,-21.78,2.57,19.85,21.26,22.83,0.3173,0.63998413,10.92,1.35,0.082,8.0,0.0,GAMA,,,,False,True,True,True,True,True,True,True,True,True,True,True,True,True,0.009009167351279527,True,True,True,Elliptical/S0,False,True,True,True
537365_blue_red_11_Y18SAR3_P002_12T129_2018_05_07-2018_05_16,537365_A,537365_blue_11_Y18SAR3_P002_12T129_2018_05_07-2018_05_16.fits,537365,351.5,1.25,192.32439,1.5705721,192.5826,1.3418521,187.22694,2.5782998,189.56195,1.7320805,192.97476,1.4458765,191.9919,1.1653534,0.0,1.0,0.20036544,0.008226308,,,0.22319248,0.007902336,,,0.02769835,0.013792259,191.86044,1.7155191,,,,,,,,,,,,,1,1.0,184.99110773,-0.85600995,184.99110773,-0.85600995,15.704,15.667,0.04115,0.03993,-20.67,2.42,18.35,19.82,21.39,0.6637,174.76001,10.43,1.21,0.116,8.0,0.0,GAMA,,,,False,True,True,True,True,True,True,True,True,True,True,True,True,True,0.008166265859467954,True,True,True,S0,False,True,True,True
543489_blue_red_7_Y13SAR1_P002_15T006_2013_03_05-2013_03_17,543489_A,543489_blue_7_Y13SAR1_P002_15T006_2013_03_05-2013_03_17.fits,543489,176.0,6.583332,153.26462,1.3987967,164.31927,1.4262924,167.60037,2.3940287,165.44167,1.5931556,164.33806,1.3383559,164.16422,1.3164842,0.0,1.0,0.09984398,0.007792693,,,0.107893,0.0068576154,,,1.1391364,0.5627932,158.04973,1.2515448,0.0,1.0,0.08104378,0.0071906336,,,0.09173016,0.006465696,,,1.1391364,0.5627932,1,0.0,211.79629401,-0.87863989,211.79629401,-0.87863989,15.086,15.006,0.05405,0.05312,-21.98,5.21,20.5,22.0,23.56,0.0767,168.29,10.93,1.2,0.191,8.0,0.0,GAMA,,,,False,True,True,True,True,True,True,True,True,True,True,True,True,True,0.00912667711569702,True,True,True,Elliptical,True,True,True,True
543501_blue_red_7_Y17SAR2_P004_15T121_2018_03_12-2018_03_22,543501_A,543501_blue_7_Y17SAR2_P004_15T121_2018_03_12-2018_03_22.fits,543501,307.0,1.6666666,167.39307,1.8693324,157.04216,1.84759,158.20715,3.0659971,154.1516,2.1277447,157.04216,1.9152119,159.86282,1.7214974,0.0,1.0,0.39672107,0.010864904,,,0.47384912,0.013022758,,,0.029764378,0.009570321,161.53593,1.9929402,0.0,1.0,0.37214383,0.01066147,,,0.4262004,0.012027888,,,0.029764378,0.009570321,1,1.0,211.81532935,-0.92567656,211.81532935,-0.92567656,16.316,16.279,0.05247,0.05154,-20.64,3.66,20.16,21.44,23.03,0.5936,125.11,10.47,1.3,0.21,8.0,0.0,GAMA,,,,False,True,True,True,True,True,True,True,True,True,True,True,True,True,0.011167322518190269,True,True,True,S0,False,True,True,True
543531_blue_red_6_Y14SAR2_P004_15T064_2017_03_24-2017_04_02,543531_A,543531_blue_6_Y14SAR2_P004_15T064_2017_03_24-2017_04_02.fits,543531,23.5,4.6666665,142.36365,1.7979581,147.0074,1.954452,149.32234,2.9755971,148.37415,2.1089542,145.05746,1.9164169,142.02591,1.5874381,0.0,1.0,0.11800077,0.0108502135,,,0.13126269,0.010057588,,,0.093823254,0.03266585,141.64014,1.3762474,0.0,1.0,0.11294955,0.011041988,,,0.12504251,0.009999217,,,0.093823254,0.03266585,1,0.5,211.9522498,-0.93132633,211.9522498,-0.93132633,16.227,16.235,0.05353,0.0526,-20.71,2.88,20.19,21.48,23.07,0.2558,27.179993,10.41,1.2,0.194,8.0,0.0,GAMA,,,,False,True,True,True,True,True,True,True,True,True,True,True,True,True,0.012629334103192775,True,True,True,Elliptical/S0,False,True,True,True
543553_blue_red_7_Y17SAR2_P004_15T121_2018_03_12-2018_03_22,543553_A,543553_blue_7_Y17SAR2_P004_15T121_2018_03_12-2018_03_22.fits,543553,61.5,2.3333333,99.30062,1.6275744,103.57451,1.850012,105.463455,2.5541508,105.87202,1.990552,102.52828,1.6413156,100.45586,1.5486649,0.0,1.0,0.3146619,0.014039053,,,0.34078202,0.013985731,,,0.061144724,0.020187486,100.292854,1.5903144,0.0,1.0,0.2618561,0.014005738,,,0.28206816,0.013634867,,,0.061144724,0.020187486,1,0.5,211.96905029,-0.91519709,211.96905029,-0.91519709,16.503,16.522,0.05571,0.05478,-20.52,3.49,20.87,22.21,23.79,0.2562,34.440002,10.35,1.22,0.19,8.0,0.0,GAMA,,,,False,True,True,True,True,True,True,True,True,True,True,True,True,True,0.016390375004707927,True,True,True,Elliptical/S0,False,True,True,True
544749_blue_red_7_Y15SAR4_P003_15T114_2016_03_03-2016_03_13,544749_A,544749_blue_7_Y15SAR4_P003_15T114_2016_03_03-2016_03_13.fits,544749,115.0,0.5,237.92813,1.1010057,235.88544,1.0203595,231.64444,1.4658358,233.06522,1.458772,235.66048,1.3767658,235.63701,1.1108129,0.0,1.0,0.3935428,0.0024616509,,,0.44050822,0.0026619402,,,0.023907484,0.002645535,238.54643,1.0467372,0.0,1.0,0.38831687,0.0024934274,,,0.433983,0.0027146267,,,0.023907484,0.002645535,1,1.0,216.88131895,-0.92242981,216.88131895,-0.92242981,13.928,13.825,0.03118,0.03035,-21.89,5.77,19.1,20.5,22.08,0.4067,111.12,10.9,1.16,0.157,8.0,0.0,GAMA,,,,False,True,True,True,True,True,True,True,True,True,True,True,True,True,0.004627471749557313,True,True,True,S0,False,True,True,True
545903_blue_red_16_Y17SAR2_P005_15T122_2018_03_12-2018_03_22,545903_A,545903_blue_16_Y17SAR2_P005_15T122_2018_03_12-2018_03_22.fits,545903,95.0,0.5,181.27702,1.2628849,168.52419,1.2891042,162.25822,1.7141347,163.83102,1.596137,167.10121,1.2301538,169.13129,1.3192155,0.0,1.0,0.45166513,0.0037794807,,,0.5462929,0.004941372,,,0.03099849,0.003602993,174.24458,1.1795559,0.0,1.0,0.42554805,0.0037556356,,,0.51486367,0.0046182773,,,0.03099849,0.003602993,3,1.0,221.64347888,-0.8495652,221.64347888,-0.8495652,14.998,14.931,0.04242,0.04166,-21.47,3.83,19.04,20.15,21.78,0.5688,94.15,10.75,1.2,0.165,8.0,0.0,GAMA,,,,True,True,True,True,True,True,True,True,True,True,True,True,True,True,0.006966602275346318,True,True,True,S0,False,True,True,True
548835_blue_red_7_Y15SAR1_P001_09T097_2016_03_03-2016_03_13,548835_A,548835_blue_7_Y15SAR1_P001_09T097_2016_03_03-2016_03_13.fits,548835,316.5,25.416664,199.47002,1.9503275,210.0538,2.3637316,206.92041,2.8531752,210.0538,2.2515604,208.40317,1.8373985,205.7791,2.0707796,0.0,1.0,0.06250212,0.009459167,,,0.068149045,0.008940181,,,0.28185055,0.21426962,204.30759,1.7721732,0.0,1.0,0.043815922,0.008887026,,,0.051177517,0.008482143,,,0.28185055,0.21426962,1,0.5,129.38250453,-0.4617983,129.38250453,-0.4617983,16.314,16.244,0.07988,0.07885,-21.63,3.41,20.59,22.23,23.78,0.1825,158.28,10.81,1.29,0.136,3.0,0.0,GAMA,,,,False,True,True,True,True,True,True,True,True,True,True,True,True,True,0.009777547021853208,True,True,True,Elliptical/S0,False,True,True,True
549070_blue_red_8_Y18SAR2_P002_09T144_2018_04_09-2018_04_19,549070_A,549070_blue_8_Y18SAR2_P002_09T144_2018_04_09-2018_04_19.fits,549070,343.0,4.0833335,128.62375,2.2987661,126.590675,2.0310571,132.81165,2.8275456,128.62375,2.3089142,125.92609,1.9185499,124.92275,1.9846464,,,,,,,,,,,,,130.05185,2.1882339,,,,,,,,,,,,,1,0.5,130.15791303,-0.61422241,130.15791303,-0.61422241,17.114,17.095,0.05319,0.05217,-19.83,0.99,19.02,20.07,21.72,0.1166,151.46,10.07,1.21,0.112,8.0,0.0,GAMA,,,,False,True,True,True,True,True,True,True,True,True,True,True,True,True,0.017872018970058016,True,True,True,Elliptical/S0,False,True,True,True
549296_blue_red_8_Y18SAR2_P002_09T144_2018_04_09-2018_04_19,549296_A,549296_blue_8_Y18SAR2_P002_09T144_2018_04_09-2018_04_19.fits,549296,95.5,5.5,183.11467,1.3320322,191.24182,1.6010892,195.50656,2.3871262,194.94781,1.7157933,190.39311,1.4455308,188.79372,1.237408,0.0,1.0,0.08210863,0.0057627438,,,0.09066658,0.005313037,,,0.095474355,0.028571801,186.03198,1.2016146,0.0,1.0,0.067800276,0.005375078,,,0.07408542,0.004835684,,,0.095474355,0.028571801,1,0.0,131.07139086,-0.42489859,131.07139086,-0.42489859,15.034,15.025,0.0532,0.05217,-21.9,5.0,20.33,21.77,23.34,0.0801,94.47,10.95,1.26,0.106,8.0,0.0,GAMA,,,,False,True,True,True,True,True,True,True,True,True,True,True,True,True,0.00727430631308786,True,True,True,Elliptical,True,True,True,True
550781_blue_red_6_Y18SAR1_P002_09T140_2018_04_09-2018_04_19,550781_A,550781_blue_6_Y18SAR1_P002_09T140_2018_04_09-2018_04_19.fits,550781,55.5,1.4166666,134.00537,1.9208422,129.81964,1.7915704,130.78188,2.4613743,131.04922,2.1084583,129.81964,1.9293206,129.97784,1.837244,0.0,1.0,0.3295834,0.011188325,,,0.38128695,0.01242849,,,0.03749611,0.014824769,132.68117,1.9672741,0.0,1.0,0.28258997,0.011566572,,,0.31887913,0.012095766,,,0.03749611,0.014824769,1,1.0,137.46833747,-0.50464337,137.46833747,-0.50464337,16.362,16.34,0.04942,0.04832,-20.44,2.03,19.16,20.41,22.01,0.4862,48.839996,10.39,1.29,0.124,8.0,0.0,GAMA,,,,False,True,True,True,True,True,True,True,True,True,True,True,True,True,0.014334068851121415,True,True,True,S0,False,True,True,True
551505_blue_red_8_Y14SAR1_P004_09T064_2015_02_16-2015_02_25,551505_A,551505_blue_8_Y14SAR1_P004_09T064_2015_02_16-2015_02_25.fits,551505,196.0,1.0833334,279.42664,2.2859478,268.83905,2.466416,269.36703,2.9232357,267.49823,2.6804478,266.71106,2.5293956,265.96106,2.1775105,1.0,0.99922293,0.32023188,0.0045776526,0.3200711,0.0045776526,0.35583442,0.00477767,0.35565746,0.00477767,0.033823445,0.0065518077,276.03372,2.2436123,0.0,1.0,0.3065285,0.0045788195,,,0.33988655,0.004854446,,,0.033823445,0.0065518077,1,0.5,140.57221887,-0.54692706,140.57221887,-0.54692706,14.474,14.394,0.05742,0.05627,-22.73,7.51,20.32,21.5,23.11,0.3483,18.680008,11.34,1.36,0.12,8.0,0.0,GAMA,,,,False,True,True,True,True,True,True,True,True,True,True,True,True,True,0.008180851331855832,True,True,True,Elliptical/S0,False,True,True,True
551619_blue_red_7_Y14SAR2_P006_09T073_2016_03_03-2016_03_13,551619_A,551619_blue_7_Y14SAR2_P006_09T073_2016_03_03-2016_03_13.fits,551619,304.0,5.9166665,135.55981,2.1185892,134.29869,2.1514564,132.60767,3.013001,133.16292,2.2416763,134.64648,1.9209186,129.6997,1.9666228,0.0,1.0,,,,,,,,,,,133.16292,2.1416209,0.0,1.0,,,,,,,,,,,1,0.0,140.82468142,-0.56844663,140.82468142,-0.56844663,17.049,17.007,0.05742,0.05627,-20.09,1.15,19.19,20.72,22.27,0.0688,151.20999,10.19,1.23,0.123,8.0,0.0,GAMA,,,,False,True,True,True,True,True,True,True,True,True,True,True,True,True,0.015628446218683843,True,True,True,Elliptical,True,True,True,True
559250_blue_red_7_Y15SAR3_P006_12T098_2016_03_03-2016_03_13,559250_A,559250_blue_7_Y15SAR3_P006_12T098_2016_03_03-2016_03_13.fits,559250,14.5,5.3333316,151.459,3.9630322,153.2787,3.4151683,162.68593,4.054007,153.2787,3.355473,157.16301,2.9041748,157.52008,2.8708766,1.0,0.8967619,0.25575018,0.016828176,0.23758331,0.016828176,0.27164373,0.016159477,0.2533454,0.016159477,0.12836044,0.043634612,156.85127,2.9026983,0.0,1.0,0.17934524,0.016068798,,,0.19315624,0.015778497,,,0.12836044,0.043634612,1,0.5,176.36075931,-0.45320984,176.36075931,-0.45320984,16.278,16.289,0.09349,0.09217,-21.98,4.39,21.12,22.77,24.32,0.0918,0.13000488,10.96,1.33,0.083,8.0,0.0,GAMA,,,,False,True,True,True,True,True,True,True,True,True,True,True,True,True,0.02616570953195254,True,True,True,Elliptical/S0,False,True,True,True
559490_blue_red_7_Y14SAR3_P006_12T057_2016_04_04-2016_04_12,559490_A,559490_blue_7_Y14SAR3_P006_12T057_2016_04_04-2016_04_12.fits,559490,248.5,8.25,87.771065,1.3553845,84.41837,1.4189192,79.38461,2.4658713,81.536385,1.7844559,84.41837,1.5835717,86.538,1.4441729,0.0,1.0,0.095679976,0.012167781,,,0.11169769,0.011466912,,,0.16596654,0.057567276,87.61266,1.3534201,0.0,1.0,0.093449585,0.012414923,,,0.108583406,0.011560424,,,0.16596654,0.057567276,1,0.0,177.30346687,-0.56445992,177.30346687,-0.56445992,16.265,16.241,0.0487,0.04744,-20.48,2.7,20.32,21.43,23.06,0.0758,142.97,10.29,1.15,0.074,8.0,0.0,GAMA,,,,False,True,True,True,True,True,True,True,True,True,True,True,True,True,0.015442270183231799,True,True,True,Elliptical,True,True,True,True
560341_blue_red_7_Y17SAR3_P004_12T105_2018_02_12-2018_02_19,560341_A,560341_blue_7_Y17SAR3_P004_12T105_2018_02_12-2018_02_19.fits,560341,218.5,1.5,232.0817,1.802003,233.92892,2.2498891,242.19495,3.1476147,233.92892,2.466868,234.64577,1.9651523,233.22804,1.7974255,0.0,1.0,0.33554626,0.0066747093,,,0.36644855,0.0065623573,,,0.052807756,0.009220381,232.94217,1.6126376,0.0,1.0,0.30195066,0.006283032,,,0.3268438,0.0061428403,,,0.052807756,0.009220381,1,1.0,180.02339993,-0.49533155,180.02339993,-0.49533155,15.499,15.45,0.08183,0.08054,-22.5,5.04,20.48,21.93,23.49,0.2826,37.809998,11.18,1.32,0.116,8.0,0.0,GAMA,,,,False,True,True,True,True,True,True,True,True,True,True,True,True,True,0.007764519994467465,True,True,True,S0,False,True,True,True
560982_blue_red_11_Y15SAR4_P003_12T099_2015_05_14-2015_05_20,560982_A,560982_blue_11_Y15SAR4_P003_12T099_2015_05_14-2015_05_20.fits,560982,150.0,1.8333334,176.56021,1.7383132,176.69896,1.7085737,181.41365,2.1516716,178.2732,1.563109,176.69896,1.6827561,175.00865,1.5561756,,,,,,,,,,,,,177.96817,1.7170192,,,,,,,,,,,,,1,0.5,182.4696995,-0.54747902,182.4696995,-0.54747902,16.413,16.367,0.05177,0.05053,-20.5,1.45,18.85,20.17,21.76,0.2527,150.26,10.31,1.18,0.078,8.0,0.0,GAMA,,,,False,True,True,True,True,True,True,True,True,True,True,True,True,True,0.00984544139361864,True,True,True,Elliptical/S0,False,True,True,True
570203_blue_red_7_Y17SAR3_P004_15T127_2018_04_09-2018_04_19,570203_A,570203_blue_7_Y17SAR3_P004_15T127_2018_04_09-2018_04_19.fits,570203,244.0,2.8333333,209.69978,1.6880084,225.25858,1.6384087,235.39214,2.4674356,229.09557,1.8837671,225.25858,1.5867428,223.1965,1.7523444,0.0,1.0,0.10943404,0.006184627,,,0.11710422,0.0051209256,,,0.08304825,0.024599345,216.98209,1.3437463,0.0,1.0,0.099139094,0.005663674,,,0.10605508,0.004987597,,,0.08304825,0.024599345,1,0.5,222.73125024,-0.49237623,222.73125024,-0.49237623,14.998,14.918,0.04335,0.04261,-21.56,5.32,20.25,21.95,23.49,0.1749,107.3,10.78,1.22,0.183,8.0,0.0,GAMA,,,,False,True,True,True,True,True,True,True,True,True,True,True,True,True,0.008049643161285147,True,True,True,Elliptical/S0,False,True,True,True
570207_blue_red_7_Y13SAR1_P003_15T008_2013_03_05-2013_03_17,570207_A,570207_blue_7_Y13SAR1_P003_15T008_2013_03_05-2013_03_17.fits,570207,321.5,2.0833333,183.82373,1.2447156,190.23187,1.4207844,194.67278,2.186625,191.67642,1.584941,190.23187,1.3101174,188.5083,1.2178882,0.0,1.0,0.19009861,0.0058955792,,,0.2079425,0.005341547,,,0.08251927,0.009487048,187.33765,1.0412108,0.0,1.0,0.18536454,0.0058154934,,,0.20222148,0.005228938,,,0.08251927,0.009487048,1,1.0,222.76628131,-0.46221403,222.76628131,-0.46221403,15.226,15.095,0.04399,0.04325,-21.42,5.64,20.2,21.56,23.14,0.4777,146.66,10.75,1.24,0.193,8.0,0.0,GAMA,,,,False,True,True,True,True,True,True,True,True,True,True,True,True,True,0.0067712454752169365,True,True,True,S0,False,True,True,True
570240_blue_red_7_Y17SAR3_P004_15T127_2018_04_09-2018_04_19,570240_A,570240_blue_7_Y17SAR3_P004_15T127_2018_04_09-2018_04_19.fits,570240,197.5,6.3333306,120.47182,1.586279,118.570015,1.6208777,123.69,2.6807456,120.89486,2.0519001,118.570015,1.4897157,119.13969,1.5687344,0.0,1.0,0.051073104,0.014913043,,,0.06298856,0.016048193,,,,,120.63169,1.8377532,,,,,,,,,,,,,1,1.0,222.93824858,-0.51252078,222.93824858,-0.51252078,16.682,16.639,0.0439,0.04317,-19.86,1.86,19.23,20.64,22.21,0.5104,177.93,10.05,1.15,0.194,8.0,0.0,GAMA,,,,False,True,True,True,True,True,True,True,True,True,True,True,True,True,0.013167220350784109,True,True,True,S0,False,True,True,True
574423_blue_red_7_Y16SAR2_P002_09T118_2016_03_03-2016_03_13,574423_A,574423_blue_7_Y16SAR2_P002_09T118_2016_03_03-2016_03_13.fits,574423,160.5,2.8333333,174.97351,1.4481099,182.43222,1.6018559,185.3255,2.185209,185.82635,1.8150411,181.08488,1.5327818,179.80893,1.515019,0.0,1.0,0.2006784,0.006637608,,,0.20413458,0.00628596,,,0.04850454,0.016501117,177.5996,1.3472397,0.0,1.0,0.16189224,0.006451804,,,0.16464818,0.006050129,,,0.04850454,0.016501117,1,0.5,135.75994021,-0.20038809,135.75994021,-0.20038809,15.643,15.588,0.05469,0.0536,-21.41,4.38,20.39,21.87,23.43,0.2613,153.81,10.74,1.25,0.152,8.0,0.0,GAMA,,,,False,True,True,True,True,True,True,True,True,True,True,True,True,True,0.008276166489430314,True,True,True,Elliptical/S0,False,True,True,True
575339_blue_red_6_Y14SAR2_P002_09T069_2014_04_02-2014_04_06,575339_A,575339_blue_6_Y14SAR2_P002_09T069_2014_04_02-2014_04_06.fits,575339,321.0,10.5,85.889595,1.419083,85.54607,1.6883012,84.9901,2.424227,86.36966,1.6921161,85.889595,1.4622085,84.306946,1.493231,0.0,1.0,0.04830486,0.013753818,,,0.052130982,0.012244279,,,,,86.09896,1.5090246,0.0,1.0,,,,,,,,,,,1,0.0,139.48490435,-0.10136639,139.48490435,-0.10136639,16.391,16.41,0.05873,0.05759,-20.74,1.66,19.41,20.87,22.43,0.014,70.07001,10.41,1.18,0.11,8.0,0.0,GAMA,,,,False,True,True,True,True,True,True,True,True,True,True,True,True,True,0.016522175939937777,True,True,True,Elliptical,True,True,True,True
583723_blue_red_7_Y15SAR3_P006_12T098_2016_03_03-2016_03_13,583723_A,583723_blue_7_Y15SAR3_P006_12T098_2016_03_03-2016_03_13.fits,583723,6.0,26.25,234.54388,4.717332,242.22247,2.9528606,244.34079,4.1164374,242.22247,3.0713818,245.74763,2.6845248,244.94365,2.5972972,1.0,0.6104672,0.11122974,0.010457378,0.07821116,0.010457378,0.11758699,0.009525207,0.08573994,0.009525207,1.0658138,0.46541435,238.37903,3.1714647,0.0,1.0,0.07086699,0.010438563,,,0.07795628,0.009639496,,,1.0658138,0.46541435,1,0.0,176.31667533,-0.19882604,176.31667533,-0.19882604,15.722,15.697,0.09456,0.09324,-22.59,7.1,21.5,23.17,24.72,0.1144,6.7099915,11.2,1.33,0.077,8.0,0.0,GAMA,,,,False,True,True,True,True,True,True,True,True,True,True,True,True,True,0.020112790834704363,True,True,True,Elliptical,True,True,True,True
585196_blue_red_7_Y17SAR3_P002_12T103_2018_02_12-2018_02_19,585196_A,585196_blue_7_Y17SAR3_P002_12T103_2018_02_12-2018_02_19.fits,585196,157.5,5.9166665,139.70583,2.4827123,144.19093,3.917832,144.03285,4.5483403,144.19093,3.3856237,141.11456,2.492378,135.60396,2.4483793,0.0,1.0,0.13204744,0.018476114,,,0.14283858,0.017592551,,,0.08001378,0.06843485,140.93675,2.8760319,,,,,,,,,,,,,1,0.5,181.62186524,-0.17240429,181.62186524,-0.17240429,17.248,17.247,0.09362,0.09232,-21.02,1.98,20.4,21.6,23.21,0.2273,153.8,10.55,1.31,0.081,3.0,0.0,GAMA,,,,False,True,True,True,True,True,True,True,True,True,True,True,True,True,0.017770999964711567,True,True,True,Elliptical/S0,False,True,True,True
585215_blue_red_7_Y17SAR3_P002_12T103_2018_02_12-2018_02_19,585215_A,585215_blue_7_Y17SAR3_P002_12T103_2018_02_12-2018_02_19.fits,585215,91.0,29.916666,214.42757,2.131567,225.68103,3.241524,228.19373,4.540685,225.68103,3.2828271,219.67215,2.7107117,218.26659,2.219873,0.0,1.0,0.074358046,0.008327141,,,0.081433386,0.0079223085,,,0.81789154,0.46188158,217.02768,2.0318987,0.0,1.0,0.061935496,0.008569565,,,0.06746253,0.008336039,,,0.81789154,0.46188158,1,0.0,181.67924097,-0.2038787,181.67924097,-0.2038787,16.222,16.19,0.09408,0.09278,-22.1,3.1,20.38,21.74,23.32,0.1342,116.85,11.03,1.36,0.078,8.0,0.0,GAMA,,,,False,True,True,True,True,True,True,True,True,True,True,True,True,True,0.009940731968375149,True,True,True,Elliptical,True,True,True,True
586330_blue_red_7_Y14SAR4_P003_12T065_2014_05_23-2014_06_01,586330_A,586330_blue_7_Y14SAR4_P003_12T065_2014_05_23-2014_06_01.fits,586330,311.5,0.5833333,107.32156,1.0176039,107.44816,0.80408776,103.7514,1.5253545,106.25282,0.9811143,106.511154,0.9544106,107.44816,0.93698955,0.0,1.0,0.25442067,0.0090029705,,,0.281809,0.009581268,,,0.02472811,0.010387265,106.214134,1.1873902,0.0,1.0,0.21842785,0.009404574,,,0.23390852,0.00962781,,,0.02472811,0.010387265,1,1.0,184.5454927,-0.16369758,184.5454927,-0.16369758,16.207,16.154,0.03961,0.03839,-20.1,1.94,18.74,19.97,21.57,0.5546,131.95001,10.18,1.18,0.09,8.0,0.0,GAMA,,,,False,True,True,True,True,True,True,True,True,True,True,True,True,True,0.0094818217327441,True,True,True,S0,False,True,True,True
592294_blue_red_7_Y14SAR3_P010_15T085_2016_05_02-2016_05_10,592294_A,592294_blue_7_Y14SAR3_P010_15T085_2016_05_02-2016_05_10.fits,592294,9.5,0.9166667,201.15501,1.5783113,197.7241,1.4236808,201.32185,2.119058,198.30229,1.6941819,200.27562,1.4593863,200.59714,1.6188617,0.0,1.0,0.28106478,0.006890596,,,0.32318684,0.0071825422,,,0.037601553,0.009130331,199.72038,1.5726861,0.0,1.0,0.25006422,0.0073403576,,,0.27388486,0.0074655865,,,0.037601553,0.009130331,1,1.0,212.46547776,-0.08301355,212.46547776,-0.08301355,16.053,16.02,0.05559,0.05467,-21.01,2.15,18.9,20.24,21.83,0.5316,13.869995,10.55,1.21,0.153,8.0,0.0,GAMA,,,,False,True,True,True,True,True,True,True,True,True,True,True,True,True,0.007846244048308814,True,True,True,S0,False,True,True,True
592419_blue_red_7_Y14SAR3_P010_15T085_2016_05_02-2016_05_10,592419_A,592419_blue_7_Y14SAR3_P010_15T085_2016_05_02-2016_05_10.fits,592419,219.0,3.1666667,130.57661,2.0861366,127.39171,2.198249,123.80188,2.8555932,125.19529,2.3908417,131.28001,1.9878126,134.78577,2.218609,0.0,1.0,0.37917402,0.01981906,,,0.44603464,0.0255911,,,0.022330102,0.01572816,129.97336,2.058264,0.0,1.0,0.33746246,0.0165353,,,0.38562363,0.01857754,,,0.022330102,0.01572816,1,1.0,212.96504762,-0.05089975,212.96504762,-0.05089975,17.346,17.324,0.05586,0.05495,-19.73,2.17,19.66,20.85,22.46,0.727,54.649994,10.11,1.31,0.172,8.0,0.0,GAMA,,,,False,True,True,True,True,True,True,True,True,True,True,True,True,True,0.01597634216419005,True,True,True,S0,False,True,True,True
593813_blue_red_7_Y14SAR3_P002_15T077_2016_04_04-2016_04_12,593813_A,593813_blue_7_Y14SAR3_P002_15T077_2016_04_04-2016_04_12.fits,593813,221.0,1.9166666,240.70682,2.5253704,239.96742,2.9284883,241.97067,4.2710576,239.96742,2.9950871,238.41142,2.4648643,240.229,2.4671886,0.0,1.0,0.30965596,0.011167452,,,0.3531632,0.011521507,,,0.05207587,0.01828005,240.507,2.6169987,0.0,1.0,0.3113421,0.010599323,,,0.35225067,0.010840001,,,0.05207587,0.01828005,1,1.0,217.90934792,-0.17476242,217.90934792,-0.17476242,16.308,16.253,0.09308,0.09222,-22.02,2.29,19.41,20.62,22.22,0.5244,48.58,10.99,1.35,0.156,8.0,0.0,GAMA,,,,False,True,True,True,True,True,True,True,True,True,True,True,True,True,0.010491478388522602,True,True,True,S0,False,True,True,True
594946_blue_red_7_Y13SAR1_P008_15T016_2013_03_05-2013_03_17,594946_A,594946_blue_7_Y13SAR1_P008_15T016_2013_03_05-2013_03_17.fits,594946,122.5,5.9166665,71.95929,2.8807662,71.747444,3.0657237,70.525856,5.949366,71.06085,4.235793,71.747444,3.3114543,72.56015,3.1238284,0.0,1.0,0.32639602,0.03189927,,,0.42335635,0.037335098,,,0.06424365,0.033904113,72.88125,3.1369925,0.0,1.0,0.33307916,0.03193013,,,0.42491853,0.037833277,,,0.06424365,0.033904113,1,0.5,222.62918004,-0.12903176,222.62918004,-0.12903176,17.183,17.185,0.04464,0.0439,-19.34,2.53,20.91,21.84,23.53,0.2762,144.25,9.88,1.19,0.169,8.0,0.0,GAMA,,,,False,True,True,True,True,True,True,True,True,True,True,True,True,True,0.04003327714878788,True,True,True,Elliptical/S0,False,True,True,True
599834_blue_red_7_Y15SAR2_P001_09T107_2016_02_08-2016_02_14,599834_A,599834_blue_7_Y15SAR2_P001_09T107_2016_02_08-2016_02_14.fits,599834,42.5,7.4166665,223.43219,1.4407628,231.19049,1.7113217,229.9026,2.175853,231.04626,1.8952782,231.97581,1.5166293,231.34949,1.4666581,0.0,1.0,0.06850295,0.005004824,,,0.07215262,0.004758888,,,0.5063553,0.27517712,223.51105,1.4425457,0.0,1.0,0.0721066,0.0050820652,,,0.076065086,0.0048485105,,,0.5063553,0.27517712,1,0.0,132.71125636,0.37329313,132.71125636,0.37329313,14.396,14.307,0.05315,0.0521,-22.63,5.96,20.17,21.57,23.15,0.0704,44.930008,11.21,1.23,0.152,8.0,0.0,GAMA,,,,False,True,True,True,True,True,True,True,True,True,True,True,True,True,0.006448322419432938,True,True,True,Elliptical,True,True,True,True
599838_blue_red_7_Y13SAR1_P008_09T013_2013_04_12-2013_04_16,599838_A,599838_blue_7_Y13SAR1_P008_09T013_2013_04_12-2013_04_16.fits,599838,355.0,5.2499986,200.90324,0.75998497,214.99738,0.8566404,220.10101,1.2788203,218.95055,1.2926286,215.74632,1.0193604,214.21404,0.81527454,0.0,1.0,0.03900322,0.0032171514,,,0.043746892,0.0027609149,,,0.4956867,0.17514527,200.5325,0.917984,0.0,1.0,0.04516971,0.0033432809,,,0.049574636,0.0029429535,,,0.4956867,0.17514527,1,0.0,132.79081214,0.25359158,132.79081214,0.25359158,14.135,13.937,0.04195,0.04091,-22.45,5.63,19.65,21.13,22.7,0.1478,14.529999,11.15,1.2,0.137,8.0,0.0,GAMA,,,,False,True,True,True,True,True,True,True,True,True,True,True,True,True,0.00378284078444927,True,True,True,Elliptical,True,True,True,True
600743_blue_red_7_Y16SAR2_P001_09T116_2016_03_03-2016_03_13,600743_A,600743_blue_7_Y16SAR2_P001_09T116_2016_03_03-2016_03_13.fits,600743,143.5,2.0833333,204.87007,1.6038847,213.35228,1.814431,219.05327,2.4726942,213.38637,1.8763195,210.02348,1.5718027,205.83958,1.4811611,0.0,1.0,0.11479207,0.005813804,,,0.12735084,0.005407589,,,0.09103362,0.024448065,206.09857,1.5439985,0.0,1.0,0.105110586,0.0059326612,,,0.114670016,0.005592743,,,0.09103362,0.024448065,1,0.5,137.29664701,0.39853315,137.29664701,0.39853315,15.706,15.632,0.07077,0.06965,-21.98,3.2,19.77,21.18,22.76,0.3014,143.44,10.96,1.29,0.141,8.0,0.0,GAMA,,,,False,True,True,True,True,True,True,True,True,True,True,True,True,True,0.00782878972999814,True,True,True,Elliptical/S0,False,True,True,True
600882_blue_red_7_Y14SAR2_P005_09T072_2017_02_27-2017_03_05,600882_A,600882_blue_7_Y14SAR2_P005_09T072_2017_02_27-2017_03_05.fits,600882,187.0,1.4166666,124.85307,1.6039515,124.337364,1.5035143,122.12785,2.5424366,124.53088,1.6512039,125.478935,1.3193924,127.398224,1.3792678,,,,,,,,,,,,,124.80299,1.5131716,,,,,,,,,,,,,1,0.5,137.88052466,0.40190318,137.88052466,0.40190318,16.617,16.624,0.0553,0.05419,-20.39,1.4,18.89,20.02,21.65,0.3613,8.0,10.28,1.19,0.091,8.0,0.0,GAMA,,,,False,True,True,True,True,True,True,True,True,True,True,True,True,True,0.012846712539787768,True,True,True,Elliptical/S0,False,True,True,True
600915_blue_red_7_Y18SAR2_P001_09T143_2018_03_12-2018_03_22,600915_A,600915_blue_7_Y18SAR2_P001_09T143_2018_03_12-2018_03_22.fits,600915,177.5,0.8333333,169.81514,1.3276043,170.54044,1.5518414,177.14592,2.6647744,173.68552,1.9170576,168.67189,1.4385662,165.98117,1.4994296,0.0,1.0,0.3299566,0.006044344,,,0.3703521,0.0065498557,,,0.025135204,0.0075364374,167.33498,1.5160279,0.0,1.0,0.2765604,0.0065123225,,,0.3067642,0.006762038,,,0.025135204,0.0075364374,1,1.0,137.99953855,0.33900255,137.99953855,0.33900255,15.337,15.315,0.05527,0.05416,-21.7,3.78,19.44,20.78,22.36,0.4734,178.70999,10.8,1.19,0.092,8.0,0.0,GAMA,,,,False,True,True,True,True,True,True,True,True,True,True,True,True,True,0.007817938376990413,True,True,True,S0,False,True,True,True
600929_blue_red_7_Y18SAR2_P001_09T143_2018_03_12-2018_03_22,600929_A,600929_blue_7_Y18SAR2_P001_09T143_2018_03_12-2018_03_22.fits,600929,229.5,29.83333,139.18503,1.8224863,140.02235,2.0870104,141.91705,3.3153064,140.85425,2.0702157,140.10457,1.7380586,139.67993,1.6204953,0.0,1.0,0.07909673,0.010921947,,,0.091037504,0.011733871,,,0.4101955,0.20372093,138.48329,1.5333261,0.0,1.0,0.07484831,0.010760925,,,0.08452702,0.011164812,,,0.4101955,0.20372093,1,1.0,138.06173143,0.31179163,138.06173143,0.31179163,15.679,15.625,0.0546,0.05349,-21.37,4.89,20.8,22.12,23.71,0.219,28.990005,10.64,1.15,0.098,8.0,0.0,GAMA,,,,False,True,True,True,True,True,True,True,True,True,True,True,True,True,0.01309398216173104,True,True,True,S0,False,True,True,True
600973_blue_red_7_Y14SAR2_P005_09T072_2017_02_27-2017_03_05,600973_A,600973_blue_7_Y14SAR2_P005_09T072_2017_02_27-2017_03_05.fits,600973,137.5,4.75,138.92142,1.4082699,139.59834,1.4956969,139.57349,2.0968401,141.07822,1.7136452,138.83337,1.5006222,138.80159,1.3001578,0.0,1.0,0.09029569,0.00902524,,,0.097665176,0.008803596,,,0.04058179,0.029408948,139.51491,1.5052582,0.0,1.0,0.09361933,0.009442012,,,0.09724626,0.009182945,,,0.04058179,0.029408948,1,0.5,138.11366903,0.30372017,138.11366903,0.30372017,16.263,16.174,0.05515,0.05403,-20.83,2.1,19.14,20.73,22.28,0.4341,132.76,10.38,1.1,0.101,8.0,0.0,GAMA,,,,False,True,True,True,True,True,True,True,True,True,True,True,True,True,0.010137168911748814,True,True,True,Elliptical/S0,False,True,True,True
601013_blue_red_7_Y14SAR2_P005_09T072_2017_02_27-2017_03_05,601013_A,601013_blue_7_Y14SAR2_P005_09T072_2017_02_27-2017_03_05.fits,601013,21.0,0.75,199.49765,1.3505718,195.30083,1.7718617,200.29546,2.4636235,200.43326,1.874053,194.03217,1.446385,193.24327,1.3845754,0.0,1.0,0.415966,0.004712522,,,0.4813546,0.005591877,,,0.013462883,0.0053153485,196.25769,1.329924,0.0,1.0,0.35603595,0.004920215,,,0.4048734,0.0054060277,,,0.013462883,0.0053153485,1,1.0,138.28557299,0.23791485,138.28557299,0.23791485,15.246,15.282,0.05406,0.05294,-21.7,4.66,19.85,21.1,22.7,0.4809,19.149994,10.87,1.27,0.1,8.0,0.0,GAMA,,,,False,True,True,True,True,True,True,True,True,True,True,True,True,True,0.006769863203902402,True,True,True,S0,False,True,True,True
601210_blue_red_7_Y15SAR1_P001_09T096_2015_02_16-2015_02_25,601210_A,601210_blue_7_Y15SAR1_P001_09T096_2015_02_16-2015_02_25.fits,601210,113.0,3.5,261.8312,3.3888228,251.7396,3.1700983,261.2659,3.9325101,253.17743,3.1585429,252.52527,2.6107538,255.02989,3.0057328,0.0,1.0,0.1646924,0.0077895354,,,0.17872831,0.0073669595,,,0.106107056,0.022783292,261.2173,2.9403331,0.0,1.0,0.14999829,0.007917373,,,0.16211025,0.0076364866,,,0.106107056,0.022783292,1,1.0,138.89056126,0.3173079,138.89056126,0.3173079,15.567,15.56,0.07051,0.06937,-22.05,4.67,20.47,21.82,23.4,0.2614,115.28,11.01,1.31,0.104,8.0,0.0,GAMA,,,,False,True,True,True,True,True,True,True,True,True,True,True,True,True,0.012942776873038811,True,True,True,S0,False,True,True,True
601283_blue_red_7_Y15SAR1_P001_09T096_2015_02_16-2015_02_25,601283_A,601283_blue_7_Y15SAR1_P001_09T096_2015_02_16-2015_02_25.fits,601283,29.0,29.916666,146.02786,4.1600833,129.13994,2.724261,129.89186,4.5401177,130.00566,3.368155,129.70375,2.8606203,127.36671,2.7453303,1.0,0.6646099,0.14987963,0.021731634,0.11224604,0.021731634,0.17550221,0.022570737,0.13512178,0.022570737,0.52379113,0.26606113,128.87656,2.875669,0.0,1.0,0.089980714,0.021519663,,,0.10921074,0.02134183,,,0.52379113,0.26606113,1,0.0,139.23478732,0.28596923,139.23478732,0.28596923,16.945,16.882,0.05744,0.05631,-20.22,5.42,22.1,23.61,25.17,0.2447,131.83,10.17,1.14,0.124,8.0,0.0,GAMA,,,,False,True,True,True,True,True,True,True,True,True,True,True,True,True,0.02848828504368961,True,True,True,Elliptical,True,True,True,True
609330_blue_red_9_Y17SAR3_P003_12T104_2018_02_12-2018_02_19,609330_A,609330_blue_9_Y17SAR3_P003_12T104_2018_02_12-2018_02_19.fits,609330,336.5,1.75,195.412,2.432807,193.83064,3.908437,193.83064,3.9817069,194.17769,2.7976327,189.70145,2.4927752,191.35928,2.3290908,0.0,1.0,0.32824716,0.010215713,,,0.370241,0.011363752,,,0.025453191,0.010499967,192.30554,2.3931048,0.0,1.0,0.29066867,0.010594084,,,0.32666853,0.011313475,,,0.025453191,0.010499967,1,1.0,175.14833621,0.30695163,175.14833621,0.30695163,16.694,16.675,0.10749,0.10615,-21.93,3.06,20.56,21.88,23.47,0.3568,160.73,10.91,1.32,0.1,4.0,0.0,GAMA,,,,False,True,True,True,True,True,True,True,True,True,True,True,True,True,0.012449629500747138,True,True,True,S0,False,True,True,True
610404_blue_red_7_Y16SAR4_P002_12T101_2017_04_19-2017_05_01,610404_A,610404_blue_7_Y16SAR4_P002_12T101_2017_04_19-2017_05_01.fits,610404,173.5,1.5833334,182.08157,1.8255773,175.90694,2.0652776,173.02577,2.5345924,175.90694,1.7900281,174.74733,1.8301872,176.34152,1.7111104,0.0,1.0,0.3527279,0.009713842,,,0.39993232,0.011032509,,,0.027959932,0.011751763,177.55809,1.8050847,0.0,1.0,0.26408744,0.011192621,,,0.2876177,0.011392787,,,0.027959932,0.011751763,1,1.0,180.12999639,0.37469065,180.12999639,0.37469065,16.742,16.731,0.08232,0.08103,-21.23,2.41,19.78,21.1,22.69,0.5479,173.08,10.67,1.31,0.126,3.0,0.0,GAMA,,,,False,True,True,True,True,True,True,True,True,True,True,True,True,True,0.010026150916866546,True,True,True,S0,False,True,True,True
618142_blue_red_6_Y14SAR4_P001_15T087_2014_05_23-2014_06_01,618142_A,618142_blue_6_Y14SAR4_P001_15T087_2014_05_23-2014_06_01.fits,618142,286.0,29.916666,127.158356,2.0677447,132.21666,1.7635171,139.8902,3.5584154,136.30754,2.5521717,132.21666,1.9413812,130.09221,1.7571937,0.0,1.0,0.07163977,0.014007601,,,0.08160914,0.012205619,,,1.1832937,0.58887947,129.27621,1.9512722,0.0,1.0,0.06518123,0.014095739,,,0.07433267,0.01204566,,,1.1832937,0.58887947,1,1.0,214.45978462,0.32792869,214.45978462,0.32792869,16.559,16.517,0.05107,0.05019,-20.32,3.04,20.39,21.83,23.4,0.3537,32.54001,10.2,1.12,0.145,8.0,0.0,GAMA,,,,False,True,True,True,True,True,True,True,True,True,True,True,True,True,0.01626117830589128,True,True,True,S0,False,True,True,True
618144_blue_red_7_Y14SAR2_P003_15T063_2014_04_02-2014_04_06,618144_A,618144_blue_7_Y14SAR2_P003_15T063_2014_04_02-2014_04_06.fits,618144,111.0,2.25,106.71988,1.6038924,105.352394,1.698436,102.893326,2.681246,105.20735,1.9529389,104.87999,1.5422522,105.62385,1.3667948,0.0,1.0,0.26523137,0.014813632,,,0.29206562,0.015545436,,,,,105.656815,1.9216477,,,,,,,,,,,,,1,1.0,214.46514624,0.2333641,214.46514624,0.2333641,16.663,16.651,0.05419,0.0533,-20.33,2.6,19.54,20.8,22.39,0.6616,109.64,10.23,1.17,0.14,8.0,0.0,GAMA,,,,False,True,True,True,True,True,True,True,True,True,True,True,True,True,0.015028993660787476,True,True,True,S0,False,True,True,True
618151_blue_red_7_Y14SAR2_P003_15T063_2014_04_02-2014_04_06,618151_A,618151_blue_7_Y14SAR2_P003_15T063_2014_04_02-2014_04_06.fits,618151,318.5,1.5833334,148.35344,1.2675494,149.78255,1.3540953,155.68582,2.4426398,153.4973,1.772287,149.78255,1.4098599,148.43794,1.1816916,0.0,1.0,0.15172671,0.007426471,,,0.16441682,0.0072611,,,0.04544198,0.023400607,148.90222,1.2978897,0.0,1.0,0.14334676,0.007825566,,,0.15701838,0.00765041,,,0.04544198,0.023400607,1,0.0,214.51701336,0.27382789,214.51701336,0.27382789,16.009,15.908,0.05121,0.05033,-20.93,2.26,19.6,21.03,22.6,0.0662,169.97,10.52,1.21,0.146,8.0,0.0,GAMA,,,,False,True,True,True,True,True,True,True,True,True,True,True,True,True,0.008544118693843568,True,True,True,Elliptical,True,True,True,True
618912_blue_red_10_Y13SAR1_P015_15T023_2013_04_12-2013_04_16,618912_A,618912_blue_10_Y13SAR1_P015_15T023_2013_04_12-2013_04_16.fits,618912,337.5,3.5,123.19652,1.5579314,125.20755,1.6285578,127.44813,2.6307135,128.1723,2.1480157,124.440796,1.5357989,122.60368,1.6987242,0.0,1.0,0.19513188,0.012506266,,,0.2066264,0.012130146,,,0.05275663,0.028717708,123.28941,1.6831872,0.0,1.0,0.17522968,0.012929533,,,0.18615717,0.012739666,,,0.05275663,0.028717708,1,0.5,217.40256029,0.33493844,217.40256029,0.33493844,16.612,16.621,0.05662,0.05578,-20.43,2.49,20.29,21.45,23.06,0.2709,162.94,10.34,1.25,0.147,8.0,0.0,GAMA,,,,False,True,True,True,True,True,True,True,True,True,True,True,True,True,0.01264590428365996,True,True,True,Elliptical/S0,False,True,True,True
618929_blue_red_7_Y17SAR3_P010_15T133_2018_05_07-2018_05_16,618929_A,618929_blue_7_Y17SAR3_P010_15T133_2018_05_07-2018_05_16.fits,618929,56.5,2.5833333,303.89584,1.9043944,320.6617,2.0063593,319.33383,2.9582202,320.4093,2.7783775,316.9608,2.2515342,316.07913,1.9232367,0.0,1.0,0.12069535,0.003459046,,,0.12460009,0.0031315647,,,0.039197966,0.013454913,304.70343,1.5151724,0.0,1.0,0.12306535,0.0035397357,,,0.1287883,0.003100388,,,0.039197966,0.013454913,1,0.0,217.41929641,0.36639871,217.41929641,0.36639871,14.406,14.282,0.0566,0.05576,-22.81,4.35,19.54,20.95,22.53,0.0039,111.81,11.33,1.3,0.145,8.0,0.0,GAMA,,,,False,True,True,True,True,True,True,True,True,True,True,True,True,True,0.00626660239903251,True,True,True,Elliptical,True,True,True,True
618930_blue_red_7_Y14SAR4_P005_15T091_2016_03_03-2016_03_13,618930_B,618930_blue_7_Y14SAR4_P005_15T091_2016_03_03-2016_03_13.fits,618930,305.0,2.1666667,193.03978,2.477614,191.01973,2.151087,189.9442,3.0462842,191.57889,2.80157,189.40912,2.2943115,185.98207,1.8871659,,,,,,,,,,,,,190.76122,3.1456876,,,,,,,,,,,,,2,0.5,217.41311753,0.37773579,217.41311753,0.37773579,16.511,16.327,0.05647,0.05563,-20.75,1.33,18.74,20.09,21.67,0.3011,117.240005,10.49,1.27,0.144,8.0,0.0,GAMA,,,,True,True,True,True,True,True,True,True,True,True,True,True,True,True,0.012834732820354437,True,True,True,Elliptical/S0,False,True,True,True
618931_blue_red_7_Y13SAR1_P006_15T011_2013_03_05-2013_03_17,618931_A,618931_blue_7_Y13SAR1_P006_15T011_2013_03_05-2013_03_17.fits,618931,242.5,6.3333335,99.38357,2.698726,96.74723,2.3731725,103.27102,4.1841826,100.556435,2.8923645,96.68966,2.5298903,98.03901,2.1479938,,,,,,,,,,,,,97.74825,2.3747482,0.0,1.0,0.15898642,0.020470632,,,0.17504962,0.019374112,,,0.10713756,0.05195837,1,0.0,217.42431079,0.36902069,217.42431079,0.36902069,17.365,16.945,0.0546,0.05376,-20.06,1.35,19.94,21.08,22.7,0.1829,51.689995,10.18,1.22,0.144,8.0,0.0,GAMA,,,,False,True,True,True,True,True,True,True,True,True,True,True,True,True,0.027154649405329273,True,True,True,Elliptical,True,True,True,True
618937_blue_red_7_Y14SAR4_P005_15T091_2016_03_03-2016_03_13,618937_B,618937_blue_7_Y14SAR4_P005_15T091_2016_03_03-2016_03_13.fits,618937,228.5,3.25,115.35216,1.8226022,117.66927,2.418455,119.99035,3.6817236,119.36458,2.773935,116.72291,1.9588205,116.01922,2.058668,0.0,1.0,0.22648849,0.01375156,,,0.24822877,0.013716868,,,0.05658715,0.025131337,116.01922,1.9820951,0.0,1.0,0.1981078,0.014441201,,,0.21513417,0.0145087605,,,0.05658715,0.025131337,2,0.5,217.43699711,0.23373281,217.43699711,0.23373281,16.644,16.617,0.05631,0.05547,-20.44,2.74,20.53,21.9,23.47,0.1979,32.440002,10.29,1.17,0.149,8.0,0.0,GAMA,,,,True,True,True,True,True,True,True,True,True,True,True,True,True,True,0.015800330050169845,True,True,True,Elliptical/S0,False,True,True,True
618938_blue_red_10_Y13SAR1_P015_15T023_2013_04_12-2013_04_16,618938_A,618938_blue_10_Y13SAR1_P015_15T023_2013_04_12-2013_04_16.fits,618938,249.5,1.25,178.97256,1.6930491,180.04443,1.5571762,185.71729,2.2113168,183.91365,1.557711,177.46959,1.5426576,172.94865,1.2340599,0.0,1.0,0.32109785,0.0073790657,,,0.35725588,0.0081206,,,0.027171686,0.008022581,178.98338,1.3416554,0.0,1.0,0.28419968,0.0073751383,,,0.3128806,0.0077359704,,,0.027171686,0.008022581,1,1.0,217.43825051,0.25304866,217.43825051,0.25304866,16.125,15.992,0.0572,0.05636,-21.11,2.48,19.29,20.63,22.22,0.4876,69.490005,10.64,1.28,0.148,8.0,0.0,GAMA,,,,False,True,True,True,True,True,True,True,True,True,True,True,True,True,0.009459825014516194,True,True,True,S0,False,True,True,True
618941_blue_red_7_Y14SAR4_P005_15T091_2016_03_03-2016_03_13,618941_B,618941_blue_7_Y14SAR4_P005_15T091_2016_03_03-2016_03_13.fits,618941,154.5,1.5,145.79314,1.7935889,139.56525,1.7043025,137.46933,2.9875531,137.8187,2.3024046,139.349,1.6842676,139.36008,1.6679118,0.0,1.0,0.38235226,0.009349424,,,0.4481955,0.011325316,,,0.02580794,0.009588459,142.12056,1.7891141,0.0,1.0,0.3385966,0.009490989,,,0.3870166,0.010749241,,,0.02580794,0.009588459,2,1.0,217.44293711,0.30191457,217.44293711,0.30191457,16.019,16.016,0.05569,0.05485,-21.03,3.69,20.1,21.32,22.93,0.4815,157.3,10.56,1.22,0.147,8.0,0.0,GAMA,,,,True,True,True,True,True,True,True,True,True,True,True,True,True,True,0.012302285964895195,True,True,True,S0,False,True,True,True
618942_blue_red_7_Y13SAR1_P006_15T011_2013_03_05-2013_03_17,618942_A,618942_blue_7_Y13SAR1_P006_15T011_2013_03_05-2013_03_17.fits,618942,77.5,2.0,118.50546,1.4759191,119.82456,1.7070329,122.67028,2.6807544,119.80479,1.9897528,119.72567,1.560978,119.08366,1.384901,0.0,1.0,0.27870166,0.009602263,,,0.30178556,0.009979654,,,0.043030966,0.019277478,118.50191,1.4531419,0.0,1.0,0.2323153,0.009721459,,,0.2504169,0.00996104,,,0.043030966,0.019277478,1,0.0,217.45103002,0.28289426,217.45103002,0.28289426,16.05,16.043,0.05662,0.05578,-21.04,3.58,20.58,21.86,23.45,0.1392,91.09,10.56,1.22,0.146,8.0,0.0,GAMA,,,,False,True,True,True,True,True,True,True,True,True,True,True,True,True,0.012454439651978904,True,True,True,Elliptical,True,True,True,True
618947_blue_red_7_Y14SAR3_P002_15T077_2016_04_04-2016_04_12,618947_A,618947_blue_7_Y14SAR3_P002_15T077_2016_04_04-2016_04_12.fits,618947,181.0,2.0833309,154.55748,1.4596907,155.38033,1.7107811,158.96587,2.6701396,158.34897,1.6701673,155.31029,1.559912,154.04674,1.3711535,0.0,1.0,0.18452618,0.008876834,,,0.19853285,0.008310398,,,0.018297035,0.01915251,155.84863,1.5658722,0.0,1.0,0.1630514,0.009242042,,,0.17381077,0.008581149,,,0.018297035,0.01915251,1,0.5,217.46263822,0.34892349,217.46263822,0.34892349,16.066,16.053,0.05676,0.05592,-21.04,2.29,19.51,20.87,22.45,0.2437,178.64,10.59,1.25,0.144,8.0,0.0,GAMA,,,,False,True,True,True,True,True,True,True,True,True,True,True,True,True,0.009444322591180963,True,True,True,Elliptical/S0,False,True,True,True
618976_blue_red_7_Y14SAR3_P002_15T077_2016_04_04-2016_04_12,618976_A,618976_blue_7_Y14SAR3_P002_15T077_2016_04_04-2016_04_12.fits,618976,316.5,1.0833334,161.90053,0.8292913,160.73285,0.94364035,159.6923,1.7353648,161.83951,1.2126791,160.42369,0.9787824,160.73285,0.92800516,0.0,1.0,0.27782303,0.0052116285,,,0.30861473,0.0052652806,,,0.031329893,0.0070278416,161.71304,0.96328706,0.0,1.0,0.27958414,0.005075774,,,0.30643925,0.005159807,,,0.031329893,0.0070278416,1,1.0,217.6960076,0.21345221,217.6960076,0.21345221,15.058,15.007,0.03548,0.03466,-21.0,3.3,19.06,20.38,21.97,0.4436,136.54999,10.54,1.17,0.139,8.0,0.0,GAMA,,,,False,True,True,True,True,True,True,True,True,True,True,True,True,True,0.005122227209509444,True,True,True,S0,False,True,True,True
618988_blue_red_7_Y14SAR3_P002_15T077_2016_04_04-2016_04_12,618988_A,618988_blue_7_Y14SAR3_P002_15T077_2016_04_04-2016_04_12.fits,618988,32.5,3.3333333,99.59557,2.288906,100.12133,2.066298,95.43452,3.4363897,98.349556,2.152738,100.740524,2.0524485,102.91962,2.045188,,,,,,,,,,,,,99.683586,2.353446,,,,,,,,,,,,,1,1.0,217.62064833,0.30644734,217.62064833,0.30644734,17.213,17.201,0.05673,0.0559,-19.88,1.62,19.8,21.01,22.62,0.352,38.0,10.04,1.15,0.14,8.0,0.0,GAMA,,,,False,True,True,True,True,True,True,True,True,True,True,True,True,True,0.022982006127380966,True,True,True,S0,False,True,True,True
619258_blue_red_7_Y14SAR4_P002_15T088_2014_05_23-2014_06_01,619258_A,619258_blue_7_Y14SAR4_P002_15T088_2014_05_23-2014_06_01.fits,619258,78.0,8.166667,154.29445,2.1495028,157.00943,1.8912472,160.80551,2.823831,156.60074,2.3719077,154.29445,2.1763341,151.7138,2.0962167,0.0,1.0,0.07626667,0.014505881,,,0.08591927,0.012287623,,,,,155.85641,2.1882482,0.0,1.0,,,,,,,,,,,1,0.0,218.99219375,0.4010384,218.99219375,0.4010384,17.239,17.225,0.05792,0.05711,-19.9,1.61,20.1,21.61,23.17,0.0775,86.149994,10.07,1.18,0.148,8.0,0.0,GAMA,,,,False,True,True,True,True,True,True,True,True,True,True,True,True,True,0.013931173804372095,True,True,True,Elliptical,True,True,True,True
622350_blue_red_7_Y15SAR2_P001_09T107_2016_02_08-2016_02_14,622350_A,622350_blue_7_Y15SAR2_P001_09T107_2016_02_08-2016_02_14.fits,622350,56.0,14.25,204.2011,2.767676,210.20033,2.7969346,219.55603,4.1091833,210.20033,2.6291096,205.6879,2.1242948,206.02557,2.3757434,1.0,0.89975053,0.120021075,0.011118361,0.111344114,0.011118361,0.13713026,0.01095256,0.1281656,0.01095256,1.2264365,0.83142495,207.92915,2.4744115,0.0,1.0,0.07626945,0.010843587,,,0.088066,0.011014144,,,1.2264365,0.83142495,1,0.0,132.76091171,0.65270512,132.76091171,0.65270512,15.907,15.855,0.08841,0.08733,-22.29,4.89,21.09,22.63,24.19,0.0825,108.08,11.1,1.33,0.139,8.0,0.0,GAMA,,,,False,True,True,True,True,True,True,True,True,True,True,True,True,True,0.013553678212311295,True,True,True,Elliptical,True,True,True,True
622787_blue_red_7_Y16SAR2_P001_09T115_2016_03_03-2016_03_13,622787_A,622787_blue_7_Y16SAR2_P001_09T115_2016_03_03-2016_03_13.fits,622787,326.0,1.0833334,228.7308,1.7353818,219.19255,1.8518411,227.98944,2.875347,223.02814,2.0945365,218.5928,1.9005556,220.74068,1.5963908,0.0,1.0,0.31847283,0.006321581,,,0.35894498,0.006990896,,,0.010493984,0.0064914315,218.13144,1.5103136,0.0,1.0,0.2711288,0.0061014825,,,0.2932208,0.0061447304,,,0.010493984,0.0064914315,1,1.0,135.14110197,0.76015664,135.14110197,0.76015664,15.84,15.754,0.07173,0.07063,-21.88,3.21,19.43,20.84,22.42,0.5527,133.06999,10.92,1.28,0.133,8.0,0.0,GAMA,,,,False,True,True,True,True,True,True,True,True,True,True,True,True,True,0.007587005335529803,True,True,True,S0,False,True,True,True
623017_blue_red_9_Y17SAR2_P002_09T129_2018_02_12-2018_02_19,623017_A,623017_blue_9_Y17SAR2_P002_09T129_2018_02_12-2018_02_19.fits,623017,350.5,1.5833334,164.37486,2.5956159,161.5158,2.1493704,159.83528,3.3983285,160.06061,2.5814035,162.37785,1.9741031,163.41797,1.8135982,0.0,1.0,0.34226778,0.010821564,,,0.37109816,0.010835166,,,0.060910396,0.013090301,162.38045,2.1851773,0.0,1.0,0.2858491,0.010109694,,,0.30500957,0.010126936,,,0.060910396,0.013090301,1,0.5,136.37987776,0.82638928,136.37987776,0.82638928,15.925,15.92,0.07107,0.06996,-21.71,4.65,21.07,22.45,24.02,0.0801,10.2599945,10.85,1.28,0.132,3.0,0.0,GAMA,,,,False,True,True,True,True,True,True,True,True,True,True,True,True,True,0.01579083261272435,True,True,True,Elliptical/S0,False,True,True,True
623043_blue_red_7_Y16SAR2_P001_09T116_2016_03_03-2016_03_13,623043_A,623043_blue_7_Y16SAR2_P001_09T116_2016_03_03-2016_03_13.fits,623043,298.0,1.75,170.20312,1.6450517,163.68562,1.6383165,160.82764,2.4646945,162.62422,1.9519951,163.73592,1.4796126,166.03844,1.3267711,0.0,1.0,0.18412443,0.009069563,,,0.20713918,0.009687268,,,0.015832353,0.014005973,166.06323,1.7320731,0.0,1.0,0.1626551,0.008724418,,,0.17967515,0.009141233,,,0.015832353,0.014005973,1,1.0,136.47491827,0.66916355,136.47491827,0.66916355,16.185,16.132,0.0544,0.05331,-20.85,2.26,19.24,20.51,22.1,0.4701,118.99,10.49,1.22,0.137,8.0,0.0,GAMA,,,,False,True,True,True,True,True,True,True,True,True,True,True,True,True,0.00966522646588382,True,True,True,S0,False,True,True,True
663440_blue_red_7_Y14SAR2_P006_09T073_2016_03_03-2016_03_13,663440_A,663440_blue_7_Y14SAR2_P006_09T073_2016_03_03-2016_03_13.fits,663440,206.5,3.75,78.883965,0.95266634,77.72019,0.9242917,82.30667,1.4341558,82.53444,1.2636064,80.72571,0.963817,79.07512,1.0349844,0.0,1.0,0.07627456,0.008192417,,,0.08512117,0.007839792,,,0.08105305,0.059782505,79.37402,1.0191481,0.0,1.0,0.061447974,0.008364887,,,0.06832791,0.0080410475,,,0.08105305,0.059782505,1,0.5,140.6379418,-0.97045501,140.6379418,-0.97045501,15.342,15.321,0.02406,0.02307,-19.79,2.36,19.03,20.33,21.92,0.1309,24.26001,9.95,1.02,0.124,8.0,0.0,GAMA,,,,False,True,True,True,True,True,True,True,True,True,True,True,True,True,0.012076805976981506,True,True,True,Elliptical/S0,False,True,True,True
9008500007_blue_red_7_Y13SBR1_P006_A0085T002_2013_08_30-2013_09_04,9008500007_A,9008500007_blue_7_Y13SBR1_P006_A0085T002_2013_08_30-2013_09_04.fits,9008500007,255.0,1.1666666,265.05737,1.8089322,273.54605,2.1072824,275.73383,2.7159078,274.916,2.2281868,271.88687,1.7874626,267.07535,1.7065736,0.0,1.0,0.25074992,0.004486257,,,0.26429763,0.004313304,,,0.028138632,0.007843762,264.02417,1.6382278,0.0,1.0,0.23674193,0.0045503075,,,0.25033286,0.0043451944,,,0.028138632,0.007843762,2,0.0,10.4509525837683,-9.28421645589635,,,15.367635,15.118814,,0.05296855,-21.877182,3.103812,19.315823,20.561842,22.161436,0.29508016,255.12617,10.939993,1.2553253,,7.0,0.0,Cluster,0.033438817,-0.53675973,1.0,True,True,True,True,True,True,True,True,True,True,True,True,True,True,0.006824681766064457,True,True,True,Elliptical,True,True,True,True
9008500018_blue_red_7_Y15SBR2_P004_A0085T028_2017_09_14-2017_09_26,9008500018_A,9008500018_blue_7_Y15SBR2_P004_A0085T028_2017_09_14-2017_09_26.fits,9008500018,138.5,3.4166667,130.50504,2.2511363,128.33333,2.0238724,135.38782,2.963067,130.36263,2.22609,127.51949,1.9367702,127.24824,1.9161851,,,,,,,,,,,,,130.36263,2.2029722,,,,,,,,,,,,,1,0.5,10.4898030298337,-9.28199628840183,,,17.260296,17.240927,,0.057177767,-19.757118,0.930207,18.843412,20.182903,21.766287,0.20064019,153.2526,10.028619,1.1877613,,7.0,0.0,Cluster,0.05730406,0.6569353,1.0,False,True,True,True,True,True,True,True,True,True,True,True,True,True,0.0172494204055261,True,True,True,Elliptical/S0,False,True,True,True
9008500020_blue_red_10_Y14SBR1_P002_A0085T007_2014_10_21-2014_10_26,9008500020_A,9008500020_blue_10_Y14SBR1_P002_A0085T007_2014_10_21-2014_10_26.fits,9008500020,10.5,14.499999,170.47786,2.4531164,161.47993,1.6607969,160.25386,2.9413671,162.78035,2.4015112,161.47993,1.7319518,162.40593,1.6429464,0.0,1.0,0.12046581,0.009443472,,,0.134493,0.008999513,,,0.23858094,0.057236213,168.8669,1.8643676,0.0,1.0,0.0977566,0.009289952,,,0.109361656,0.009057108,,,0.23858094,0.057236213,1,0.0,10.4221174966649,-9.31587249604061,,,16.205622,15.442443,,0.04770943,-21.548409,5.972856,21.230108,22.480024,24.078875,0.09054717,142.33698,10.89495,1.3049784,,7.0,0.0,Cluster,0.063017145,-2.034892,1.0,False,True,True,True,True,True,True,True,True,True,True,True,True,True,0.014389648016463839,True,True,True,Elliptical,True,True,True,True
9008500022_blue_red_7_Y15SBR2_P004_A0085T028_2017_09_14-2017_09_26,9008500022_A,9008500022_blue_7_Y15SBR2_P004_A0085T028_2017_09_14-2017_09_26.fits,9008500022,331.5,4.0833335,98.17959,1.2736944,98.17959,1.499763,99.30639,1.8391273,100.335625,1.6588783,98.17959,1.4253964,95.5956,1.3741473,0.0,1.0,0.0999331,0.012566022,,,0.10942169,0.011513195,,,,,100.33089,1.6415925,0.0,1.0,,,,,,,,,,,1,0.5,10.4366799954873,-9.33816317963635,,,16.882706,16.887665,,0.046343207,-20.102259,1.6411687,19.86181,21.249514,22.825735,0.025009587,74.053665,10.140078,1.1462822,,7.0,0.0,Cluster,0.06668506,-2.4252965,1.0,False,True,True,True,True,True,True,True,True,True,True,True,True,True,0.012973107750806455,True,True,True,Elliptical/S0,False,True,True,True
9008500024_blue_red_7_Y13SBR1_P003_A0085T001_2013_08_30-2013_09_04,9008500024_A,9008500024_blue_7_Y13SBR1_P003_A0085T001_2013_08_30-2013_09_04.fits,9008500024,53.0,2.0833333,187.10887,1.6380582,198.92633,1.6951243,201.69463,2.2279208,201.51836,1.9461548,196.0689,1.5680931,192.19496,1.4440721,0.0,1.0,0.15468508,0.005508109,,,0.15406401,0.005002449,,,0.037636846,0.019639984,195.18034,1.5470667,0.0,1.0,0.11320341,0.006134841,,,0.117374286,0.0057548117,,,0.037636846,0.019639984,1,0.5,10.4172392524443,-9.30426745407099,,,15.70752,15.65803,,0.056014862,-21.341162,2.9372146,19.53479,20.90403,22.482908,0.3295579,221.40587,10.753547,1.3033934,,7.0,0.0,Cluster,0.06737665,0.32762235,1.0,False,True,True,True,True,True,True,True,True,True,True,True,True,True,0.008754572672049165,True,True,True,Elliptical/S0,False,True,True,True
9008500034_blue_red_10_Y14SBR1_P002_A0085T007_2014_10_21-2014_10_26,9008500034_A,9008500034_blue_10_Y14SBR1_P002_A0085T007_2014_10_21-2014_10_26.fits,9008500034,27.5,1.6666666,143.92618,2.1551468,141.74037,2.052695,139.85315,2.484831,140.36877,2.1025524,140.32642,1.8232392,139.43346,1.9151953,0.0,1.0,0.35530353,0.012838553,,,0.40557206,0.015363097,,,,,142.73549,2.1887677,,,,,,,,,,,,,1,1.0,10.4701910086027,-9.35839301030114,,,16.817778,16.816359,,0.061140932,-20.1859,1.9633735,19.538282,20.80274,22.398869,0.5012325,206.11385,10.199323,1.2078857,,7.0,0.0,Cluster,0.08907213,1.7764977,1.0,False,True,True,True,True,True,True,True,True,True,True,True,True,True,0.014973973463340721,True,True,True,S0,False,True,True,True
9008500042_blue_red_7_Y13SBR1_P006_A0085T002_2013_08_30-2013_09_04,9008500042_A,9008500042_blue_7_Y13SBR1_P006_A0085T002_2013_08_30-2013_09_04.fits,9008500042,17.0,1.4166666,202.32286,1.7031611,204.18231,1.789431,210.90852,2.2640574,208.27032,2.1118193,203.16734,1.8976767,197.13745,1.6749746,0.0,1.0,0.18459812,0.0074771764,,,0.1928877,0.007176906,,,,,204.18231,2.0332572,0.0,1.0,,,,,,,,,,,1,0.0,10.4008963073197,-9.32508429188939,,,16.312153,16.261543,,0.05451584,-20.736303,1.7948344,19.392773,20.710413,22.297297,0.09365919,230.98563,10.522638,1.3119345,,7.0,0.0,Cluster,0.09926203,-0.09740933,1.0,False,True,True,True,True,True,True,True,True,True,True,True,True,True,0.008418035905581801,True,True,True,Elliptical,True,True,True,True
9008500059_blue_red_7_Y15SBR2_P005_A0085T029_2017_09_14-2017_09_26,9008500059_A,9008500059_blue_7_Y15SBR2_P005_A0085T029_2017_09_14-2017_09_26.fits,9008500059,184.0,8.999999,204.84634,2.0280576,215.76863,2.3285756,218.12088,3.4432645,218.3885,2.1648853,215.32011,1.939192,208.16788,1.8888202,0.0,1.0,0.07720903,0.0079981545,,,0.086701356,0.007568268,,,0.7528659,0.55576247,208.16788,1.7407748,0.0,1.0,0.031114014,0.008368076,,,0.037196614,0.00798458,,,0.7528659,0.55576247,1,0.0,10.394658653985,-9.35004750330196,,,15.959802,15.909942,,0.057958335,-21.090816,3.8551602,20.546385,22.171244,23.721094,0.07975418,189.47629,10.612209,1.2645597,,7.0,0.0,Cluster,0.1268697,0.87777334,1.0,False,True,True,True,True,True,True,True,True,True,True,True,True,True,0.009900384844562026,True,True,True,Elliptical,True,True,True,True
9008500064_blue_red_6_Y13SBR2_P006_A0085T004_2013_10_02-2013_10_08,9008500064_A,9008500064_blue_6_Y13SBR2_P006_A0085T004_2013_10_02-2013_10_08.fits,9008500064,70.0,12.333333,125.197975,2.9267344,126.31008,3.02785,136.2721,4.1130486,129.46565,3.2702363,125.197975,2.9365234,123.75348,2.9027812,,,,,,,,,,,,,136.2721,4.2843347,,,,,,,,,,,,,1,0.0,10.4847735629504,-9.38239037931209,,,17.335201,17.197182,,0.059343014,-19.801918,1.4964529,19.933628,21.802141,23.335337,0.000152802,120.39932,10.01447,1.1582489,,7.0,0.0,Cluster,0.13156033,1.2691236,1.0,False,True,True,True,True,True,True,True,True,True,True,True,True,True,0.023376850943475722,True,True,True,Elliptical,True,True,True,True
9008500067_blue_red_7_Y13SBR1_P003_A0085T001_2013_08_30-2013_09_04,9008500067_A,9008500067_blue_7_Y13SBR1_P003_A0085T001_2013_08_30-2013_09_04.fits,9008500067,40.5,0.75,186.69737,1.5837501,175.29572,1.5729965,180.13919,2.2526054,178.5017,1.7566711,175.26453,1.5921301,177.11826,1.5324383,0.0,1.0,0.4200352,0.0069596013,,,0.507151,0.008625876,,,0.023005947,0.0069889077,178.48021,1.6340641,0.0,1.0,0.34640113,0.0068121776,,,0.40710065,0.0075242585,,,0.023005947,0.0069889077,1,1.0,10.4449727227559,-9.38691332035567,,,15.956871,15.940451,,0.059015535,-21.061174,3.3309271,19.534887,20.680885,22.302006,0.61613667,219.33484,10.620266,1.2835197,,7.0,0.0,Cluster,0.13511407,1.1766151,1.0,False,True,True,True,True,True,True,True,True,True,True,True,True,True,0.008482980236947098,True,True,True,S0,False,True,True,True
9008500069_blue_red_8_Y16SBR2_P003_A0085T038_2017_09_14-2017_09_26,9008500069_A,9008500069_blue_8_Y16SBR2_P003_A0085T038_2017_09_14-2017_09_26.fits,9008500069,268.0,1.9166666,202.04256,1.4439394,201.43478,1.4466742,199.39601,2.7310784,202.50746,1.8823612,201.43478,1.3562362,200.92755,1.4200186,0.0,1.0,0.21517795,0.005373331,,,0.23085633,0.0052342815,,,0.027699051,0.0125480415,201.93683,1.2876368,0.0,1.0,0.17544736,0.0056576505,,,0.18524651,0.0053918436,,,0.027699051,0.0125480415,1,1.0,10.395380811494,-9.36403854985805,,,15.159124,15.111054,,0.04748951,-21.880186,4.0651035,19.432478,20.767944,22.35196,0.48267788,264.26233,10.901254,1.2051201,,7.0,0.0,Cluster,0.14023584,-2.097702,1.0,False,True,True,True,True,True,True,True,True,True,True,True,True,True,0.007146709089411657,True,True,True,S0,False,True,True,True
9008500070_blue_red_7_Y13SBR1_P006_A0085T002_2013_08_30-2013_09_04,9008500070_A,9008500070_blue_7_Y13SBR1_P006_A0085T002_2013_08_30-2013_09_04.fits,9008500070,354.5,0.75,166.73557,1.4728459,161.59732,1.3586591,164.68303,2.317891,161.36983,1.4947314,160.21643,1.3706144,159.35762,1.5604846,0.0,1.0,0.39657646,0.0061913203,,,0.4724913,0.007519291,,,0.021290105,0.006655821,161.60345,1.3809394,0.0,1.0,0.36409992,0.0061982414,,,0.40707392,0.007125633,,,0.021290105,0.006655821,1,1.0,10.388634237302,-9.24904563116976,,,15.870532,15.841162,,0.058666002,-21.159697,3.3418436,19.470547,20.703878,22.305943,0.5894528,172.70447,10.627803,1.2457361,,7.0,0.0,Cluster,0.14135842,1.077845,1.0,False,True,True,True,True,True,True,True,True,True,True,True,True,True,0.008833423486062393,True,True,True,S0,False,True,True,True
9008500077_blue_red_7_Y13SBR1_P003_A0085T001_2013_08_30-2013_09_04,9008500077_A,9008500077_blue_7_Y13SBR1_P003_A0085T001_2013_08_30-2013_09_04.fits,9008500077,163.0,2.5833333,183.1646,2.0402434,201.44038,2.018884,206.70528,2.848909,199.2089,2.063664,197.93437,1.868176,196.51553,1.875173,0.0,1.0,0.2144223,0.0076025235,,,0.21041325,0.0059617935,,,0.03342753,0.01872388,193.59148,1.9943097,0.0,1.0,0.16403095,0.0070015723,,,0.16866209,0.0061477115,,,0.03342753,0.01872388,1,0.0,10.5541064743967,-9.29742097468969,,,15.773389,15.546458,,0.066114955,-21.459278,4.590606,20.685057,22.19196,23.753317,0.034845762,237.24767,10.764045,1.2653217,,7.0,0.0,Cluster,0.14745538,3.1756434,0.0,False,True,True,True,True,True,True,True,True,True,True,True,True,True,0.011138852158113522,True,True,True,Elliptical,True,True,True,True
9008500082_blue_red_6_Y13SBR2_P006_A0085T004_2013_10_02-2013_10_08,9008500082_A,9008500082_blue_6_Y13SBR2_P006_A0085T004_2013_10_02-2013_10_08.fits,9008500082,67.5,5.75,89.62012,1.9985211,96.96446,2.0224125,94.28234,3.168837,98.11338,2.3223412,96.55327,2.0398355,94.62792,2.0002084,0.0,1.0,0.20828392,0.017536286,,,0.21966262,0.016360816,,,0.12658687,0.046253473,95.9652,2.0722601,0.0,1.0,0.11712961,0.017397983,,,0.13667434,0.0161846,,,0.12658687,0.046253473,1,1.0,10.4049453382274,-9.22099311100663,,,16.45238,16.38682,,0.058694754,-20.613266,4.3784127,21.090752,22.55896,24.124743,0.29450908,91.44705,10.354014,1.1852112,,7.0,0.0,Cluster,0.15667367,1.0859708,1.0,False,True,True,True,True,True,True,True,True,True,True,True,True,True,0.022299915465411116,True,True,True,S0,False,True,True,True
9008500083_blue_red_7_Y15SBR2_P002_A0085T031_2015_09_07-2015_09_13,9008500083_A,9008500083_blue_7_Y15SBR2_P002_A0085T031_2015_09_07-2015_09_13.fits,9008500083,34.5,2.0,141.42673,1.4775208,138.0172,1.4668388,143.1783,2.3525639,138.39394,1.6919985,137.05743,1.547264,138.1146,1.4508324,0.0,1.0,0.3231211,0.011344458,,,0.37425673,0.01245316,,,0.02664947,0.013775275,139.023,1.5408212,0.0,1.0,0.24169026,0.011455964,,,0.26759222,0.011333958,,,0.02664947,0.013775275,1,1.0,10.3769654407501,-9.35906216053447,,,16.70187,16.65435,,0.054470547,-20.342226,2.7884705,19.629368,20.975101,22.557516,0.67749876,225.75414,10.275592,1.2011852,,7.0,0.0,Cluster,0.15779403,-0.110260814,1.0,False,True,True,True,True,True,True,True,True,True,True,True,True,True,0.01044725279301869,True,True,True,S0,False,True,True,True
9008500089_blue_red_7_Y13SBR1_P003_A0085T001_2013_08_30-2013_09_04,9008500089_A,9008500089_blue_7_Y13SBR1_P003_A0085T001_2013_08_30-2013_09_04.fits,9008500089,3.5,0.75,329.9465,2.3032546,331.7228,2.5102825,340.51364,3.1757338,343.7563,2.741299,328.64587,2.3721144,323.716,2.2621589,0.0,1.0,0.33918378,0.0045447517,,,0.3822124,0.0044643846,,,0.025479756,0.006515899,329.07205,2.3331916,0.0,1.0,0.29391253,0.0046638125,,,0.30746007,0.0045939004,,,0.025479756,0.006515899,1,1.0,10.3767974300376,-9.23519897770353,,,15.252736,15.117376,,0.054810703,-21.880756,3.6687543,18.799835,20.199463,21.774025,0.64524287,185.07973,10.987204,1.3206567,,7.0,0.0,Cluster,0.16957726,-0.013756076,1.0,False,True,True,True,True,True,True,True,True,True,True,True,True,True,0.006980691112043922,True,True,True,S0,False,True,True,True
9008500093_blue_red_10_Y14SBR1_P003_A0085T008_2014_10_21-2014_10_26,9008500093_A,9008500093_blue_10_Y14SBR1_P003_A0085T008_2014_10_21-2014_10_26.fits,9008500093,157.0,10.333332,111.32285,1.6124315,110.525406,1.7649974,109.874176,2.7172945,110.39273,1.7943203,110.632324,1.5018958,110.75427,1.6618981,0.0,1.0,0.11315148,0.014250629,,,0.12295347,0.013277351,,,0.12379558,0.037100263,,,,,,,,,,,,,,,1,1.0,10.5022545865853,-9.20073321589394,,,16.93248,16.8666,,0.05969162,-20.131664,2.8066816,20.341095,21.823322,23.38746,0.45194325,152.75255,10.112042,1.1188812,,7.0,0.0,Cluster,0.17556085,1.3675683,1.0,False,True,True,True,True,True,True,True,True,True,True,True,True,True,0.014484281528904443,True,True,True,S0,False,True,True,True
9008500096_blue_red_7_Y15SBR2_P004_A0085T028_2017_09_14-2017_09_26,9008500096_A,9008500096_blue_7_Y15SBR2_P004_A0085T028_2017_09_14-2017_09_26.fits,9008500096,309.0,14.25,164.25,1.1763783,180.37184,1.2936525,186.0258,1.8879431,184.12059,1.4878861,180.37184,1.2441995,179.34462,1.2252139,0.0,1.0,0.06352481,0.0056143007,,,0.06584502,0.005034712,,,0.38809374,0.16698715,172.60223,1.1156791,0.0,1.0,0.043361124,0.0050126673,,,0.046379305,0.004463768,,,0.38809374,0.16698715,1,0.0,10.3701016116481,-9.23295198285023,,,15.342994,15.066584,,0.046795055,-21.923738,5.947524,20.56707,22.008698,23.577732,0.18225464,134.07072,10.90576,1.181571,,7.0,0.0,Cluster,0.17998616,-2.2961235,1.0,False,True,True,True,True,True,True,True,True,True,True,True,True,True,0.007162120547945206,True,True,True,Elliptical,True,True,True,True
9008500105_blue_red_7_Y15SBR2_P004_A0085T028_2017_09_14-2017_09_26,9008500105_A,9008500105_blue_7_Y15SBR2_P004_A0085T028_2017_09_14-2017_09_26.fits,9008500105,94.5,1.8333334,157.12846,2.396555,162.92155,1.8667142,163.6274,2.3925102,159.44714,2.0414562,159.54445,1.9809208,158.34544,1.7861385,,,,,,,,,,,,,157.12846,2.0884871,,,,,,,,,,,,,1,1.0,10.3406016415034,-9.32861822085751,,,17.030842,17.036942,,0.054352883,-19.959494,1.1030023,18.290813,19.62977,21.213238,0.62705964,98.39721,10.105977,1.1852646,,7.0,0.0,Cluster,0.19177233,-0.14364997,1.0,False,True,True,True,True,True,True,True,True,True,True,True,True,True,0.01525220192446359,True,True,True,S0,False,True,True,True
9008500110_blue_red_7_Y13SBR1_P006_A0085T002_2013_08_30-2013_09_04,9008500110_A,9008500110_blue_7_Y13SBR1_P006_A0085T002_2013_08_30-2013_09_04.fits,9008500110,126.5,1.0833334,217.87259,1.9397727,234.31386,1.7879214,235.86595,2.4698324,235.77408,2.0628514,231.75586,1.7095624,229.12321,1.6627188,0.0,1.0,0.4062097,0.0059379423,,,0.43560666,0.005956648,,,0.034401596,0.007579207,230.30997,1.823719,0.0,1.0,0.3455288,0.0057959403,,,0.36560857,0.006043037,,,0.034401596,0.007579207,1,1.0,10.5781644749178,-9.25791152429374,,,15.633891,15.578901,,0.055697262,-21.419098,4.8129697,20.416988,21.95,23.508566,0.33443272,125.96088,10.750234,1.250124,,7.0,0.0,Cluster,0.19838007,0.2376209,1.0,False,True,True,True,True,True,True,True,True,True,True,True,True,True,0.008903243404780749,True,True,True,S0,False,True,True,True
9008500118_blue_red_10_Y14SBR1_P003_A0085T008_2014_10_21-2014_10_26,9008500118_A,9008500118_blue_10_Y14SBR1_P003_A0085T008_2014_10_21-2014_10_26.fits,9008500118,192.5,2.25,122.6407,1.6562643,133.73102,1.5267801,146.80066,3.178568,138.20674,2.081019,132.1161,1.6200875,127.65608,1.3077677,0.0,1.0,0.19614999,0.011117679,,,0.21008462,0.009911272,,,0.026604915,0.023119265,130.38701,1.5237912,0.0,1.0,0.1501699,0.010897603,,,0.16610229,0.010075311,,,0.026604915,0.023119265,1,0.0,10.4000248590084,-9.18731114063918,,,16.506325,16.502064,,0.055625483,-20.496445,3.1181042,20.683172,22.136293,23.7039,0.11466547,250.5108,10.358594,1.2400894,,7.0,0.0,Cluster,0.20681481,0.21727642,1.0,False,True,True,True,True,True,True,True,True,True,True,True,True,True,0.0135050134253963,True,True,True,Elliptical,True,True,True,True
9008500122_blue_red_10_Y14SBR1_P003_A0085T008_2014_10_21-2014_10_26,9008500122_A,9008500122_blue_10_Y14SBR1_P003_A0085T008_2014_10_21-2014_10_26.fits,9008500122,116.5,2.75,129.69577,1.4188771,131.67943,1.6336316,138.50009,2.3197684,133.93652,1.5694348,131.79132,1.5150615,130.62752,1.6260148,0.0,1.0,0.21705705,0.010666872,,,0.22865829,0.010607455,,,0.063412204,0.02516471,131.9927,1.6354067,0.0,1.0,0.16764168,0.011937543,,,0.17748664,0.011570334,,,0.063412204,0.02516471,1,0.5,10.5831860421119,-9.35523053114265,,,16.670055,16.635084,,0.056426346,-20.363594,2.260992,20.019907,21.39272,22.971075,0.2708687,117.87183,10.288573,1.2171268,,7.0,0.0,Cluster,0.20971449,0.44418857,1.0,False,True,True,True,True,True,True,True,True,True,True,True,True,True,0.010940041452392779,True,True,True,Elliptical/S0,False,True,True,True
9008500134_blue_red_6_Y13SBR2_P006_A0085T004_2013_10_02-2013_10_08,9008500134_A,9008500134_blue_6_Y13SBR2_P006_A0085T004_2013_10_02-2013_10_08.fits,9008500134,327.5,8.833333,151.56387,2.4665954,154.65213,2.3283212,156.83432,3.906577,151.56387,2.791734,154.65213,2.436732,150.4103,2.4002616,,,,,,,,,,,,,150.3289,2.920555,,,,,,,,,,,,,1,0.5,10.3319430198895,-9.24537859896209,,,16.917273,16.890682,,0.051158488,-20.103214,1.0425718,18.715694,20.065487,21.647278,0.22053069,159.3034,10.170749,1.1852169,,7.0,0.0,Cluster,0.22103375,-1.0515417,1.0,False,True,True,True,True,True,True,True,True,True,True,True,True,True,0.016274296770067958,True,True,True,Elliptical/S0,False,True,True,True
9008500138_blue_red_8_Y16SBR2_P003_A0085T038_2017_09_14-2017_09_26,9008500138_A,9008500138_blue_8_Y16SBR2_P003_A0085T038_2017_09_14-2017_09_26.fits,9008500138,124.0,29.916666,114.0429,2.5384803,108.49374,2.4304385,120.98551,3.8335135,114.0429,2.5068464,108.16424,2.3527768,109.25021,2.0762784,,,,,,,,,,,,,108.16424,2.118467,,,,,,,,,,,,,1,0.0,10.4224456631099,-9.43929794159098,,,17.38921,16.3775,,0.054311275,-20.616693,1.0772312,19.333235,20.584938,22.183449,0.097489685,158.45723,10.378108,1.1686611,,7.0,0.0,Cluster,0.22414266,-0.15545784,1.0,False,True,True,True,True,True,True,True,True,True,True,True,True,True,0.022258994641490174,True,True,True,Elliptical,True,True,True,True
9008500139_blue_red_7_Y13SBR1_P003_A0085T001_2013_08_30-2013_09_04,9008500139_A,9008500139_blue_7_Y13SBR1_P003_A0085T001_2013_08_30-2013_09_04.fits,9008500139,5.0,2.5833333,131.9623,1.225269,135.46266,1.3821859,140.72523,1.9504602,136.26599,1.6890765,135.46266,1.1713392,133.0798,1.1549681,0.0,1.0,0.1429413,0.007764009,,,0.14422183,0.007366935,,,,,134.47919,1.2480168,0.0,1.0,0.12999481,0.008060143,,,0.13319507,0.0076705404,,,,,1,0.0,10.441051743033,-9.16242459675567,,,16.158176,16.156736,,0.051665194,-20.837872,2.163436,19.779593,21.034206,22.632168,0.00088756956,190.07356,10.479002,1.2049999,,7.0,0.0,Cluster,0.22557391,-0.9073455,1.0,False,True,True,True,True,True,True,True,True,True,True,True,True,True,0.009284992759295648,True,True,True,Elliptical,True,True,True,True
9008500160_blue_red_7_Y17SBR1_P001_A0085T039_2017_09_14-2017_09_26,9008500160_A,9008500160_blue_7_Y17SBR1_P001_A0085T039_2017_09_14-2017_09_26.fits,9008500160,212.5,2.8333333,94.0332,1.987277,92.67029,2.2502015,97.450424,2.9567528,94.01645,2.7974193,91.634636,1.8237685,94.00815,2.06111,0.0,1.0,0.301095,0.020160409,,,0.3372298,0.021301929,,,0.04076928,0.025319356,94.212135,2.045091,,,,,,,,,,,,,1,0.5,10.4503219949085,-9.45844587249463,,,17.053707,16.995956,,0.05739462,-20.00343,2.1761875,19.927576,20.960442,22.612768,0.5186842,210.42477,10.113081,1.18948,,7.0,0.0,Cluster,0.24708703,0.7183037,1.0,False,True,True,True,True,True,True,True,True,True,True,True,True,True,0.021133780409472402,True,True,True,Elliptical/S0,False,True,True,True
9008500169_blue_red_6_Y13SBR2_P006_A0085T004_2013_10_02-2013_10_08,9008500169_A,9008500169_blue_6_Y13SBR2_P006_A0085T004_2013_10_02-2013_10_08.fits,9008500169,75.0,4.5,173.84807,1.8609915,182.99835,2.1180062,177.24323,2.5634885,184.82352,2.3833053,183.51248,2.0306568,183.05373,1.8787097,0.0,1.0,0.12538098,0.008398045,,,0.13477932,0.007757393,,,0.110978946,0.037561234,181.37314,1.8477598,0.0,1.0,0.09712198,0.008519645,,,0.10555253,0.008171332,,,0.110978946,0.037561234,1,0.0,10.3892318142731,-9.15650249316038,,,15.612171,15.565381,,0.060641617,-21.435072,4.2828174,20.347692,21.8245,23.389267,0.19984001,76.20117,10.709361,1.2024975,,7.0,0.0,Cluster,0.2581821,1.6356776,1.0,False,True,True,True,True,True,True,True,True,True,True,True,True,True,0.010704700374298087,True,True,True,Elliptical,True,True,True,True
9008500171_blue_red_6_Y13SBR2_P006_A0085T004_2013_10_02-2013_10_08,9008500171_A,9008500171_blue_6_Y13SBR2_P006_A0085T004_2013_10_02-2013_10_08.fits,9008500171,185.0,3.499998,96.608475,2.5615017,96.42596,2.392883,86.6061,3.60136,92.03748,2.725257,96.91873,2.517655,98.92464,2.350978,0.0,1.0,0.3418102,0.024598295,,,0.41386458,0.028979486,,,0.037128367,0.024440965,94.23295,2.4149761,0.0,1.0,0.23812464,0.024044845,,,0.27902016,0.026149997,,,0.037128367,0.024440965,1,1.0,10.5104085794387,-9.14456959146457,,,17.121626,17.117476,,0.05597974,-19.880686,2.4284365,19.829449,20.95495,22.581123,0.6834445,178.69652,10.066037,1.1872349,,7.0,0.0,Cluster,0.2639293,0.3176708,1.0,False,True,True,True,True,True,True,True,True,True,True,True,True,True,0.02651425457238612,True,True,True,S0,False,True,True,True
9008500172_blue_red_7_Y15SBR2_P004_A0085T028_2017_09_14-2017_09_26,9008500172_A,9008500172_blue_7_Y15SBR2_P004_A0085T028_2017_09_14-2017_09_26.fits,9008500172,351.0,1.1666666,201.62796,2.05432,196.56042,2.1783662,204.4521,3.308126,198.3107,2.8183916,197.34006,2.3007631,196.31564,2.1633596,0.0,1.0,0.30382675,0.011002361,,,0.35681364,0.011031732,,,,,200.13667,2.4838262,0.0,1.0,,,,,,,,,,,1,1.0,10.4468058635909,-9.13706423909676,,,16.551077,16.528696,,0.055526298,-20.469975,2.0880828,19.304811,20.42884,22.055387,0.5544786,176.1593,10.395231,1.2899456,,7.0,0.0,Cluster,0.2646803,0.18916164,1.0,False,True,True,True,True,True,True,True,True,True,True,True,True,True,0.01018866629409929,True,True,True,S0,False,True,True,True
9008500182_blue_red_7_Y13SBR1_P003_A0085T001_2013_08_30-2013_09_04,9008500182_A,9008500182_blue_7_Y13SBR1_P003_A0085T001_2013_08_30-2013_09_04.fits,9008500182,301.0,3.1666667,166.52214,1.9017683,172.61684,1.7143726,168.72525,2.4552705,173.55838,2.2380238,171.62874,1.8487241,170.00494,1.5963622,0.0,1.0,0.20473933,0.008954264,,,0.21471688,0.00835966,,,0.013521699,0.016747724,171.62874,1.8104885,0.0,1.0,0.14512202,0.008925089,,,0.15659645,0.00844846,,,0.013521699,0.016747724,1,0.0,10.3314638827008,-9.41907572997829,,,16.28247,16.243752,,0.05480179,-20.753191,2.966546,20.144434,21.654446,23.215462,0.25660712,120.61597,10.435489,1.1992989,,7.0,0.0,Cluster,0.2731129,-0.01628482,1.0,False,True,True,True,True,True,True,True,True,True,True,True,True,True,0.011420513212237124,True,True,True,Elliptical,True,True,True,True
9008500193_blue_red_10_Y14SBR1_P002_A0085T007_2014_10_21-2014_10_26,9008500193_A,9008500193_blue_10_Y14SBR1_P002_A0085T007_2014_10_21-2014_10_26.fits,9008500193,255.5,6.25,121.19403,2.4140558,120.67455,2.0409353,119.885544,2.972713,121.39433,2.2506838,119.86893,2.163174,117.53695,1.9539312,,,,,,,,,,,,,121.39433,2.5168738,,,,,,,,,,,,,1,0.5,10.5489884794695,-9.45911102436925,,,17.31498,17.30562,,0.05703896,-19.694584,1.1990981,19.188068,20.540434,22.121832,0.38315693,255.28722,10.055423,1.2742691,,7.0,0.0,Cluster,0.28405535,0.6176465,1.0,False,True,True,True,True,True,True,True,True,True,True,True,True,True,0.019918933300592447,True,True,True,Elliptical/S0,False,True,True,True
9008500196_blue_red_7_Y13SBR1_P003_A0085T001_2013_08_30-2013_09_04,9008500196_A,9008500196_blue_7_Y13SBR1_P003_A0085T001_2013_08_30-2013_09_04.fits,9008500196,210.5,1.5,180.19579,1.4379625,177.42998,1.5814182,176.26799,1.964186,177.28336,1.6135751,178.44264,1.5620726,178.19553,1.6290227,0.0,1.0,0.31025848,0.006954832,,,0.34081107,0.0074391617,,,0.023470644,0.013100427,178.68307,1.6200137,0.0,1.0,0.24774407,0.007483251,,,0.27135903,0.0076291095,,,0.023470644,0.013100427,1,1.0,10.2771965421587,-9.29694790158553,,,15.900646,15.839836,,0.058217116,-21.160194,2.8562992,19.453781,20.850521,22.42548,0.4336398,210.4479,10.615159,1.2266712,,7.0,0.0,Cluster,0.28703007,0.9509515,1.0,False,True,True,True,True,True,True,True,True,True,True,True,True,True,0.007980000531643942,True,True,True,S0,False,True,True,True
9008500197_blue_red_7_Y15SBR2_P004_A0085T028_2017_09_14-2017_09_26,9008500197_A,9008500197_blue_7_Y15SBR2_P004_A0085T028_2017_09_14-2017_09_26.fits,9008500197,120.5,1.9166666,113.18263,1.3010364,114.23272,1.7973248,111.83942,2.6609926,113.937805,1.8551414,112.58231,1.5466788,113.28889,1.580579,0.0,1.0,0.22882569,0.012372558,,,0.26091528,0.013302225,,,0.046341654,0.021328235,114.792625,1.6498878,0.0,1.0,0.13946638,0.012544944,,,0.16164486,0.012024497,,,0.046341654,0.021328235,1,0.5,10.454659526801,-9.48409493949341,,,16.874779,16.882269,,0.061265714,-20.11946,2.262533,20.278477,21.775751,23.338177,0.21723445,85.97552,10.167349,1.1969261,,7.0,0.0,Cluster,0.2874702,1.8116792,1.0,False,True,True,True,True,True,True,True,True,True,True,True,True,True,0.011495018272680181,True,True,True,Elliptical/S0,False,True,True,True
9008500210_blue_red_7_Y15SBR2_P001_A0085T026_2015_09_07-2015_09_13,9008500210_A,9008500210_blue_7_Y15SBR2_P001_A0085T026_2015_09_07-2015_09_13.fits,9008500210,84.0,1.6666666,139.79935,1.8106999,133.5403,1.8143847,135.4548,2.3484282,133.07852,2.0885777,133.9033,1.7772107,135.94955,1.5743619,0.0,1.0,0.27294284,0.015577605,,,0.30071527,0.016496489,,,0.031872027,0.013499656,133.07852,1.9895076,0.0,1.0,0.21808276,0.013577299,,,0.24619283,0.013068961,,,0.031872027,0.013499656,1,1.0,10.6141803657842,-9.42463845470283,,,16.960947,16.936438,,0.056916714,-20.063583,1.8094438,19.141611,20.353174,21.959642,0.64994335,262.54764,10.208399,1.274803,,7.0,0.0,Cluster,0.30892023,0.5830415,1.0,False,True,True,True,True,True,True,True,True,True,True,True,True,True,0.012952133897618264,True,True,True,S0,False,True,True,True
9008500224_blue_red_7_Y15SBR2_P001_A0085T026_2015_09_07-2015_09_13,9008500224_A,9008500224_blue_7_Y15SBR2_P001_A0085T026_2015_09_07-2015_09_13.fits,9008500224,11.5,2.75,94.14285,1.8710611,83.84308,1.934886,87.27793,2.9199824,83.823715,2.165391,84.61274,1.7873566,89.33104,1.8575045,0.0,1.0,0.39953166,0.021745255,,,0.517401,0.028500192,,,0.0265516,0.017559111,86.13295,1.8206646,0.0,1.0,0.37408942,0.018218111,,,0.44203418,0.021934936,,,0.0265516,0.017559111,1,1.0,10.6633531432755,-9.3352887722044,,,17.216208,17.212337,,0.05362407,-19.783625,2.7309854,20.043526,21.118498,22.758219,0.7240977,198.60896,10.003879,1.1565189,,7.0,0.0,Cluster,0.32244512,-0.3505469,1.0,False,True,True,True,True,True,True,True,True,True,True,True,True,True,0.019874702114924286,True,True,True,S0,False,True,True,True
9008500225_blue_red_7_Y13SBR1_P003_A0085T001_2013_08_30-2013_09_04,9008500225_A,9008500225_blue_7_Y13SBR1_P003_A0085T001_2013_08_30-2013_09_04.fits,9008500225,105.0,0.16666667,232.15227,1.784467,239.97826,1.8996117,249.13394,2.4295819,239.69449,2.1609294,236.2154,1.8647463,237.16858,1.5483502,0.0,1.0,0.1701276,0.004621097,,,0.17474267,0.004198672,,,0.060035028,0.01362349,236.46031,1.6419754,0.0,1.0,0.15861103,0.0046447106,,,0.16409121,0.004264067,,,0.060035028,0.01362349,1,0.0,10.3009121752371,-9.16952512920515,,,15.219673,15.1296835,,0.056104586,-21.869188,3.4707906,19.633064,21.080845,22.64911,0.10533998,93.3743,10.922438,1.253417,,7.0,0.0,Cluster,0.32776853,0.35304335,1.0,False,True,True,True,True,True,True,True,True,True,True,True,True,True,0.007686623094402652,True,True,True,Elliptical,True,True,True,True
9008500234_blue_red_6_Y13SBR2_P006_A0085T004_2013_10_02-2013_10_08,9008500234_A,9008500234_blue_6_Y13SBR2_P006_A0085T004_2013_10_02-2013_10_08.fits,9008500234,170.5,2.0833333,213.41818,2.235018,222.41339,2.2882566,222.17793,3.4998798,223.49414,2.4145732,222.79958,2.2278638,221.7672,1.8529578,0.0,1.0,0.26580927,0.007914988,,,0.27718073,0.0074911974,,,0.04685253,0.01431752,217.19067,2.0049622,0.0,1.0,0.2102777,0.0073991828,,,0.22054198,0.0070096687,,,0.04685253,0.01431752,1,0.0,10.2731582338786,-9.19210878844818,,,15.223858,15.180858,,0.055719316,-21.817497,5.88177,20.625767,22.053015,23.623888,0.23176292,168.86665,10.911675,1.2577848,,7.0,0.0,Cluster,0.3422115,0.24387136,1.0,False,True,True,True,True,True,True,True,True,True,True,True,True,True,0.010472481772639989,True,True,True,Elliptical,True,True,True,True
9008500236_blue_red_8_Y16SBR2_P003_A0085T038_2017_09_14-2017_09_26,9008500236_A,9008500236_blue_8_Y16SBR2_P003_A0085T038_2017_09_14-2017_09_26.fits,9008500236,181.5,3.3333309,124.49604,2.3415737,121.19959,1.94332,125.66109,3.6875234,122.05963,2.2802813,120.75056,1.8677794,121.60764,1.7420355,,,,,,,,,,,,,122.05963,2.1194804,,,,,,,,,,,,,1,1.0,10.6425474587829,-9.18140367149273,,,16.812332,16.709501,,0.054621596,-20.286049,1.3654118,18.451105,19.631544,21.244696,0.6313843,174.37375,10.198046,1.1375294,,7.0,0.0,Cluster,0.345133,-0.067403205,1.0,False,True,True,True,True,True,True,True,True,True,True,True,True,True,0.01880841912722686,True,True,True,S0,False,True,True,True
9008500237_blue_red_8_Y16SBR2_P003_A0085T038_2017_09_14-2017_09_26,9008500237_A,9008500237_blue_8_Y16SBR2_P003_A0085T038_2017_09_14-2017_09_26.fits,9008500237,177.0,2.333332,198.37932,1.706513,196.35664,2.0230608,198.85127,3.1215796,193.7534,2.1998587,197.41022,1.8338223,199.9243,1.8264033,0.0,1.0,0.2338747,0.008240104,,,0.25497127,0.008126489,,,0.029945046,0.015704932,200.61873,1.9377174,0.0,1.0,0.16634177,0.009113048,,,0.18247244,0.009174447,,,0.029945046,0.015704932,1,1.0,10.3037842354564,-9.15011486062905,,,15.949008,15.858528,,0.0531886,-21.137547,4.302293,20.262516,21.932709,23.478819,0.4405406,181.14969,10.582174,1.1971998,,7.0,0.0,Cluster,0.345321,-0.4742378,1.0,False,True,True,True,True,True,True,True,True,True,True,True,True,True,0.008602272656242596,True,True,True,S0,False,True,True,True
9008500239_blue_red_7_Y13SBR1_P003_A0085T001_2013_08_30-2013_09_04,9008500239_A,9008500239_blue_7_Y13SBR1_P003_A0085T001_2013_08_30-2013_09_04.fits,9008500239,105.0,0.5833333,227.69823,1.5112528,235.39203,1.6984496,237.61417,2.7145913,233.94778,1.9711577,234.47308,1.6096605,231.34521,1.7444341,0.0,1.0,0.40195766,0.0045491396,,,0.43446895,0.005230617,,,0.022200216,0.0068980306,225.12549,1.4559761,0.0,1.0,0.3245343,0.0045719584,,,0.34396878,0.0049348166,,,0.022200216,0.0068980306,2,1.0,10.6410879673391,-9.17792148554547,,,15.194573,15.184234,,0.056227837,-21.814825,4.3407216,20.009647,21.41718,22.990664,0.22989732,103.20754,10.918744,1.271825,,7.0,0.0,Cluster,0.34638837,0.38796005,1.0,True,True,True,True,True,True,True,True,True,True,True,True,True,True,0.0066370862874076805,True,True,True,S0,False,True,True,True
9008500240_blue_red_10_Y14SBR1_P002_A0085T007_2014_10_21-2014_10_26,9008500240_A,9008500240_blue_10_Y14SBR1_P002_A0085T007_2014_10_21-2014_10_26.fits,9008500240,341.0,2.3333333,107.679016,1.5612437,107.96022,1.5450898,109.55551,2.469375,109.54729,1.75408,106.50704,1.5442538,105.97503,1.3480191,0.0,1.0,0.29386288,0.013211585,,,0.3297754,0.014592482,,,,,109.11816,1.6087219,0.0,1.0,,,,,,,,,,,1,0.5,10.4712554769746,-9.52117851675089,,,16.869892,16.889853,,0.057109505,-20.108534,2.7811937,20.544031,22.166332,23.716402,0.2981094,155.99962,10.137318,1.163023,,7.0,0.0,Cluster,0.34666988,0.6376147,1.0,False,True,True,True,True,True,True,True,True,True,True,True,True,True,0.014499052443049812,True,True,True,Elliptical/S0,False,True,True,True
9008500245_blue_red_10_Y14SBR1_P002_A0085T007_2014_10_21-2014_10_26,9008500245_A,9008500245_blue_10_Y14SBR1_P002_A0085T007_2014_10_21-2014_10_26.fits,9008500245,261.5,1.5,259.2739,3.01777,292.6237,2.7062657,298.6378,3.281769,293.6403,2.8174596,291.12897,2.3561802,283.97232,2.5021565,1.0,0.8565683,0.29490086,0.0068503837,0.26611644,0.0068503837,0.2967532,0.0060280543,0.26875904,0.0060280543,0.0487995,0.012861939,279.35843,2.3539026,0.0,1.0,0.19758344,0.0064449594,,,0.20853299,0.006026846,,,0.0487995,0.012861939,1,0.5,10.2578203550933,-9.20920861837042,,,15.359399,15.313938,,0.05388241,-21.682932,6.7712054,20.967632,22.570711,24.122482,0.22397876,261.98203,10.855087,1.2529535,,7.0,0.0,Cluster,0.350625,-0.27719304,1.0,False,True,True,True,True,True,True,True,True,True,True,True,True,True,0.011639312711383598,True,True,True,Elliptical/S0,False,True,True,True
9008500246_blue_red_7_Y15SBR2_P004_A0085T028_2017_09_14-2017_09_26,9008500246_A,9008500246_blue_7_Y15SBR2_P004_A0085T028_2017_09_14-2017_09_26.fits,9008500246,326.0,1.3333334,134.47902,1.4047465,132.48097,1.5130833,133.03703,2.223503,133.8493,1.7196143,132.111,1.4498835,132.6926,1.4747779,0.0,1.0,0.32703552,0.009642702,,,0.35712138,0.010335965,,,0.033504393,0.015354067,132.111,1.4610552,0.0,1.0,0.25500152,0.010754384,,,0.27477297,0.010771296,,,0.033504393,0.015354067,1,1.0,10.5460653649291,-9.50839360199117,,,16.504616,16.509787,,0.054660134,-20.487688,2.306692,19.962597,21.201183,22.802216,0.2531539,146.36748,10.324481,1.2057247,,7.0,0.0,Cluster,0.35260293,-0.056469668,1.0,False,True,True,True,True,True,True,True,True,True,True,True,True,True,0.01044584129182381,True,True,True,S0,False,True,True,True
9008500249_blue_red_7_Y17SBR1_P001_A0085T039_2017_09_14-2017_09_26,9008500249_A,9008500249_blue_7_Y17SBR1_P001_A0085T039_2017_09_14-2017_09_26.fits,9008500249,333.0,4.8333335,117.748024,2.1461978,116.76125,2.1546452,117.95415,3.4217312,117.230286,2.5033178,116.48561,2.3120406,115.78145,2.02705,0.0,1.0,0.25018087,0.016569857,,,0.27840623,0.016464526,,,0.1138613,0.04864242,115.77267,1.9447532,0.0,1.0,0.18450727,0.016585875,,,0.193794,0.016497852,,,0.1138613,0.04864242,1,0.5,10.3266504496479,-9.48658020655629,,,16.648266,16.650986,,0.05816776,-20.349035,4.004406,21.262707,22.887806,24.437634,0.12929593,145.65648,10.26167,1.200634,,7.0,0.0,Cluster,0.3586764,0.93699586,1.0,False,True,True,True,True,True,True,True,True,True,True,True,True,True,0.01822703878240878,True,True,True,Elliptical/S0,False,True,True,True
9008500251_blue_red_7_Y16SBR2_P004_A0085T035_2017_09_14-2017_09_26,9008500251_A,9008500251_blue_7_Y16SBR2_P004_A0085T035_2017_09_14-2017_09_26.fits,9008500251,169.0,1.5833334,106.86585,1.3859304,106.07338,1.3844625,110.23871,2.796209,108.523346,1.7168853,106.07338,1.458495,105.336975,1.2348098,0.0,1.0,0.3221085,0.009952897,,,0.37894773,0.010701407,,,0.04519656,0.013448136,107.21226,1.5526927,0.0,1.0,0.2686291,0.010195262,,,0.30151847,0.010223113,,,0.04519656,0.013448136,2,1.0,10.5903025592273,-9.11667252535254,,,16.103115,16.095444,,0.052474134,-20.898624,3.094746,19.40496,20.60688,22.215368,0.65403885,163.45036,10.433571,1.125454,,7.0,0.0,Cluster,0.35965565,-0.6772844,1.0,True,True,True,True,True,True,True,True,True,True,True,True,True,True,0.01296888014272099,True,True,True,S0,False,True,True,True
9008500256_blue_red_7_Y15SBR2_P005_A0085T029_2017_09_14-2017_09_26,9008500256_A,9008500256_blue_7_Y15SBR2_P005_A0085T029_2017_09_14-2017_09_26.fits,9008500256,273.0,2.1666667,149.25484,1.6562092,147.41466,1.7223817,143.2783,2.4826415,147.03069,1.8539132,147.50644,1.5066929,147.28865,1.5863153,0.0,1.0,0.19608401,0.011299466,,,0.22898544,0.011950063,,,,,147.46681,2.0444643,,,,,,,,,,,,,1,1.0,10.4663133734832,-9.53289326064425,,,16.693867,16.690117,,0.055820104,-20.308691,1.9097483,19.28887,20.614187,22.199823,0.5134356,89.423996,10.2852545,1.2454243,,7.0,0.0,Cluster,0.3649693,0.27243495,1.0,False,True,True,True,True,True,True,True,True,True,True,True,True,True,0.01109651921505527,True,True,True,S0,False,True,True,True
9008500282_blue_red_7_Y15SBR2_P004_A0085T028_2017_09_14-2017_09_26,9008500282_A,9008500282_blue_7_Y15SBR2_P004_A0085T028_2017_09_14-2017_09_26.fits,9008500282,150.5,13.083331,195.93457,2.1972377,192.53847,1.8956945,195.92918,2.4851215,193.78859,2.0617502,192.25046,1.9556291,191.66898,1.931236,0.0,1.0,,,,,,,,,,,193.78859,2.1022503,,,,,,,,,,,,,1,1.0,10.4051875165633,-9.54819325327309,,,16.592817,16.534426,,0.05929226,-20.466465,1.3537375,18.585379,19.907642,21.49377,0.45910302,151.16756,10.3110075,1.2046909,,7.0,0.0,Cluster,0.39858064,1.2547883,1.0,False,True,True,True,True,True,True,True,True,True,True,True,True,True,0.01121414000602344,True,True,True,S0,False,True,True,True
9008500292_blue_red_7_Y15SBR2_P002_A0085T031_2015_09_07-2015_09_13,9008500292_A,9008500292_blue_7_Y15SBR2_P002_A0085T031_2015_09_07-2015_09_13.fits,9008500292,318.5,1.5833334,134.1543,1.2330761,129.64708,1.3326827,128.29587,2.2409294,128.07971,1.4916974,130.43098,1.3211583,130.4921,1.3341434,0.0,1.0,0.39286917,0.009410536,,,0.46202755,0.010938881,,,0.056202874,0.012403246,130.07674,1.5157347,0.0,1.0,0.26686138,0.010116723,,,0.30039886,0.0101171145,,,0.056202874,0.012403246,1,1.0,10.2100661275599,-9.22311961282392,,,16.497965,16.438974,,0.053861573,-20.557158,3.0133836,19.842901,21.198996,22.779829,0.5898596,136.3191,10.3840275,1.2208405,,7.0,0.0,Cluster,0.41222522,-0.28310853,1.0,False,True,True,True,True,True,True,True,True,True,True,True,True,True,0.009191476531128706,True,True,True,S0,False,True,True,True
9008500296_blue_red_7_Y15SBR2_P002_A0085T031_2015_09_07-2015_09_13,9008500296_A,9008500296_blue_7_Y15SBR2_P002_A0085T031_2015_09_07-2015_09_13.fits,9008500296,337.0,1.75,130.35999,1.577772,123.33501,1.6620411,127.12958,3.188025,124.57835,2.2912533,124.24419,1.7401203,124.86047,1.6611642,0.0,1.0,0.46487314,0.011426566,,,0.56726927,0.015591553,,,0.0198583,0.009788073,126.64473,1.5603242,0.0,1.0,0.37996256,0.011954137,,,0.4477025,0.014164262,,,0.0198583,0.009788073,1,1.0,10.4822367659678,-9.04299037305988,,,16.625782,16.45288,,0.05799968,-20.545513,3.8455904,20.638773,22.023735,23.600344,0.49451277,158.72804,10.461699,1.293725,,7.0,0.0,Cluster,0.41470093,0.88946664,1.0,False,True,True,True,True,True,True,True,True,True,True,True,True,True,0.012103192091377115,True,True,True,S0,False,True,True,True
9008500302_blue_red_7_Y13SBR1_P003_A0085T001_2013_08_30-2013_09_04,9008500302_A,9008500302_blue_7_Y13SBR1_P003_A0085T001_2013_08_30-2013_09_04.fits,9008500302,267.5,0.6666667,201.63626,1.3325157,197.57462,1.4717013,199.3324,1.9906408,199.51201,1.6899339,197.36989,1.3225093,197.8889,1.2527928,0.0,1.0,0.42952675,0.0048103305,,,0.49127698,0.005791745,,,0.031728692,0.006935792,200.21248,1.3391007,0.0,1.0,0.34731466,0.005125722,,,0.3889999,0.0056782863,,,0.031728692,0.006935792,1,1.0,10.5663091667784,-9.54779579412309,,,15.588274,15.573673,,0.05911065,-21.427624,4.030137,19.885906,21.267466,22.844559,0.4435707,265.94986,10.749374,1.2607737,,7.0,0.0,Cluster,0.42258453,1.2034866,1.0,False,True,True,True,True,True,True,True,True,True,True,True,True,True,0.006608512278495942,True,True,True,S0,False,True,True,True
9008500303_blue_red_7_Y13SBR1_P006_A0085T002_2013_08_30-2013_09_04,9008500303_A,9008500303_blue_7_Y13SBR1_P006_A0085T002_2013_08_30-2013_09_04.fits,9008500303,96.5,2.0833333,187.2304,1.7464615,209.76857,1.8113971,218.67505,1.9568058,213.10785,2.0927753,206.82072,1.745536,204.41302,1.6323122,0.0,1.0,0.17083949,0.007513505,,,0.16350906,0.0058641876,,,0.090191334,0.024967885,205.15752,1.4226836,0.0,1.0,0.12290986,0.006647744,,,0.122285135,0.0055954168,,,0.090191334,0.024967885,1,0.0,10.5244379465798,-9.04463846653921,,,15.590071,15.525461,,0.055677857,-21.472805,4.3442903,20.419031,22.070808,23.618397,0.0919913,275.2282,10.7504,1.2354736,,7.0,0.0,Cluster,0.42281073,0.23212102,1.0,False,True,True,True,True,True,True,True,True,True,True,True,True,True,0.009327873571813123,True,True,True,Elliptical,True,True,True,True
9008500307_blue_red_10_Y14SBR1_P002_A0085T007_2014_10_21-2014_10_26,9008500307_A,9008500307_blue_10_Y14SBR1_P002_A0085T007_2014_10_21-2014_10_26.fits,9008500307,65.5,2.3333333,96.25178,1.7593217,96.71294,1.5167432,96.96969,2.1954556,100.705124,1.8618962,95.85627,1.5077511,94.90337,1.5786325,0.0,1.0,0.3092684,0.014912217,,,0.33881703,0.01642673,,,0.039249238,0.02239214,95.85627,1.6107084,0.0,1.0,0.23571585,0.014800245,,,0.25010636,0.014202111,,,0.039249238,0.02239214,1,0.0,10.3415602089195,-9.05869793737703,,,16.935453,16.942993,,0.05491132,-20.053556,2.4631667,20.506369,21.813902,23.40246,0.28378576,246.95221,10.161242,1.198204,,7.0,0.0,Cluster,0.4305771,0.014783536,1.0,False,True,True,True,True,True,True,True,True,True,True,True,True,True,0.018278328982591286,True,True,True,Elliptical,True,True,True,True
9008500328_blue_red_7_Y15SBR2_P002_A0085T031_2015_09_07-2015_09_13,9008500328_A,9008500328_blue_7_Y15SBR2_P002_A0085T031_2015_09_07-2015_09_13.fits,9008500328,172.0,2.0833333,193.56528,1.5205098,199.66745,1.6670423,205.0687,2.2371364,202.8954,1.9490129,197.12523,1.7531095,194.69751,1.2802564,0.0,1.0,0.28052184,0.0067286687,,,0.29283783,0.0067036464,,,0.026684703,0.013762834,197.12523,1.462989,0.0,1.0,0.17762205,0.0074596177,,,0.1909671,0.007241603,,,0.026684703,0.013762834,1,0.0,10.1835948162129,-9.39968299057854,,,15.981649,15.84715,,0.05858351,-21.153057,3.0138872,19.898348,21.39935,22.961357,0.20367214,168.39165,10.616604,1.229845,,7.0,0.0,Cluster,0.45980397,1.0545295,1.0,False,True,True,True,True,True,True,True,True,True,True,True,True,True,0.007855281691014009,True,True,True,Elliptical,True,True,True,True
9008500333_blue_red_7_Y13SBR1_P003_A0085T001_2013_08_30-2013_09_04,9008500333_A,9008500333_blue_7_Y13SBR1_P003_A0085T001_2013_08_30-2013_09_04.fits,9008500333,27.5,1.5833334,197.12607,1.690122,206.60072,2.016534,208.36081,2.5610936,208.21503,2.0209525,203.6652,1.8698366,198.75514,1.9901152,0.0,1.0,0.22831945,0.00730844,,,0.23559386,0.0069773956,,,0.03167259,0.016036749,201.53389,2.0130036,0.0,1.0,0.19701016,0.007582795,,,0.20418678,0.0073374105,,,0.03167259,0.016036749,1,0.0,10.6647853285747,-9.51492566246306,,,15.988489,15.933079,,0.057497293,-21.067047,2.534863,19.772057,21.056297,22.648859,0.14466135,209.85689,10.626745,1.2803869,,7.0,0.0,Cluster,0.46460068,0.7473552,1.0,False,True,True,True,True,True,True,True,True,True,True,True,True,True,0.008573812687484715,True,True,True,Elliptical,True,True,True,True
9008500339_blue_red_7_Y15SBR2_P004_A0085T028_2017_09_14-2017_09_26,9008500339_A,9008500339_blue_7_Y15SBR2_P004_A0085T028_2017_09_14-2017_09_26.fits,9008500339,300.5,9.833333,102.27474,2.1447728,103.24142,1.6600956,100.24758,2.7776446,104.970894,2.1202776,103.48168,1.8970401,102.098274,1.7025563,0.0,1.0,0.16641028,0.016516503,,,0.18738817,0.016759548,,,0.36030102,0.11121584,102.91325,1.8506049,0.0,1.0,0.1340742,0.0154538965,,,0.14703876,0.014648975,,,0.36030102,0.11121584,1,0.5,10.3954778185272,-9.01312510171239,,,16.525846,16.479967,,0.0584602,-20.5195,5.0285,21.61587,22.944153,24.52931,0.15460502,127.46023,10.279981,1.1467075,,7.0,0.0,Cluster,0.47174478,1.0196741,1.0,False,True,True,True,True,True,True,True,True,True,True,True,True,True,0.020970699118863567,True,True,True,Elliptical/S0,False,True,True,True
9008500347_blue_red_7_Y15SBR2_P002_A0085T031_2015_09_07-2015_09_13,9008500347_A,9008500347_blue_7_Y15SBR2_P002_A0085T031_2015_09_07-2015_09_13.fits,9008500347,356.0,4.6666646,105.53378,1.2937708,107.01971,1.4708383,107.059456,1.8979341,107.52802,1.6714152,106.31109,1.5085499,104.47251,1.2335901,0.0,1.0,0.11271212,0.010984822,,,0.12093945,0.010718411,,,0.08001654,0.039739147,106.31109,1.3684242,0.0,1.0,0.10817676,0.01118571,,,0.11511166,0.011213546,,,0.08001654,0.039739147,1,0.0,10.3293147028279,-9.57330576179402,,,16.6636,16.663221,,0.05827972,-20.336834,1.8135566,19.928778,21.211555,22.804377,0.0005665232,137.13727,10.257658,1.2009201,,7.0,0.0,Cluster,0.47552907,0.96865183,1.0,False,True,True,True,True,True,True,True,True,True,True,True,True,True,0.012259305030105054,True,True,True,Elliptical,True,True,True,True
9008500351_blue_red_7_Y16SBR2_P004_A0085T035_2017_09_14-2017_09_26,9008500351_A,9008500351_blue_7_Y16SBR2_P004_A0085T035_2017_09_14-2017_09_26.fits,9008500351,18.5,1.5833334,139.87018,1.5203786,141.95267,1.595016,144.21025,2.3126044,144.36299,1.646128,141.08928,1.3303291,139.46834,1.3245745,0.0,1.0,0.1653034,0.009023997,,,0.1707006,0.008695712,,,0.036378384,0.026634017,140.60655,1.3981762,0.0,1.0,0.13564861,0.009228513,,,0.13746388,0.008558552,,,0.036378384,0.026634017,1,0.5,10.6486777820318,-9.06341922688407,,,16.13607,16.13486,,0.05465781,-20.861794,2.4356058,19.548456,20.938751,22.51461,0.35111895,217.65196,10.453451,1.173398,,7.0,0.0,Cluster,0.48201618,-0.057129156,1.0,False,True,True,True,True,True,True,True,True,True,True,True,True,True,0.010869926670574098,True,True,True,Elliptical/S0,False,True,True,True
9008500359_blue_red_7_Y15SBR2_P002_A0085T031_2015_09_07-2015_09_13,9008500359_A,9008500359_blue_7_Y15SBR2_P002_A0085T031_2015_09_07-2015_09_13.fits,9008500359,144.0,2.1666667,151.96861,1.5749589,154.02533,2.0178957,159.02968,2.9612362,154.51273,2.078115,152.71683,1.8217275,149.6376,1.6376761,0.0,1.0,0.17571805,0.011309544,,,0.19744484,0.011368749,,,,,153.44751,1.8053302,,,,,,,,,,,,,1,0.5,10.3038814263812,-9.03814754350423,,,16.73241,16.6571,,0.05531848,-20.340437,1.9267074,19.749344,21.318617,22.873545,0.2267578,142.41022,10.237981,1.1736736,,7.0,0.0,Cluster,0.48712012,0.1302456,1.0,False,True,True,True,True,True,True,True,True,True,True,True,True,True,0.010363711953409325,True,True,True,Elliptical/S0,False,True,True,True
9008500362_blue_red_7_Y15SBR2_P002_A0085T031_2015_09_07-2015_09_13,9008500362_A,9008500362_blue_7_Y15SBR2_P002_A0085T031_2015_09_07-2015_09_13.fits,9008500362,119.0,2.75,82.23203,1.7406161,77.486984,1.7165557,78.690285,2.499307,74.686,1.930081,78.17435,1.7105137,79.59559,1.4404463,0.0,1.0,0.35528538,0.020232642,,,0.44248894,0.025200507,,,0.018969052,0.016034583,78.19377,1.6589898,0.0,1.0,0.3641526,0.01750081,,,0.42839405,0.020227905,,,0.018969052,0.016034583,1,1.0,10.2235761782378,-9.10203681331202,,,17.152937,17.136057,,0.056951005,-19.861528,2.485576,19.741373,20.745634,22.407295,0.73570246,119.25799,10.040257,1.1569233,,7.0,0.0,Cluster,0.489604,0.592749,1.0,False,True,True,True,True,True,True,True,True,True,True,True,True,True,0.021167130374867314,True,True,True,S0,False,True,True,True
9008500365_blue_red_7_Y15SBR2_P001_A0085T026_2015_09_07-2015_09_13,9008500365_A,9008500365_blue_7_Y15SBR2_P001_A0085T026_2015_09_07-2015_09_13.fits,9008500365,121.5,1.25,163.14824,1.5844743,178.8166,1.7141154,186.90323,2.2730663,183.8657,1.7981955,175.41237,1.6195264,172.81892,1.5140138,0.0,1.0,0.32389554,0.0073399246,,,0.32282484,0.0071718013,,,0.023639709,0.011226844,170.57648,1.4981556,0.0,1.0,0.21598665,0.0071128327,,,0.22372629,0.0065903836,,,0.023639709,0.011226844,1,0.0,10.6860259075949,-9.51742773441894,,,15.904042,15.896241,,0.056873072,-21.1033,3.3291323,20.271553,21.786245,23.346754,0.055493686,112.229324,10.606868,1.2468863,,7.0,0.0,Cluster,0.49090376,0.57068646,1.0,False,True,True,True,True,True,True,True,True,True,True,True,True,True,0.009711868788777618,True,True,True,Elliptical,True,True,True,True
9008500391_blue_red_7_Y15SBR2_P002_A0085T031_2015_09_07-2015_09_13,9008500391_A,9008500391_blue_7_Y15SBR2_P002_A0085T031_2015_09_07-2015_09_13.fits,9008500391,223.0,1.4166666,133.56483,1.0582833,131.76707,1.1859463,132.65233,1.7882618,132.56805,1.4189575,131.77994,1.1149062,131.38477,1.0304124,0.0,1.0,0.34372815,0.0070682545,,,0.3841745,0.0076680896,,,0.027523147,0.008502612,132.50713,1.1366757,0.0,1.0,0.3067152,0.007130952,,,0.33568516,0.0075521143,,,0.027523147,0.008502612,1,1.0,10.175886795415,-9.4780960199251,,,15.926192,15.898173,,0.05372138,-21.098288,3.1231256,19.857626,21.142233,22.734732,0.35377955,226.38936,10.579218,1.2087421,,7.0,0.0,Cluster,0.5250538,-0.32291454,1.0,False,True,True,True,True,True,True,True,True,True,True,True,True,True,0.007923368000393517,True,True,True,S0,False,True,True,True
9008500394_blue_red_7_Y15SBR2_P001_A0085T026_2015_09_07-2015_09_13,9008500394_A,9008500394_blue_7_Y15SBR2_P001_A0085T026_2015_09_07-2015_09_13.fits,9008500394,67.5,1.1666666,150.48064,1.2749366,147.50539,1.3396348,149.11116,1.7502214,150.88179,1.6949499,147.81847,1.1793071,146.40149,1.2894292,0.0,1.0,0.28707972,0.0076202056,,,0.3187093,0.007892751,,,0.027987782,0.0130906245,149.5494,1.3129253,0.0,1.0,0.1919525,0.007845884,,,0.20124264,0.007409194,,,0.027987782,0.0130906245,1,1.0,10.7720052139108,-9.42579771185958,,,16.049465,15.922963,,0.054189485,-21.074583,2.7472367,19.026073,20.487936,22.054478,0.6443247,243.7191,10.532922,1.197918,,7.0,0.0,Cluster,0.5259963,-0.19002356,1.0,False,True,True,True,True,True,True,True,True,True,True,True,True,True,0.00847242941018858,True,True,True,S0,False,True,True,True
9008500405_blue_red_7_Y16SBR2_P002_A0085T037_2017_09_14-2017_09_26,9008500405_A,9008500405_blue_7_Y16SBR2_P002_A0085T037_2017_09_14-2017_09_26.fits,9008500405,160.5,3.9166667,244.31479,1.7099322,264.97897,2.0115082,267.70862,2.9043272,265.09946,2.569115,254.98643,1.8655483,250.31631,1.6585706,0.0,1.0,0.06309548,0.0047158096,,,0.07164273,0.00446963,,,0.12777817,0.05756965,250.6692,1.8389779,0.0,1.0,0.038643263,0.005223607,,,0.04408081,0.005004709,,,0.12777817,0.05756965,1,1.0,10.6861674313201,-9.55452359227362,,,15.198733,15.0597925,,0.054540295,-21.937893,4.9601507,19.838497,21.408459,22.96332,0.40494785,161.93097,10.9712515,1.2739487,,7.0,0.0,Cluster,0.5335721,-0.090470105,1.0,False,True,True,True,True,True,True,True,True,True,True,True,True,True,0.006998889424582114,True,True,True,S0,False,True,True,True
9008500533_blue_red_7_Y15SBR2_P003_A0085T033_2016_09_28-2016_10_04,9008500533_A,9008500533_blue_7_Y15SBR2_P003_A0085T033_2016_09_28-2016_10_04.fits,9008500533,12.5,4.499998,105.42752,2.2991247,104.90498,2.5623388,106.530365,3.400007,107.22265,2.5512757,104.47019,2.2172308,102.07671,2.136286,,,,,,,,,,,,,107.22265,2.8421013,,,,,,,,,,,,,1,0.5,10.4518719998374,-8.89047733200159,,,17.190483,17.195744,,0.05585483,-19.801086,1.4234184,19.520645,20.745232,22.34904,0.34027913,182.00574,10.005469,1.145502,,7.0,0.0,Cluster,0.65562487,0.28227612,1.0,False,True,True,True,True,True,True,True,True,True,True,True,True,True,0.021807633338999155,True,True,True,Elliptical/S0,False,True,True,True
9008500542_blue_red_10_Y14SBR1_P002_A0085T007_2014_10_21-2014_10_26,9008500542_A,9008500542_blue_10_Y14SBR1_P002_A0085T007_2014_10_21-2014_10_26.fits,9008500542,328.0,5.0,77.61643,2.0146954,75.63304,2.3008215,74.64082,3.020963,75.811195,2.3358624,75.38257,1.9885478,76.64573,1.7961967,0.0,1.0,0.1962106,0.020964708,,,0.22170135,0.02002993,,,0.080436215,0.04397715,76.36087,2.160859,0.0,1.0,0.1671611,0.0228667,,,0.18468618,0.021306729,,,0.080436215,0.04397715,1,0.5,10.2422005098658,-8.94651657786019,,,17.120998,17.12686,,0.053679664,-19.867079,2.512651,20.857044,22.02448,23.640566,0.22205247,151.5728,10.040476,1.1347429,,7.0,0.0,Cluster,0.66165817,-0.33476013,1.0,False,True,True,True,True,True,True,True,True,True,True,True,True,True,0.025957073779353163,True,True,True,Elliptical/S0,False,True,True,True
9008500586_blue_red_10_Y14SBR1_P003_A0085T008_2014_10_21-2014_10_26,9008500586_A,9008500586_blue_10_Y14SBR1_P003_A0085T008_2014_10_21-2014_10_26.fits,9008500586,1.5,4.499998,108.22258,2.1410694,98.45706,2.1585221,95.25555,3.2928665,95.57738,2.7505143,99.764,1.9629524,101.87339,2.0714755,0.0,1.0,0.36566725,0.020652417,,,0.42838305,0.026390282,,,,,96.48795,2.4712071,0.0,1.0,,,,,,,,,,,1,1.0,10.1679021976198,-8.9889329280971,,,17.295258,17.224876,,0.058626965,-19.77517,3.2496846,20.514643,22.063955,23.620852,0.642686,175.69469,10.063623,1.2259388,,7.0,0.0,Cluster,0.6776579,1.0668118,1.0,False,True,True,True,True,True,True,True,True,True,True,True,True,True,0.01978394342474556,True,True,True,S0,False,True,True,True
9008500631_blue_red_7_Y15SBR2_P003_A0085T033_2016_09_28-2016_10_04,9008500631_A,9008500631_blue_7_Y15SBR2_P003_A0085T033_2016_09_28-2016_10_04.fits,9008500631,104.0,1.5833334,159.32552,1.8844275,157.00804,1.9516503,165.24216,3.079307,158.4749,2.2435608,156.68466,1.7948352,155.76456,1.832748,0.0,1.0,0.23431097,0.012538391,,,0.27689886,0.0150813805,,,,,157.25603,1.9051429,,,,,,,,,,,,,1,0.5,10.1814100359114,-8.95758171762049,,,16.496254,16.461815,,0.05442814,-20.53479,1.8884467,19.230486,20.563139,22.1476,0.43242103,104.80971,10.328973,1.1805668,,7.0,0.0,Cluster,0.7017508,-0.122293584,1.0,False,True,True,True,True,True,True,True,True,True,True,True,True,True,0.011827530831219003,True,True,True,Elliptical/S0,False,True,True,True
9008500663_blue_red_7_Y15SBR2_P003_A0085T033_2016_09_28-2016_10_04,9008500663_A,9008500663_blue_7_Y15SBR2_P003_A0085T033_2016_09_28-2016_10_04.fits,9008500663,198.0,4.0,109.63706,2.1314423,110.66327,2.2815835,113.76994,3.3063602,112.39493,2.5117738,109.49202,1.9662154,108.09146,1.9320273,0.0,1.0,0.17205213,0.018750781,,,0.2073747,0.01777263,,,,,111.34985,2.307219,,,,,,,,,,,,,1,0.5,10.1205520228866,-9.62499194953875,,,17.038252,17.044662,,0.05632534,-19.953283,1.7855377,19.945774,21.309748,22.889402,0.2501879,196.14694,10.113906,1.1984311,,7.0,0.0,Cluster,0.7378423,0.41557917,1.0,False,True,True,True,True,True,True,True,True,True,True,True,True,True,0.019440892523020954,True,True,True,Elliptical/S0,False,True,True,True
9008500688_blue_red_7_Y15SBR2_P005_A0085T029_2017_09_14-2017_09_26,9008500688_A,9008500688_blue_7_Y15SBR2_P005_A0085T029_2017_09_14-2017_09_26.fits,9008500688,273.0,14.416667,131.71077,2.2963526,131.71077,2.331409,140.84203,3.1393182,135.01537,2.4758728,132.82532,2.1004553,133.55974,2.022174,,,,,,,,,,,,,135.01537,2.536836,,,,,,,,,,,,,1,0.0,10.3561204415341,-9.77188072143247,,,17.10215,17.064629,,0.054106317,-19.931467,1.3549963,19.58669,21.204403,22.754873,0.057506792,84.98446,10.081089,1.1703129,,7.0,0.0,Cluster,0.762069,-0.21362968,1.0,False,True,True,True,True,True,True,True,True,True,True,True,True,True,0.01743481265806889,True,True,True,Elliptical,True,True,True,True
9008500690_blue_red_10_Y14SBR1_P003_A0085T008_2014_10_21-2014_10_26,9008500690_A,9008500690_blue_10_Y14SBR1_P003_A0085T008_2014_10_21-2014_10_26.fits,9008500690,340.0,1.5,106.90813,2.021947,99.59977,2.1314962,104.559845,2.7230573,100.22162,2.294407,98.69522,1.9056679,99.04009,1.7651755,0.0,1.0,0.5842871,0.012925166,,,0.7532817,0.020587914,,,0.02691903,0.009008044,102.754585,1.6877232,0.0,1.0,0.54488313,0.01349851,,,0.6790903,0.020203901,,,0.02691903,0.009008044,1,1.0,10.6680918327116,-9.73801298636085,,,16.389942,16.355213,,0.056152176,-20.64204,5.2443423,21.391973,22.387558,24.052183,0.423722,150.54308,10.354514,1.1598577,,7.0,0.0,Cluster,0.7635469,0.3665261,1.0,False,True,True,True,True,True,True,True,True,True,True,True,True,True,0.018912939549125027,True,True,True,S0,False,True,True,True
9008500731_blue_red_10_Y14SBR1_P003_A0085T008_2014_10_21-2014_10_26,9008500731_A,9008500731_blue_10_Y14SBR1_P003_A0085T008_2014_10_21-2014_10_26.fits,9008500731,228.5,0.8333333,170.53352,1.2409893,178.94267,1.3838084,183.50548,1.9041748,181.95595,1.5927584,178.49092,1.328147,177.17558,1.3616713,0.0,1.0,0.34439766,0.0066293944,,,0.36534315,0.007214649,,,0.02960074,0.008806795,175.7507,1.3118657,0.0,1.0,0.2558521,0.006486113,,,0.2755664,0.0063091377,,,0.02960074,0.008806795,1,1.0,10.3459355084466,-9.79653634123711,,,15.684615,15.514455,,0.056727923,-21.484814,3.8155937,20.110657,21.661293,23.218056,0.19202904,209.70522,10.740974,1.2269602,,7.0,0.0,Cluster,0.80376625,0.5295911,1.0,False,True,True,True,True,True,True,True,True,True,True,True,True,True,0.007277098953918267,True,True,True,S0,False,True,True,True
9008500735_blue_red_7_Y16SBR2_P004_A0085T035_2017_09_14-2017_09_26,9008500735_A,9008500735_blue_7_Y16SBR2_P004_A0085T035_2017_09_14-2017_09_26.fits,9008500735,220.5,1.75,158.58017,1.8370655,156.55293,1.7350068,159.43788,2.869457,157.68109,1.87182,155.53868,1.7145286,153.311,1.3739032,0.0,1.0,0.19038087,0.01305243,,,0.2167629,0.014032487,,,,,159.40671,2.0283394,0.0,1.0,,,,,,,,,,,1,1.0,10.5746161784533,-8.808864782944,,,16.44492,16.36169,,0.056649443,-20.636532,1.9488797,18.820107,20.20243,21.779417,0.60662335,225.73521,10.374859,1.1882077,,7.0,0.0,Cluster,0.80536306,0.5073688,1.0,False,True,True,True,True,True,True,True,True,True,True,True,True,True,0.011584459141392016,True,True,True,S0,False,True,True,True
9008500744_blue_red_7_Y15SBR2_P003_A0085T033_2016_09_28-2016_10_04,9008500744_A,9008500744_blue_7_Y15SBR2_P003_A0085T033_2016_09_28-2016_10_04.fits,9008500744,243.5,5.0833335,125.80669,2.8245573,128.21748,2.6034575,123.52058,3.8958378,127.22324,2.6398497,128.54527,2.333629,127.98707,2.0480888,,,,,,,,,,,,,127.74767,3.0719044,,,,,,,,,,,,,1,1.0,10.3963988368932,-9.81024075645135,,,16.979858,16.966549,,0.055316146,-20.030842,1.5950809,18.932423,20.125793,21.736109,0.6323163,242.919,10.115624,1.1729012,,7.0,0.0,Cluster,0.8115285,0.1295844,1.0,False,True,True,True,True,True,True,True,True,True,True,True,True,True,0.02245156676485169,True,True,True,S0,False,True,True,True
9008500753_blue_red_8_Y16SBR2_P003_A0085T038_2017_09_14-2017_09_26,9008500753_A,9008500753_blue_8_Y16SBR2_P003_A0085T038_2017_09_14-2017_09_26.fits,9008500753,265.0,6.8333335,90.22981,2.4509099,90.40898,2.8463774,98.25328,5.5658793,90.0204,3.2978323,93.61169,2.8433795,92.45617,2.4353838,0.0,1.0,0.20033282,0.02505348,,,0.21881312,0.025111875,,,0.12631717,0.06211735,92.45617,2.6241715,0.0,1.0,0.17212187,0.026622249,,,0.183423,0.026671445,,,0.12631717,0.06211735,1,0.5,10.1893064973207,-8.86085464122393,,,17.176256,17.172016,,0.059532534,-19.827831,2.7277894,21.095114,22.322725,23.925926,0.14482684,98.2874,10.007386,1.1483974,,7.0,0.0,Cluster,0.8210296,1.3226473,1.0,False,True,True,True,True,True,True,True,True,True,True,True,True,True,0.027162973079517736,True,True,True,Elliptical/S0,False,True,True,True
9008500759_blue_red_7_Y15SBR2_P005_A0085T029_2017_09_14-2017_09_26,9008500759_A,9008500759_blue_7_Y15SBR2_P005_A0085T029_2017_09_14-2017_09_26.fits,9008500759,353.5,1.9166666,152.46472,2.0224822,155.72134,1.7614311,155.54463,3.4640353,151.84265,2.3601823,155.72134,1.7929523,156.78459,1.6099081,,,,,,,,,,,,,151.84265,2.3490758,,,,,,,,,,,,,1,1.0,10.7314961391534,-9.74868455569834,,,16.613028,16.52213,,0.051574916,-20.47231,1.4453002,18.776978,20.18343,21.75706,0.44031513,170.3333,10.305779,1.1784306,,7.0,0.0,Cluster,0.82537305,-0.9330315,1.0,False,True,True,True,True,True,True,True,True,True,True,True,True,True,0.013265247199483262,True,True,True,S0,False,True,True,True
9008500777_blue_red_7_Y15SBR2_P001_A0085T026_2015_09_07-2015_09_13,9008500777_A,9008500777_blue_7_Y15SBR2_P001_A0085T026_2015_09_07-2015_09_13.fits,9008500777,55.5,1.0833334,191.76562,1.5881646,186.07793,1.6500926,190.51888,1.9165045,190.10612,1.6293125,187.96875,1.5254015,187.32913,1.427513,0.0,1.0,0.29467326,0.007977684,,,0.33294713,0.007854016,,,0.029469531,0.010001958,187.30745,1.7160963,0.0,1.0,0.21825658,0.008242446,,,0.2390479,0.007882472,,,0.029469531,0.010001958,1,1.0,10.5969839305624,-9.812965513888,,,15.994217,15.985367,,0.0552438,-21.012875,2.280752,18.601767,19.827982,21.431461,0.66438437,238.23593,10.569563,1.2448797,,7.0,0.0,Cluster,0.8375365,0.109072015,1.0,False,True,True,True,True,True,True,True,True,True,True,True,True,True,0.008281800460374493,True,True,True,S0,False,True,True,True
9008500829_blue_red_7_Y15SBR2_P001_A0085T026_2015_09_07-2015_09_13,9008500829_A,9008500829_blue_7_Y15SBR2_P001_A0085T026_2015_09_07-2015_09_13.fits,9008500829,33.0,1.6666666,129.95064,1.1808792,128.85338,1.1845553,135.43411,1.7520163,132.47269,1.6283431,128.85338,1.3459507,126.4588,1.0588987,0.0,1.0,0.16738021,0.009343252,,,0.1757324,0.009137741,,,,,132.47269,1.4484774,0.0,1.0,,,,,,,,,,,1,0.0,10.7583808994751,-9.77784690404392,,,16.436209,16.412868,,0.04897179,-20.579037,1.5073853,19.079548,20.54214,22.108595,0.12553534,234.06352,10.317806,1.1369247,,7.0,0.0,Cluster,0.88683575,-1.6746134,1.0,False,True,True,True,True,True,True,True,True,True,True,True,True,True,0.009087136469662634,True,True,True,Elliptical,True,True,True,True
9008500848_blue_red_7_Y16SBR2_P002_A0085T037_2017_09_14-2017_09_26,9008500848_A,9008500848_blue_7_Y16SBR2_P002_A0085T037_2017_09_14-2017_09_26.fits,9008500848,276.0,1.5,240.14362,2.2639992,239.19487,2.1032023,253.89795,4.1731105,239.30437,2.4275088,239.77722,2.0541673,237.92151,1.9115816,0.0,1.0,0.13330267,0.008467698,,,0.14298394,0.008280498,,,0.030656692,0.022010477,239.19487,2.1577034,,,,,,,,,,,,,1,1.0,10.7160931237066,-9.80777745420941,,,15.835886,15.815916,,0.05522861,-21.18234,2.2178056,18.744362,20.193844,21.7619,0.49615988,91.46989,10.671626,1.2767249,,7.0,0.0,Cluster,0.89605856,0.10476445,1.0,False,True,True,True,True,True,True,True,True,True,True,True,True,True,0.009427688314184654,True,True,True,S0,False,True,True,True
9008500862_blue_red_7_Y16SBR2_P002_A0085T037_2017_09_14-2017_09_26,9008500862_A,9008500862_blue_7_Y16SBR2_P002_A0085T037_2017_09_14-2017_09_26.fits,9008500862,103.5,1.75,247.35887,2.3269992,244.5067,2.5123658,253.28035,3.6602845,250.73091,3.0507095,242.1559,2.0201666,237.45836,2.056128,0.0,1.0,0.2141371,0.008712875,,,0.23885082,0.009064163,,,0.03364565,0.01601631,242.97816,2.3604012,,,,,,,,,,,,,1,1.0,10.5301209585645,-9.87277463332775,,,15.826878,15.804037,,0.05693613,-21.195744,2.4594877,18.896515,20.224709,21.80988,0.53222895,101.94632,10.673769,1.2782068,,7.0,0.0,Cluster,0.91127276,0.58853805,1.0,False,True,True,True,True,True,True,True,True,True,True,True,True,True,0.009407381267548642,True,True,True,S0,False,True,True,True
9008500868_blue_red_7_Y15SBR2_P005_A0085T029_2017_09_14-2017_09_26,9008500868_A,9008500868_blue_7_Y15SBR2_P005_A0085T029_2017_09_14-2017_09_26.fits,9008500868,66.5,6.5833335,129.038,2.2389598,127.511406,2.2306225,130.7051,2.7082899,128.54265,2.04673,127.30009,1.8695376,125.64269,1.6903013,,,,,,,,,,,,,130.7051,2.54105,,,,,,,,,,,,,1,0.0,10.3477809453833,-9.86848943308123,,,17.320837,17.244537,,0.054453783,-19.75287,0.94420147,18.80718,20.303535,21.866064,0.23549321,237.3429,10.072604,1.2458382,,7.0,0.0,Cluster,0.914968,-0.11501763,1.0,False,True,True,True,True,True,True,True,True,True,True,True,True,True,0.01735116632309862,True,True,True,Elliptical,True,True,True,True
9008500897_blue_red_7_Y16SBR2_P002_A0085T037_2017_09_14-2017_09_26,9008500897_A,9008500897_blue_7_Y16SBR2_P002_A0085T037_2017_09_14-2017_09_26.fits,9008500897,335.5,2.3333333,139.94852,2.0182266,143.31238,2.1538777,151.2217,3.7022731,147.62947,2.639997,140.30441,1.9142416,138.66486,1.7839446,,,,,,,,,,,,,140.30441,2.1545513,,,,,,,,,,,,,1,0.5,10.6020199990398,-9.87362479980222,,,16.594818,16.604538,,0.05779857,-20.3947,2.0692613,19.748343,21.171787,22.743156,0.2718431,156.73628,10.300367,1.2122612,,7.0,0.0,Cluster,0.93284386,0.8325856,1.0,False,True,True,True,True,True,True,True,True,True,True,True,True,True,0.014421207169607797,True,True,True,Elliptical/S0,False,True,True,True
9008500951_blue_red_7_Y17SBR1_P001_A0085T039_2017_09_14-2017_09_26,9008500951_A,9008500951_blue_7_Y17SBR1_P001_A0085T039_2017_09_14-2017_09_26.fits,9008500951,88.5,2.0,137.77473,1.4861169,134.82875,1.9016923,130.2153,2.5960395,132.17099,2.317591,135.03249,1.8011755,134.72449,1.5424079,0.0,1.0,0.3249163,0.0094391415,,,0.36979783,0.010312603,,,0.029616129,0.014604267,135.36232,1.7108762,0.0,1.0,0.26723862,0.0103235515,,,0.29763082,0.010663616,,,0.029616129,0.014604267,1,1.0,10.6444489120166,-9.89894788667892,,,16.145115,16.046766,,0.058343694,-20.951735,3.9578183,20.247934,21.586344,23.169897,0.5064814,262.39438,10.492844,1.1739264,,7.0,0.0,Cluster,0.98925173,0.9867387,1.0,False,True,True,True,True,True,True,True,True,True,True,True,True,True,0.010786570948097667,True,True,True,S0,False,True,True,True
9008501028_blue_red_7_Y16SBR2_P002_A0085T037_2017_09_14-2017_09_26,9008501028_A,9008501028_blue_7_Y16SBR2_P002_A0085T037_2017_09_14-2017_09_26.fits,9008501028,258.0,2.1666667,239.42824,2.859047,243.02701,2.7025826,243.68153,5.150431,242.50458,3.3830047,238.69183,2.593649,235.91632,2.314144,0.0,1.0,0.19053373,0.011320267,,,0.21501629,0.010761102,,,,,241.94238,3.0323024,,,,,,,,,,,,,1,1.0,10.8502084331635,-9.84868502348509,,,16.148232,16.074072,,0.059287116,-20.927164,2.2801497,18.929354,20.422644,21.985518,0.5709576,254.07587,10.529473,1.2402315,,2.0,0.0,Cluster,1.0600632,1.2533352,1.0,False,True,True,True,True,True,True,True,True,True,True,True,True,True,0.011941143617812167,True,True,True,S0,False,True,True,True
9008501058_blue_red_7_Y17SBR1_P001_A0085T039_2017_09_14-2017_09_26,9008501058_A,9008501058_blue_7_Y17SBR1_P001_A0085T039_2017_09_14-2017_09_26.fits,9008501058,278.5,6.3333335,123.56619,4.2870417,118.12837,2.7572439,120.68484,5.446959,119.847336,3.3943317,118.12837,2.974449,120.77595,2.739618,,,,,,,,,,,,,119.847336,3.3705971,,,,,,,,,,,,,1,0.5,10.8492633179716,-9.86486495857702,,,17.087976,17.076557,,0.04974548,-19.91566,1.1045872,18.47812,19.565401,21.201672,0.57375276,108.317604,10.052617,1.133749,,2.0,0.0,Cluster,1.0803245,-1.454013,1.0,False,True,True,True,True,True,True,True,True,True,True,True,True,True,0.034694293803183535,True,True,True,Elliptical/S0,False,True,True,True
9008501077_blue_red_7_Y17SBR1_P001_A0085T039_2017_09_14-2017_09_26,9008501077_A,9008501077_blue_7_Y17SBR1_P001_A0085T039_2017_09_14-2017_09_26.fits,9008501077,148.0,4.5,78.650314,1.7490469,76.710625,2.324907,68.33535,4.04722,76.9256,2.6520178,75.65614,2.1066425,77.065865,1.9924535,0.0,1.0,0.28839776,0.01896797,,,0.32777348,0.020339377,,,0.1548388,0.10158901,77.065865,2.0603883,0.0,1.0,0.17884386,0.021820966,,,0.20282745,0.02080346,,,0.1548388,0.10158901,1,0.0,11.0094619302391,-9.72628978199288,,,16.815565,16.758955,,0.056317993,-20.236023,3.5430038,21.154549,22.558323,24.132317,0.19150998,156.79634,10.110109,1.0632229,,2.0,0.0,Cluster,1.0917064,0.41349828,1.0,False,True,True,True,True,True,True,True,True,True,True,True,True,True,0.022238269767111168,True,True,True,Elliptical,True,True,True,True
9011900006_blue_red_7_Y13SBR1_P005_A0119T002_2013_08_30-2013_09_04,9011900006_A,9011900006_blue_7_Y13SBR1_P005_A0119T002_2013_08_30-2013_09_04.fits,9011900006,335.5,1.1666666,228.80573,1.121791,241.16815,1.3896446,260.70578,2.5989943,251.38118,1.8102909,241.16815,1.1928309,235.60768,1.4750519,0.0,1.0,0.16699648,0.004299067,,,0.17206107,0.00404771,,,0.028497752,0.008636363,222.51785,1.3946426,0.0,1.0,0.19474326,0.0040824893,,,0.196737,0.0037794672,,,0.028497752,0.008636363,1,0.0,14.0756150589043,-1.24184017010364,,,15.212702,15.001332,,0.04361263,-21.498928,2.6059005,19.021425,20.363825,21.946754,0.052937705,169.88126,10.841409,1.2993641,,7.0,0.0,Cluster,0.024552945,-0.19959885,1.0,False,True,True,True,True,True,True,True,True,True,True,True,True,True,0.004902809907776348,True,True,True,Elliptical,True,True,True,True
9011900013_blue_red_7_Y13SBR2_P005_A0119T005_2013_10_02-2013_10_08,9011900013_A,9011900013_blue_7_Y13SBR2_P005_A0119T005_2013_10_02-2013_10_08.fits,9011900013,295.5,2.5,161.04988,1.3404003,162.4697,1.3415118,163.48529,2.2706368,164.78702,1.6912371,162.4697,1.3664831,160.871,1.2339243,0.0,1.0,0.12313198,0.008021918,,,0.1357823,0.008026051,,,0.05086816,0.028052408,163.26758,1.3822813,0.0,1.0,0.101192094,0.008596394,,,0.10954776,0.008628146,,,0.05086816,0.028052408,1,0.5,14.0427316106223,-1.26768646829129,,,16.096497,16.087168,,0.04569421,-20.415071,2.0341873,19.16185,20.405502,22.005552,0.30814984,115.39799,10.37608,1.2726784,,7.0,0.0,Cluster,0.042069037,0.51185447,1.0,False,True,True,True,True,True,True,True,True,True,True,True,True,True,0.008322889157073573,True,True,True,Elliptical/S0,False,True,True,True
9011900025_blue_red_7_Y15SBR1_P006_A0119T037_2015_09_07-2015_09_13,9011900025_A,9011900025_blue_7_Y15SBR1_P006_A0119T037_2015_09_07-2015_09_13.fits,9011900025,316.5,5.0833335,82.68856,1.409107,81.00232,1.7741828,77.333786,2.629229,80.52597,1.9419311,81.00232,1.6866671,81.255646,1.6352452,0.0,1.0,0.15922543,0.018626334,,,0.18432994,0.018973613,,,,,80.85265,2.130881,,,,,,,,,,,,,1,1.0,14.0735016341419,-1.29539913330802,,,17.394276,17.396564,,0.0472295,-19.107056,1.975591,20.279413,21.600061,23.186451,0.37979275,125.814476,9.805207,1.221386,,7.0,0.0,Cluster,0.06235633,1.0356842,1.0,False,True,True,True,True,True,True,True,True,True,True,True,True,True,0.017041136041067835,True,True,True,S0,False,True,True,True
9011900026_blue_red_7_Y16SBR1_P002_A0119T044_2017_09_14-2017_09_26,9011900026_A,9011900026_blue_7_Y16SBR1_P002_A0119T044_2017_09_14-2017_09_26.fits,9011900026,259.0,29.83333,66.62554,2.137939,64.32315,2.0564275,55.58629,4.3100595,60.284164,2.5734155,64.25877,2.5234807,64.32315,2.3823988,0.0,1.0,0.15125614,0.028401317,,,0.19075072,0.031553127,,,0.6511919,0.23911841,66.49258,2.3680453,0.0,1.0,0.17267889,0.028725356,,,0.2146497,0.031097613,,,0.6511919,0.23911841,1,1.0,14.102856099287,-1.27846422839776,,,17.45619,16.57982,,0.03740503,-19.914854,3.164202,21.195738,22.227749,23.880344,0.29454967,245.385,10.112734,1.1572647,,7.0,0.0,Cluster,0.065412894,-2.3296893,1.0,False,True,True,True,True,True,True,True,True,True,True,True,True,True,0.03208888063046093,True,True,True,S0,False,True,True,True
9011900045_blue_red_7_Y13SBR2_P003_A0119T003_2013_10_02-2013_10_08,9011900045_A,9011900045_blue_7_Y13SBR2_P003_A0119T003_2013_10_02-2013_10_08.fits,9011900045,241.0,4.4166665,102.84201,1.4520624,102.731766,1.6035348,107.77706,2.3824844,105.05067,1.6213738,102.731766,1.3606489,100.7357,1.3319087,0.0,1.0,0.09469951,0.012063219,,,0.10696628,0.011408255,,,,,104.161865,1.3881569,0.0,1.0,,,,,,,,,,,1,0.5,13.99137156215,-1.23989317635675,,,16.755444,16.714882,,0.04455142,-19.786306,1.7934108,19.776571,20.94124,22.557962,0.20654333,151.62665,10.043321,1.1791267,,7.0,0.0,Cluster,0.11896777,0.12144191,1.0,False,True,True,True,True,True,True,True,True,True,True,True,True,True,0.014119350642796654,True,True,True,Elliptical/S0,False,True,True,True
9011900048_blue_red_7_Y13SBR1_P004_A0119T001_2013_08_30-2013_09_04,9011900048_A,9011900048_blue_7_Y13SBR1_P004_A0119T001_2013_08_30-2013_09_04.fits,9011900048,210.5,0.5,213.80835,1.0968349,207.09404,1.083376,213.7241,2.4618258,211.66428,1.6691979,208.30577,1.3300211,207.09404,1.1154637,0.0,1.0,0.48046973,0.0035585682,,,0.5630083,0.0045032892,,,0.024435168,0.0036723511,211.17358,0.9816948,0.0,1.0,0.4424879,0.0037195915,,,0.50906175,0.0044567096,,,0.024435168,0.0036723511,1,1.0,14.0874983969279,-1.17663772140593,,,14.749536,14.744415,,0.039110404,-21.751873,5.52308,19.675196,20.793314,22.42137,0.5239581,210.13667,10.890302,1.2332134,,7.0,0.0,Cluster,0.12511094,-1.743246,1.0,False,True,True,True,True,True,True,True,True,True,True,True,True,True,0.005129990947500413,True,True,True,S0,False,True,True,True
9011900051_blue_red_7_Y13SBR1_P004_A0119T001_2013_08_30-2013_09_04,9011900051_A,9011900051_blue_7_Y13SBR1_P004_A0119T001_2013_08_30-2013_09_04.fits,9011900051,254.0,0.8333333,203.00775,1.3430319,209.05905,1.6217158,214.20334,2.674914,212.5757,2.2281792,209.05905,1.5616896,205.02985,1.6925341,0.0,1.0,0.34473595,0.0054173344,,,0.37498298,0.005672426,,,0.03940442,0.00793843,210.11617,1.4997737,0.0,1.0,0.285866,0.005916903,,,0.30785936,0.006012806,,,0.03940442,0.00793843,1,0.0,13.9962126740417,-1.30043579962424,,,15.545835,15.503294,,0.04872503,-21.001677,3.0859733,19.584635,20.90075,22.487883,0.25487778,252.66154,10.581162,1.2430887,,7.0,0.0,Cluster,0.12927866,1.5452074,1.0,False,True,True,True,True,True,True,True,True,True,True,True,True,True,0.00661566812104464,True,True,True,Elliptical,True,True,True,True
9011900057_blue_red_7_Y13SBR1_P005_A0119T002_2013_08_30-2013_09_04,9011900057_A,9011900057_blue_7_Y13SBR1_P005_A0119T002_2013_08_30-2013_09_04.fits,9011900057,275.0,0.41666666,264.41733,1.0178891,262.04785,0.97147524,275.0788,1.9809004,271.4904,1.5584238,265.82703,1.2289296,263.57162,1.027459,0.0,1.0,0.36598998,0.0028459325,,,0.4120348,0.002989292,,,0.012068652,0.00323452,263.5904,0.9424536,0.0,1.0,0.37095565,0.0026530444,,,0.41028666,0.0028081746,,,0.012068652,0.00323452,1,1.0,13.9819692061225,-1.24719596288707,,,14.369579,14.195179,,0.04069311,-22.302422,4.2612762,18.549997,19.752754,21.361065,0.5697016,272.05716,11.12023,1.2520189,,7.0,0.0,Cluster,0.13162485,-1.1998372,1.0,False,True,True,True,True,True,True,True,True,True,True,True,True,True,0.0038495551709867132,True,True,True,S0,False,True,True,True
9011900073_blue_red_7_Y13SBR2_P004_A0119T004_2013_10_02-2013_10_08,9011900073_A,9011900073_blue_7_Y13SBR2_P004_A0119T004_2013_10_02-2013_10_08.fits,9011900073,306.5,4.4166665,157.41048,1.9961745,152.37743,1.5282922,156.09564,2.2780464,157.41048,1.9198385,154.89795,1.6387208,152.37743,1.566721,,,,,,,,,,,,,156.09564,2.4874885,,,,,,,,,,,,,1,0.0,14.1351169598402,-1.18747523066132,,,16.399101,16.367311,,0.03859032,-20.12846,0.9771018,18.292383,19.59214,21.182013,0.054935496,132.07376,10.217698,1.2127314,,7.0,0.0,Cluster,0.14778838,-1.9219913,1.0,False,True,True,True,True,True,True,True,True,True,True,True,True,True,0.012681331636877036,True,True,True,Elliptical,True,True,True,True
9011900074_blue_red_7_Y13SBR2_P005_A0119T005_2013_10_02-2013_10_08,9011900074_A,9011900074_blue_7_Y13SBR2_P005_A0119T005_2013_10_02-2013_10_08.fits,9011900074,286.5,29.75,224.64046,1.2287996,244.48296,1.2990916,250.97319,2.0180128,248.76033,1.7493947,245.73463,1.278482,243.76282,1.2869587,0.0,1.0,0.04534484,0.003457897,,,0.048085276,0.0029083183,,,1.319231,0.63694155,231.02379,1.1078559,0.0,1.0,0.037992675,0.003303973,,,0.04109819,0.0028620404,,,1.319231,0.63694155,1,0.0,14.0112292544339,-1.33438480068325,,,14.210192,14.166082,,0.04278983,-22.333414,6.3446355,20.08106,21.431826,23.013468,0.04206126,161.16327,11.154631,1.2787819,,7.0,0.0,Cluster,0.14891954,-0.48121008,1.0,False,True,True,True,True,True,True,True,True,True,True,True,True,True,0.005470072488277491,True,True,True,Elliptical,True,True,True,True
9011900082_blue_red_7_Y13SBR1_P005_A0119T002_2013_08_30-2013_09_04,9011900082_A,9011900082_blue_7_Y13SBR1_P005_A0119T002_2013_08_30-2013_09_04.fits,9011900082,185.0,0.75,176.50546,1.4046873,173.88695,1.162919,174.90736,2.0851963,171.7072,1.3094283,173.424,1.0835955,173.544,1.1041944,0.0,1.0,0.4133887,0.004765068,,,0.46874592,0.005488896,,,0.02307548,0.005564162,175.54243,1.178059,0.0,1.0,0.34520537,0.0049757366,,,0.38168225,0.005367629,,,0.02307548,0.005564162,1,1.0,14.1279804846512,-1.17287783556346,,,15.255657,15.150428,,0.042158056,-21.348635,4.362662,19.716206,21.155727,22.725029,0.4137453,185.38487,10.679285,1.180604,,7.0,0.0,Cluster,0.15768035,-0.69759256,1.0,False,True,True,True,True,True,True,True,True,True,True,True,True,True,0.007958322082501017,True,True,True,S0,False,True,True,True
9011900086_blue_red_12_Y15SBR2_P007_A0119T031_2016_09_28-2016_10_04,9011900086_A,9011900086_blue_12_Y15SBR2_P007_A0119T031_2016_09_28-2016_10_04.fits,9011900086,256.0,8.75,113.97925,1.7248895,114.377686,1.6697915,113.56599,2.8910608,115.039635,2.2615132,114.377686,1.7202431,114.07346,1.7019544,,,,,,,,,,,,,115.039635,2.0942674,,,,,,,,,,,,,2,0.5,14.1129302378979,-1.34834402255415,,,17.009783,16.936884,,0.049984407,-19.568558,1.502967,19.20121,20.567293,22.146635,0.41192713,99.79756,9.940234,1.1668777,,7.0,0.0,Cluster,0.1594365,1.9737045,1.0,True,True,True,True,True,True,True,True,True,True,True,True,True,True,0.015133364186902441,True,True,True,Elliptical/S0,False,True,True,True
9011900091_blue_red_7_Y13SBR2_P004_A0119T004_2013_10_02-2013_10_08,9011900091_A,9011900091_blue_7_Y13SBR2_P004_A0119T004_2013_10_02-2013_10_08.fits,9011900091,159.0,1.5833334,107.25744,1.0464363,103.81078,1.2329285,97.870224,1.9487824,102.42237,1.417651,103.81078,1.0739461,102.66312,1.06099,0.0,1.0,0.37451252,0.008677801,,,0.4373732,0.010455538,,,0.011974051,0.009231287,103.76698,1.1792408,0.0,1.0,0.29895827,0.008963575,,,0.33454657,0.009603093,,,0.011974051,0.009231287,1,1.0,14.0597069562241,-1.14434613994375,,,16.121931,16.082392,,0.044955246,-20.419127,3.5489285,19.914042,21.020178,22.651354,0.58029926,155.84564,10.266267,1.1514864,,7.0,0.0,Cluster,0.17119756,0.25945014,1.0,False,True,True,True,True,True,True,True,True,True,True,True,True,True,0.009756305017162447,True,True,True,S0,False,True,True,True
9011900097_blue_red_12_Y15SBR2_P007_A0119T031_2016_09_28-2016_10_04,9011900097_A,9011900097_blue_12_Y15SBR2_P007_A0119T031_2016_09_28-2016_10_04.fits,9011900097,143.0,8.333333,99.77121,2.0566235,99.27965,1.8059579,106.974075,2.562004,101.305374,1.9434081,99.27965,1.8197378,98.52064,1.7020075,,,,,,,,,,,,,101.305374,1.8078862,,,,,,,,,,,,,2,1.0,14.1709484403845,-1.30734338532248,,,17.19755,17.16252,,0.046673775,-19.340168,1.2456899,19.054188,20.201277,21.822136,0.45455775,155.95132,9.843629,1.1538008,,7.0,0.0,Cluster,0.17856261,0.8461643,1.0,True,True,True,True,True,True,True,True,True,True,True,True,True,True,0.020613396389599768,True,True,True,S0,False,True,True,True
9011900118_blue_red_7_Y15SBR2_P002_A0119T034_2015_09_07-2015_09_13,9011900118_A,9011900118_blue_7_Y15SBR2_P002_A0119T034_2015_09_07-2015_09_13.fits,9011900118,347.0,2.75,83.03667,2.0740983,74.506195,1.8712366,76.83,3.4282148,75.11915,2.701491,74.506195,2.068844,76.7744,1.8897488,0.0,1.0,0.5140712,0.020759335,,,0.6555833,0.034516938,,,0.03311013,0.010653342,78.48884,2.0987613,0.0,1.0,0.51942337,0.020855138,,,0.6434565,0.034480527,,,0.03311013,0.010653342,1,1.0,14.1881559318236,-1.29999295962006,,,17.02966,17.03831,,0.046292152,-19.463762,3.281054,20.76067,21.81381,23.459906,0.5591759,164.47417,9.847,1.104269,,7.0,0.0,Cluster,0.19838372,0.71596,1.0,False,True,True,True,True,True,True,True,True,True,True,True,True,True,0.024978100639151356,True,True,True,S0,False,True,True,True
9011900123_blue_red_6_Y14SBR1_P004_A0119T007_2014_10_21-2014_10_26,9011900123_A,9011900123_blue_6_Y14SBR1_P004_A0119T007_2014_10_21-2014_10_26.fits,9011900123,329.0,3.5,132.32776,1.7152575,130.19809,1.6195493,140.28937,2.6438026,133.05922,1.8252983,130.19809,1.5642906,134.30988,1.408068,0.0,1.0,0.09494593,0.017052386,,,0.10148478,0.017726073,,,,,134.22139,1.889105,,,,,,,,,,,,,1,1.0,14.1611426806924,-1.35180087071184,,,16.399715,16.376335,,0.044617474,-20.124723,1.7624207,18.70105,19.952168,21.55079,0.5736427,145.96158,10.17018,1.1631536,,7.0,0.0,Cluster,0.2071543,0.14401938,1.0,False,True,True,True,True,True,True,True,True,True,True,True,True,True,0.012962189490700968,True,True,True,S0,False,True,True,True
9011900137_blue_red_7_Y13SBR1_P005_A0119T002_2013_08_30-2013_09_04,9011900137_A,9011900137_blue_7_Y13SBR1_P005_A0119T002_2013_08_30-2013_09_04.fits,9011900137,340.5,1.4166666,182.20311,1.2623115,181.44708,1.3957881,186.58522,2.3424857,184.05632,1.6169428,181.44708,1.4167356,181.17209,1.4765795,0.0,1.0,0.22087523,0.0075601013,,,0.24412125,0.00765512,,,0.02653661,0.015274212,181.61723,1.4729806,0.0,1.0,0.17473,0.008172195,,,0.190289,0.008163989,,,0.02653661,0.015274212,1,1.0,13.938870046724,-1.32459270790024,,,15.969647,15.931607,,0.04588637,-20.570843,2.2919922,19.126682,20.422888,22.013369,0.43301708,156.15611,10.433659,1.2652044,,7.0,0.0,Cluster,0.22422138,0.57746094,1.0,False,True,True,True,True,True,True,True,True,True,True,True,True,True,0.006928045849491812,True,True,True,S0,False,True,True,True
9011900156_blue_red_7_Y13SBR1_P005_A0119T002_2013_08_30-2013_09_04,9011900156_A,9011900156_blue_7_Y13SBR1_P005_A0119T002_2013_08_30-2013_09_04.fits,9011900156,139.5,1.5,162.10419,1.5069995,184.19557,1.2730359,190.36502,2.1639817,189.18071,1.6817211,184.19557,1.2613924,180.63142,1.2379544,0.0,1.0,0.32383186,0.0061339815,,,0.3054579,0.0057307878,,,0.03140617,0.013676826,173.44897,1.1094434,0.0,1.0,0.19290748,0.0056110066,,,0.19413023,0.0052751554,,,0.03140617,0.013676826,1,0.5,14.1606650520239,-1.39054478983117,,,15.192124,15.212355,,0.044169135,-21.288553,5.2091393,20.517632,22.101173,23.654741,0.03307027,84.56374,10.693269,1.2331057,,7.0,0.0,Cluster,0.2528663,-0.009254326,1.0,False,True,True,True,True,True,True,True,True,True,True,True,True,True,0.00929648703096447,True,True,True,Elliptical/S0,False,True,True,True
9011900157_blue_red_7_Y15SBR2_P002_A0119T034_2015_09_07-2015_09_13,9011900157_A,9011900157_blue_7_Y15SBR2_P002_A0119T034_2015_09_07-2015_09_13.fits,9011900157,311.5,6.25,60.6192,2.3872957,59.467804,2.3563776,60.104675,2.8354893,60.663517,2.6329863,58.85882,2.2048926,59.2192,2.2558556,0.0,1.0,0.18790507,0.029976005,,,0.20268974,0.030474953,,,0.10928952,0.05603378,60.76227,2.5166101,0.0,1.0,0.1702781,0.031564232,,,0.18280573,0.03165137,,,0.10928952,0.05603378,1,0.5,14.1222152513529,-1.09908839327125,,,17.420355,17.393295,,0.04212071,-19.10528,1.8579507,20.494911,21.679508,23.291739,0.21972448,119.61284,9.709981,1.097372,,7.0,0.0,Cluster,0.2549278,-0.7103876,1.0,False,True,True,True,True,True,True,True,True,True,True,True,True,True,0.03938184106685671,True,True,True,Elliptical/S0,False,True,True,True
9011900165_blue_red_7_Y15SBR2_P001_A0119T030_2015_09_07-2015_09_13,9011900165_A,9011900165_blue_7_Y15SBR2_P001_A0119T030_2015_09_07-2015_09_13.fits,9011900165,151.0,3.5,83.77254,1.54289,83.25011,1.5223048,86.94086,2.3681743,84.40129,1.7922132,82.2069,1.679371,82.78713,1.5132021,0.0,1.0,0.28569028,0.01693056,,,0.3144444,0.018408446,,,0.04027339,0.023868674,82.82105,1.5532207,0.0,1.0,0.22748287,0.01675686,,,0.244053,0.017392812,,,0.04027339,0.023868674,1,1.0,13.9093296960378,-1.18341326356847,,,17.0843,17.08807,,0.040397268,-19.409468,2.6964734,20.606976,21.880678,23.47512,0.4220611,156.57083,9.8699465,1.1479149,,7.0,0.0,Cluster,0.26680982,-1.3013502,1.0,False,True,True,True,True,True,True,True,True,True,True,True,True,True,0.01841761035298679,True,True,True,S0,False,True,True,True
9011900168_blue_red_7_Y13SBR2_P005_A0119T005_2013_10_02-2013_10_08,9011900168_A,9011900168_blue_7_Y13SBR2_P005_A0119T005_2013_10_02-2013_10_08.fits,9011900168,30.5,1.9166666,122.597855,1.3957962,124.493065,1.585501,123.09925,2.7143347,123.760956,2.2128537,124.493065,1.694837,124.17474,1.4587101,0.0,1.0,0.22860977,0.010016103,,,0.24386996,0.010062598,,,0.04791511,0.01988093,123.771095,1.4515891,0.0,1.0,0.19340053,0.010857784,,,0.20766422,0.010686131,,,0.04791511,0.01988093,1,0.5,14.2440199853116,-1.2568858515511,,,16.191511,16.17119,,0.044621002,-20.329998,2.6337173,20.164242,21.372496,22.97965,0.07438793,215.0127,10.276308,1.1900282,,7.0,0.0,Cluster,0.27206534,0.14522518,1.0,False,True,True,True,True,True,True,True,True,True,True,True,True,True,0.011385160042155713,True,True,True,Elliptical/S0,False,True,True,True
9011900170_blue_red_7_Y13SBR2_P005_A0119T005_2013_10_02-2013_10_08,9011900170_A,9011900170_blue_7_Y13SBR2_P005_A0119T005_2013_10_02-2013_10_08.fits,9011900170,28.0,3.5833333,98.97822,1.635069,98.25913,1.92097,99.23021,3.7191846,100.64028,2.3982108,98.25913,1.7131841,98.72201,1.4896823,0.0,1.0,0.19670872,0.016267035,,,0.21128565,0.01619667,,,,,99.597374,1.9988086,,,,,,,,,,,,,1,1.0,14.1250668756476,-1.08702782777093,,,16.906527,16.893616,,0.04800878,-19.609842,1.9996977,19.775352,21.121286,22.70367,0.41863754,204.49965,9.912812,1.1151924,,7.0,0.0,Cluster,0.27389425,1.3012747,1.0,False,True,True,True,True,True,True,True,True,True,True,True,True,True,0.01651948277105812,True,True,True,S0,False,True,True,True
9011900175_blue_red_7_Y13SBR1_P005_A0119T002_2013_08_30-2013_09_04,9011900175_A,9011900175_blue_7_Y13SBR1_P005_A0119T002_2013_08_30-2013_09_04.fits,9011900175,149.5,23.499998,156.05765,1.3802665,163.23389,1.2296001,165.96637,2.116117,166.14905,1.7749833,163.23389,1.2191848,161.88388,1.0538962,0.0,1.0,0.046368487,0.00634219,,,0.052673817,0.005501455,,,0.54869473,0.28368902,160.17462,1.2966685,0.0,1.0,0.042353958,0.006354357,,,0.04616879,0.0058196452,,,0.54869473,0.28368902,1,0.5,14.2196501610932,-1.159170212797,,,15.464143,15.4018135,,0.04577066,-21.1004,3.9398851,20.08489,21.543709,23.110619,0.18688865,159.08145,10.569044,1.1803712,,7.0,0.0,Cluster,0.27736506,0.5379571,1.0,False,True,True,True,True,True,True,True,True,True,True,True,True,True,0.00884459364856513,True,True,True,Elliptical/S0,False,True,True,True
9011900183_blue_red_6_Y14SBR1_P004_A0119T007_2014_10_21-2014_10_26,9011900183_A,9011900183_blue_6_Y14SBR1_P004_A0119T007_2014_10_21-2014_10_26.fits,9011900183,275.5,1.6666666,167.40094,1.5038089,172.42946,1.5957915,171.15353,2.7966843,172.07147,1.8442487,172.42946,1.7124317,169.05347,1.4322675,0.0,1.0,0.23199011,0.008332651,,,0.23804007,0.007821446,,,0.041164633,0.017478488,170.30127,1.5096236,0.0,1.0,0.20697743,0.00868582,,,0.214741,0.008105068,,,0.041164633,0.017478488,1,0.0,14.1164503173078,-1.43529571004066,,,15.788057,15.730488,,0.04506117,-20.770947,2.6013644,19.539494,20.953262,22.52591,0.1675161,94.37562,10.43958,1.1741123,,7.0,0.0,Cluster,0.28702024,0.2956414,1.0,False,True,True,True,True,True,True,True,True,True,True,True,True,True,0.008983276318520075,True,True,True,Elliptical,True,True,True,True
9011900186_blue_red_7_Y13SBR2_P003_A0119T003_2013_10_02-2013_10_08,9011900186_A,9011900186_blue_7_Y13SBR2_P003_A0119T003_2013_10_02-2013_10_08.fits,9011900186,109.5,1.75,93.44447,1.4728178,82.647194,1.563447,82.995094,2.4232578,82.13362,1.7460403,82.647194,1.3600512,84.54871,1.3671061,0.0,1.0,0.53364384,0.011650361,,,0.67373174,0.018186074,,,0.029254368,0.008102811,87.4828,1.5271959,0.0,1.0,0.49686998,0.012414086,,,0.6092406,0.018072173,,,0.029254368,0.008102811,1,1.0,13.8846006557668,-1.21108105897017,,,16.368725,16.340496,,0.04589949,-20.1614,4.012146,20.703978,21.693512,23.36024,0.46822014,111.37179,10.142353,1.1212949,,7.0,0.0,Cluster,0.28894347,0.58194,1.0,False,True,True,True,True,True,True,True,True,True,True,True,True,True,0.01576142280008651,True,True,True,S0,False,True,True,True
9011900189_blue_red_7_Y13SBR2_P004_A0119T004_2013_10_02-2013_10_08,9011900189_A,9011900189_blue_7_Y13SBR2_P004_A0119T004_2013_10_02-2013_10_08.fits,9011900189,285.0,5.5833335,53.86341,2.2639446,58.529755,2.0764546,53.65259,3.4697168,56.702084,2.5865993,58.885616,1.9253359,60.098896,1.8235538,1.0,0.681626,0.2526825,0.021969682,0.19439729,0.021969682,0.28141308,0.022277165,0.22019823,0.022277165,0.11714676,0.05979103,55.836857,1.6241276,1.0,0.9078374,0.2078555,0.021970158,0.19442412,0.021970158,0.23425488,0.022277165,0.22019823,0.022277165,0.11714676,0.05979103,1,0.0,13.8796596621666,-1.22344988980089,,,16.539656,16.505884,,0.043020178,-19.993498,4.7924614,21.804855,22.910181,24.54157,0.012734736,146.86401,10.077732,1.1127605,,7.0,0.0,Cluster,0.29254502,-0.40234938,1.0,False,True,True,True,True,True,True,True,True,True,True,True,True,True,0.04203121562485553,True,True,True,Elliptical,True,True,True,True
9011900198_blue_red_7_Y15SBR2_P002_A0119T034_2015_09_07-2015_09_13,9011900198_A,9011900198_blue_7_Y15SBR2_P002_A0119T034_2015_09_07-2015_09_13.fits,9011900198,92.0,7.3333335,88.73845,2.0717566,85.57117,1.9880048,96.2895,2.6981976,89.610725,2.296762,85.57117,2.0935571,85.44189,1.7633706,0.0,1.0,0.2400857,0.024495317,,,0.27584955,0.02594467,,,0.08689431,0.03852747,85.44189,1.8953362,0.0,1.0,0.19552231,0.02199046,,,0.21414427,0.02072002,,,0.08689431,0.03852747,1,0.5,13.8785115416531,-1.29714558210139,,,16.887257,16.889828,,0.04605186,-19.612654,3.6908588,21.304325,22.691332,24.267653,0.24277921,275.41583,9.997012,1.2029667,,7.0,0.0,Cluster,0.29718876,0.6339512,1.0,False,True,True,True,True,True,True,True,True,True,True,True,True,True,0.02334677470701821,True,True,True,Elliptical/S0,False,True,True,True
9011900201_blue_red_7_Y15SBR2_P002_A0119T034_2015_09_07-2015_09_13,9011900201_A,9011900201_blue_7_Y15SBR2_P002_A0119T034_2015_09_07-2015_09_13.fits,9011900201,357.0,2.4999983,98.72856,1.1574167,94.24705,1.4048381,97.15709,2.2843351,95.49947,1.4304097,94.24705,1.3034445,97.193954,1.2801774,0.0,1.0,0.33254826,0.012582872,,,0.37130564,0.014441348,,,0.04958321,0.015326446,94.71588,1.2485366,0.0,1.0,0.2553834,0.01247409,,,0.28060395,0.013082785,,,0.04958321,0.015326446,1,1.0,14.0909943758564,-1.44943384143062,,,16.67222,16.648659,,0.046205297,-19.853403,2.5663254,19.751083,21.139717,22.715807,0.5587111,176.67134,10.025073,1.1255018,,7.0,0.0,Cluster,0.3008183,0.68631965,1.0,False,True,True,True,True,True,True,True,True,True,True,True,True,True,0.01172322071749046,True,True,True,S0,False,True,True,True
9011900202_blue_red_7_Y13SBR2_P005_A0119T005_2013_10_02-2013_10_08,9011900202_A,9011900202_blue_7_Y13SBR2_P005_A0119T005_2013_10_02-2013_10_08.fits,9011900202,109.5,3.8333333,83.897026,2.3053975,82.36432,1.8434418,82.29027,3.2801628,84.770035,2.5150352,82.36432,1.9215661,84.30873,1.9280294,1.0,0.9173984,0.32366857,0.018280644,0.30606562,0.018280644,0.37031746,0.020263782,0.3504381,0.020263782,0.14921379,0.04693072,84.41125,1.8596286,0.0,1.0,0.21923585,0.018064862,,,0.23510115,0.018255576,,,0.14921379,0.04693072,1,1.0,14.2197149334061,-1.13124609102938,,,16.736078,16.722248,,0.047979586,-19.781364,4.8688407,21.592577,23.150433,24.706478,0.29005536,105.28599,10.034747,1.1668644,,7.0,0.0,Cluster,0.30255887,1.2913281,1.0,False,True,True,True,True,True,True,True,True,True,True,True,True,True,0.027478894186308826,True,True,True,S0,False,True,True,True
9011900216_blue_red_7_Y15SBR2_P002_A0119T034_2015_09_07-2015_09_13,9011900216_A,9011900216_blue_7_Y15SBR2_P002_A0119T034_2015_09_07-2015_09_13.fits,9011900216,155.5,8.083331,94.561966,2.133212,93.042,1.8935877,92.68044,3.591899,94.77588,2.199474,93.042,1.9547637,89.912315,1.8986745,,,,,,,,,,,,,94.77588,2.070793,,,,,,,,,,,,,1,0.0,14.0027462029505,-1.45089494085262,,,17.24825,17.23408,,0.04495895,-19.267012,1.2455049,19.637278,20.93214,22.52285,0.07868851,166.25157,9.78694,1.1203327,,7.0,0.0,Cluster,0.31671268,0.2607154,1.0,False,True,True,True,True,True,True,True,True,True,True,True,True,True,0.022558879539369983,True,True,True,Elliptical,True,True,True,True
9011900217_blue_red_7_Y13SBR2_P004_A0119T004_2013_10_02-2013_10_08,9011900217_A,9011900217_blue_7_Y13SBR2_P004_A0119T004_2013_10_02-2013_10_08.fits,9011900217,169.0,2.0833333,153.40186,1.7012146,154.84225,1.5223727,155.27571,2.4037316,155.61688,1.9299123,154.84225,1.5225327,152.99942,1.3715068,,,,,,,,,,,,,155.61688,1.9106977,,,,,,,,,,,,,1,1.0,13.9566309482556,-1.08168385993166,,,16.394014,16.336884,,0.04462412,-20.164396,1.6603447,18.527477,19.853401,21.438936,0.5825986,163.56763,10.218373,1.20294,,7.0,0.0,Cluster,0.31671542,0.14629093,1.0,False,True,True,True,True,True,True,True,True,True,True,True,True,True,0.011089921595474787,True,True,True,S0,False,True,True,True
9011900222_blue_red_7_Y15SBR2_P007_A0119T026_2016_09_01-2016_09_05,9011900222_A,9011900222_blue_7_Y15SBR2_P007_A0119T026_2016_09_01-2016_09_05.fits,9011900222,9.5,3.999998,63.12026,2.1726685,68.04242,1.9784849,57.214046,3.1065478,58.565216,2.5779526,64.94252,2.2229512,68.04242,1.9874488,0.0,1.0,0.2962055,0.0316311,,,0.39550364,0.03639342,,,,,59.069244,2.4687035,0.0,1.0,,,,,,,,,,,1,1.0,13.8686223026521,-1.32377012257115,,,17.690895,17.680685,,0.039594978,-18.815994,1.5742042,20.198465,21.195343,22.859522,0.3772427,211.57654,9.569715,1.0763016,,7.0,0.0,Cluster,0.3229897,-1.5767845,1.0,False,True,True,True,True,True,True,True,True,True,True,True,True,True,0.03442109554048098,True,True,True,S0,False,True,True,True
9011900250_blue_red_7_Y13SBR2_P003_A0119T003_2013_10_02-2013_10_08,9011900250_A,9011900250_blue_7_Y13SBR2_P003_A0119T003_2013_10_02-2013_10_08.fits,9011900250,101.5,1.5833334,107.11047,1.2665651,104.25208,1.2011727,103.75059,1.8736593,103.80582,1.318048,104.25208,1.1237198,104.72402,1.3108943,0.0,1.0,0.27276814,0.010788877,,,0.3237981,0.011637974,,,,,103.99649,1.351803,0.0,1.0,,,,,,,,,,,1,1.0,14.1154425496897,-1.02403378811293,,,16.555813,16.505653,,0.04639718,-19.996595,2.2155454,19.135962,20.380108,21.980062,0.6402881,106.8626,10.083936,1.1280575,,7.0,0.0,Cluster,0.36358872,0.75179857,1.0,False,True,True,True,True,True,True,True,True,True,True,True,True,True,0.011824848681926238,True,True,True,S0,False,True,True,True
9011900251_blue_red_7_Y15SBR2_P005_A0119T025_2016_09_01-2016_09_05,9011900251_A,9011900251_blue_7_Y15SBR2_P005_A0119T025_2016_09_01-2016_09_05.fits,9011900251,139.5,4.8333335,73.25412,2.2232158,73.255295,1.8067614,72.30393,2.1026132,74.210884,1.9123082,73.255295,1.7557026,73.88019,1.9440863,1.0,0.9108536,0.29785845,0.025224185,0.2800595,0.025224185,0.34221193,0.024590766,0.3223608,0.024590766,0.06825544,0.027050069,73.88019,1.6105795,0.0,1.0,0.2529707,0.021838743,,,0.28912055,0.023043104,,,0.06825544,0.027050069,1,0.5,13.939929663257,-1.05483238483225,,,17.114885,17.086706,,0.044032596,-19.413797,3.8791451,21.540518,22.925713,24.502289,0.24107006,165.26114,9.856388,1.133009,,7.0,0.0,Cluster,0.36536208,-0.055946153,1.0,False,True,True,True,True,True,True,True,True,True,True,True,True,True,0.030349361919848335,True,True,True,Elliptical/S0,False,True,True,True
9011900261_blue_red_7_Y16SBR1_P002_A0119T044_2017_09_14-2017_09_26,9011900261_A,9011900261_blue_7_Y16SBR1_P002_A0119T044_2017_09_14-2017_09_26.fits,9011900261,220.0,4.25,205.86647,1.4268751,212.84813,1.7379187,234.32513,3.2755246,219.60678,2.1289678,212.84813,1.7106311,212.1692,1.5558435,0.0,1.0,0.113693446,0.007280433,,,0.12392199,0.0065167323,,,0.092913866,0.033707898,211.67964,1.4960213,0.0,1.0,0.0928792,0.007825064,,,0.10175763,0.0075038243,,,0.092913866,0.033707898,1,0.5,14.1703401146999,-1.03452037095126,,,15.584435,15.499295,,0.04428264,-21.00172,3.3948977,19.694098,21.26196,22.817024,0.25393128,222.35606,10.568536,1.2222548,,7.0,0.0,Cluster,0.37503222,0.029556187,1.0,False,True,True,True,True,True,True,True,True,True,True,True,True,True,0.006931070902415532,True,True,True,Elliptical/S0,False,True,True,True
9011900263_blue_red_7_Y16SBR1_P002_A0119T044_2017_09_14-2017_09_26,9011900263_A,9011900263_blue_7_Y16SBR1_P002_A0119T044_2017_09_14-2017_09_26.fits,9011900263,15.0,3.1666667,110.10329,1.4889483,111.8971,1.6131784,111.27161,2.1561291,109.95136,1.8354158,111.8971,1.4880329,110.547554,1.4503734,0.0,1.0,0.16972235,0.014090811,,,0.17979613,0.013194989,,,0.06469655,0.027969263,109.7984,1.7882272,0.0,1.0,0.15671341,0.014164209,,,0.1700971,0.0135917505,,,0.06469655,0.027969263,1,0.5,13.8246168050592,-1.28625893106004,,,16.574314,16.371202,,0.04532706,-20.13075,1.7963008,19.426336,20.486448,22.130472,0.3117703,196.3748,10.231358,1.2359924,,7.0,0.0,Cluster,0.37606943,0.3864712,1.0,False,True,True,True,True,True,True,True,True,True,True,True,True,True,0.013523195355924422,True,True,True,Elliptical/S0,False,True,True,True
9011900272_blue_red_7_Y16SBR1_P002_A0119T044_2017_09_14-2017_09_26,9011900272_A,9011900272_blue_7_Y16SBR1_P002_A0119T044_2017_09_14-2017_09_26.fits,9011900272,46.5,1.1666666,205.24213,1.6338183,212.25577,1.8405939,225.86966,2.50224,219.53128,2.2360826,212.25577,1.8343647,208.40314,1.4935312,0.0,1.0,0.28510794,0.0064416947,,,0.29459798,0.0064398027,,,0.043219358,0.011167876,208.27399,1.6924814,0.0,1.0,0.24585554,0.0063808328,,,0.2563925,0.006256692,,,0.043219358,0.011167876,1,0.5,13.8771512679547,-1.41424309391645,,,15.3938465,15.346746,,0.043065038,-21.153177,2.92074,19.420912,20.835543,22.408075,0.19077227,227.3385,10.6401205,1.2271633,,7.0,0.0,Cluster,0.38098776,-0.38699326,1.0,False,True,True,True,True,True,True,True,True,True,True,True,True,True,0.007960443111752933,True,True,True,Elliptical/S0,False,True,True,True
9011900274_blue_red_6_Y14SBR1_P004_A0119T007_2014_10_21-2014_10_26,9011900274_A,9011900274_blue_6_Y14SBR1_P004_A0119T007_2014_10_21-2014_10_26.fits,9011900274,25.5,1.9166666,178.23328,2.4731975,178.97002,2.1567926,176.86746,3.2344015,177.31866,2.3864646,178.97002,2.1418633,178.58566,1.7091575,,,,,,,,,,,,,177.31866,2.5896213,,,,,,,,,,,,,1,1.0,13.8271345548998,-1.31807082114962,,,16.277987,16.262297,,0.047666557,-20.241604,1.4342785,18.286396,19.42631,21.048904,0.53052205,208.82378,10.234484,1.1949015,,7.0,0.0,Cluster,0.38157505,1.1846645,1.0,False,True,True,True,True,True,True,True,True,True,True,True,True,True,0.013876182382998281,True,True,True,S0,False,True,True,True
9011900279_blue_red_7_Y13SBR1_P004_A0119T001_2013_08_30-2013_09_04,9011900279_A,9011900279_blue_7_Y13SBR1_P004_A0119T001_2013_08_30-2013_09_04.fits,9011900279,259.5,0.9166667,147.73059,1.4014779,158.789,1.2890625,160.93356,2.195444,160.28636,1.5865337,158.789,1.3816853,156.24318,1.2220796,0.0,1.0,0.46042478,0.0052051474,,,0.49150732,0.006043011,,,0.022338549,0.0051089562,149.27544,1.2132978,0.0,1.0,0.37943217,0.005080398,,,0.40477797,0.005463886,,,0.022338549,0.0051089562,1,1.0,14.27896953085,-1.39740226188563,,,15.004216,15.012556,,0.048623506,-21.492054,6.70004,20.706684,22.040487,23.624765,0.30208465,231.76274,10.753651,1.2106667,,7.0,0.0,Cluster,0.39230135,1.5106412,1.0,False,True,True,True,True,True,True,True,True,True,True,True,True,True,0.009486714295258686,True,True,True,S0,False,True,True,True
9011900281_blue_red_7_Y16SBR1_P002_A0119T044_2017_09_14-2017_09_26,9011900281_A,9011900281_blue_7_Y16SBR1_P002_A0119T044_2017_09_14-2017_09_26.fits,9011900281,323.5,0.9166667,180.76843,1.2254666,180.89272,1.5075675,187.35176,2.314069,186.2884,1.9254421,182.6731,1.5636401,179.91895,1.501709,0.0,1.0,0.36803544,0.0065065376,,,0.40385914,0.007007359,,,0.037583854,0.011911543,180.35312,1.1976393,0.0,1.0,0.30044067,0.006746712,,,0.32305697,0.0068880804,,,0.037583854,0.011911543,1,0.5,14.2903824963196,-1.38030953296239,,,15.481437,15.469707,,0.040083166,-21.027378,3.6095524,19.7965,21.15015,22.731354,0.30519766,147.31688,10.594828,1.2348022,,7.0,0.0,Cluster,0.3935052,-1.4091594,1.0,False,True,True,True,True,True,True,True,True,True,True,True,True,True,0.006779206966614691,True,True,True,Elliptical/S0,False,True,True,True
9011900285_blue_red_7_Y15SBR2_P007_A0119T026_2016_09_01-2016_09_05,9011900285_A,9011900285_blue_7_Y15SBR2_P007_A0119T026_2016_09_01-2016_09_05.fits,9011900285,131.5,4.4166665,84.85023,1.4859579,83.611404,1.520814,80.87283,2.2415528,82.85928,1.8562583,83.611404,1.4009349,84.95321,1.6584713,0.0,1.0,0.27117112,0.017517937,,,0.30143845,0.019344721,,,,,83.77387,1.5742471,0.0,1.0,,,,,,,,,,,1,1.0,14.1068620358508,-1.51137213695958,,,17.110952,17.083382,,0.046327062,-19.418625,2.1280947,19.868505,21.1494,22.742556,0.5394597,126.860146,9.863637,1.1339092,,7.0,0.0,Cluster,0.3985766,0.7278727,1.0,False,True,True,True,True,True,True,True,True,True,True,True,True,True,0.01751271505097865,True,True,True,S0,False,True,True,True
9011900287_blue_red_7_Y16SBR1_P002_A0119T044_2017_09_14-2017_09_26,9011900287_A,9011900287_blue_7_Y16SBR1_P002_A0119T044_2017_09_14-2017_09_26.fits,9011900287,128.0,3.8333333,66.36631,1.356929,79.971214,1.2656416,84.15447,2.1183832,82.657936,1.5955079,80.76674,1.3794458,79.28467,1.3728588,0.0,1.0,0.14507039,0.012598358,,,0.1431126,0.010367189,,,0.16964614,0.04533087,70.91149,1.2059954,0.0,1.0,0.12897047,0.012548921,,,0.13105132,0.010469997,,,0.16964614,0.04533087,1,0.5,13.9298698885626,-1.03373441104989,,,15.66691,15.68992,,0.04220918,-20.80917,4.8613925,20.912344,22.084215,23.699291,0.13347316,182.54512,10.430638,1.1497087,,7.0,0.0,Cluster,0.40108517,-0.6800784,1.0,False,True,True,True,True,True,True,True,True,True,True,True,True,True,0.020446051618660133,True,True,True,Elliptical/S0,False,True,True,True
9011900298_blue_red_7_Y15SBR2_P005_A0119T025_2016_09_01-2016_09_05,9011900298_A,9011900298_blue_7_Y15SBR2_P005_A0119T025_2016_09_01-2016_09_05.fits,9011900298,182.0,9.499999,201.81277,1.2384975,213.56793,1.3088623,221.13882,1.6459205,216.40039,1.4976158,213.56793,1.3501526,212.09012,1.1756666,0.0,1.0,0.07800973,0.0060329046,,,0.08495384,0.0053845122,,,0.44284537,0.32724765,209.84586,1.2016252,0.0,1.0,0.036916185,0.005517924,,,0.042530883,0.0048968545,,,0.44284537,0.32724765,1,0.5,14.0981053784898,-0.986897497806227,,,14.997808,14.854098,,0.044029556,-21.646242,6.026561,20.09866,21.631105,23.18973,0.4054316,155.66428,10.809507,1.2271681,,7.0,0.0,Cluster,0.41579032,-0.056985743,1.0,False,True,True,True,True,True,True,True,True,True,True,True,True,True,0.006136863886264482,True,True,True,Elliptical/S0,False,True,True,True
9011900304_blue_red_7_Y16SBR1_P002_A0119T044_2017_09_14-2017_09_26,9011900304_A,9011900304_blue_7_Y16SBR1_P002_A0119T044_2017_09_14-2017_09_26.fits,9011900304,102.0,8.083333,65.68649,2.5950978,65.4113,2.5589755,57.87975,3.7508712,63.509235,2.87668,65.4113,2.9145818,67.51509,2.305125,0.0,1.0,0.20795956,0.03670834,,,0.22594246,0.037092302,,,,,63.509235,2.6358855,,,,,,,,,,,,,1,0.5,14.0471364580488,-1.52651858414814,,,17.76045,17.625092,,0.04732094,-18.877672,1.5184771,20.374374,21.53642,23.15375,0.2580409,92.17946,9.618164,1.1092892,,7.0,0.0,Cluster,0.4183061,1.0668589,1.0,False,True,True,True,True,True,True,True,True,True,True,True,True,True,0.039507329437149095,True,True,True,Elliptical/S0,False,True,True,True
9011900312_blue_red_12_Y15SBR2_P007_A0119T031_2016_09_28-2016_10_04,9011900312_A,9011900312_blue_12_Y15SBR2_P007_A0119T031_2016_09_28-2016_10_04.fits,9011900312,69.0,5.8333335,113.609634,1.4477085,116.15779,1.3151658,121.58328,2.148955,116.46475,1.4805641,116.15779,1.2977052,115.50458,1.2285856,0.0,1.0,0.120384,0.00929588,,,0.13613892,0.008491985,,,0.1290188,0.06599594,115.39824,1.1454488,0.0,1.0,0.08273295,0.007885038,,,0.09468514,0.0070229582,,,0.1290188,0.06599594,2,0.0,14.0472813133251,-1.53127902447304,,,15.892151,15.8686905,,0.048947193,-20.635296,4.8656945,21.036814,22.620167,24.173754,0.031634983,250.22934,10.351956,1.1400242,,7.0,0.0,Cluster,0.42559466,1.6208346,1.0,True,True,True,True,True,True,True,True,True,True,True,True,True,True,0.012742832179179453,True,True,True,Elliptical,True,True,True,True
9011900314_blue_red_7_Y16SBR1_P002_A0119T044_2017_09_14-2017_09_26,9011900314_A,9011900314_blue_7_Y16SBR1_P002_A0119T044_2017_09_14-2017_09_26.fits,9011900314,1.0,2.3333313,202.53162,2.9836547,216.13527,1.8117024,229.35078,2.6938214,223.15378,2.2786849,219.7593,1.9244868,215.23247,1.7643967,1.0,0.6873062,0.34427032,0.010198427,0.26956317,0.010198427,0.37355816,0.00852136,0.2938559,0.00852136,0.035968855,0.012008026,215.80417,1.9705222,0.0,1.0,0.25014833,0.009084828,,,0.2703701,0.008538705,,,0.035968855,0.012008026,1,0.5,13.9163054764255,-1.48903670254614,,,15.98999,15.784991,,0.042798195,-20.7145,7.1777806,21.255547,23.134426,24.667076,0.3604504,173.4609,10.42077,1.1711693,,7.0,0.0,Cluster,0.42787123,-0.47834653,1.0,False,True,True,True,True,True,True,True,True,True,True,True,True,True,0.014731796941139364,True,True,True,Elliptical/S0,False,True,True,True
9011900321_blue_red_12_Y15SBR2_P007_A0119T031_2016_09_28-2016_10_04,9011900321_A,9011900321_blue_12_Y15SBR2_P007_A0119T031_2016_09_28-2016_10_04.fits,9011900321,309.0,0.75,132.11569,1.1789566,121.70565,1.3282611,120.65041,1.9184482,120.12309,1.656655,121.70565,1.2490715,123.07655,1.011142,0.0,1.0,0.44137585,0.006132638,,,0.52232283,0.007829724,,,0.05656573,0.0072327717,127.892944,1.0643605,0.0,1.0,0.3650221,0.006297784,,,0.4146033,0.007347123,,,0.05656573,0.0072327717,2,1.0,14.1267906703042,-1.5340209119296,,,15.571989,15.570119,,0.048185337,-20.933723,4.885924,20.517864,21.717323,23.326334,0.3485343,133.01936,10.496003,1.1689014,,7.0,0.0,Cluster,0.43841866,1.3614199,1.0,True,True,True,True,True,True,True,True,True,True,True,True,True,True,0.008923668339468234,True,True,True,S0,False,True,True,True
9011900325_blue_red_7_Y15SBR2_P006_A0119T035_2016_09_28-2016_10_04,9011900325_A,9011900325_blue_7_Y15SBR2_P006_A0119T035_2016_09_28-2016_10_04.fits,9011900325,322.5,29.916666,125.05491,2.4549057,139.10524,1.4206617,149.1857,2.0324633,143.68993,1.7117063,139.10524,1.5022898,137.67487,1.3926368,1.0,0.7554096,0.14234161,0.012977938,0.1167052,0.012977938,0.1526572,0.012711607,0.12757161,0.012711607,0.3951673,0.21375936,132.80101,1.472957,0.0,1.0,0.07828438,0.011795795,,,0.087359786,0.012207853,,,0.3951673,0.21375936,1,0.0,14.0682426392983,-1.54318190948234,,,15.7002535,15.695363,,0.043897033,-20.804913,6.6189256,21.497944,22.980585,24.544674,0.0091611035,246.89272,10.437087,1.1511087,,7.0,0.0,Cluster,0.4428123,-0.10231025,1.0,False,True,True,True,True,True,True,True,True,True,True,True,True,True,0.019630622260253514,True,True,True,Elliptical,True,True,True,True
9011900328_blue_red_7_Y15SBR2_P006_A0119T035_2016_09_28-2016_10_04,9011900328_A,9011900328_blue_7_Y15SBR2_P006_A0119T035_2016_09_28-2016_10_04.fits,9011900328,327.0,13.916667,54.11239,2.2717388,65.79895,1.7178913,71.38712,2.7546139,68.473434,2.4016569,65.79895,1.7188509,63.7242,1.8992823,1.0,0.68753207,0.23011827,0.024832409,0.1776848,0.024832409,0.25912628,0.024880677,0.20388204,0.024880677,0.27046323,0.14548893,62.15238,1.8666753,0.0,1.0,0.1666067,0.024134714,,,0.18719208,0.021825245,,,0.27046323,0.14548893,1,0.0,13.9985730476824,-1.53576482828759,,,16.750048,16.708286,,0.044560593,-19.792591,4.945224,21.750349,23.012775,24.609278,0.21887,149.05489,10.020392,1.1434917,,7.0,0.0,Cluster,0.44410506,0.12457693,1.0,False,True,True,True,True,True,True,True,True,True,True,True,True,True,0.04198186034658606,True,True,True,Elliptical,True,True,True,True
9011900329_blue_red_7_Y13SBR2_P003_A0119T003_2013_10_02-2013_10_08,9011900329_A,9011900329_blue_7_Y13SBR2_P003_A0119T003_2013_10_02-2013_10_08.fits,9011900329,32.0,3.5833333,83.15936,1.481151,82.79303,1.5989166,84.5983,2.1254306,83.71644,1.6611887,82.79303,1.4503862,82.8091,1.4440142,0.0,1.0,0.2918573,0.015317138,,,0.33616918,0.016868902,,,0.041219823,0.021397404,83.26951,1.4941268,0.0,1.0,0.26768887,0.0160879,,,0.31045052,0.017066233,,,0.041219823,0.021397404,1,0.5,14.214968976315,-1.00719748500307,,,16.758286,16.741566,,0.047908388,-19.76178,2.6491845,20.42043,21.665577,23.265339,0.3218987,214.2528,9.993079,1.1320248,,7.0,0.0,Cluster,0.44439867,1.2670705,1.0,False,True,True,True,True,True,True,True,True,True,True,True,True,True,0.017810995659418256,True,True,True,Elliptical/S0,False,True,True,True
9011900365_blue_red_7_Y15SBR2_P007_A0119T026_2016_09_01-2016_09_05,9011900365_A,9011900365_blue_7_Y15SBR2_P007_A0119T026_2016_09_01-2016_09_05.fits,9011900365,147.0,4.9166665,154.9106,2.2661116,165.44598,1.4839242,172.22789,2.4220366,168.59999,1.8419,166.03831,1.504885,165.12878,1.6493763,1.0,0.8475728,0.15252292,0.01180971,0.1357362,0.01180971,0.16433302,0.009368614,0.14782847,0.009368614,0.101101056,0.0319046,161.52051,1.5904835,0.0,1.0,0.11965351,0.010135128,,,0.13148135,0.008514847,,,0.101101056,0.0319046,1,0.5,14.1919720558172,-1.5441655603039,,,15.870952,15.817612,,0.04036459,-20.679846,6.05651,21.23921,22.80092,24.356585,0.21349458,139.63457,10.4140625,1.1745996,,7.0,0.0,Cluster,0.48402575,-1.312565,1.0,False,True,True,True,True,True,True,True,True,True,True,True,True,True,0.014628512187029164,True,True,True,Elliptical/S0,False,True,True,True
9011900383_blue_red_7_Y13SBR1_P004_A0119T001_2013_08_30-2013_09_04,9011900383_A,9011900383_blue_7_Y13SBR1_P004_A0119T001_2013_08_30-2013_09_04.fits,9011900383,244.5,1.0,156.75021,1.2334483,155.32956,1.179894,162.43652,1.8724713,160.69121,1.3259487,157.1447,1.1318486,154.61636,1.0389047,0.0,1.0,0.4868609,0.00547516,,,0.54573375,0.006657221,,,0.037414026,0.0055705267,155.03607,1.0056566,0.0,1.0,0.3906881,0.005388509,,,0.43067512,0.0059845885,,,0.037414026,0.0055705267,1,1.0,14.2944826479846,-1.01877639199162,,,15.228005,15.188725,,0.041224428,-21.309555,6.15242,20.340422,21.868206,23.427319,0.4634406,240.11066,10.668077,1.189436,,7.0,0.0,Cluster,0.5047624,-1.0175985,1.0,False,True,True,True,True,True,True,True,True,True,True,True,True,True,0.007868878134198353,True,True,True,S0,False,True,True,True
9011900422_blue_red_12_Y16SBR2_P001_A0119T047_2017_09_14-2017_09_26,9011900422_A,9011900422_blue_12_Y16SBR2_P001_A0119T047_2017_09_14-2017_09_26.fits,9011900422,13.0,8.999999,78.50221,2.2650368,78.731384,2.1200745,80.58603,4.1019177,79.65935,2.9507847,78.731384,1.9718704,77.143776,2.3080368,0.0,1.0,0.12926903,0.029232115,,,0.14409938,0.02893954,,,,,79.65935,2.8111002,,,,,,,,,,,,,1,0.5,13.936756062515,-1.58055445380652,,,17.36718,17.32338,,0.04874522,-19.180471,1.7617949,20.23397,21.525293,23.116615,0.25718984,171.89389,9.764031,1.1344852,,7.0,0.0,Cluster,0.53900856,1.5520802,1.0,False,True,True,True,True,True,True,True,True,True,True,True,True,True,0.02885315967537729,True,True,True,Elliptical/S0,False,True,True,True
9011900429_blue_red_7_Y13SBR2_P003_A0119T003_2013_10_02-2013_10_08,9011900429_A,9011900429_blue_7_Y13SBR2_P003_A0119T003_2013_10_02-2013_10_08.fits,9011900429,184.5,1.0,121.89822,1.5662371,130.14438,1.1021789,139.83981,2.273441,138.03978,1.8128644,132.43182,1.2590833,129.65604,1.257829,0.0,1.0,0.5090121,0.008801721,,,0.5375246,0.010207794,,,0.046455905,0.010597339,126.92198,1.3246177,0.0,1.0,0.4211533,0.008421436,,,0.43854696,0.009344143,,,0.046455905,0.010597339,1,0.5,14.2354813423903,-0.943639945996434,,,15.796199,15.810769,,0.042545393,-20.688648,5.4683614,21.117441,22.480724,24.060482,0.21583158,180.67824,10.435576,1.201168,,7.0,0.0,Cluster,0.5450428,-0.5649145,1.0,False,True,True,True,True,True,True,True,True,True,True,True,True,True,0.01284872822589206,True,True,True,Elliptical/S0,False,True,True,True
9011900438_blue_red_7_Y13SBR2_P004_A0119T004_2013_10_02-2013_10_08,9011900438_A,9011900438_blue_7_Y13SBR2_P004_A0119T004_2013_10_02-2013_10_08.fits,9011900438,47.5,11.166667,99.31997,1.4596121,105.33334,1.6061758,109.4687,3.305224,106.868935,2.1151698,105.99528,1.6461438,104.6344,1.3003358,0.0,1.0,0.096920684,0.012624997,,,0.11266699,0.013051632,,,0.40523085,0.26649287,103.88601,1.4764019,0.0,1.0,0.05989312,0.012731526,,,0.07056853,0.011645748,,,0.40523085,0.26649287,1,0.0,14.1976021221588,-0.920046310579038,,,16.50499,16.484468,,0.0417958,-20.014297,3.4111428,20.888035,22.358889,23.924358,0.096858196,161.28503,10.157401,1.2030678,,7.0,0.0,Cluster,0.5535601,-0.8217233,1.0,False,True,True,True,True,True,True,True,True,True,True,True,True,True,0.014696058607347545,True,True,True,Elliptical,True,True,True,True
9011900440_blue_red_7_Y15SBR2_P003_A0119T040_2016_09_01-2016_09_05,9011900440_A,9011900440_blue_7_Y15SBR2_P003_A0119T040_2016_09_01-2016_09_05.fits,9011900440,97.0,1.0,249.77101,2.262772,254.92322,1.8740033,260.98715,2.921288,254.10594,2.1443512,254.92322,1.8228227,252.46143,1.9164087,1.0,0.9809716,0.37097958,0.0049794586,0.36657226,0.0049794586,0.41680005,0.0045998977,0.41170666,0.0045998977,0.021683605,0.00428592,255.13002,1.5632648,0.0,1.0,0.35181454,0.0044090985,,,0.3863491,0.004596122,,,0.021683605,0.00428592,1,1.0,13.9090708774163,-1.57951418112378,,,14.999165,14.856384,,0.049453758,-21.649178,7.6454816,20.49197,22.05351,23.609192,0.43423483,94.45709,10.830612,1.2335005,,7.0,0.0,Cluster,0.5548192,1.7932167,1.0,False,True,True,True,True,True,True,True,True,True,True,True,True,True,0.009059386035232831,True,True,True,S0,False,True,True,True
9011900451_blue_red_7_Y15SBR2_P005_A0119T025_2016_09_01-2016_09_05,9011900451_A,9011900451_blue_7_Y15SBR2_P005_A0119T025_2016_09_01-2016_09_05.fits,9011900451,85.0,1.1666666,153.32849,1.0793798,152.43213,1.2004057,156.09045,1.6091123,156.89746,1.219821,152.43213,1.1031573,150.25021,1.0581166,0.0,1.0,0.23836553,0.007519229,,,0.27517623,0.0077313664,,,0.027453542,0.012326538,155.37875,1.1287324,0.0,1.0,0.17415458,0.007856856,,,0.18767336,0.007910798,,,0.027453542,0.012326538,1,1.0,13.9732590473925,-0.901063608572917,,,15.991609,15.900358,,0.044129446,-20.600435,2.6050208,19.216219,20.723656,22.284954,0.48062536,265.9621,10.372318,1.1794443,,7.0,0.0,Cluster,0.5639222,-0.022826072,1.0,False,True,True,True,True,True,True,True,True,True,True,True,True,True,0.007039655839563802,True,True,True,S0,False,True,True,True
9011900459_blue_red_7_Y15SBR2_P006_A0119T035_2016_09_28-2016_10_04,9011900459_A,9011900459_blue_7_Y15SBR2_P006_A0119T035_2016_09_28-2016_10_04.fits,9011900459,345.5,4.1666665,69.73619,1.6999558,70.92316,1.9605771,75.675514,2.473112,71.23772,1.897059,70.33685,1.9039475,70.658455,1.7917604,0.0,1.0,0.2629097,0.023300884,,,0.2793741,0.022269875,,,0.05494716,0.036358457,70.33685,1.8545315,0.0,1.0,0.20695768,0.021862572,,,0.2188248,0.02011773,,,0.05494716,0.036358457,1,0.5,14.1928522401555,-1.60389182619675,,,17.235704,17.232655,,0.041224137,-19.26541,2.604621,20.886314,22.243652,23.824299,0.26105323,168.62193,9.819076,1.1434822,,7.0,0.0,Cluster,0.57000357,-1.0176982,1.0,False,True,True,True,True,True,True,True,True,True,True,True,True,True,0.02437695262674947,True,True,True,Elliptical/S0,False,True,True,True
9011900462_blue_red_7_Y15SBR1_P006_A0119T037_2015_09_07-2015_09_13,9011900462_A,9011900462_blue_7_Y15SBR1_P006_A0119T037_2015_09_07-2015_09_13.fits,9011900462,295.0,0.75,220.0858,1.3571836,215.3956,1.5700328,230.34889,2.4375422,222.41214,2.0790296,215.3956,1.5122432,214.27254,1.4320879,0.0,1.0,0.32464194,0.005927984,,,0.35692856,0.0062931664,,,0.01959971,0.009668686,216.68501,1.5082839,0.0,1.0,0.25198576,0.006135921,,,0.26863095,0.0060421494,,,0.01959971,0.009668686,1,1.0,14.1104489654089,-1.62598226810059,,,15.678672,15.668852,,0.04586455,-20.833563,2.7519188,19.076084,20.352406,21.946377,0.50576526,119.1204,10.546989,1.2746067,,7.0,0.0,Cluster,0.57407624,0.57001096,1.0,False,True,True,True,True,True,True,True,True,True,True,True,True,True,0.006166611385196137,True,True,True,S0,False,True,True,True
9011900475_blue_red_7_Y15SBR1_P006_A0119T037_2015_09_07-2015_09_13,9011900475_A,9011900475_blue_7_Y15SBR1_P006_A0119T037_2015_09_07-2015_09_13.fits,9011900475,7.5,6.8333306,68.96632,1.7271253,66.81901,1.8061353,66.41804,3.1363914,66.48088,1.9932076,66.81901,1.6238035,67.34845,1.5978553,0.0,1.0,0.1194531,0.01789046,,,0.13300799,0.017556963,,,0.15622331,0.06463354,67.87922,1.5830576,0.0,1.0,0.10094488,0.018096074,,,0.11110809,0.017601052,,,0.15622331,0.06463354,1,0.0,14.4403813122382,-1.33559082555154,,,16.879618,16.86835,,0.046146844,-19.631245,2.4842565,20.668514,21.72907,23.372963,0.14759012,182.71838,9.852388,1.0129375,,8.0,0.0,Cluster,0.5872005,0.6663702,1.0,False,True,True,True,True,True,True,True,True,True,True,True,True,True,0.025043025349184938,True,True,True,Elliptical,True,True,True,True
9011900479_blue_red_7_Y15SBR2_P003_A0119T040_2016_09_01-2016_09_05,9011900479_A,9011900479_blue_7_Y15SBR2_P003_A0119T040_2016_09_01-2016_09_05.fits,9011900479,251.5,1.0,133.19005,1.0103394,131.77005,1.230523,137.6403,1.860651,135.4224,1.3709412,131.77005,1.0429806,131.10472,1.1692044,0.0,1.0,0.38400903,0.0064306036,,,0.42496184,0.0073281513,,,0.020847186,0.008586905,132.58994,1.0413603,0.0,1.0,0.32563698,0.006629421,,,0.35414615,0.007113333,,,0.020847186,0.008586905,1,1.0,13.7059742180302,-1.38863276268126,,,15.462204,15.4909935,,0.04679076,-21.012144,4.3880873,19.985191,21.259104,22.853508,0.46283978,248.16846,10.564501,1.212447,,7.0,0.0,Cluster,0.59216166,0.8860685,1.0,False,True,True,True,True,True,True,True,True,True,True,True,True,True,0.007585697279939455,True,True,True,S0,False,True,True,True
9011900492_blue_red_7_Y13SBR2_P004_A0119T004_2013_10_02-2013_10_08,9011900492_A,9011900492_blue_7_Y13SBR2_P004_A0119T004_2013_10_02-2013_10_08.fits,9011900492,214.0,1.0833334,221.5377,1.7962636,220.89845,1.88125,224.70584,2.955977,224.41544,2.239733,220.89845,1.7753638,219.81859,1.954017,0.0,1.0,0.2504711,0.0069547584,,,0.28264552,0.006977608,,,0.022664689,0.010866938,222.75708,1.7785313,,,,,,,,,,,,,1,0.5,14.2704896782829,-0.919155985196978,,,15.722269,15.718319,,0.04461844,-20.78261,2.0858104,18.902021,20.091087,21.702337,0.3171135,212.75261,10.548814,1.3046255,,7.0,0.0,Cluster,0.6044938,0.14434916,1.0,False,True,True,True,True,True,True,True,True,True,True,True,True,True,0.008108162177363041,True,True,True,Elliptical/S0,False,True,True,True
9011900498_blue_red_7_Y13SBR2_P003_A0119T003_2013_10_02-2013_10_08,9011900498_A,9011900498_blue_7_Y13SBR2_P003_A0119T003_2013_10_02-2013_10_08.fits,9011900498,335.0,1.5,87.23023,0.9705585,87.6877,0.9658979,84.970856,1.4869192,87.25364,1.2841924,87.6877,1.042039,87.318436,0.9828936,0.0,1.0,0.40556931,0.008155337,,,0.45344913,0.0091852,,,0.018524922,0.007219137,87.6378,0.92882943,0.0,1.0,0.36211184,0.007973778,,,0.4027245,0.008966441,,,0.018524922,0.007219137,1,0.5,14.1856052992935,-0.874825000450809,,,15.797086,15.805796,,0.046787973,-20.696814,4.1540904,20.596802,21.851229,23.449224,0.20631938,150.91385,10.37744,1.1420441,,7.0,0.0,Cluster,0.61318207,0.88511807,1.0,False,True,True,True,True,True,True,True,True,True,True,True,True,True,0.011126400790184779,True,True,True,Elliptical/S0,False,True,True,True
9011900500_blue_red_7_Y15SBR2_P006_A0119T027_2017_09_14-2017_09_26,9011900500_A,9011900500_blue_7_Y15SBR2_P006_A0119T027_2017_09_14-2017_09_26.fits,9011900500,277.5,1.0,151.46666,0.94238985,147.98526,1.1339492,152.76514,1.4216807,151.09584,1.2284241,147.98526,1.0446074,147.31169,0.97430605,0.0,1.0,0.24871062,0.0070655476,,,0.2859868,0.007425775,,,0.018551985,0.010696518,149.83374,1.0739231,0.0,1.0,0.18486816,0.0066240225,,,0.19478278,0.006495585,,,0.018551985,0.010696518,1,1.0,14.19621689087,-0.878081320281265,,,15.83549,15.81912,,0.04365568,-20.68123,2.4657538,18.767742,20.183048,21.75549,0.5857607,98.06913,10.391408,1.164485,,7.0,0.0,Cluster,0.61348677,-0.18487082,1.0,False,True,True,True,True,True,True,True,True,True,True,True,True,True,0.0062217642483170885,True,True,True,S0,False,True,True,True
9011900535_blue_red_7_Y15SBR2_P002_A0119T034_2015_09_07-2015_09_13,9011900535_A,9011900535_blue_7_Y15SBR2_P002_A0119T034_2015_09_07-2015_09_13.fits,9011900535,271.0,1.1666666,106.73617,1.1067874,100.53042,1.1544198,102.61335,2.119278,101.24474,1.5118567,100.53042,1.1776149,100.20153,1.1513922,0.0,1.0,0.43386236,0.009201564,,,0.52821434,0.01225186,,,0.03804929,0.008910929,102.572914,1.1524556,0.0,1.0,0.4183508,0.009357662,,,0.4886354,0.0117320875,,,0.03804929,0.008910929,1,1.0,13.711056580507,-1.47934231361681,,,15.765485,15.773425,,0.04629536,-20.7284,4.311755,19.977974,21.13901,22.756573,0.58429796,267.69666,10.368544,1.1136618,,7.0,0.0,Cluster,0.6470892,0.7170546,1.0,False,True,True,True,True,True,True,True,True,True,True,True,True,True,0.010369375254892507,True,True,True,S0,False,True,True,True
9011900557_blue_red_7_Y13SBR2_P004_A0119T004_2013_10_02-2013_10_08,9011900557_A,9011900557_blue_7_Y13SBR2_P004_A0119T004_2013_10_02-2013_10_08.fits,9011900557,134.0,0.75,176.30638,1.0153142,170.37486,0.9974689,168.70042,1.982405,168.47063,1.1971459,170.37486,1.0047753,170.1593,0.9558274,0.0,1.0,0.36091858,0.0047654547,,,0.41863298,0.005407547,,,0.016207773,0.0050750417,173.17583,1.0822492,0.0,1.0,0.30918035,0.0048708655,,,0.34658167,0.0051435255,,,0.016207773,0.0050750417,1,1.0,14.0139412606829,-0.828080512651493,,,15.051291,15.041832,,0.04444487,-21.459232,4.0628057,19.112455,20.268734,21.88741,0.5952278,137.61166,10.713531,1.1779022,,7.0,0.0,Cluster,0.6624763,0.08501902,1.0,False,True,True,True,True,True,True,True,True,True,True,True,True,True,0.0057588057788946715,True,True,True,S0,False,True,True,True
9011900590_blue_red_7_Y15SBR2_P005_A0119T025_2016_09_01-2016_09_05,9011900590_A,9011900590_blue_7_Y15SBR2_P005_A0119T025_2016_09_01-2016_09_05.fits,9011900590,113.5,7.5833335,90.67552,1.4276946,92.7454,1.304449,92.18751,1.7964591,94.54357,1.6069267,93.83093,1.3484167,92.34242,1.3969592,0.0,1.0,0.12669112,0.013723444,,,0.13372661,0.0138940215,,,0.06447148,0.054355063,94.00906,1.4650329,0.0,1.0,0.0913143,0.013174665,,,0.0944616,0.012473672,,,0.06447148,0.054355063,1,0.5,13.9632431012274,-0.813831491597789,,,16.665829,16.502369,,0.04112535,-19.995636,3.0627365,20.440332,21.79204,23.373539,0.3221046,278.43494,10.081767,1.1177082,,7.0,0.0,Cluster,0.69787407,-1.0515747,1.0,False,True,True,True,True,True,True,True,True,True,True,True,True,True,0.015745094155511872,True,True,True,Elliptical/S0,False,True,True,True
9011900617_blue_red_7_Y15SBR2_P003_A0119T040_2016_09_01-2016_09_05,9011900617_A,9011900617_blue_7_Y15SBR2_P003_A0119T040_2016_09_01-2016_09_05.fits,9011900617,163.0,1.3333334,103.129196,1.1733032,103.99534,1.0842438,102.70548,2.0037138,103.463425,1.4223906,103.99534,1.045856,102.73478,1.0747815,0.0,1.0,0.38479415,0.008631969,,,0.43145606,0.009754588,,,0.035905287,0.009640927,103.04117,1.060649,0.0,1.0,0.34128138,0.008869691,,,0.37652004,0.009745108,,,0.035905287,0.009640927,1,1.0,13.9490689198512,-1.70272134260799,,,15.906837,15.899878,,0.04314374,-20.599882,3.7833881,20.258562,21.568811,23.156916,0.35777447,165.28452,10.353411,1.1515177,,7.0,0.0,Cluster,0.7118238,-0.36005342,1.0,False,True,True,True,True,True,True,True,True,True,True,True,True,True,0.011377022661943376,True,True,True,S0,False,True,True,True
9011900622_blue_red_7_Y15SBR2_P001_A0119T030_2015_09_07-2015_09_13,9011900622_A,9011900622_blue_7_Y15SBR2_P001_A0119T030_2015_09_07-2015_09_13.fits,9011900622,106.5,1.25,129.45639,1.0653144,133.06621,1.1402892,134.22804,1.4627395,132.39485,1.3272933,133.06621,1.0255643,133.16362,0.9964025,0.0,1.0,0.30990082,0.0074846377,,,0.33514214,0.0071165166,,,0.03537114,0.008437216,133.08531,1.1673764,0.0,1.0,0.28629202,0.00719502,,,0.30992198,0.0071037724,,,0.03537114,0.008437216,1,1.0,14.1142878052407,-0.792424594605993,,,15.887205,15.866675,,0.043905113,-20.633862,4.1018515,20.289797,21.70862,23.280596,0.3756384,103.00745,10.397062,1.1859665,,7.0,0.0,Cluster,0.71593994,-0.09954658,1.0,False,True,True,True,True,True,True,True,True,True,True,True,True,True,0.00822913724073412,True,True,True,S0,False,True,True,True
9011900711_blue_red_7_Y15SBR1_P006_A0119T037_2015_09_07-2015_09_13,9011900711_A,9011900711_blue_7_Y15SBR1_P006_A0119T037_2015_09_07-2015_09_13.fits,9011900711,46.5,1.3333334,155.31882,1.6166934,183.25519,1.3507731,187.23596,2.2466934,184.93333,1.670291,183.25519,1.3851827,180.24216,1.4481797,0.0,1.0,0.324989,0.00685461,,,0.30301443,0.00592597,,,0.028360896,0.014572176,177.68681,1.2550482,0.0,1.0,0.15539499,0.0055969395,,,0.16632241,0.005275497,,,0.028360896,0.014572176,1,0.0,14.5749087179516,-1.14885650467776,,,15.447701,15.423762,,0.051982686,-21.084187,6.3229737,21.0292,22.811108,24.349327,0.11117897,166.7219,10.636561,1.2754278,,7.0,0.0,Cluster,0.7980399,2.6525447,0.0,False,True,True,True,True,True,True,True,True,True,True,True,True,True,0.010408869961798578,True,True,True,Elliptical,True,True,True,True
9011900757_blue_red_7_Y15SBR2_P003_A0119T040_2016_09_01-2016_09_05,9011900757_A,9011900757_blue_7_Y15SBR2_P003_A0119T040_2016_09_01-2016_09_05.fits,9011900757,178.5,0.7499981,153.83995,1.418132,161.08374,1.3656558,161.3179,2.2982118,162.62909,1.8939289,161.08374,1.5001708,160.64566,1.371589,0.0,1.0,0.39353225,0.005225037,,,0.41475734,0.005780726,,,0.0423663,0.007505838,156.0814,1.2765168,0.0,1.0,0.353552,0.0053246375,,,0.3711252,0.0056508384,,,0.0423663,0.007505838,1,0.5,13.5506547627394,-1.42838484103322,,,14.804137,14.8117075,,0.04375378,-21.68883,5.491578,20.322447,21.361902,23.01217,0.16635159,184.14253,10.866962,1.243536,,7.0,0.0,Cluster,0.8378388,-0.15131061,1.0,False,True,True,True,True,True,True,True,True,True,True,True,True,True,0.009218229725113665,True,True,True,Elliptical/S0,False,True,True,True
9011900785_blue_red_7_Y15SBR2_P003_A0119T040_2016_09_01-2016_09_05,9011900785_A,9011900785_blue_7_Y15SBR2_P003_A0119T040_2016_09_01-2016_09_05.fits,9011900785,202.0,29.666666,112.5679,4.427447,128.16443,2.72092,132.24933,4.521407,130.63911,3.0784614,128.16443,2.784553,129.5479,2.385935,1.0,0.5790603,0.19986728,0.019260615,0.1363577,0.019260615,0.21074833,0.018251173,0.14856188,0.018251173,1.4565156,0.9589403,129.02698,2.560637,0.0,1.0,0.06847017,0.019197963,,,0.07797759,0.017894011,,,1.4565156,0.9589403,1,0.5,13.8603217604768,-1.77416308474958,,,16.793913,16.758823,,0.048498705,-19.7442,6.677485,22.15948,23.953293,25.49077,0.21840592,157.64488,9.969177,1.1059494,,7.0,0.0,Cluster,0.85923374,1.4681458,1.0,False,True,True,True,True,True,True,True,True,True,True,True,True,True,0.03933134579218409,True,True,True,Elliptical/S0,False,True,True,True
9011900874_blue_red_7_Y15SBR2_P006_A0119T027_2017_09_14-2017_09_26,9011900874_A,9011900874_blue_7_Y15SBR2_P006_A0119T027_2017_09_14-2017_09_26.fits,9011900874,299.5,7.0,208.343,0.8781433,216.58885,1.110918,218.63463,1.6670592,221.05681,1.4753066,218.20326,1.178493,215.58112,1.0548915,0.0,1.0,0.029893486,0.004158355,,,0.032795344,0.0036561943,,,1.4554683,0.47594863,210.92326,1.0718641,0.0,1.0,0.02654743,0.004124056,,,0.028724149,0.0036967057,,,1.4554683,0.47594863,1,0.0,14.4737123645596,-0.814677290290452,,,14.878879,14.765629,,0.041878037,-21.73313,3.63104,19.46729,20.924524,22.491629,0.023153476,183.6553,10.902478,1.2611465,,7.0,0.0,Cluster,0.9224141,-0.7935405,1.0,False,True,True,True,True,True,True,True,True,True,True,True,True,True,0.004214892268998719,True,True,True,Elliptical,True,True,True,True
9016800002_blue_red_7_Y15SBR1_P005_A0168T027_2015_09_07-2015_09_13,9016800002_A,9016800002_blue_7_Y15SBR1_P005_A0168T027_2015_09_07-2015_09_13.fits,9016800002,207.5,29.83333,117.261444,2.2814734,113.795715,1.7524889,116.30954,2.623616,117.261444,2.0669947,113.795715,1.7642515,109.91894,1.6875968,,,,,,,,,,,,,115.839134,2.0692384,,,,,,,,,,,,,1,0.0,18.7350032253457,0.439602396046418,,,16.594635,16.985094,,0.044924825,-19.551313,0.8128698,18.81131,19.85683,21.505232,0.024521254,134.42375,10.054094,1.3173275,,7.0,0.0,Cluster,0.57665,0.0048435163,1.0,False,True,True,True,True,True,True,True,True,True,True,True,True,True,0.019456296308273332,True,True,True,Elliptical,True,True,True,True
9016800009_blue_red_15_Y15SBR2_P004_A0168T029_2017_09_14-2017_09_26,9016800009_A,9016800009_blue_15_Y15SBR2_P004_A0168T029_2017_09_14-2017_09_26.fits,9016800009,83.0,6.5,122.53364,1.9394978,123.29708,1.7408024,122.47576,2.4467504,122.53364,2.117711,123.29708,1.7757558,120.35168,1.5616366,,,,,,,,,,,,,122.53364,1.993048,,,,,,,,,,,,,1,0.5,18.7750333856605,0.415359972937466,,,17.121836,17.031286,,0.045187987,-19.506506,0.97725844,18.773369,20.060741,21.652754,0.16634127,85.5943,9.997855,1.2567616,,7.0,0.0,Cluster,0.4945975,0.14301439,1.0,False,True,True,True,True,True,True,True,True,True,True,True,True,True,0.015828288460213863,True,True,True,Elliptical/S0,False,True,True,True
9016800010_blue_red_8_Y15SBR1_P002_A0168T030_2015_08_12-2015_08_17,9016800010_A,9016800010_blue_8_Y15SBR1_P002_A0168T030_2015_08_12-2015_08_17.fits,9016800010,97.5,4.1666665,111.90783,1.0694304,117.049644,1.2072134,131.18536,2.2487054,122.35079,1.5402961,117.049644,1.2135398,111.90783,1.2951528,0.0,1.0,0.09726819,0.009253542,,,0.10049625,0.008177487,,,0.064922586,0.04573129,117.049644,1.4164044,0.0,1.0,0.067122795,0.010104443,,,0.07029032,0.009121396,,,0.064922586,0.04573129,1,0.5,18.7337948195774,0.391523569389437,,,16.383858,16.386007,,0.044367924,-20.151083,2.0429513,19.88358,21.091042,22.698362,0.04056514,269.44247,10.210162,1.203619,,7.0,0.0,Cluster,0.47072875,-0.28766724,1.0,False,True,True,True,True,True,True,True,True,True,True,True,True,True,0.009556350078452954,True,True,True,Elliptical/S0,False,True,True,True
9016800014_blue_red_9_Y15SBR1_P004_A0168T025_2015_09_07-2015_09_13,9016800014_A,9016800014_blue_9_Y15SBR1_P004_A0168T025_2015_09_07-2015_09_13.fits,9016800014,196.0,0.8333333,154.45207,1.0527903,154.16772,1.1470525,154.16013,2.0117023,156.42746,1.6305447,155.21939,1.3125632,153.25931,1.056824,0.0,1.0,0.38568905,0.004574244,,,0.43137848,0.0050466764,,,0.0364696,0.0045040515,155.15616,1.0106283,0.0,1.0,0.36285046,0.00459867,,,0.40393227,0.0049850224,,,0.0364696,0.0045040515,2,1.0,18.7805799138574,0.465796164660279,,,15.052162,15.056882,,0.042493444,-21.478533,5.469956,19.964705,21.099813,22.723589,0.49849096,202.75803,10.758653,1.2160721,,7.0,0.0,Cluster,0.6118174,-1.2733781,1.0,True,True,True,True,True,True,True,True,True,True,True,True,True,True,0.006816291293473763,True,True,True,S0,False,True,True,True
9016800024_blue_red_15_Y15SBR2_P004_A0168T029_2017_09_14-2017_09_26,9016800024_A,9016800024_blue_15_Y15SBR2_P004_A0168T029_2017_09_14-2017_09_26.fits,9016800024,124.0,1.3333334,207.26271,1.0859156,203.54964,1.2643732,210.61179,1.7801158,206.25995,1.4643127,203.54964,1.3901194,202.54597,1.1434573,0.0,1.0,0.22814591,0.0045881756,,,0.2474439,0.0047173523,,,0.03676229,0.008682822,206.24315,1.1348363,0.0,1.0,0.2063981,0.0046769674,,,0.22372788,0.0047359765,,,0.03676229,0.008682822,1,1.0,18.7259105476852,0.507393943909817,,,15.258233,15.181873,,0.043973695,-21.354866,3.6724784,19.268847,20.563805,22.1545,0.4991409,128.29204,10.708789,1.2189178,,7.0,0.0,Cluster,0.73810905,-0.4948291,1.0,False,True,True,True,True,True,True,True,True,True,True,True,True,True,0.0052393197020341965,True,True,True,S0,False,True,True,True
9016800037_blue_red_7_Y15SBR1_P005_A0168T027_2015_09_07-2015_09_13,9016800037_A,9016800037_blue_7_Y15SBR1_P005_A0168T027_2015_09_07-2015_09_13.fits,9016800037,183.5,15.166664,47.394623,2.604321,54.057842,2.71105,68.54122,4.485807,57.29297,3.40371,54.057842,2.5900962,50.150284,2.3745093,1.0,0.90623,0.16545112,0.0342393,0.15440758,0.0342393,0.23587692,0.03476266,0.2214716,0.03476266,0.4060029,0.16785067,49.73822,2.496484,0.0,1.0,0.15307488,0.033962287,,,0.18412483,0.034144215,,,0.4060029,0.16785067,1,0.0,18.6471189916583,0.473785852411872,,,17.29606,17.29655,,0.043526165,-19.239647,2.6483343,21.286161,22.414751,24.040148,0.05341082,139.41234,9.77479,1.1256427,,7.0,0.0,Cluster,0.7448878,-0.7300948,1.0,False,True,True,True,True,True,True,True,True,True,True,True,True,True,0.054949714443345184,True,True,True,Elliptical,True,True,True,True
9016800038_blue_red_9_Y15SBR1_P004_A0168T025_2015_09_07-2015_09_13,9016800038_A,9016800038_blue_9_Y15SBR1_P004_A0168T025_2015_09_07-2015_09_13.fits,9016800038,117.0,29.749998,103.52435,1.8313026,106.17076,1.8896289,101.896935,3.9697673,106.00594,2.8576396,106.17076,1.8205727,103.52435,1.9585775,0.0,1.0,0.07180113,0.018349063,,,0.08627496,0.016756466,,,0.14438389,0.095057055,106.8746,1.9856129,0.0,1.0,0.058328677,0.020798512,,,0.074994296,0.017694797,,,0.14438389,0.095057055,2,0.0,18.7371846067077,0.533651954537656,,,17.008102,16.967482,,0.044011816,-19.569174,2.181085,20.51849,21.810951,23.402077,0.107942425,101.18547,9.949556,1.167713,,7.0,0.0,Cluster,0.79174,-0.47479367,1.0,True,True,True,True,True,True,True,True,True,True,True,True,True,True,0.017689583175359225,True,True,True,Elliptical,True,True,True,True
9016800039_blue_red_7_Y13SBR1_P002_A0168T002_2013_08_30-2013_09_04,9016800039_A,9016800039_blue_7_Y13SBR1_P002_A0168T002_2013_08_30-2013_09_04.fits,9016800039,162.5,0.9166667,220.59395,1.2522877,222.28683,1.1605355,222.66135,1.9241651,221.93579,1.4692919,222.28683,1.1070716,218.65263,1.0587626,0.0,1.0,0.2986845,0.004367849,,,0.32404336,0.004517934,,,0.011276614,0.006846897,220.20956,1.0044433,0.0,1.0,0.24585913,0.0043907166,,,0.25782987,0.004328523,,,0.011276614,0.006846897,1,1.0,18.6955931633977,0.524678331503582,,,15.103409,14.960218,,0.045508567,-21.577848,3.943858,19.035217,20.254797,21.859617,0.6108423,162.80717,10.840575,1.2719268,,7.0,0.0,Cluster,0.8011596,0.311285,1.0,False,True,True,True,True,True,True,True,True,True,True,True,True,True,0.005676890504023342,True,True,True,S0,False,True,True,True
9016800041_blue_red_7_Y15SBR1_P003_A0168T032_2015_08_12-2015_08_17,9016800041_A,9016800041_blue_7_Y15SBR1_P003_A0168T032_2015_08_12-2015_08_17.fits,9016800041,73.0,1.75,138.42241,0.8744799,146.52328,0.9189084,151.50298,1.3903373,150.046,1.2822753,146.52328,0.9212298,145.11339,0.97919416,0.0,1.0,0.1932489,0.0048505426,,,0.19187212,0.004490098,,,0.049631715,0.02111034,142.88722,0.79009956,0.0,1.0,0.14213204,0.0049261404,,,0.14410877,0.004608467,,,0.049631715,0.02111034,1,0.5,18.8037145739918,0.342305174451195,,,15.393809,15.356939,,0.045064956,-21.180737,3.8742707,20.043653,21.491611,23.059856,0.0958293,278.58914,10.6192,1.1991043,,7.0,0.0,Cluster,0.31072596,0.078422144,1.0,False,True,True,True,True,True,True,True,True,True,True,True,True,True,0.006317473449566438,True,True,True,Elliptical/S0,False,True,True,True
9016800047_blue_red_8_Y15SBR1_P002_A0168T030_2015_08_12-2015_08_17,9016800047_A,9016800047_blue_8_Y15SBR1_P002_A0168T030_2015_08_12-2015_08_17.fits,9016800047,250.5,0.75,166.46603,0.9401838,165.22473,0.9928251,167.4422,2.105444,168.19667,1.3367738,165.8744,1.0360931,164.68163,1.0108006,0.0,1.0,0.34735262,0.004244977,,,0.38405907,0.004609031,,,0.028720561,0.0055321516,165.39842,1.0285517,0.0,1.0,0.3225483,0.004265779,,,0.3456977,0.0045169652,,,0.028720561,0.0055321516,1,1.0,18.7728786332031,0.322203738558731,,,15.3202915,15.246962,,0.041871235,-21.287897,3.7068856,19.278532,20.526575,22.125784,0.52249086,255.28555,10.661856,1.1949167,,7.0,0.0,Cluster,0.28068742,-1.6009623,1.0,False,True,True,True,True,True,True,True,True,True,True,True,True,True,0.005647901857213752,True,True,True,S0,False,True,True,True
9016800056_blue_red_7_Y15SBR1_P005_A0168T027_2015_09_07-2015_09_13,9016800056_A,9016800056_blue_7_Y15SBR1_P005_A0168T027_2015_09_07-2015_09_13.fits,9016800056,112.0,1.3333334,105.60255,1.2842875,101.88595,1.2658306,102.42278,2.0974162,100.55479,1.64466,101.88595,1.0891584,101.8424,1.047305,0.0,1.0,0.2800047,0.011211521,,,0.33311138,0.012103683,,,0.018807026,0.014725449,102.127716,1.4553366,,,,,,,,,,,,,1,1.0,18.7598125056134,0.307437473187963,,,16.195974,16.186005,,0.04641888,-20.352436,2.966283,19.135298,20.147602,21.806572,0.7393804,110.95469,10.227052,1.1327276,,7.0,0.0,Cluster,0.26263073,0.7888212,1.0,False,True,True,True,True,True,True,True,True,True,True,True,True,True,0.012161519773906976,True,True,True,S0,False,True,True,True
9016800061_blue_red_7_Y16SBR2_P004_A0168T036_2017_09_14-2017_09_26,9016800061_A,9016800061_blue_7_Y16SBR2_P004_A0168T036_2017_09_14-2017_09_26.fits,9016800061,306.5,0.75,243.7022,1.6725221,260.0701,1.61906,272.2844,2.267915,265.96396,1.7846886,260.0701,1.6692547,257.20578,1.3138849,0.0,1.0,0.39612916,0.0037281893,,,0.4216017,0.0038168903,,,0.020681476,0.0043338346,249.68234,1.3226775,0.0,1.0,0.3817834,0.003680497,,,0.40434477,0.0038989915,,,0.020681476,0.0043338346,1,0.5,18.7260634400915,0.303283392979436,,,14.669665,14.665646,,0.04425397,-21.871134,5.677158,20.13714,21.407377,23.002449,0.19914807,127.15259,10.983491,1.2975931,,7.0,0.0,Cluster,0.3048423,-0.3475399,1.0,False,True,True,True,True,True,True,True,True,True,True,True,True,True,0.0068629749751951356,True,True,True,Elliptical/S0,False,True,True,True
9016800071_blue_red_7_Y13SBR1_P002_A0168T002_2013_08_30-2013_09_04,9016800071_A,9016800071_blue_7_Y13SBR1_P002_A0168T002_2013_08_30-2013_09_04.fits,9016800071,287.5,1.0833334,172.82289,1.5366961,177.20503,1.2941475,175.87048,2.0140593,180.16904,1.6607375,177.20503,1.3007131,174.57272,1.2244295,0.0,1.0,0.29616305,0.006909262,,,0.3215532,0.006888326,,,0.020490259,0.014430008,175.6078,1.3472605,0.0,1.0,0.21246514,0.0070352866,,,0.2297766,0.0069319988,,,0.020490259,0.014430008,1,0.5,18.6028591897968,0.408055843149091,,,15.858352,15.8666725,,0.04661329,-20.672426,3.2078314,19.904827,21.322214,22.894379,0.31278127,110.25058,10.444716,1.2423878,,7.0,0.0,Cluster,0.69268847,0.89075273,1.0,False,True,True,True,True,True,True,True,True,True,True,True,True,True,0.008891739398641001,True,True,True,Elliptical/S0,False,True,True,True
9016800072_blue_red_7_Y15SBR1_P003_A0168T032_2015_08_12-2015_08_17,9016800072_A,9016800072_blue_7_Y15SBR1_P003_A0168T032_2015_08_12-2015_08_17.fits,9016800072,227.0,2.9166667,62.326595,1.6157007,60.17705,1.5019803,66.18468,2.510822,60.20803,1.8568877,60.17705,1.7100111,62.465363,1.4375808,0.0,1.0,0.32539168,0.018125903,,,0.37043735,0.020226773,,,0.024101054,0.014541752,61.85395,1.5463083,0.0,1.0,0.31510425,0.017852241,,,0.35143906,0.019428726,,,0.024101054,0.014541752,1,1.0,18.734092437058,0.291400974953654,,,16.94742,16.94722,,0.047277898,-19.590233,2.44632,20.310286,21.398981,23.03486,0.43242025,234.1008,9.82713,1.0209846,,8.0,0.0,Cluster,0.27110454,1.2390677,1.0,False,True,True,True,True,True,True,True,True,True,True,True,True,True,0.02592313441798,True,True,True,S0,False,True,True,True
9016800080_blue_red_15_Y15SBR2_P004_A0168T029_2017_09_14-2017_09_26,9016800080_A,9016800080_blue_15_Y15SBR2_P004_A0168T029_2017_09_14-2017_09_26.fits,9016800080,96.5,1.4166666,129.82298,1.1780236,128.53053,1.2329527,131.23843,2.0869133,128.88202,1.4671264,128.53053,1.2142044,127.87036,0.93438965,0.0,1.0,0.28336355,0.0075349123,,,0.320032,0.008133476,,,0.028631616,0.012137485,129.05118,1.3695279,,,,,,,,,,,,,1,1.0,18.6343701332342,0.532048815487266,,,15.949787,15.866258,,0.04776261,-20.672905,3.182187,18.974085,20.405106,21.97549,0.7210645,95.05267,10.358017,1.1307964,,7.0,0.0,Cluster,0.8804093,1.4929615,1.0,False,True,True,True,True,True,True,True,True,True,True,True,True,True,0.009074076099624273,True,True,True,S0,False,True,True,True
9016800084_blue_red_7_Y16SBR2_P004_A0168T036_2017_09_14-2017_09_26,9016800084_A,9016800084_blue_7_Y16SBR2_P004_A0168T036_2017_09_14-2017_09_26.fits,9016800084,300.5,1.6666666,110.201324,1.1396502,104.98813,1.2942489,108.76187,1.8115077,106.07355,1.471267,104.98813,1.3182971,104.82377,1.4950947,0.0,1.0,0.34232497,0.009867257,,,0.38674498,0.01100728,,,0.02281557,0.009864948,105.889404,1.410174,0.0,1.0,0.29680604,0.009998191,,,0.32819977,0.01062626,,,0.02281557,0.009864948,1,1.0,18.6259949889274,0.528908917583855,,,16.312374,16.289413,,0.046642173,-20.249367,3.1450312,20.242867,21.287153,22.935932,0.42247328,111.51849,10.224446,1.1722668,,7.0,0.0,Cluster,0.8840638,0.9058943,1.0,False,True,True,True,True,True,True,True,True,True,True,True,True,True,0.010341529109033208,True,True,True,S0,False,True,True,True
9016800087_blue_red_9_Y15SBR1_P004_A0168T025_2015_09_07-2015_09_13,9016800087_A,9016800087_blue_9_Y15SBR1_P004_A0168T025_2015_09_07-2015_09_13.fits,9016800087,266.0,0.6666667,242.04378,1.3642123,243.44704,1.6747212,253.03642,2.7220397,248.1707,1.7178434,243.44704,1.5631243,240.17125,1.6213624,0.0,1.0,0.2799722,0.0040213414,,,0.30093586,0.003987821,,,0.029546954,0.0069649634,242.78844,1.4881676,0.0,1.0,0.26684403,0.00393123,,,0.2881587,0.003907816,,,0.029546954,0.0069649634,2,1.0,18.7863903646778,0.575989449422801,,,15.038758,14.879408,,0.045306757,-21.6584,3.144891,18.702494,19.992052,21.583681,0.47368675,264.2092,10.873647,1.2759848,,7.0,0.0,Cluster,0.87344754,0.20536198,1.0,True,True,True,True,True,True,True,True,True,True,True,True,True,True,0.005636221265425618,True,True,True,S0,False,True,True,True
9016800094_blue_red_8_Y15SBR1_P001_A0168T026_2015_08_12-2015_08_17,9016800094_A,9016800094_blue_8_Y15SBR1_P001_A0168T026_2015_08_12-2015_08_17.fits,9016800094,307.5,6.3333335,72.17942,1.8511561,70.6218,1.5431641,73.15322,2.7390633,73.503654,2.1425414,70.6218,1.620045,70.522644,1.4301229,,,,,,,,,,,,,73.462074,2.4534593,,,,,,,,,,,,,1,0.5,18.7972351681489,0.576754384702706,,,17.47744,17.43294,,0.044519305,-19.103699,1.1141502,19.450129,20.538,22.174107,0.20733339,128.66461,9.711685,1.1078587,,7.0,0.0,Cluster,0.8735645,-0.20813943,1.0,False,True,True,True,True,True,True,True,True,True,True,True,True,True,0.025646591507662436,True,True,True,Elliptical/S0,False,True,True,True
9016800106_blue_red_8_Y15SBR1_P002_A0168T030_2015_08_12-2015_08_17,9016800106_A,9016800106_blue_8_Y15SBR1_P002_A0168T030_2015_08_12-2015_08_17.fits,9016800106,250.0,5.4166665,72.19887,1.5406562,73.58531,1.4191725,70.97821,2.2476666,71.729454,1.6702932,73.58531,1.1696757,71.48144,1.4101665,,,,,,,,,,,,,70.95245,1.8158239,,,,,,,,,,,,,1,0.0,18.7436904439851,0.263287162947415,,,17.349922,17.197832,,0.045194887,-19.339336,1.2049551,19.26403,20.679394,22.251827,0.29442847,248.52545,9.811342,1.1139507,,7.0,0.0,Cluster,0.21041836,0.1466363,1.0,False,True,True,True,True,True,True,True,True,True,True,True,True,True,0.02133906250887306,True,True,True,Elliptical,True,True,True,True
9016800130_blue_red_7_Y13SBR1_P002_A0168T002_2013_08_30-2013_09_04,9016800130_A,9016800130_blue_7_Y13SBR1_P002_A0168T002_2013_08_30-2013_09_04.fits,9016800130,185.0,1.5833334,163.53362,1.2330977,171.07516,1.4500828,180.44197,2.6980054,174.09708,1.7461882,171.07516,1.3008415,168.97737,1.1392523,0.0,1.0,0.3359837,0.0064271353,,,0.37373516,0.0067221154,,,0.038266487,0.00946024,167.68239,1.2497573,0.0,1.0,0.29949233,0.006722937,,,0.33160192,0.0069769006,,,0.038266487,0.00946024,1,1.0,18.8536215366876,0.281799059347046,,,15.599543,15.506383,,0.046853844,-21.032787,3.8950016,20.01091,21.381659,22.960316,0.32014155,180.6088,10.558069,1.1981325,,7.0,0.0,Cluster,0.18755361,1.0168504,1.0,False,True,True,True,True,True,True,True,True,True,True,True,True,True,0.007540331462117697,True,True,True,S0,False,True,True,True
9016800138_blue_red_7_Y15SBR1_P005_A0168T027_2015_09_07-2015_09_13,9016800138_A,9016800138_blue_7_Y15SBR1_P005_A0168T027_2015_09_07-2015_09_13.fits,9016800138,234.0,0.8333333,223.89075,1.3894572,246.36974,1.5997483,252.45634,2.5688553,250.57973,2.1668112,246.36974,1.4628757,243.25616,1.496967,0.0,1.0,0.30232862,0.0042481455,,,0.30434942,0.0040546744,,,0.034092218,0.010950412,236.51854,1.3913478,0.0,1.0,0.20575282,0.004463518,,,0.21097061,0.004198899,,,0.034092218,0.010950412,1,0.5,18.8799201894903,0.299236934962232,,,14.937149,14.90733,,0.04679518,-21.631842,5.115042,20.014032,21.562933,23.119873,0.19953229,215.0472,10.872604,1.2891732,,7.0,0.0,Cluster,0.25717935,0.98610044,1.0,False,True,True,True,True,True,True,True,True,True,True,True,True,True,0.006205960719681363,True,True,True,Elliptical/S0,False,True,True,True
9016800156_blue_red_15_Y15SBR2_P004_A0168T029_2017_09_14-2017_09_26,9016800156_A,9016800156_blue_15_Y15SBR2_P004_A0168T029_2017_09_14-2017_09_26.fits,9016800156,15.5,8.499999,90.21037,2.6387901,87.658936,2.1455312,88.82399,3.187207,91.51062,2.389489,87.658936,2.1553004,86.89869,1.9869542,,,,,,,,,,,,,87.901985,2.3684533,,,,,,,,,,,,,1,0.0,18.8091702447686,0.240085314936523,,,17.413185,17.350086,,0.043361038,-19.185633,1.2718452,19.687908,20.814047,22.440062,0.20025386,203.68126,9.762263,1.1219406,,7.0,0.0,Cluster,0.0658211,-0.8169272,1.0,False,True,True,True,True,True,True,True,True,True,True,True,True,True,0.02925151620595282,True,True,True,Elliptical,True,True,True,True
9016800187_blue_red_15_Y15SBR2_P004_A0168T029_2017_09_14-2017_09_26,9016800187_A,9016800187_blue_15_Y15SBR2_P004_A0168T029_2017_09_14-2017_09_26.fits,9016800187,80.5,2.1666667,99.71941,1.1204405,101.1953,1.191475,106.02302,1.8270866,101.34916,1.5513624,101.1953,1.1947967,99.43916,1.1886352,0.0,1.0,0.1626003,0.009660888,,,0.17494677,0.009261845,,,0.07890893,0.035387922,101.1953,1.2159852,,,,,,,,,,,,,1,0.5,18.6371117963274,0.233783902676134,,,16.364487,16.358387,,0.045049243,-20.17914,2.251955,19.880623,21.244051,22.823786,0.15354726,263.85144,10.185539,1.1620283,,7.0,0.0,Cluster,0.43184102,0.070172034,1.0,False,True,True,True,True,True,True,True,True,True,True,True,True,True,0.01123593190132192,True,True,True,Elliptical/S0,False,True,True,True
9016800222_blue_red_8_Y15SBR1_P001_A0168T026_2015_08_12-2015_08_17,9016800222_A,9016800222_blue_8_Y15SBR1_P001_A0168T026_2015_08_12-2015_08_17.fits,9016800222,54.0,3.0,118.601204,1.5566494,115.92802,1.4189047,118.134384,2.019723,118.99546,1.6795363,115.92802,1.3520904,116.64876,1.3125094,0.0,1.0,0.11759731,0.013112843,,,0.13357899,0.01251628,,,,,119.00107,1.4571632,,,,,,,,,,,,,1,1.0,18.8602424757492,0.214251824048546,,,16.898413,16.859041,,0.046569254,-19.679615,1.5711055,19.39541,20.446272,22.093054,0.36364177,225.08498,10.055046,1.2233791,,7.0,0.0,Cluster,0.10680434,0.86766565,1.0,False,True,True,True,True,True,True,True,True,True,True,True,True,True,0.013125072490832387,True,True,True,S0,False,True,True,True
9016800236_blue_red_7_Y15SBR1_P003_A0168T032_2015_08_12-2015_08_17,9016800236_A,9016800236_blue_7_Y15SBR1_P003_A0168T032_2015_08_12-2015_08_17.fits,9016800236,287.0,1.0833334,200.28587,1.1785188,196.4618,1.2861897,195.96503,2.0867043,197.76231,1.53119,196.4618,1.1428254,198.4603,1.115531,0.0,1.0,0.28053415,0.0042945924,,,0.30468452,0.0042385906,,,0.031828392,0.006105655,200.83174,1.1849519,0.0,1.0,0.28111905,0.0042426554,,,0.30380905,0.004257323,,,0.031828392,0.006105655,1,0.0,18.8198933845067,0.185668263756798,,,14.963133,14.847353,,0.04490169,-21.690199,4.365632,19.77036,20.982847,22.589123,0.24367312,110.29177,10.825523,1.203001,,7.0,0.0,Cluster,0.067536026,-0.007304479,1.0,False,True,True,True,True,True,True,True,True,True,True,True,True,True,0.005884183442396611,True,True,True,Elliptical,True,True,True,True
9016800259_blue_red_9_Y15SBR1_P004_A0168T025_2015_09_07-2015_09_13,9016800259_A,9016800259_blue_9_Y15SBR1_P004_A0168T025_2015_09_07-2015_09_13.fits,9016800259,11.5,2.5,91.3219,2.329547,90.66795,1.8518049,87.31885,3.01097,89.5536,2.312681,90.66795,1.9325169,92.30214,1.8396049,0.0,1.0,0.20949045,0.019969225,,,0.25688645,0.021460071,,,,,90.37075,2.2060106,,,,,,,,,,,,,2,1.0,18.7075652339763,0.69763271130472,,,17.124516,17.121737,,0.046278156,-19.416311,1.6114199,19.746134,20.871918,22.49802,0.32590955,187.9459,9.850292,1.1240425,,7.0,0.0,Cluster,1.191419,0.7150273,1.0,True,True,True,True,True,True,True,True,True,True,True,True,True,True,0.025509182353849403,True,True,True,S0,False,True,True,True
9016800272_blue_red_7_Y15SBR1_P005_A0168T027_2015_09_07-2015_09_13,9016800272_A,9016800272_blue_7_Y15SBR1_P005_A0168T027_2015_09_07-2015_09_13.fits,9016800272,193.5,9.249999,57.081577,2.5091507,55.59839,2.75423,52.68186,4.71764,55.719257,3.572163,55.59839,2.6565688,56.79344,2.6709948,0.0,1.0,0.25941354,0.03754859,,,0.30067617,0.041331645,,,0.0959492,0.060542062,56.35615,2.6625466,,,,,,,,,,,,,1,1.0,18.592181080898,0.196922525952044,,,17.617668,17.618988,,0.043378912,-18.916086,2.4724581,20.885115,22.028603,23.65033,0.45322502,194.81317,9.616094,1.0727539,,7.0,0.0,Cluster,0.53845835,-0.8075275,1.0,False,True,True,True,True,True,True,True,True,True,True,True,True,True,0.04395727714390232,True,True,True,S0,False,True,True,True
9016800275_blue_red_15_Y15SBR2_P004_A0168T029_2017_09_14-2017_09_26,9016800275_A,9016800275_blue_15_Y15SBR2_P004_A0168T029_2017_09_14-2017_09_26.fits,9016800275,22.5,3.0,174.5708,1.5907296,177.57484,1.6948334,190.80464,3.217101,184.6569,2.4270043,177.57484,1.7860148,174.35983,1.6001312,0.0,1.0,0.12576316,0.009039619,,,0.13655418,0.008339543,,,0.0639893,0.03570687,177.57484,1.7370056,,,,,,,,,,,,,1,0.0,18.8231859736781,0.165273824594812,,,16.140917,16.109608,,0.045190375,-20.428215,2.124692,19.572914,20.872908,22.46274,0.13180315,209.77585,10.350059,1.2387991,,7.0,0.0,Cluster,0.1171473,0.14426798,1.0,False,True,True,True,True,True,True,True,True,True,True,True,True,True,0.009112231828003308,True,True,True,Elliptical,True,True,True,True
9016800303_blue_red_7_Y13SBR1_P002_A0168T002_2013_08_30-2013_09_04,9016800303_A,9016800303_blue_7_Y13SBR1_P002_A0168T002_2013_08_30-2013_09_04.fits,9016800303,4.0,3.3333313,187.32619,1.4683024,213.50902,1.1245291,218.01253,1.8845412,214.96175,1.2614484,213.50902,1.160261,210.63243,1.0509658,0.0,1.0,0.1349704,0.0050017736,,,0.12765883,0.004040647,,,0.10678967,0.028965807,199.27998,0.97081023,0.0,1.0,0.08551573,0.004355782,,,0.08719783,0.0037046382,,,0.10678967,0.028965807,1,0.0,18.5897603409216,0.179709232701888,,,14.568568,14.494247,,0.044257533,-22.042706,7.1518216,20.52452,21.977806,23.545393,0.09987858,188.41885,10.986324,1.21632,,7.0,0.0,Cluster,0.5488289,-0.3456686,1.0,False,True,True,True,True,True,True,True,True,True,True,True,True,True,0.007838212051395482,True,True,True,Elliptical,True,True,True,True
9016800412_blue_red_8_Y15SBR1_P002_A0168T030_2015_08_12-2015_08_17,9016800412_A,9016800412_blue_8_Y15SBR1_P002_A0168T030_2015_08_12-2015_08_17.fits,9016800412,62.0,1.6666666,125.59738,0.86826664,126.348656,0.91472715,122.30877,1.318823,125.96032,1.3083646,126.348656,1.0037674,126.18423,1.0113484,0.0,1.0,0.36637118,0.007155251,,,0.40796053,0.007603912,,,0.03791967,0.011980303,126.39083,0.9328589,0.0,1.0,0.25340083,0.0071511865,,,0.2828567,0.0072483355,,,0.03791967,0.011980303,1,1.0,18.9133332457434,0.103060267095105,,,16.020775,15.804074,,0.044157956,-20.732624,4.7697086,20.5194,22.056023,23.614212,0.40100098,242.6687,10.454427,1.2001829,,7.0,0.0,Cluster,0.35387027,-0.39799312,1.0,False,True,True,True,True,True,True,True,True,True,True,True,True,True,0.006913095161698436,True,True,True,S0,False,True,True,True
9016800416_blue_red_7_Y13SBR1_P002_A0168T002_2013_08_30-2013_09_04,9016800416_A,9016800416_blue_7_Y13SBR1_P002_A0168T002_2013_08_30-2013_09_04.fits,9016800416,154.5,1.1666666,239.11606,1.2832464,246.1845,1.3734562,250.4664,2.3233058,250.56792,1.6887623,246.1845,1.4590005,242.14346,1.3113036,0.0,1.0,0.3252009,0.0047161984,,,0.34498996,0.0046369312,,,,,238.38208,1.3103896,0.0,1.0,0.29631647,0.004758132,,,0.3011834,0.0044236146,,,,,1,1.0,18.4452223466568,0.202037282126929,,,15.279668,15.155818,,0.04510655,-21.381876,4.5209665,19.629995,21.278664,22.826506,0.4476807,155.76141,10.718145,1.2147245,,7.0,0.0,Cluster,0.8903471,0.1002595,1.0,False,True,True,True,True,True,True,True,True,True,True,True,True,True,0.005366625729781596,True,True,True,S0,False,True,True,True
9044200004_blue_red_7_Y13SBR2_P002_EDCC0442T003_2013_10_02-2013_10_08,9044200004_A,9044200004_blue_7_Y13SBR2_P002_EDCC0442T003_2013_10_02-2013_10_08.fits,9044200004,231.0,1.5833334,193.98177,1.2519056,219.65927,1.2584999,221.25143,2.4970207,221.91637,1.5874773,219.65927,1.3612192,217.03201,1.2375042,0.0,1.0,0.1874474,0.004094333,,,0.18313381,0.0035275167,,,0.029470332,0.012322787,202.78079,1.1589572,0.0,1.0,0.15338579,0.0041236514,,,0.15121035,0.003663098,,,0.029470332,0.012322787,1,0.5,6.3843665,-33.0308151,,,14.800958,14.573464,,0.05000233,-22.20044,5.670246,20.130041,21.551943,23.123512,0.14546789,187.6704,11.016754,1.2042637,,7.0,0.0,Cluster,0.039947644,0.08548239,1.0,False,True,True,True,True,True,True,True,True,True,True,True,True,True,0.006453728100326128,True,True,True,Elliptical/S0,False,True,True,True
9044200007_blue_red_7_Y13SBR2_P001_EDCC0442T001_2013_10_02-2013_10_08,9044200007_A,9044200007_blue_7_Y13SBR2_P001_EDCC0442T001_2013_10_02-2013_10_08.fits,9044200007,242.0,2.25,271.4174,1.9667712,275.46378,1.8407148,281.19464,3.0293486,281.35266,2.1017702,275.46378,1.7787797,271.9486,1.8457503,0.0,1.0,0.1875085,0.006360791,,,0.20518707,0.005719859,,,0.031052884,0.015861731,279.39612,1.8651977,0.0,1.0,0.14290865,0.0071384814,,,0.1616004,0.006713524,,,0.031052884,0.015861731,1,0.0,6.3714652,-33.0649414,,,15.555558,15.32122,,0.05145475,-21.453344,2.6451468,19.017607,20.514288,22.076778,0.29013854,67.6136,10.786874,1.2554407,,7.0,0.0,Cluster,0.049586985,0.796307,1.0,False,True,True,True,True,True,True,True,True,True,True,True,True,True,0.007246297400240368,True,True,True,Elliptical,True,True,True,True
9044200015_blue_red_7_Y15SBR1_P006_EDCC0442T025_2015_09_07-2015_09_13,9044200015_A,9044200015_blue_7_Y15SBR1_P006_EDCC0442T025_2015_09_07-2015_09_13.fits,9044200015,209.5,1.0833334,180.11201,1.0047796,192.8634,1.3842132,194.26205,2.269868,194.19685,1.6073279,192.8634,1.3180767,189.66786,1.4393209,0.0,1.0,0.3488821,0.0044413554,,,0.37025023,0.00448143,,,0.026794625,0.005288398,186.95108,1.2431681,0.0,1.0,0.3264549,0.004493641,,,0.34568375,0.0045245714,,,0.026794625,0.005288398,1,1.0,6.4297886,-33.0273323,,,15.219431,15.221705,,0.048509087,-21.550858,4.8382545,19.841873,21.037178,22.647076,0.46599877,24.401562,10.83034,1.2660351,,7.0,0.0,Cluster,0.113066904,-0.6463468,1.0,False,True,True,True,True,True,True,True,True,True,True,True,True,True,0.005578637426787919,True,True,True,S0,False,True,True,True
9044200032_blue_red_7_Y13SBR2_P002_EDCC0442T002_2013_10_02-2013_10_08,9044200032_A,9044200032_blue_7_Y13SBR2_P002_EDCC0442T002_2013_10_02-2013_10_08.fits,9044200032,64.0,2.3333333,196.218,1.7864708,213.1257,1.4295194,219.24928,2.388205,215.57991,1.8739382,213.1257,1.5507468,210.71051,1.4315559,0.0,1.0,0.21329524,0.0070500127,,,0.22528693,0.0055705784,,,0.031775694,0.012230177,211.12994,1.4384875,0.0,1.0,0.1814037,0.00609595,,,0.1899132,0.0057662446,,,0.031775694,0.012230177,1,0.5,6.400003,-33.1179352,,,15.563883,15.452556,,0.052123357,-21.322855,5.657017,20.664717,22.409132,23.949806,0.19027346,72.8075,10.69248,1.2243948,,7.0,0.0,Cluster,0.18208234,1.1231976,1.0,False,True,True,True,True,True,True,True,True,True,True,True,True,True,0.009104520482320685,True,True,True,Elliptical/S0,False,True,True,True
9044200057_blue_red_7_Y13SBR2_P001_EDCC0442T001_2013_10_02-2013_10_08,9044200057_A,9044200057_blue_7_Y13SBR2_P001_EDCC0442T001_2013_10_02-2013_10_08.fits,9044200057,272.0,3.3333333,105.08767,1.4767946,106.092636,1.7559046,106.22621,2.7996023,107.40183,2.055662,105.69793,1.6266993,103.63587,1.6446874,0.0,1.0,0.27536818,0.013755536,,,0.29245967,0.0141101815,,,0.043025337,0.019860337,104.36358,1.650187,0.0,1.0,0.2408576,0.013632022,,,0.25031975,0.013707297,,,0.043025337,0.019860337,1,1.0,6.2625155,-33.0601234,,,16.404823,16.388935,,0.053439833,-20.386032,3.0398972,20.02726,21.174036,22.79497,0.4624139,93.20778,10.276079,1.1678047,,7.0,0.0,Cluster,0.2487293,1.7662295,1.0,False,True,True,True,True,True,True,True,True,True,True,True,True,True,0.014052976909660286,True,True,True,S0,False,True,True,True
9044200061_blue_red_7_Y13SBR2_P002_EDCC0442T002_2013_10_02-2013_10_08,9044200061_A,9044200061_blue_7_Y13SBR2_P002_EDCC0442T002_2013_10_02-2013_10_08.fits,9044200061,72.5,29.83333,199.21617,1.1449554,211.21468,1.2980022,218.29433,2.198006,215.97519,1.4492978,211.21468,1.2031378,209.63416,1.1945683,0.0,1.0,0.036674865,0.0044454834,,,0.04142085,0.0038734616,,,0.25171116,0.09879257,204.82616,1.0472265,0.0,1.0,0.030644303,0.0044600554,,,0.035608493,0.0040489715,,,0.25171116,0.09879257,1,0.0,6.2697597,-33.1035461,,,15.032518,14.958736,,0.04728957,-21.812405,4.183742,19.85838,21.262608,22.83654,0.061604097,32.968655,10.897346,1.2162313,,7.0,0.0,Cluster,0.2712613,-1.2447976,1.0,False,True,True,True,True,True,True,True,True,True,True,True,True,True,0.00574730153681802,True,True,True,Elliptical,True,True,True,True
9044200062_blue_red_7_Y13SBR2_P002_EDCC0442T003_2013_10_02-2013_10_08,9044200062_A,9044200062_blue_7_Y13SBR2_P002_EDCC0442T003_2013_10_02-2013_10_08.fits,9044200062,97.5,1.6666666,197.98146,2.5313258,192.08353,1.8503016,195.32108,3.0183196,196.77661,2.228957,192.08353,2.0065942,190.2814,1.9119121,,,,,,,,,,,,,197.98146,2.6483903,,,,,,,,,,,,,1,0.5,6.2494626,-33.0520096,,,16.567268,16.543045,,0.05249747,-20.232498,1.0837455,18.092365,19.302473,20.909243,0.41963804,98.99368,10.253111,1.2188627,,7.0,0.0,Cluster,0.27400148,1.3060145,1.0,False,True,True,True,True,True,True,True,True,True,True,True,True,True,0.012785670941107313,True,True,True,Elliptical/S0,False,True,True,True
9044200079_blue_red_7_Y13SBR2_P002_EDCC0442T002_2013_10_02-2013_10_08,9044200079_A,9044200079_blue_7_Y13SBR2_P002_EDCC0442T002_2013_10_02-2013_10_08.fits,9044200079,98.5,2.4166667,103.70685,1.41029,103.3571,1.5843357,99.967125,2.1279767,101.4139,2.0009708,103.3571,1.71317,103.70853,1.595712,0.0,1.0,0.20910971,0.014402269,,,0.21986751,0.014737994,,,0.040268436,0.028238352,103.3571,1.5946519,0.0,1.0,0.18826272,0.014775408,,,0.19718026,0.015036833,,,0.040268436,0.028238352,1,0.5,6.5177016,-33.0893707,,,16.882553,16.89915,,0.04919322,-19.873674,2.2163432,20.128344,21.347939,22.952755,0.27878252,105.10356,10.098281,1.2016104,,7.0,0.0,Cluster,0.30491367,-0.310929,1.0,False,True,True,True,True,True,True,True,True,True,True,True,True,True,0.013598812421744561,True,True,True,Elliptical/S0,False,True,True,True
9044200090_blue_red_7_Y13SBR2_P002_EDCC0442T002_2013_10_02-2013_10_08,9044200090_A,9044200090_blue_7_Y13SBR2_P002_EDCC0442T002_2013_10_02-2013_10_08.fits,9044200090,335.5,2.9166667,155.35777,2.2791872,151.73376,1.6248507,157.01198,2.7740765,153.97833,2.0133889,151.73376,1.6300459,150.91289,1.5330701,,,,,,,,,,,,,157.01198,2.4429193,,,,,,,,,,,,,1,1.0,6.27314,-32.9470673,,,16.722216,16.723608,,0.04942594,-20.049818,1.0572393,17.977816,19.431728,20.999239,0.5140173,156.69003,10.208243,1.2513657,,7.0,0.0,Cluster,0.3341555,-0.19687884,1.0,False,True,True,True,True,True,True,True,True,True,True,True,True,True,0.01467057103098223,True,True,True,S0,False,True,True,True
9044200091_blue_red_7_Y13SBR2_P001_EDCC0442T001_2013_10_02-2013_10_08,9044200091_A,9044200091_blue_7_Y13SBR2_P001_EDCC0442T001_2013_10_02-2013_10_08.fits,9044200091,259.0,2.25,127.92271,1.4381446,129.16345,1.406634,133.29407,2.3412695,133.07509,1.9982197,129.16345,1.4194528,126.50602,1.3964823,0.0,1.0,0.18547739,0.011523954,,,0.19535173,0.011017969,,,0.03649141,0.010373141,131.85222,1.6195256,0.0,1.0,0.14130427,0.011536472,,,0.14688575,0.010726394,,,0.03649141,0.010373141,1,0.5,6.2608147,-32.9567757,,,16.371817,16.358232,,0.051659573,-20.416578,2.156912,19.445675,20.866335,22.438068,0.33472094,90.74187,10.326881,1.2162741,,7.0,0.0,Cluster,0.33538246,0.89647007,1.0,False,True,True,True,True,True,True,True,True,True,True,True,True,True,0.011242293100263433,True,True,True,Elliptical/S0,False,True,True,True
9044200130_blue_red_7_Y13SBR2_P001_EDCC0442T001_2013_10_02-2013_10_08,9044200130_A,9044200130_blue_7_Y13SBR2_P001_EDCC0442T001_2013_10_02-2013_10_08.fits,9044200130,136.5,1.75,119.38653,2.0382288,108.908875,1.8503302,108.482315,3.113037,108.51132,2.6823094,108.908875,1.8836079,108.26604,1.735962,0.0,1.0,0.36027014,0.01663638,,,0.44299984,0.020439858,,,0.06321584,0.016619042,111.70414,1.9037236,0.0,1.0,0.3316638,0.015363416,,,0.3974595,0.018776003,,,0.06321584,0.016619042,1,1.0,6.5202069,-32.9061432,,,16.42388,16.44309,,0.05085806,-20.331562,2.955979,19.833782,20.924234,22.559631,0.5558233,134.75836,10.30613,1.2396221,,7.0,0.0,Cluster,0.45486757,0.5044032,1.0,False,True,True,True,True,True,True,True,True,True,True,True,True,True,0.017072518985182,True,True,True,S0,False,True,True,True
9044200140_blue_red_7_Y13SBR2_P001_EDCC0442T001_2013_10_02-2013_10_08,9044200140_A,9044200140_blue_7_Y13SBR2_P001_EDCC0442T001_2013_10_02-2013_10_08.fits,9044200140,10.5,2.25,126.93237,1.6032522,127.94622,1.540217,135.29823,2.7991688,129.15921,1.926779,127.94622,1.4753002,125.34437,1.680627,0.0,1.0,0.2110029,0.013385231,,,0.23656489,0.012964132,,,,,129.80624,1.7730637,0.0,1.0,,,,,,,,,,,1,1.0,6.285275,-33.2290382,,,16.470715,16.463821,,0.05030244,-20.309649,2.013528,19.199532,20.547152,22.129274,0.4486129,12.574055,10.277721,1.2030869,,7.0,0.0,Cluster,0.495622,0.23243873,1.0,False,True,True,True,True,True,True,True,True,True,True,True,True,True,0.012630759198776481,True,True,True,S0,False,True,True,True
9044200148_blue_red_7_Y13SBR2_P001_EDCC0442T001_2013_10_02-2013_10_08,9044200148_A,9044200148_blue_7_Y13SBR2_P001_EDCC0442T001_2013_10_02-2013_10_08.fits,9044200148,250.5,7.0,190.21677,1.4693611,203.52959,1.5996794,202.48323,2.498062,202.7715,1.7735659,203.52959,1.4005275,202.07256,1.3689907,0.0,1.0,0.08362516,0.006340081,,,0.086358376,0.005987239,,,0.30055654,0.14688973,197.84032,1.3377677,0.0,1.0,0.05247611,0.0061507598,,,0.056704257,0.005850899,,,0.30055654,0.14688973,1,0.0,6.3479981,-32.8362808,,,15.096827,15.049165,,0.050273143,-21.72505,4.4019885,19.992798,21.449594,23.016752,0.060735468,74.67392,10.892316,1.2681408,,7.0,0.0,Cluster,0.52766913,0.2180952,1.0,False,True,True,True,True,True,True,True,True,True,True,True,True,True,0.00772466644239622,True,True,True,Elliptical,True,True,True,True
9044200155_blue_red_7_Y13SBR2_P001_EDCC0442T001_2013_10_02-2013_10_08,9044200155_A,9044200155_blue_7_Y13SBR2_P001_EDCC0442T001_2013_10_02-2013_10_08.fits,9044200155,1.5,0.7499983,285.6317,2.5268896,278.78552,2.158067,287.80316,3.228392,284.26736,2.6493568,278.78552,2.332145,278.5342,2.0596645,0.0,1.0,0.39535156,0.0062407353,,,0.45622295,0.00693148,,,0.025536256,0.0067886715,281.79126,2.3689575,0.0,1.0,0.33680332,0.0064777564,,,0.3788856,0.0068381634,,,0.025536256,0.0067886715,1,1.0,6.2080545,-33.2189026,,,15.473738,15.431863,,0.04910391,-21.341255,2.747974,18.77028,20.047453,21.641272,0.5126584,2.5498006,10.732547,1.256381,,7.0,0.0,Cluster,0.55967784,-0.35470384,1.0,False,True,True,True,True,True,True,True,True,True,True,True,True,True,0.008846670730174557,True,True,True,S0,False,True,True,True
9044200170_blue_red_7_Y13SBR2_P002_EDCC0442T002_2013_10_02-2013_10_08,9044200170_A,9044200170_blue_7_Y13SBR2_P002_EDCC0442T002_2013_10_02-2013_10_08.fits,9044200170,303.0,0.9166667,193.51321,1.2838178,188.94928,1.5664762,187.8167,2.3521779,187.30217,1.5794263,188.94928,1.4770464,190.15408,1.5078511,0.0,1.0,0.36053523,0.0060224254,,,0.40624604,0.0067312373,,,0.034692325,0.0062229633,192.45023,1.3303847,0.0,1.0,0.33880728,0.006076368,,,0.37543628,0.006606664,,,0.034692325,0.0062229633,1,1.0,6.6609702,-33.1045456,,,15.592192,15.572826,,0.05057499,-21.201618,3.549037,19.59226,20.798065,22.405733,0.43970707,125.3022,10.666188,1.2516565,,7.0,0.0,Cluster,0.6019387,0.36586517,1.0,False,True,True,True,True,True,True,True,True,True,True,True,True,True,0.006634264399830896,True,True,True,S0,False,True,True,True
9044200175_blue_red_7_Y13SBR2_P002_EDCC0442T002_2013_10_02-2013_10_08,9044200175_A,9044200175_blue_7_Y13SBR2_P002_EDCC0442T002_2013_10_02-2013_10_08.fits,9044200175,172.0,4.0833306,177.3968,1.3205396,185.91306,1.5261059,195.34239,2.4357975,192.40244,1.8834746,185.91306,1.406848,185.89803,1.4919163,0.0,1.0,0.09823191,0.0056294296,,,0.10564884,0.005107227,,,0.1414825,0.031370733,184.29294,1.2197229,0.0,1.0,0.074986525,0.0057907454,,,0.08086546,0.0053040884,,,0.1414825,0.031370733,1,0.0,6.4081669,-33.2929726,,,15.316369,15.312577,,0.052771453,-21.461538,4.305013,20.095116,21.505299,23.078426,0.14548367,171.52397,10.684627,1.1425562,,7.0,0.0,Cluster,0.6157619,1.4398606,1.0,False,True,True,True,True,True,True,True,True,True,True,True,True,True,0.0074439877156746905,True,True,True,Elliptical,True,True,True,True
9044200176_blue_red_7_Y15SBR1_P006_EDCC0442T025_2015_09_07-2015_09_13,9044200176_A,9044200176_blue_7_Y15SBR1_P006_EDCC0442T025_2015_09_07-2015_09_13.fits,9044200176,38.5,1.75,96.393364,1.3446928,95.09845,1.2564969,94.022675,2.4133816,95.68331,1.5710531,95.09845,1.3363568,95.81291,1.2401834,0.0,1.0,0.31145102,0.0126695065,,,0.3500253,0.013899041,,,0.032016028,0.008218683,95.24698,1.4615453,0.0,1.0,,,,,,,,,0.032016028,0.008218683,1,1.0,6.1649375,-32.8736115,,,16.983856,17.009235,,0.04720642,-19.761877,1.6728367,19.6896,20.696268,22.357119,0.2914173,39.07847,10.047085,1.1899395,,7.0,0.0,Cluster,0.62295204,-1.2856262,1.0,False,True,True,True,True,True,True,True,True,True,True,True,True,True,0.01395005573205226,True,True,True,S0,False,True,True,True
9044200205_blue_red_7_Y13SBR2_P002_EDCC0442T003_2013_10_02-2013_10_08,9044200205_A,9044200205_blue_7_Y13SBR2_P002_EDCC0442T003_2013_10_02-2013_10_08.fits,9044200205,140.0,1.5833334,117.185135,1.3392509,113.633835,1.3169514,107.21713,2.6048398,112.71293,1.5726084,113.633835,1.4169466,114.43503,1.3060455,0.0,1.0,0.35009733,0.010559885,,,0.41405046,0.01182242,,,0.043868214,0.01347425,114.13734,1.3637407,0.0,1.0,0.26110214,0.010975954,,,0.29130515,0.011096064,,,0.043868214,0.01347425,1,1.0,6.715682,-33.0156822,,,16.388773,16.38407,,0.049319148,-20.388382,3.3226755,19.927586,21.227869,22.817652,0.5303114,141.79103,10.296387,1.1851465,,7.0,0.0,Cluster,0.70303655,-0.24921161,1.0,False,True,True,True,True,True,True,True,True,True,True,True,True,True,0.011428504989135353,True,True,True,S0,False,True,True,True
9044200383_blue_red_7_Y13SBR2_P002_EDCC0442T002_2013_10_02-2013_10_08,9044200383_A,9044200383_blue_7_Y13SBR2_P002_EDCC0442T002_2013_10_02-2013_10_08.fits,9044200383,222.5,1.9166666,117.032196,1.2637832,115.46344,1.3541639,117.51001,2.3987896,114.2943,1.5723085,115.46344,1.3864337,116.38098,1.1203643,0.0,1.0,0.21148616,0.011696608,,,0.24401754,0.011739701,,,,,115.166794,1.5700111,0.0,1.0,,,,,,,,,,,1,1.0,6.5571094,-32.6170387,,,16.511522,16.49882,,0.04761567,-20.272535,2.1040628,19.28034,20.608871,22.19399,0.49554938,43.045555,10.266959,1.2024746,,2.0,0.0,Cluster,1.1306155,-1.0847032,1.0,False,True,True,True,True,True,True,True,True,True,True,True,True,True,0.010798594260334993,True,True,True,S0,False,True,True,True
9091700002_blue_red_8_Y16SBR1_P001_AP0917T033_2016_09_28-2016_10_04,9091700002_A,9091700002_blue_8_Y16SBR1_P001_AP0917T033_2016_09_28-2016_10_04.fits,9091700002,18.0,7.833332,173.97414,3.415788,180.82814,2.6393626,174.89449,3.44466,179.35904,3.0236876,180.82814,2.56451,179.59018,2.4442046,,,,,,,,,,,,,173.97414,3.4912162,,,,,,,,,,,,,1,0.0,355.3943481,-29.2308426,,,17.43938,17.31855,,0.049731065,-19.504301,0.40387073,17.276407,18.501207,20.10497,0.21435072,28.817324,10.020076,1.2971249,,7.0,0.0,Cluster,0.01899725,-0.6934554,1.0,False,True,True,True,True,True,True,True,True,True,True,True,True,True,0.019633883518550516,True,True,True,Elliptical,True,True,True,True
9091700005_blue_red_7_Y14SAR4_P011_A0917T010_2014_05_23-2014_06_01,9091700005_A,9091700005_blue_7_Y14SAR4_P011_A0917T010_2014_05_23-2014_06_01.fits,9091700005,171.5,5.7499976,99.95691,2.2389982,100.470184,2.155346,103.51191,4.4853554,100.48953,3.0236576,100.470184,2.32877,100.34666,2.0917287,0.0,1.0,0.16298796,0.020907586,,,0.1831737,0.020690892,,,,,100.84904,2.5764813,,,,,,,,,,,,,1,0.0,355.4226379,-29.2494125,,,16.80284,16.735039,,0.051294893,-20.087889,2.0231457,19.922855,21.183601,22.780416,0.24417172,175.15779,10.116735,1.1319981,,7.0,0.0,Cluster,0.075917326,0.21270607,1.0,False,True,True,True,True,True,True,True,True,True,True,True,True,True,0.022399634002291592,True,True,True,Elliptical,True,True,True,True
9091700024_blue_red_8_Y16SBR1_P001_AP0917T033_2016_09_28-2016_10_04,9091700024_A,9091700024_blue_8_Y16SBR1_P001_AP0917T033_2016_09_28-2016_10_04.fits,9091700024,169.5,2.4166667,230.06871,1.4224279,234.34645,1.5625993,244.3853,3.0554152,237.02353,1.8951852,234.34645,1.6797739,234.12543,1.4826189,0.0,1.0,0.124449275,0.0051850323,,,0.13205516,0.004548288,,,0.091126755,0.029541874,231.66605,1.5261097,0.0,1.0,0.091544226,0.0056134094,,,0.09741881,0.0052194553,,,0.091126755,0.029541874,1,0.0,355.4665833,-29.2754707,,,15.156508,15.240544,,0.052109815,-21.584578,3.6652756,19.62245,21.114956,22.67792,0.16842227,-5.4648423,10.831652,1.2761793,,7.0,0.0,Cluster,0.21528484,0.6843791,1.0,False,True,True,True,True,True,True,True,True,True,True,True,True,True,0.006182622139273089,True,True,True,Elliptical,True,True,True,True
9091700025_blue_red_7_Y14SAR4_P011_A0917T010_2014_05_23-2014_06_01,9091700025_A,9091700025_blue_7_Y14SAR4_P011_A0917T010_2014_05_23-2014_06_01.fits,9091700025,328.0,2.1666667,168.40166,1.6679796,180.624,1.7235085,185.01947,2.5876248,182.62932,2.330875,180.624,1.7805978,179.34802,1.4399673,0.0,1.0,0.21293774,0.007793249,,,0.21783695,0.007015288,,,0.05432445,0.027762083,179.70871,1.604277,0.0,1.0,0.123731256,0.008547883,,,0.13011736,0.007831774,,,0.05432445,0.027762083,1,0.0,355.3166504,-29.2239952,,,15.6515045,15.695154,,0.051332396,-21.126558,4.572705,20.3833,21.7662,23.343102,0.1314276,152.87979,10.783948,1.3448458,,7.0,0.0,Cluster,0.21646373,0.23442037,1.0,False,True,True,True,True,True,True,True,True,True,True,True,True,True,0.009904769347285533,True,True,True,Elliptical,True,True,True,True
9091700038_blue_red_7_Y14SAR4_P011_A0917T010_2014_05_23-2014_06_01,9091700038_A,9091700038_blue_7_Y14SAR4_P011_A0917T010_2014_05_23-2014_06_01.fits,9091700038,30.5,1.25,148.4663,1.2355266,146.02731,1.3821192,151.16699,2.3020363,147.77159,1.4941882,146.02731,1.267594,146.03592,1.1243049,0.0,1.0,0.29251084,0.007968979,,,0.32997206,0.008503113,,,0.018387854,0.013027244,147.33884,1.4114647,0.0,1.0,0.2015398,0.008711248,,,0.22732402,0.009062921,,,0.018387854,0.013027244,1,1.0,355.4134216,-29.1494808,,,15.6831455,15.66878,,0.050867274,-21.154835,3.236611,19.24841,20.504005,22.101782,0.5680363,31.153952,10.627903,1.2263641,,7.0,0.0,Cluster,0.26447237,-0.034943942,1.0,False,True,True,True,True,True,True,True,True,True,True,True,True,True,0.008321932990853818,True,True,True,S0,False,True,True,True
9091700092_blue_red_7_Y13SBR2_P001_APMCC0917T001_2013_10_02-2013_10_08,9091700092_A,9091700092_blue_7_Y13SBR2_P001_APMCC0917T001_2013_10_02-2013_10_08.fits,9091700092,256.5,1.9166666,104.48752,1.2397453,112.64213,1.3918381,117.00906,2.1012151,114.571526,1.5396903,111.394615,1.3739095,109.44582,1.183034,0.0,1.0,0.27741033,0.010308264,,,0.27624312,0.010834809,,,0.040639363,0.018265301,111.394615,1.3021084,0.0,1.0,0.17363745,0.009658578,,,0.17280902,0.008883095,,,0.040639363,0.018265301,1,0.5,355.5508728,-29.3120193,,,16.129593,16.153492,,0.053432897,-20.671293,3.093465,20.185644,21.70776,23.267473,0.1727642,110.69941,10.360415,1.1489191,,7.0,0.0,Cluster,0.46145275,1.4493928,1.0,False,True,True,True,True,True,True,True,True,True,True,True,True,True,0.011865008376119942,True,True,True,Elliptical/S0,False,True,True,True
9091700107_blue_red_7_Y13SBR2_P001_APMCC0917T001_2013_10_02-2013_10_08,9091700107_A,9091700107_blue_7_Y13SBR2_P001_APMCC0917T001_2013_10_02-2013_10_08.fits,9091700107,346.0,6.0,147.2433,1.4891883,149.10234,1.646007,148.00061,2.995508,147.69206,2.266528,149.10234,1.7835146,148.35104,1.5753125,0.0,1.0,0.12805608,0.01146026,,,0.13834074,0.011055814,,,0.09486754,0.03894217,149.38449,1.8955119,0.0,1.0,0.11148559,0.011901955,,,0.11574187,0.0118560195,,,0.09486754,0.03894217,2,0.5,355.2572021,-29.3527336,,,16.336971,16.224827,,0.052172136,-20.598898,2.9708195,20.094164,21.569435,23.134382,0.29520363,168.16678,10.355667,1.1669312,,7.0,0.0,Cluster,0.50869316,0.7204348,1.0,True,True,True,True,True,True,True,True,True,True,True,True,True,True,0.01011379329314135,True,True,True,Elliptical/S0,False,True,True,True
9091700143_blue_red_7_Y14SAR4_P011_A0917T010_2014_05_23-2014_06_01,9091700143_A,9091700143_blue_7_Y14SAR4_P011_A0917T010_2014_05_23-2014_06_01.fits,9091700143,246.5,4.5,106.495285,1.6756476,105.4148,1.9201742,107.33954,3.047065,109.231964,2.5816696,105.4148,2.0329978,103.29856,1.7828335,0.0,1.0,0.12623698,0.016194686,,,0.13516624,0.015688682,,,,,109.957535,2.3883064,,,,,,,,,,,,,1,0.5,355.5830994,-29.1169186,,,16.829548,16.816782,,0.04945938,-20.004885,1.9173241,19.696259,21.156239,22.72301,0.29463366,61.634205,10.140102,1.1818638,,7.0,0.0,Cluster,0.60471636,-0.8510212,1.0,False,True,True,True,True,True,True,True,True,True,True,True,True,True,0.015734476883178444,True,True,True,Elliptical/S0,False,True,True,True
9091700242_blue_red_7_Y14SAR4_P011_A0917T010_2014_05_23-2014_06_01,9091700242_A,9091700242_blue_7_Y14SAR4_P011_A0917T010_2014_05_23-2014_06_01.fits,9091700242,311.5,3.5833333,96.60097,2.3918574,97.434555,2.2687473,90.469215,3.2199965,93.99738,2.9817183,97.80113,2.3604562,98.93157,2.1076694,0.0,1.0,0.24668677,0.02202098,,,0.28553802,0.0231385,,,,,93.56224,2.3753877,,,,,,,,,,,,,1,1.0,355.5073242,-28.949995,,,16.838589,16.816065,,0.053417232,-20.009907,2.4432044,19.715946,21.149496,22.719557,0.55277723,126.58199,10.118936,1.1903096,,7.0,0.0,Cluster,0.9081277,1.440341,1.0,False,True,True,True,True,True,True,True,True,True,True,True,True,True,0.024760179944362876,True,True,True,S0,False,True,True,True
9091700725_blue_red_8_Y16SBR1_P001_AP0917T033_2016_09_28-2016_10_04,9091700725_A,9091700725_blue_8_Y16SBR1_P001_AP0917T033_2016_09_28-2016_10_04.fits,9091700725,124.5,1.8333334,129.98364,1.7284396,125.77078,1.430717,125.34168,2.0332406,126.916405,2.031058,125.77078,1.548869,125.91204,1.5716276,0.0,1.0,0.23232035,0.013576521,,,0.2645206,0.013819811,,,0.02833213,0.016801232,126.466606,1.8309797,0.0,1.0,0.22651668,0.013555591,,,0.24476698,0.0133225415,,,0.02833213,0.016801232,1,1.0,354.8950195,-29.7079678,,,16.433798,16.436401,,0.049913514,-20.386698,2.2846029,19.33617,20.513678,22.127481,0.5550013,130.75467,10.400592,1.3109798,,2.0,0.0,Cluster,1.9356464,-0.5876653,1.0,False,True,True,True,True,True,True,True,True,True,True,True,True,True,0.013297362652715371,True,True,True,S0,False,True,True,True
9091700733_blue_red_8_Y16SBR1_P001_AP0917T033_2016_09_28-2016_10_04,9091700733_A,9091700733_blue_8_Y16SBR1_P001_AP0917T033_2016_09_28-2016_10_04.fits,9091700733,73.5,3.9166667,135.10683,1.2111474,143.77266,1.176471,147.47939,1.7315164,145.5999,1.5771849,143.77266,1.1886606,142.72017,0.9847615,0.0,1.0,0.11957764,0.006701487,,,0.123674,0.0061445506,,,0.16775769,0.03565536,138.34633,1.0990434,0.0,1.0,0.08034014,0.006001645,,,0.0866425,0.005653597,,,0.16775769,0.03565536,1,0.0,355.1382141,-29.8398895,,,15.161721,15.086401,,0.05111099,-21.737803,5.220716,20.464901,21.876368,23.449322,0.047507197,78.11226,10.904732,1.287036,,2.0,0.0,Cluster,1.938484,0.10621347,1.0,False,True,True,True,True,True,True,True,True,True,True,True,True,True,0.00896436841868024,True,True,True,Elliptical,True,True,True,True
9239900003_blue_red_7_Y16SAR4_P003_A2399T027_2016_09_01-2016_09_05,9239900003_A,9239900003_blue_7_Y16SAR4_P003_A2399T027_2016_09_01-2016_09_05.fits,9239900003,133.5,4.1666665,210.61263,2.0652595,222.08719,2.726772,229.06161,4.3664694,226.17969,2.8515105,221.64023,2.5220778,218.4142,2.1776516,0.0,1.0,0.2529773,0.009523244,,,0.2643918,0.00889,,,0.07088771,0.018650144,216.10857,2.3867567,0.0,1.0,0.1724241,0.009315312,,,0.18744236,0.009072029,,,0.07088771,0.018650144,1,1.0,329.377749933114,-7.79091415947504,,,16.037298,15.798998,,0.058407918,-21.325354,5.198673,20.69714,22.402597,23.946024,0.40186715,128.94824,10.698699,1.2439766,,7.0,0.0,Cluster,0.016965281,0.18333392,1.0,False,True,True,True,True,True,True,True,True,True,True,True,True,True,0.009805962254020568,True,True,True,S0,False,True,True,True
9239900004_blue_red_7_Y13SBR1_P004_A2399T002_2013_08_30-2013_09_04,9239900004_A,9239900004_blue_7_Y13SBR1_P004_A2399T002_2013_08_30-2013_09_04.fits,9239900004,262.5,0.75,302.5444,1.9116426,299.74857,1.9492024,309.88177,3.3305197,302.84732,2.350368,300.47467,2.1170995,300.58884,2.0150983,0.0,1.0,0.2849741,0.0036565298,,,0.31251505,0.0034802787,,,0.024034947,0.003972639,,,1.0,0.9265762,0.30629063,0.003833871,0.29135144,0.003833871,0.33444804,0.0034796225,0.31851697,0.0034796225,0.024034947,0.003972639,1,1.0,329.372605288676,-7.79569219083991,,,14.490442,14.333322,,0.05795381,-22.791424,6.4054,19.81518,20.988186,22.603004,0.48087102,261.22162,11.322781,1.2899151,,7.0,0.0,Cluster,3.455747e-05,-0.0031599198,1.0,False,True,True,True,True,True,True,True,True,True,True,True,True,True,0.006318552252165302,True,True,True,S0,False,True,True,True
9239900009_blue_red_7_Y13SBR1_P005_A2399T003_2013_08_30-2013_09_04,9239900009_A,9239900009_blue_7_Y13SBR1_P005_A2399T003_2013_08_30-2013_09_04.fits,9239900009,336.0,0.8333333,231.15112,2.1157146,212.99231,2.1179445,215.22806,2.7559736,213.0199,2.330091,213.31284,2.0268695,214.72073,1.7747319,0.0,1.0,0.5043895,0.006501604,,,0.61540323,0.008750763,,,0.016600307,0.0043194667,220.5383,2.018042,0.0,1.0,0.50231785,0.0061119497,,,0.6001052,0.008069587,,,0.016600307,0.0043194667,1,1.0,329.365168140379,-7.80358236909933,,,15.825666,15.806366,,0.06149803,-21.321638,3.578014,19.450596,20.6164,22.23286,0.6626698,156.97638,10.73147,1.2974921,,7.0,0.0,Cluster,0.02627891,1.4502575,1.0,False,True,True,True,True,True,True,True,True,True,True,True,True,True,0.009152949810496268,True,True,True,S0,False,True,True,True
9239900010_blue_red_6_Y17SAR3_P013_A2399T034_2017_04_19-2017_05_01,9239900010_A,9239900010_blue_6_Y17SAR3_P013_A2399T034_2017_04_19-2017_05_01.fits,9239900010,124.0,6.5,150.41013,3.5591638,144.83942,2.5449429,150.41013,3.4619176,146.33897,3.0791318,141.87465,2.4935515,139.59537,2.69574,,,,,,,,,,,,,150.41013,3.817116,,,,,,,,,,,,,1,0.0,329.363092558645,-7.789598639606,,,17.66963,17.41171,,0.05748007,-19.712572,0.6212389,18.163248,19.448778,21.041113,0.2628837,130.95102,10.085775,1.2828465,,7.0,0.0,Cluster,0.027323235,-0.19780016,1.0,False,True,True,True,True,True,True,True,True,True,True,True,True,True,0.023663059130392346,True,True,True,Elliptical,True,True,True,True
9239900012_blue_red_9_Y14SAR4_P011_A2399T015_2014_05_23-2014_06_01,9239900012_A,9239900012_blue_9_Y14SAR4_P011_A2399T015_2014_05_23-2014_06_01.fits,9239900012,200.0,3.9166667,142.414,1.6192406,142.414,1.7036861,152.04152,2.4800768,148.99078,1.8101721,139.63208,1.7028934,134.41261,1.7476174,0.0,1.0,,,,,,,,,,,148.99078,1.8934904,,,,,,,,,,,,,1,0.0,329.35703918466,-7.79354827594187,,,17.165604,16.819214,,0.05829953,-20.306015,1.3563217,19.364414,20.790894,22.361866,0.05350202,211.09666,10.309187,1.2772732,,7.0,0.0,Cluster,0.037901446,0.13882862,1.0,False,True,True,True,True,True,True,True,True,True,True,True,True,True,0.011369953796677294,True,True,True,Elliptical,True,True,True,True
9239900013_blue_red_8_Y15SAR4_P005_A2399T019_2015_05_14-2015_05_20,9239900013_A,9239900013_blue_8_Y15SAR4_P005_A2399T019_2015_05_14-2015_05_20.fits,9239900013,191.0,3.1666667,186.28732,2.903941,180.73671,2.0678697,184.89813,3.2838097,183.8345,2.3764994,181.75099,2.0564075,182.04561,2.0355122,,,,,,,,,,,,,186.28732,2.5209162,,,,,,,,,,,,,1,1.0,329.351213882966,-7.79901190727916,,,16.70024,16.66593,,0.058643512,-20.459654,1.2084928,18.556118,19.724337,21.340242,0.41465575,185.32977,10.396941,1.3031673,,7.0,0.0,Cluster,0.052205082,0.2800566,1.0,False,True,True,True,True,True,True,True,True,True,True,True,True,True,0.015588505970239952,True,True,True,S0,False,True,True,True
9239900017_blue_red_7_Y15SBR1_P002_A2399T025_2015_08_12-2015_08_17,9239900017_A,9239900017_blue_7_Y15SBR1_P002_A2399T025_2015_08_12-2015_08_17.fits,9239900017,298.5,29.83333,102.794,1.7828008,102.40766,1.4232771,103.29725,2.5699723,103.448814,2.1183772,100.63484,1.6069021,96.98474,1.5769589,0.0,1.0,,,,,,,,,,,103.448814,1.7328537,,,,,,,,,,,,,1,1.0,329.356789162601,-7.82406445004633,,,17.38985,17.35638,,0.058941625,-19.768097,1.4771527,19.597683,20.911736,22.499208,0.44348246,285.99402,10.035274,1.2045555,,7.0,0.0,Cluster,0.07884158,0.4024149,1.0,False,True,True,True,True,True,True,True,True,True,True,True,True,True,0.01734343249606008,True,True,True,S0,False,True,True,True
9239900019_blue_red_7_Y17SAR3_P014_A2399T035_2017_09_14-2017_09_26,9239900019_A,9239900019_blue_7_Y17SAR3_P014_A2399T035_2017_09_14-2017_09_26.fits,9239900019,263.0,12.0,76.71325,2.1194036,77.012634,2.1970134,76.86211,3.1520996,74.047134,2.6662505,79.49942,2.2407246,77.86682,2.0625105,0.0,1.0,0.13798761,0.023615098,,,0.16936316,0.022894818,,,0.19364901,0.094030686,79.49942,2.366551,0.0,1.0,0.11383983,0.02473061,,,0.14617768,0.025067579,,,0.19364901,0.094030686,1,0.5,329.341204918133,-7.78765480273277,,,17.021063,17.027252,,0.05622671,-20.0937,2.1645179,20.54185,21.888208,23.470526,0.096995436,134.02162,10.110426,1.1328125,,7.0,0.0,Cluster,0.07817741,-0.7131764,1.0,False,True,True,True,True,True,True,True,True,True,True,True,True,True,0.02762760800774312,True,True,True,Elliptical/S0,False,True,True,True
9239900020_blue_red_7_Y13SBR1_P004_A2399T002_2013_08_30-2013_09_04,9239900020_A,9239900020_blue_7_Y13SBR1_P004_A2399T002_2013_08_30-2013_09_04.fits,9239900020,308.0,4.75,204.22688,2.3722703,225.47388,1.7497598,236.88965,2.8035316,230.44429,1.9183521,225.33585,1.8437855,223.77553,1.7402302,1.0,0.93832123,0.15960537,0.006552847,0.15262501,0.006552847,0.1549185,0.0053553334,0.14873333,0.0053553334,0.115599275,0.024446324,216.89816,1.6560358,0.0,1.0,0.09480095,0.005648241,,,0.10242962,0.004886701,,,0.115599275,0.024446324,1,0.0,329.430173083506,-7.7625350736778,,,15.278668,15.188338,,0.057947118,-21.936268,6.749643,21.085428,22.705362,24.255638,0.0001,185.7994,10.939418,1.2497358,,7.0,0.0,Cluster,0.16042002,-0.005908227,1.0,False,True,True,True,True,True,True,True,True,True,True,True,True,True,0.011615857324951543,True,True,True,Elliptical,True,True,True,True
9239900034_blue_red_7_Y16SAR4_P003_A2399T029_2016_09_01-2016_09_05,9239900034_A,9239900034_blue_7_Y16SAR4_P003_A2399T029_2016_09_01-2016_09_05.fits,9239900034,64.5,2.4166667,139.82613,2.0015087,138.31279,1.5032865,141.0356,2.0792367,141.60574,1.6851457,138.68034,1.6636941,138.64105,1.6087229,0.0,1.0,,,,,,,,,,,141.60574,2.0032294,0.0,1.0,,,,,,,,,,,1,1.0,329.322117834303,-7.81377931037675,,,16.744678,16.697868,,0.058222704,-20.42606,1.3525442,18.693617,20.03122,21.6149,0.4758367,244.4376,10.308192,1.2121334,,7.0,0.0,Cluster,0.12938824,0.10727979,1.0,False,True,True,True,True,True,True,True,True,True,True,True,True,True,0.014314268012709784,True,True,True,S0,False,True,True,True
9239900039_blue_red_7_Y16SAR4_P003_A2399T027_2016_09_01-2016_09_05,9239900039_A,9239900039_blue_7_Y16SAR4_P003_A2399T027_2016_09_01-2016_09_05.fits,9239900039,280.5,4.3333335,117.77833,1.7408134,123.85901,2.075984,128.58273,3.1390119,125.41515,2.565686,121.85086,1.8388458,120.251366,1.863525,0.0,1.0,0.22872905,0.014343321,,,0.24953116,0.014115951,,,0.106024414,0.026032908,119.489395,1.8063213,0.0,1.0,0.20484923,0.014309509,,,0.21561168,0.01340933,,,0.106024414,0.026032908,1,0.5,329.341575522944,-7.8569151780723,,,16.485716,16.503927,,0.05610301,-20.61912,3.5642467,20.863527,22.297018,23.867086,0.21045542,277.7469,10.419075,1.2524376,,7.0,0.0,Cluster,0.16662405,-0.7640753,1.0,False,True,True,True,True,True,True,True,True,True,True,True,True,True,0.014780421831418394,True,True,True,Elliptical/S0,False,True,True,True
9239900054_blue_red_7_Y13SBR1_P003_A2399T001_2013_08_30-2013_09_04,9239900054_A,9239900054_blue_7_Y13SBR1_P003_A2399T001_2013_08_30-2013_09_04.fits,9239900054,188.0,1.1666666,144.92233,1.2572846,159.86047,1.5805248,157.06015,2.4802458,160.36354,1.9029537,159.55122,1.4372239,155.92657,1.4003834,0.0,1.0,0.33935902,0.005732952,,,0.34904465,0.0058389045,,,0.045110036,0.00924699,148.4251,1.2909747,0.0,1.0,0.3205298,0.0058056517,,,0.3305448,0.005931626,,,0.045110036,0.00924699,1,0.0,329.470893051049,-7.73860138935871,,,15.241272,15.2767515,,0.055011798,-21.8452,4.262621,20.33799,21.49004,23.109715,0.07371035,189.53915,10.921854,1.2577591,,7.0,0.0,Cluster,0.27450755,-1.2133265,1.0,False,True,True,True,True,True,True,True,True,True,True,True,True,True,0.008675575392694833,True,True,True,Elliptical,True,True,True,True
9239900056_blue_red_7_Y15SBR1_P002_A2399T025_2015_08_12-2015_08_17,9239900056_A,9239900056_blue_7_Y15SBR1_P002_A2399T025_2015_08_12-2015_08_17.fits,9239900056,176.0,1.7499987,172.5467,1.7144471,168.79045,1.7780354,174.65176,2.2004259,173.32521,2.052375,167.50179,1.6549709,163.24861,1.5354948,0.0,1.0,,,,,,,,,,,171.83101,1.8335216,0.0,1.0,,,,,,,,,,,1,0.0,329.292254862367,-7.81580342355178,,,16.728687,16.709047,,0.059305504,-20.416067,1.3200275,19.195074,20.493912,22.08394,0.10870802,183.27501,10.3373995,1.2485313,,7.0,0.0,Cluster,0.19971597,0.5517197,1.0,False,True,True,True,True,True,True,True,True,True,True,True,True,True,0.009936133811889767,True,True,True,Elliptical,True,True,True,True
9239900067_blue_red_7_Y13SBR1_P006_A2399T004_2013_08_30-2013_09_04,9239900067_A,9239900067_blue_7_Y13SBR1_P006_A2399T004_2013_08_30-2013_09_04.fits,9239900067,50.5,8.666667,125.5107,2.977253,120.56174,2.8711112,129.41551,3.5482256,125.5107,2.9519203,121.51732,2.6078825,118.60141,3.1037867,,,,,,,,,,,,,129.41551,3.7427683,,,,,,,,,,,,,1,0.0,329.474699685109,-7.72846550578458,,,17.621902,17.594522,,0.057822153,-19.530533,0.836374,19.166544,20.752737,22.306057,0.0034116665,265.0755,10.087066,1.3716774,,7.0,0.0,Cluster,0.29535902,-0.05724325,1.0,False,True,True,True,True,True,True,True,True,True,True,True,True,True,0.023721109036918767,True,True,True,Elliptical,True,True,True,True
9239900068_blue_red_8_Y15SAR4_P005_A2399T019_2015_05_14-2015_05_20,9239900068_A,9239900068_blue_8_Y15SAR4_P005_A2399T019_2015_05_14-2015_05_20.fits,9239900068,342.0,11.083332,79.879745,1.7973155,79.58925,1.7495906,81.59777,2.0843372,79.21767,2.0292282,78.66063,1.7230961,78.56252,1.5629983,,,,,,,,,,,,,80.39765,1.6739975,,,,,,,,,,,,,1,0.0,329.299152471478,-7.85345178437393,,,17.019955,16.954494,,0.058930017,-20.167835,1.429018,19.5617,20.82835,22.424076,0.18332402,141.07098,10.113734,1.1096762,,7.0,0.0,Cluster,0.2259721,0.3976511,1.0,False,True,True,True,True,True,True,True,True,True,True,True,True,True,0.022500265868400055,True,True,True,Elliptical,True,True,True,True
9239900088_blue_red_7_Y13SBR1_P004_A2399T002_2013_08_30-2013_09_04,9239900088_A,9239900088_blue_7_Y13SBR1_P004_A2399T002_2013_08_30-2013_09_04.fits,9239900088,278.5,1.1666666,135.87476,1.3967528,132.7089,1.7688775,135.8118,2.6080713,133.57797,1.6374234,131.47812,1.5424303,132.0115,1.5137568,0.0,1.0,0.3795323,0.00847837,,,0.4422932,0.010324351,,,0.043118954,0.0108309975,133.20425,1.5080817,0.0,1.0,0.32612815,0.0089686215,,,0.37623575,0.010173679,,,0.043118954,0.0108309975,1,1.0,329.475273169864,-7.70200638834774,,,16.264107,16.236866,,0.060103294,-20.889965,3.2173662,20.128857,21.327747,22.936878,0.45277697,273.36517,10.568703,1.3046427,,7.0,0.0,Cluster,0.33630955,0.87888455,1.0,False,True,True,True,True,True,True,True,True,True,True,True,True,True,0.010279707577772353,True,True,True,S0,False,True,True,True
9239900100_blue_red_7_Y13SBR1_P003_A2399T001_2013_08_30-2013_09_04,9239900100_A,9239900100_blue_7_Y13SBR1_P003_A2399T001_2013_08_30-2013_09_04.fits,9239900100,149.0,1.0833334,180.6826,1.3283278,182.80501,1.6439825,186.23024,2.096753,186.0168,1.7219442,181.85226,1.4564788,178.58685,1.3661946,0.0,1.0,0.23106003,0.006446837,,,0.24903657,0.006497787,,,0.033060625,0.012491302,182.46533,1.5798208,0.0,1.0,0.20511918,0.0064400746,,,0.21688548,0.006422713,,,0.033060625,0.012491302,1,1.0,329.255645521543,-7.78146510968755,,,15.816373,15.6977825,,0.060243297,-21.428349,2.5596468,19.055155,20.361692,21.950417,0.4708726,154.64493,10.733721,1.2459593,,7.0,0.0,Cluster,0.2839696,0.9362731,1.0,False,True,True,True,True,True,True,True,True,True,True,True,True,True,0.007351719534697863,True,True,True,S0,False,True,True,True
9239900114_blue_red_7_Y16SAR4_P003_A2399T027_2016_09_01-2016_09_05,9239900114_A,9239900114_blue_7_Y16SAR4_P003_A2399T027_2016_09_01-2016_09_05.fits,9239900114,229.5,14.0,141.78433,4.08756,146.28918,2.6809452,141.78433,4.5774803,145.5508,2.8631716,142.68636,2.4774468,137.95303,2.3343368,,,,,,,,,,,,,141.78433,4.4181905,,,,,,,,,,,,,1,1.0,329.321152268344,-7.92026221768919,,,17.324772,17.263443,,0.055417925,-19.857458,1.0490756,18.5134,19.973839,21.540552,0.55357337,224.66158,10.037045,1.1562824,,7.0,0.0,Cluster,0.32734367,-1.0460701,1.0,False,True,True,True,True,True,True,True,True,True,True,True,True,True,0.028829420007133365,True,True,True,S0,False,True,True,True
9239900122_blue_red_8_Y15SAR4_P005_A2399T019_2015_05_14-2015_05_20,9239900122_A,9239900122_blue_8_Y15SAR4_P005_A2399T019_2015_05_14-2015_05_20.fits,9239900122,222.0,4.25,191.85736,4.8482585,154.63594,2.021056,156.64107,3.0388317,154.59906,2.4582152,156.8269,2.0544782,156.65205,1.8496921,1.0,0.63924193,0.25462624,0.011124714,0.18740217,0.011124714,0.27496475,0.010847793,0.20649178,0.010847793,0.07356699,0.024322225,159.73792,2.0671034,0.0,1.0,0.15429685,0.010618766,,,0.17152493,0.01009659,,,0.07356699,0.024322225,1,0.0,329.242756677482,-7.81966022473127,,,16.481194,16.176292,,0.061438493,-20.94944,7.1960235,21.804281,23.425114,24.975313,0.10937134,227.42487,10.507512,1.2027054,,7.0,0.0,Cluster,0.31827903,1.4258826,1.0,False,True,True,True,True,True,True,True,True,True,True,True,True,True,0.02527011994744429,True,True,True,Elliptical,True,True,True,True
9239900125_blue_red_7_Y13SBR1_P003_A2399T001_2013_08_30-2013_09_04,9239900125_A,9239900125_blue_7_Y13SBR1_P003_A2399T001_2013_08_30-2013_09_04.fits,9239900125,300.0,0.8333333,211.12189,1.7348208,202.86702,1.9359719,205.90636,3.2800977,201.53415,2.4030926,202.37283,1.8088461,202.88094,1.961528,0.0,1.0,0.35853523,0.007486265,,,0.42086986,0.008309548,,,0.012156377,0.006309944,204.94441,1.9875932,0.0,1.0,0.32958713,0.007027658,,,0.37089092,0.007451428,,,0.012156377,0.006309944,1,1.0,329.541859154732,-7.80036394851175,,,15.718626,15.713576,,0.056750707,-21.409988,2.8846934,19.075699,20.215422,21.838064,0.5954101,121.285835,10.745462,1.2619706,,7.0,0.0,Cluster,0.40793863,-0.49763733,1.0,False,True,True,True,True,True,True,True,True,True,True,True,True,True,0.008217152660010765,True,True,True,S0,False,True,True,True
9239900136_blue_red_7_Y13SBR1_P004_A2399T002_2013_08_30-2013_09_04,9239900136_A,9239900136_blue_7_Y13SBR1_P004_A2399T002_2013_08_30-2013_09_04.fits,9239900136,56.5,0.75,242.85019,2.2163358,234.312,1.7467792,230.84714,2.9054694,231.75479,2.3263314,236.02197,1.8595068,239.75255,1.7483737,0.0,1.0,0.36771226,0.006652977,,,0.44096962,0.0077645537,,,0.013345373,0.0074039847,236.49605,1.8252071,0.0,1.0,0.34435895,0.0068851756,,,0.40877265,0.007943178,,,0.013345373,0.0074039847,1,1.0,329.437725588258,-7.95051464680185,,,15.816408,15.781768,,0.056434892,-21.341728,2.3074856,19.046883,20.17413,21.799864,0.44532442,238.24442,10.736787,1.2832032,,7.0,0.0,Cluster,0.40788606,-0.62753123,1.0,False,True,True,True,True,True,True,True,True,True,True,True,True,True,0.009126349870263638,True,True,True,S0,False,True,True,True
9239900138_blue_red_8_Y15SAR4_P005_A2399T019_2015_05_14-2015_05_20,9239900138_A,9239900138_blue_8_Y15SAR4_P005_A2399T019_2015_05_14-2015_05_20.fits,9239900138,12.5,29.916666,164.08263,4.2240286,155.88428,2.5992205,164.08263,4.9458528,160.1188,3.2453346,156.40404,2.373633,158.54858,2.540141,,,,,,,,,,,,,164.08263,5.1380467,,,,,,,,,,,,,1,0.0,329.552857233963,-7.82960304766708,,,17.259804,17.231644,,0.057403702,-19.891064,0.6493627,18.088867,19.500988,21.073854,0.2221083,190.14317,10.090189,1.1998959,,7.0,0.0,Cluster,0.44202653,-0.22918512,1.0,False,True,True,True,True,True,True,True,True,True,True,True,True,True,0.025743301408564696,True,True,True,Elliptical,True,True,True,True
9239900145_blue_red_7_Y13SBR1_P003_A2399T001_2013_08_30-2013_09_04,9239900145_A,9239900145_blue_7_Y13SBR1_P003_A2399T001_2013_08_30-2013_09_04.fits,9239900145,38.0,28.916664,170.6009,2.3910773,178.84413,1.5711852,184.90216,2.8766983,180.48215,2.3242648,177.8843,1.4972998,177.39297,1.4687645,1.0,0.94629425,0.09254717,0.009087997,0.088970125,0.009087997,0.09910792,0.008450618,0.09566766,0.008450618,1.147203,0.6304738,177.69734,1.3570884,0.0,1.0,0.05346534,0.00798088,,,0.062012218,0.0074850204,,,1.147203,0.6304738,1,1.0,329.255114947833,-7.90424649271594,,,15.474828,15.440718,,0.05668024,-21.681297,7.3972764,21.034342,22.558132,24.117666,0.39947492,188.73065,10.777259,1.1704416,,7.0,0.0,Cluster,0.38708833,-0.5266171,1.0,False,True,True,True,True,True,True,True,True,True,True,True,True,True,0.01401561949555952,True,True,True,S0,False,True,True,True
9239900147_blue_red_8_Y15SAR4_P005_A2399T019_2015_05_14-2015_05_20,9239900147_A,9239900147_blue_8_Y15SAR4_P005_A2399T019_2015_05_14-2015_05_20.fits,9239900147,345.5,9.666665,136.9517,4.118811,115.40612,3.8531828,125.131134,5.3773165,117.49524,3.7365928,119.425804,3.2961962,120.5083,3.7459137,1.0,0.9037438,0.1874809,0.02388374,0.17472187,0.02388374,0.21103933,0.023904108,0.19780278,0.023904108,0.21287605,0.12948082,121.482925,3.4734945,0.0,1.0,0.105858795,0.026166718,,,0.12355074,0.025350785,,,0.21287605,0.12948082,1,0.0,329.527047675053,-7.90657802800676,,,16.9175,16.8316,,0.06137636,-20.293346,3.393292,21.287601,22.860067,24.414688,0.08753381,175.10081,10.234565,1.1865557,,7.0,0.0,Cluster,0.45950025,1.4004432,1.0,False,True,True,True,True,True,True,True,True,True,True,True,True,True,0.03007491692326565,True,True,True,Elliptical,True,True,True,True
9239900150_blue_red_7_Y13SBR1_P006_A2399T004_2013_08_30-2013_09_04,9239900150_A,9239900150_blue_7_Y13SBR1_P006_A2399T004_2013_08_30-2013_09_04.fits,9239900150,353.0,2.8333333,107.076126,1.591509,106.44081,1.7832276,106.75404,2.5813563,106.53155,2.033358,106.00972,1.7467589,105.75541,1.4365512,0.0,1.0,0.3010441,0.012162725,,,0.32541782,0.012644441,,,0.033782125,0.014065417,105.93813,1.4959886,0.0,1.0,0.27072695,0.012812598,,,0.29258734,0.012452063,,,0.033782125,0.014065417,1,1.0,329.208437647185,-7.81182116282799,,,16.452318,16.445889,,0.061650444,-20.681116,3.0889847,20.211079,21.384357,22.999113,0.482382,181.44498,10.404417,1.2180977,,7.0,0.0,Cluster,0.3975289,1.5126498,1.0,False,True,True,True,True,True,True,True,True,True,True,True,True,True,0.01486334124564798,True,True,True,S0,False,True,True,True
9239900152_blue_red_7_Y13SBR1_P003_A2399T001_2013_08_30-2013_09_04,9239900152_A,9239900152_blue_7_Y13SBR1_P003_A2399T001_2013_08_30-2013_09_04.fits,9239900152,107.0,2.0833333,263.53696,2.2002654,279.8155,2.1423178,283.63187,3.3165867,283.57797,2.5906134,278.75626,2.1075282,277.41,2.0241652,0.0,1.0,0.17651394,0.0051043606,,,0.18179475,0.0044947485,,,0.03196658,0.01479875,275.21698,1.9123573,0.0,1.0,0.14321576,0.0049319263,,,0.14725181,0.0045252354,,,0.03196658,0.01479875,1,0.5,329.347553598832,-7.97055959072109,,,15.027245,15.015275,,0.05630308,-22.108234,5.3917603,20.002775,21.474098,23.03951,0.39201707,283.68472,11.048241,1.2918434,,7.0,0.0,Cluster,0.4295394,-0.6817566,1.0,False,True,True,True,True,True,True,True,True,True,True,True,True,True,0.008348982245222833,True,True,True,Elliptical/S0,False,True,True,True
9239900167_blue_red_7_Y13SBR1_P004_A2399T002_2013_08_30-2013_09_04,9239900167_A,9239900167_blue_7_Y13SBR1_P004_A2399T002_2013_08_30-2013_09_04.fits,9239900167,50.0,1.0833334,222.4191,1.9743154,220.91821,1.9913996,223.07,3.571375,221.85861,2.2207854,221.4914,1.9001108,222.01811,1.6890907,0.0,1.0,0.39116064,0.005455602,,,0.4485587,0.0058508664,,,0.041340172,0.005195706,224.95488,1.8049929,0.0,1.0,0.35953963,0.0053116446,,,0.41303515,0.005777133,,,0.041340172,0.005195706,1,1.0,329.531286424566,-7.92927961116389,,,15.040088,15.025067,,0.05937978,-22.100657,7.225595,20.638876,21.96952,23.5543,0.43403286,230.45401,11.028429,1.2720594,,7.0,0.0,Cluster,0.5016578,0.58218944,1.0,False,True,True,True,True,True,True,True,True,True,True,True,True,True,0.008876555115994986,True,True,True,S0,False,True,True,True
9239900175_blue_red_7_Y16SAR4_P003_A2399T027_2016_09_01-2016_09_05,9239900175_A,9239900175_blue_7_Y16SAR4_P003_A2399T027_2016_09_01-2016_09_05.fits,9239900175,161.0,4.75,94.137535,2.8051567,93.58294,2.390117,92.02031,3.957271,93.3249,2.8943758,92.93827,2.521693,95.99991,2.1829078,0.0,1.0,0.2602017,0.025762754,,,0.29037502,0.03007762,,,,,93.50342,2.9547842,,,,,,,,,,,,,1,1.0,329.589782708134,-7.76793486665704,,,17.190624,17.199814,,0.05823429,-19.92312,2.075652,20.101824,21.591562,23.154839,0.43958667,164.67918,10.085279,1.1813354,,7.0,0.0,Cluster,0.527608,0.112037584,1.0,False,True,True,True,True,True,True,True,True,True,True,True,True,True,0.029798493236518248,True,True,True,S0,False,True,True,True
9239900196_blue_red_8_Y15SAR4_P005_A2399T019_2015_05_14-2015_05_20,9239900196_A,9239900196_blue_8_Y15SAR4_P005_A2399T019_2015_05_14-2015_05_20.fits,9239900196,25.0,29.916666,63.086338,2.2335806,62.864235,2.3589134,55.700253,4.3474464,62.93273,2.6992211,62.65778,2.2270103,63.52191,2.1944745,0.0,1.0,0.11082247,0.02733006,,,0.12597774,0.02899441,,,0.42763674,0.3292771,62.053757,2.0824301,0.0,1.0,0.086009786,0.02965447,,,0.10245176,0.031986196,,,0.42763674,0.3292771,1,0.0,329.572215467198,-7.67438246222582,,,17.05238,17.06452,,0.058814254,-20.055908,1.9791816,20.312262,21.362867,23.009726,0.229792,253.22672,10.159445,1.1770802,,7.0,0.0,Cluster,0.5642646,0.3501404,1.0,False,True,True,True,True,True,True,True,True,True,True,True,True,True,0.03540513954067202,True,True,True,Elliptical,True,True,True,True
9239900202_blue_red_7_Y13SBR1_P006_A2399T004_2013_08_30-2013_09_04,9239900202_A,9239900202_blue_7_Y13SBR1_P006_A2399T004_2013_08_30-2013_09_04.fits,9239900202,30.0,3.0,78.23793,1.9730574,78.3896,1.8441967,78.4462,2.8074696,80.7846,2.0531044,77.776344,1.7304091,77.51831,1.8432479,0.0,1.0,0.36652574,0.022612007,,,0.42105836,0.024600565,,,0.09562529,0.026005737,78.33571,1.8384928,0.0,1.0,0.3029025,0.021304907,,,0.3455827,0.022987884,,,0.09562529,0.026005737,2,0.0,329.60606175712,-7.73343082042665,,,17.005974,16.971643,,0.057435162,-20.150972,3.562646,21.423666,22.829838,24.403505,0.12464093,213.6798,10.167504,1.1745129,,7.0,0.0,Cluster,0.58254325,-0.21625577,1.0,True,True,True,True,True,True,True,True,True,True,True,True,True,True,0.025218681015717056,True,True,True,Elliptical,True,True,True,True
9239900211_blue_red_7_Y13SBR1_P004_A2399T002_2013_08_30-2013_09_04,9239900211_A,9239900211_blue_7_Y13SBR1_P004_A2399T002_2013_08_30-2013_09_04.fits,9239900211,167.0,0.9166667,168.53073,1.4970992,170.61324,1.5430678,173.71547,2.1372874,173.0812,1.5215847,169.37306,1.4617152,167.51378,1.2852658,0.0,1.0,0.42021576,0.0060704546,,,0.47331336,0.0071451846,,,0.011284932,0.006398345,169.37927,1.3309245,0.0,1.0,0.31869802,0.0061527425,,,0.34182125,0.006376309,,,0.011284932,0.006398345,1,1.0,329.363741647291,-7.56604528174281,,,15.718528,15.723778,,0.059067633,-21.401505,4.658944,20.120596,21.51272,23.088322,0.5405512,160.93388,10.733545,1.2548227,,7.0,0.0,Cluster,0.558905,0.45412362,1.0,False,True,True,True,True,True,True,True,True,True,True,True,True,True,0.008883241649757288,True,True,True,S0,False,True,True,True
9239900242_blue_red_7_Y15SBR1_P002_A2399T025_2015_08_12-2015_08_17,9239900242_A,9239900242_blue_7_Y15SBR1_P002_A2399T025_2015_08_12-2015_08_17.fits,9239900242,191.0,29.83333,126.49092,1.3477979,129.05577,1.4085159,134.54984,2.2983134,128.56079,1.7095734,128.12282,1.4628617,126.981,1.3191159,0.0,1.0,0.053421948,0.009881246,,,0.0604438,0.009301757,,,0.58829415,0.2575702,128.12282,1.6248724,0.0,1.0,0.044266976,0.010801965,,,0.051348884,0.010786784,,,0.58829415,0.2575702,2,0.0,329.596589794402,-7.6521714625835,,,16.566511,16.57368,,0.05660791,-20.549429,2.2469156,20.101501,21.552046,23.11997,0.095453694,238.54588,10.382079,1.2380371,,7.0,0.0,Cluster,0.64277196,-0.5563649,1.0,True,True,True,True,True,True,True,True,True,True,True,True,True,True,0.010655293676415666,True,True,True,Elliptical,True,True,True,True
9239900256_blue_red_7_Y13SBR1_P004_A2399T002_2013_08_30-2013_09_04,9239900256_A,9239900256_blue_7_Y13SBR1_P004_A2399T002_2013_08_30-2013_09_04.fits,9239900256,146.5,1.0,155.27365,1.2927629,171.03763,1.4643221,172.02715,2.205148,172.77048,1.7559887,169.4721,1.4740207,167.57886,1.3519211,0.0,1.0,0.396752,0.0052306755,,,0.42231452,0.005414244,,,0.033044957,0.007717274,158.47414,1.2487109,0.0,1.0,0.3607547,0.0049974616,,,0.38095015,0.005345057,,,0.033044957,0.007717274,1,0.0,329.155395169942,-7.67864596002464,,,14.8202715,14.743901,,0.05535849,-22.37485,5.8124986,20.431366,21.696413,23.292433,0.07718783,143.10909,11.023584,1.1163769,,8.0,0.0,Cluster,0.59586376,-1.0705426,1.0,False,True,True,True,True,True,True,True,True,True,True,True,True,True,0.008325706905196085,True,True,True,Elliptical,True,True,True,True
9239900277_blue_red_7_Y13SBR1_P005_A2399T003_2013_08_30-2013_09_04,9239900277_A,9239900277_blue_7_Y13SBR1_P005_A2399T003_2013_08_30-2013_09_04.fits,9239900277,258.0,3.3333333,99.07762,1.404872,112.49815,1.4326622,116.81317,2.1354632,113.22276,1.4847355,111.9798,1.3732691,109.68425,1.1737363,0.0,1.0,0.19871755,0.0095696645,,,0.20139834,0.008394257,,,0.07210824,0.024323197,101.0166,1.4458363,0.0,1.0,0.17429551,0.009529264,,,0.17970228,0.008302942,,,0.07210824,0.024323197,1,0.0,329.120649567811,-7.75449432937433,,,15.524825,15.520625,,0.056219228,-21.599115,4.069179,20.515501,21.654135,23.277044,0.0030272796,233.60881,10.723983,1.1316442,,8.0,0.0,Cluster,0.61536294,-0.7162557,1.0,False,True,True,True,True,True,True,True,True,True,True,True,True,True,0.014179508954696328,True,True,True,Elliptical,True,True,True,True
9239900300_blue_red_7_Y13SBR1_P005_A2399T003_2013_08_30-2013_09_04,9239900300_A,9239900300_blue_7_Y13SBR1_P005_A2399T003_2013_08_30-2013_09_04.fits,9239900300,42.5,0.6666667,180.05748,1.735197,164.53127,1.5029773,167.90025,2.403325,164.59695,2.0088904,165.96533,1.4686702,166.81604,1.3565116,0.0,1.0,0.5288488,0.006156495,,,0.6529495,0.008973793,,,0.00997182,0.004169615,171.5533,1.4585326,0.0,1.0,0.48148045,0.0062880456,,,0.5664115,0.008257112,,,0.00997182,0.004169615,1,1.0,329.14828866805,-7.9380675641116,,,15.701923,15.688124,,0.05863254,-21.43748,4.139066,19.971516,21.08957,22.71764,0.51373905,227.54324,10.780939,1.2975063,,7.0,0.0,Cluster,0.6418408,0.275553,1.0,False,True,True,True,True,True,True,True,True,True,True,True,True,True,0.009636905948033929,True,True,True,S0,False,True,True,True
9239900345_blue_red_7_Y15SBR1_P002_A2399T025_2015_08_12-2015_08_17,9239900345_A,9239900345_blue_7_Y15SBR1_P002_A2399T025_2015_08_12-2015_08_17.fits,9239900345,93.5,2.6666667,108.698654,1.3505033,109.23455,1.3852847,114.274254,2.0362225,111.21749,1.7343651,108.45163,1.3554754,108.2325,1.1914365,0.0,1.0,,,,,,,,,,,111.36188,1.339945,0.0,1.0,,,,,,,,,,,1,0.5,329.466406326752,-7.49581308756439,,,16.746239,16.732199,,0.05597259,-20.39028,1.495454,19.362335,20.776169,22.348806,0.20167936,182.58675,10.281953,1.2018929,,7.0,0.0,Cluster,0.7635304,-0.81774426,1.0,False,True,True,True,True,True,True,True,True,True,True,True,True,True,0.012424287240944123,True,True,True,Elliptical/S0,False,True,True,True
9239900354_blue_red_7_Y15SBR1_P002_A2399T025_2015_08_12-2015_08_17,9239900354_A,9239900354_blue_7_Y15SBR1_P002_A2399T025_2015_08_12-2015_08_17.fits,9239900354,115.5,1.4166666,123.965004,1.5459559,124.80634,1.5029585,126.33967,1.583159,125.89226,1.6300423,124.96026,1.3907948,123.89281,1.3969588,0.0,1.0,0.4579572,0.011749586,,,0.5064179,0.014401696,,,0.052824423,0.0104184635,125.216415,1.4017308,0.0,1.0,0.31260094,0.010455198,,,0.3425356,0.010974957,,,0.052824423,0.0104184635,1,1.0,329.075637234865,-7.82395442824571,,,16.568151,16.561852,,0.059637625,-20.56309,4.151529,21.01793,22.647812,24.19723,0.32371438,115.92226,10.372797,1.2227974,,7.0,0.0,Cluster,0.71884847,0.6879489,1.0,False,True,True,True,True,True,True,True,True,True,True,True,True,True,0.0124709059017979,True,True,True,S0,False,True,True,True
9239900362_blue_red_7_Y13SBR1_P005_A2399T003_2013_08_30-2013_09_04,9239900362_A,9239900362_blue_7_Y13SBR1_P005_A2399T003_2013_08_30-2013_09_04.fits,9239900362,157.5,13.833331,197.92197,2.6267743,214.12967,1.9475234,220.0798,3.1324494,215.49394,2.0478125,213.06111,1.6579385,213.60446,1.9017956,1.0,0.9293872,0.094485,0.0083314255,0.08967236,0.0083314255,0.09817496,0.0072124354,0.09367994,0.0072124354,0.16015652,0.06350676,210.07248,1.6422645,0.0,1.0,0.056943364,0.007281954,,,0.062026326,0.0063101463,,,0.16015652,0.06350676,1,1.0,329.179720143518,-7.54997587603069,,,15.338451,15.260322,,0.056284327,-21.862549,6.8145256,20.836832,22.451967,24.002665,0.2951045,220.19223,10.893538,1.2253847,,7.0,0.0,Cluster,0.75713485,-0.68947184,1.0,False,True,True,True,True,True,True,True,True,True,True,True,True,True,0.013271767151468836,True,True,True,S0,False,True,True,True
9239900390_blue_red_7_Y13SBR1_P005_A2399T003_2013_08_30-2013_09_04,9239900390_A,9239900390_blue_7_Y13SBR1_P005_A2399T003_2013_08_30-2013_09_04.fits,9239900390,164.0,0.5833333,245.04036,1.5087755,235.63086,1.6618131,238.58025,2.8603528,236.22484,1.9282243,236.02309,1.5354488,236.97685,1.5355247,0.0,1.0,0.36516142,0.0048074266,,,0.40985113,0.004976565,,,0.015373442,0.0053739566,238.11697,1.6481882,0.0,1.0,0.3142151,0.005074835,,,0.3464764,0.005003207,,,0.015373442,0.0053739566,1,1.0,329.390540555286,-7.45815352681466,,,14.954308,14.916637,,0.057868656,-22.207993,5.372238,19.597164,20.843704,22.4432,0.58432096,165.65462,11.083967,1.2839336,,7.0,0.0,Cluster,0.82202125,-0.038139395,1.0,False,True,True,True,True,True,True,True,True,True,True,True,True,True,0.006157253033745135,True,True,True,S0,False,True,True,True
9239900398_blue_red_7_Y16SAR4_P003_A2399T027_2016_09_01-2016_09_05,9239900398_A,9239900398_blue_7_Y16SAR4_P003_A2399T027_2016_09_01-2016_09_05.fits,9239900398,256.0,2.4166667,122.51304,2.102925,122.00496,1.947568,123.97879,3.2717612,122.19941,2.475431,122.60657,1.7862157,124.6255,2.0713134,0.0,1.0,0.21398261,0.017773196,,,0.22346433,0.017479144,,,,,122.690704,2.6009738,,,,,,,,,,,,,1,1.0,329.632360514334,-8.0371943780372,,,16.819519,16.811329,,0.057292,-20.311419,1.7414192,19.140196,20.51656,22.0944,0.54470396,259.33218,10.226522,1.172247,,7.0,0.0,Cluster,0.8581426,-0.27509543,1.0,False,True,True,True,True,True,True,True,True,True,True,True,True,True,0.017164907506988642,True,True,True,S0,False,True,True,True
9239900403_blue_red_7_Y13SBR1_P005_A2399T003_2013_08_30-2013_09_04,9239900403_A,9239900403_blue_7_Y13SBR1_P005_A2399T003_2013_08_30-2013_09_04.fits,9239900403,133.5,1.9166666,161.6795,1.4619433,164.86275,1.3701771,167.70009,2.0384598,165.22485,1.7114766,163.77565,1.3794413,162.29597,1.3404584,0.0,1.0,0.25802505,0.0071798684,,,0.27120158,0.007120224,,,0.039711617,0.013125363,162.62619,1.4449775,0.0,1.0,0.21526128,0.0069624432,,,0.22514938,0.006783963,,,0.039711617,0.013125363,1,0.5,329.527619742581,-8.11178628802844,,,15.758631,15.71762,,0.057622973,-21.405825,3.1031916,19.928259,21.352295,22.923586,0.15259579,317.86157,10.710334,1.220068,,7.0,0.0,Cluster,0.85459167,-0.13907811,1.0,False,True,True,True,True,True,True,True,True,True,True,True,True,True,0.009042230462117955,True,True,True,Elliptical/S0,False,True,True,True
9239900457_blue_red_7_Y13SBR1_P005_A2399T003_2013_08_30-2013_09_04,9239900457_A,9239900457_blue_7_Y13SBR1_P005_A2399T003_2013_08_30-2013_09_04.fits,9239900457,146.0,1.3333334,212.0808,1.5542041,209.20953,1.8096355,210.62122,2.742687,208.2233,1.863075,208.29785,1.6356887,212.02412,1.6594937,0.0,1.0,0.30181935,0.007500666,,,0.334683,0.0073262136,,,0.0326024,0.013472814,208.59009,1.7872583,0.0,1.0,0.21193811,0.008453756,,,0.22854955,0.008080551,,,0.0326024,0.013472814,1,1.0,329.547280280346,-7.44835358536258,,,15.888016,15.827406,,0.058119517,-21.2966,3.028027,19.60224,21.154224,22.710854,0.38260284,149.73326,10.679064,1.2345152,,7.0,0.0,Cluster,0.9438246,0.064902574,1.0,False,True,True,True,True,True,True,True,True,True,True,True,True,True,0.007328358342669397,True,True,True,S0,False,True,True,True
9239900492_blue_red_7_Y13SBR1_P006_A2399T004_2013_08_30-2013_09_04,9239900492_A,9239900492_blue_7_Y13SBR1_P006_A2399T004_2013_08_30-2013_09_04.fits,9239900492,141.5,1.0,159.86755,1.4112324,166.72327,1.3601698,167.39049,2.0990233,169.04713,1.6678324,163.51611,1.4380724,163.684,1.5316223,0.0,1.0,0.41582727,0.006301042,,,0.44975778,0.0069784317,,,0.031268615,0.0070565166,162.85783,1.3667217,0.0,1.0,0.37383494,0.0058752047,,,0.39805096,0.0065142387,,,0.031268615,0.0070565166,1,0.0,329.429878674276,-7.39651026830329,,,15.155128,15.099728,,0.056696538,-22.022566,4.3431907,19.996487,21.465973,23.031605,0.16692784,146.3799,10.957694,1.2134581,,7.0,0.0,Cluster,0.980564,-0.5199143,1.0,False,True,True,True,True,True,True,True,True,True,True,True,True,True,0.008827510023141033,True,True,True,Elliptical,True,True,True,True
9239900540_blue_red_7_Y13SBR1_P006_A2399T004_2013_08_30-2013_09_04,9239900540_A,9239900540_blue_7_Y13SBR1_P006_A2399T004_2013_08_30-2013_09_04.fits,9239900540,189.0,8.416665,101.88933,2.361557,111.48159,2.8383634,115.90446,3.2444398,113.535675,3.1355793,107.43634,2.365542,105.611,2.2470176,0.0,1.0,0.18984126,0.020655856,,,0.20642176,0.020343343,,,0.15834129,0.07901428,104.774605,2.2528863,0.0,1.0,0.14489497,0.019977977,,,0.15855558,0.020239085,,,0.15834129,0.07901428,1,0.0,329.287957995343,-7.36826644589983,,,16.564611,16.511112,,0.058823675,-20.61282,3.6297395,21.178497,22.607565,24.178204,0.0047837035,265.193,10.380283,1.2056828,,2.0,0.0,Cluster,1.0593354,0.35400718,1.0,False,True,True,True,True,True,True,True,True,True,True,True,True,True,0.023177667376947125,True,True,True,Elliptical,True,True,True,True
9239900567_blue_red_7_Y13SBR1_P006_A2399T004_2013_08_30-2013_09_04,9239900567_A,9239900567_blue_7_Y13SBR1_P006_A2399T004_2013_08_30-2013_09_04.fits,9239900567,166.0,3.9166667,72.44401,2.1774745,73.00063,2.595955,74.804214,5.162488,73.636154,2.6644876,72.50523,2.2704003,71.9015,1.9451668,0.0,1.0,0.34018853,0.026184944,,,0.39024708,0.034223124,,,0.093997054,0.04625873,72.846725,2.2115679,0.0,1.0,0.2619158,0.024985706,,,0.27329758,0.025419064,,,0.093997054,0.04625873,1,0.5,329.687551215023,-7.44931211502089,,,17.257643,17.253904,,0.05720968,-19.867975,2.889075,20.90892,22.145899,23.747246,0.42543086,190.45013,10.037008,1.1523609,,2.0,0.0,Cluster,1.1339779,-0.30893147,1.0,False,True,True,True,True,True,True,True,True,True,True,True,True,True,0.030057343595419415,True,True,True,Elliptical/S0,False,True,True,True
9239900588_blue_red_9_Y17SBR1_P004_A2399T036_2018_05_07-2018_05_16,9239900588_A,9239900588_blue_9_Y17SBR1_P004_A2399T036_2018_05_07-2018_05_16.fits,9239900588,337.5,0.5833333,163.39322,1.2493415,159.71825,1.4026941,162.15674,2.3319051,160.70926,1.6519332,159.71825,1.5564032,157.19994,1.2440114,0.0,1.0,0.47083083,0.0055335904,,,0.5381366,0.0070560616,,,0.029643008,0.0059600607,159.92276,1.2148912,0.0,1.0,0.4152118,0.005765904,,,0.46355572,0.006710311,,,0.029643008,0.0059600607,1,1.0,329.862693162626,-7.78305688429267,,,15.7414055,15.763696,,0.051208876,-21.35452,3.5430274,20.165575,21.220303,22.865925,0.32096717,160.72107,10.670684,1.188405,,2.0,0.0,Cluster,1.1812496,-2.7825994,0.0,False,True,True,True,True,True,True,True,True,True,True,True,True,True,0.0076462260796378205,True,True,True,S0,False,True,True,True
9239900970_blue_red_7_Y17SAR3_P014_A2399T035_2017_09_14-2017_09_26,9239900970_A,9239900970_blue_7_Y17SAR3_P014_A2399T035_2017_09_14-2017_09_26.fits,9239900970,115.5,11.166667,117.34801,3.7113676,116.24701,2.4932432,116.39421,4.2416945,115.778915,3.1413374,116.92137,2.598481,117.78353,2.577702,1.0,0.7980085,0.20068388,0.02184896,0.17155272,0.02184896,0.22292095,0.019786019,0.19294597,0.019786019,,,116.24701,2.8195024,,,,,,,,,,,,,1,0.0,329.929424527947,-7.39347075585772,,,17.889595,17.195274,,0.064452305,-19.932484,4.009982,21.881395,23.680819,25.217953,0.0005435155,203.6429,10.146932,1.2493821,,2.0,0.0,Cluster,1.6608758,2.658022,0.0,False,True,True,True,True,True,True,True,True,True,True,True,True,True,0.031627017790928025,True,True,True,Elliptical,True,True,True,True
9239901001_blue_red_9_Y17SBR1_P004_A2399T036_2018_05_07-2018_05_16,9239901001_A,9239901001_blue_9_Y17SBR1_P004_A2399T036_2018_05_07-2018_05_16.fits,9239901001,30.0,3.1666667,204.43205,1.4496659,230.20932,1.6525289,243.05305,2.3485458,232.9159,1.8586535,224.70476,1.6271056,221.6931,1.6421255,0.0,1.0,0.106113754,0.004642298,,,0.10868941,0.0040122597,,,0.09036306,0.030890562,212.02559,1.420576,0.0,1.0,0.07434916,0.0045209494,,,0.07832253,0.0039497493,,,0.09036306,0.030890562,1,0.0,329.939339494991,-7.38674118621967,,,15.211802,15.063062,,0.06434913,-22.067398,5.157094,20.334497,21.800076,23.366173,0.14299892,229.80165,11.040687,1.3129206,,2.0,0.0,Cluster,1.6898398,2.6158988,0.0,False,True,True,True,True,True,True,True,True,True,True,True,True,True,0.007091187022778473,True,True,True,Elliptical,True,True,True,True
9239901020_blue_red_9_Y17SBR1_P004_A2399T036_2018_05_07-2018_05_16,9239901020_A,9239901020_blue_9_Y17SBR1_P004_A2399T036_2018_05_07-2018_05_16.fits,9239901020,185.5,2.999998,112.6051,1.5889564,110.90567,1.3428322,111.56959,1.8675296,112.0587,1.5242331,110.020035,1.2188896,111.68602,1.1861347,,,,,,,,,,,,,111.56959,1.9940459,,,,,,,,,,,,,1,0.5,330.047065819121,-7.57582002491319,,,16.958992,16.840033,,0.059469365,-20.280367,1.0707476,18.651,20.093445,21.662378,0.32086688,189.02237,10.112795,1.0515614,,2.0,0.0,Cluster,1.7111931,0.6189374,1.0,False,True,True,True,True,True,True,True,True,True,True,True,True,True,0.014110874196639407,True,True,True,Elliptical/S0,False,True,True,True
9239901179_blue_red_9_Y17SBR1_P004_A2399T036_2018_05_07-2018_05_16,9239901179_A,9239901179_blue_9_Y17SBR1_P004_A2399T036_2018_05_07-2018_05_16.fits,9239901179,305.0,2.1666667,108.04092,1.462938,108.04092,1.3630773,115.02539,1.8773117,109.23402,1.4557369,107.2389,1.2941215,104.508514,1.2531991,0.0,1.0,,,,,,,,,,,109.08168,1.3779385,0.0,1.0,,,,,,,,,,,1,0.0,330.094639204141,-7.49701003527169,,,16.54343,16.54982,,0.05685586,-20.572382,1.4419702,19.255024,20.460936,22.068583,0.1182253,298.2185,10.344884,1.18157,,2.0,0.0,Cluster,1.8858283,-0.45439646,1.0,False,True,True,True,True,True,True,True,True,True,True,True,True,True,0.013540591842424149,True,True,True,Elliptical,True,True,True,True
9239901253_blue_red_7_Y16SAR4_P003_A2399T029_2016_09_01-2016_09_05,9239901253_A,9239901253_blue_7_Y16SAR4_P003_A2399T029_2016_09_01-2016_09_05.fits,9239901253,58.5,4.5,111.157524,2.460414,110.21661,1.9069833,104.34323,2.5162313,109.73392,2.244178,109.886154,2.2299016,110.29457,2.0588107,0.0,1.0,,,,,,,,,,,109.79306,2.242152,,,,,,,,,,,,,1,0.5,329.057154494615,-8.51216489517853,,,17.186974,17.156954,,0.05936687,-19.965961,1.238628,18.837849,20.001448,21.618418,0.5312442,243.49965,10.05677,1.1345959,,2.0,0.0,Cluster,1.9007546,0.57689434,1.0,False,True,True,True,True,True,True,True,True,True,True,True,True,True,0.02213448007352161,True,True,True,Elliptical/S0,False,True,True,True
9388000007_blue_red_8_Y16SBR1_P001_A3880T031_2016_09_01-2016_09_05,9388000007_A,9388000007_blue_8_Y16SBR1_P001_A3880T031_2016_09_01-2016_09_05.fits,9388000007,2.0,20.916666,211.23605,1.8143096,220.19188,1.7091031,230.81659,3.0852547,229.1134,2.1176093,217.63081,1.7040533,212.85884,1.7548653,0.0,1.0,0.028138548,0.005826098,,,0.03123163,0.0055643395,,,0.15430278,0.17833562,212.85884,1.5955075,0.0,1.0,0.024537846,0.006048124,,,0.02784438,0.005904285,,,0.15430278,0.17833562,1,0.0,336.960968,-30.5620499,,,15.347971,15.328246,,0.056003157,-21.786,2.4040449,19.106192,20.513437,22.08696,0.08278163,149.40662,10.898729,1.2481537,,7.0,0.0,Cluster,0.048707183,-0.7601925,1.0,False,True,True,True,True,True,True,True,True,True,True,True,True,True,0.008589014990575709,True,True,True,Elliptical,True,True,True,True
9388000022_blue_red_7_Y17SAR3_P014_A3880T035_2017_09_14-2017_09_26,9388000022_A,9388000022_blue_7_Y17SAR3_P014_A3880T035_2017_09_14-2017_09_26.fits,9388000022,72.5,3.75,108.95965,1.9747243,108.11076,1.8979778,110.22871,2.935854,107.57262,2.329359,108.65865,1.9091306,106.89619,1.9469922,0.0,1.0,0.17902185,0.016979633,,,0.19755168,0.016561136,,,,,107.35096,2.5672343,0.0,1.0,,,,,,,,,,,1,0.5,337.0224915,-30.6068726,,,17.52816,17.385258,,0.060289126,-19.734085,1.6958674,19.920612,21.438099,22.998306,0.4317758,76.67385,10.079268,1.2840557,,7.0,0.0,Cluster,0.12731288,1.0803198,1.0,False,True,True,True,True,True,True,True,True,True,True,True,True,True,0.018123445697558686,True,True,True,Elliptical/S0,False,True,True,True
9388000027_blue_red_7_Y13SBR1_P002_A3880T002_2013_08_30-2013_09_04,9388000027_A,9388000027_blue_7_Y13SBR1_P002_A3880T002_2013_08_30-2013_09_04.fits,9388000027,176.5,3.5833313,215.92752,1.5445521,216.55602,1.6124645,211.4887,2.3561509,214.91917,1.809039,215.8617,1.7011955,217.52892,1.4442225,0.0,1.0,0.1454924,0.0058140056,,,0.15598778,0.005331754,,,0.05615653,0.01591979,218.07349,1.520356,0.0,1.0,0.12810344,0.0059003616,,,0.13872945,0.0053792093,,,0.05615653,0.01591979,1,0.0,336.973053,-30.6318436,,,15.548689,15.546909,,0.059597652,-21.57108,3.2544837,19.724277,21.163795,22.733097,0.2627357,0.9056958,10.821087,1.274765,,7.0,0.0,Cluster,0.14341848,0.7838868,1.0,False,True,True,True,True,True,True,True,True,True,True,True,True,True,0.007153104430597823,True,True,True,Elliptical,True,True,True,True
9388000033_blue_red_6_Y13SBR1_P001_A3880T001_2013_08_30-2013_09_04,9388000033_A,9388000033_blue_6_Y13SBR1_P001_A3880T001_2013_08_30-2013_09_04.fits,9388000033,310.0,0.5833333,152.76309,1.4146373,148.35478,1.663245,148.15877,2.2159498,148.75746,1.4054717,146.90796,1.3373007,144.19118,1.4806978,0.0,1.0,0.5074504,0.0063276887,,,0.59962714,0.008609818,,,0.025372293,0.0044250004,149.60582,1.2942823,0.0,1.0,0.40342298,0.0068258136,,,0.45839545,0.007867505,,,0.025372293,0.0044250004,1,1.0,336.9041443,-30.5640945,,,15.810157,15.813874,,0.0616063,-21.305025,4.1303506,19.579918,20.635193,22.280651,0.71405834,135.7226,10.668649,1.228365,,7.0,0.0,Cluster,0.16167101,1.6444513,1.0,False,True,True,True,True,True,True,True,True,True,True,True,True,True,0.00926033441716844,True,True,True,S0,False,True,True,True
9388000035_blue_red_7_Y17SAR3_P013_A3880T034_2017_04_19-2017_05_01,9388000035_A,9388000035_blue_7_Y17SAR3_P013_A3880T034_2017_04_19-2017_05_01.fits,9388000035,176.5,3.5833309,124.55153,1.813293,124.043236,1.9202662,125.37196,2.8772354,124.617775,2.0090272,124.55153,1.8360577,123.20333,1.6869588,0.0,1.0,0.09415297,0.014900989,,,0.1052287,0.0143025955,,,,,124.10921,2.015404,0.0,1.0,,,,,,,,,,,1,0.0,336.9555054,-30.6387043,,,16.832325,16.813215,,0.05864474,-20.30418,1.6618462,19.754576,21.186981,22.757189,0.11118965,-9.565257,10.300121,1.2633591,,7.0,0.0,Cluster,0.1672843,0.37505823,1.0,False,True,True,True,True,True,True,True,True,True,True,True,True,True,0.014558576679066087,True,True,True,Elliptical,True,True,True,True
9388000043_blue_red_13_Y15SBR1_P001_A3880T025_2015_08_12-2015_08_17,9388000043_A,9388000043_blue_13_Y15SBR1_P001_A3880T025_2015_08_12-2015_08_17.fits,9388000043,353.5,0.16666667,99.76577,3.3090618,95.36499,3.0652862,87.08484,3.472343,94.64108,2.813515,97.55405,2.922458,98.585884,3.232147,0.0,1.0,0.21475834,0.024166873,,,0.25315717,0.022772403,,,0.09904701,0.035578366,97.55405,3.4447615,0.0,1.0,0.17972076,0.025519218,,,0.20686153,0.024168741,,,0.09904701,0.035578366,2,0.5,336.9385376,-30.4972858,,,17.254747,17.274025,,0.059754256,-19.840267,2.0059404,20.499275,21.709625,23.316343,0.2510442,94.68114,10.069213,1.1834964,,7.0,0.0,Cluster,0.21505803,0.8510394,1.0,True,True,True,True,True,True,True,True,True,True,True,True,True,True,0.033168308128128515,True,True,True,Elliptical/S0,False,True,True,True
9388000044_blue_red_13_Y15SBR1_P001_A3880T025_2015_08_12-2015_08_17,9388000044_A,9388000044_blue_13_Y15SBR1_P001_A3880T025_2015_08_12-2015_08_17.fits,9388000044,337.0,6.0833325,86.49306,1.3989655,89.71605,1.3820372,96.04486,2.3732939,93.29699,1.7171046,87.38486,1.4715799,84.665,1.4406372,0.0,1.0,0.15016243,0.016342303,,,0.16908574,0.015703455,,,0.059402104,0.03348196,91.098,1.437294,0.0,1.0,0.09947615,0.016020473,,,0.11415971,0.015226431,,,0.059402104,0.03348196,2,0.5,337.0282593,-30.6522961,,,17.142662,17.176805,,0.058018915,-19.93977,2.3110757,20.461868,21.789705,23.374935,0.38230705,154.86967,10.121547,1.2273751,,7.0,0.0,Cluster,0.22473237,0.10635846,1.0,True,True,True,True,True,True,True,True,True,True,True,True,True,True,0.016174309245157937,True,True,True,Elliptical/S0,False,True,True,True
9388000048_blue_red_7_Y13SBR1_P002_A3880T002_2013_08_30-2013_09_04,9388000048_A,9388000048_blue_7_Y13SBR1_P002_A3880T002_2013_08_30-2013_09_04.fits,9388000048,165.5,3.6666667,86.382256,1.4075155,86.36718,1.5383853,84.76573,2.1953006,86.14546,1.7560918,85.58636,1.345318,84.12369,1.6923358,0.0,1.0,0.18155898,0.01577404,,,0.1947424,0.015853964,,,0.059820116,0.0347136,87.06631,1.6585414,0.0,1.0,0.13994987,0.016622031,,,0.1495207,0.0155721,,,0.059820116,0.0347136,1,1.0,337.0924988,-30.5809307,,,17.010996,17.012636,,0.055327144,-20.100544,2.1933243,20.24955,21.52752,23.121195,0.34842625,158.04456,10.140455,1.1634693,,7.0,0.0,Cluster,0.25234622,-1.0511724,1.0,False,True,True,True,True,True,True,True,True,True,True,True,True,True,0.0162940349694039,True,True,True,S0,False,True,True,True
9388000051_blue_red_13_Y15SBR1_P001_A3880T025_2015_08_12-2015_08_17,9388000051_A,9388000051_blue_13_Y15SBR1_P001_A3880T025_2015_08_12-2015_08_17.fits,9388000051,48.5,3.8333333,128.63922,1.8005837,135.7078,1.6266971,152.24306,2.721916,140.56104,1.929874,134.17569,1.645012,132.91037,1.5336527,0.0,1.0,0.20763926,0.013286486,,,0.21229786,0.011900437,,,0.059416108,0.027846446,131.94492,1.4479369,0.0,1.0,0.15871134,0.014215873,,,0.17076467,0.012390248,,,0.059416108,0.027846446,2,0.0,336.9347839,-30.6698494,,,16.319958,16.27002,,0.058695477,-20.84746,3.410825,20.66774,22.112127,23.680817,0.14339359,106.836716,10.5417595,1.2862625,,7.0,0.0,Cluster,0.25662863,0.39683434,1.0,True,True,True,True,True,True,True,True,True,True,True,True,True,True,0.013997159653175759,True,True,True,Elliptical,True,True,True,True
9388000055_blue_red_6_Y13SBR1_P001_A3880T001_2013_08_30-2013_09_04,9388000055_A,9388000055_blue_6_Y13SBR1_P001_A3880T001_2013_08_30-2013_09_04.fits,9388000055,251.5,1.1666666,139.8409,1.4834731,165.4033,1.5015877,173.56601,2.1034703,168.45004,1.6724751,163.795,1.4941361,161.09503,1.4446205,0.0,1.0,0.34113172,0.00804882,,,0.32625827,0.0071318126,,,0.018446404,0.0136468075,156.67824,1.3616116,0.0,1.0,0.19683827,0.0076097716,,,0.21512,0.006893945,,,0.018446404,0.0136468075,1,0.0,337.0828552,-30.6366425,,,15.73479,15.718299,,0.057678502,-21.39852,4.883941,20.935259,22.586956,24.13455,0.017016375,76.37821,10.761704,1.2886,,7.0,0.0,Cluster,0.2782277,-0.039865438,1.0,False,True,True,True,True,True,True,True,True,True,True,True,True,True,0.010608291994688249,True,True,True,Elliptical,True,True,True,True
9388000056_blue_red_7_Y13SBR1_P002_A3880T002_2013_08_30-2013_09_04,9388000056_A,9388000056_blue_7_Y13SBR1_P002_A3880T002_2013_08_30-2013_09_04.fits,9388000056,116.0,2.1666667,102.73258,1.3743646,102.25504,1.5413276,104.270424,1.8550242,104.04555,1.5156024,100.6126,1.4176607,99.36393,1.1431524,0.0,1.0,0.20763156,0.013996765,,,0.21661949,0.013851432,,,,,103.588135,1.515282,,,,,,,,,,,,,1,1.0,336.8647156,-30.5170631,,,16.797224,16.784895,,0.06212995,-20.333622,1.8558139,19.157469,20.426886,22.022106,0.6038167,120.548035,10.30172,1.2415371,,7.0,0.0,Cluster,0.28633642,1.8685291,1.0,False,True,True,True,True,True,True,True,True,True,True,True,True,True,0.013378079281178377,True,True,True,S0,False,True,True,True
9388000058_blue_red_10_Y14SAR3_P012_A3880T010_2014_04_24-2014_05_04,9388000058_A,9388000058_blue_10_Y14SAR3_P012_A3880T010_2014_04_24-2014_05_04.fits,9388000058,99.5,0.5,205.34892,1.4717417,216.02827,2.0271678,219.34027,2.5704951,218.46071,2.1848102,207.1156,1.5503367,202.37808,1.4581959,0.0,1.0,0.42447853,0.003975546,,,0.49272096,0.004673095,,,0.027148575,0.005379413,202.58516,1.3949852,0.0,1.0,0.36795184,0.0040515643,,,0.4088076,0.004343089,,,0.027148575,0.005379413,2,1.0,337.0198059,-30.6861706,,,15.142324,15.154751,,0.062650904,-21.966732,5.172917,19.87773,21.042398,22.65912,0.5438948,100.46848,11.011521,1.3248882,,7.0,0.0,Cluster,0.29594424,2.0913439,1.0,True,True,True,True,True,True,True,True,True,True,True,True,True,True,0.007167029171616778,True,True,True,S0,False,True,True,True
9388000062_blue_red_7_Y13SBR1_P002_A3880T002_2013_08_30-2013_09_04,9388000062_A,9388000062_blue_7_Y13SBR1_P002_A3880T002_2013_08_30-2013_09_04.fits,9388000062,45.5,0.41666666,345.3761,1.9820548,329.45688,2.28946,343.5893,3.0598152,336.0319,2.3146145,327.64853,1.9016784,321.20197,2.017418,0.0,1.0,0.4544028,0.0029920933,,,0.5279635,0.0036315718,,,0.020166915,0.0037672147,331.726,2.0986285,0.0,1.0,0.41439503,0.0030935935,,,0.46794602,0.0035758172,,,0.020166915,0.0037672147,1,1.0,336.9863892,-30.6983147,,,14.644394,14.630733,,0.058583964,-22.48722,4.3808203,18.94023,20.169985,21.772757,0.5745052,47.99339,11.246719,1.3478155,,7.0,0.0,Cluster,0.31231552,0.34897003,1.0,False,True,True,True,True,True,True,True,True,True,True,True,True,True,0.005738830220157099,True,True,True,S0,False,True,True,True
9388000065_blue_red_6_Y13SBR1_P001_A3880T001_2013_08_30-2013_09_04,9388000065_A,9388000065_blue_6_Y13SBR1_P001_A3880T001_2013_08_30-2013_09_04.fits,9388000065,33.0,0.5833333,249.85728,1.3985482,244.06218,1.6532776,250.95851,2.6740243,247.21617,1.6499748,245.10287,1.530923,246.35239,1.7215503,0.0,1.0,0.41329014,0.0035273281,,,0.46034133,0.004059274,,,0.03334508,0.0047250814,248.24353,1.370966,0.0,1.0,0.36930016,0.003825346,,,0.40762198,0.004194181,,,0.03334508,0.0047250814,1,1.0,336.9373474,-30.6993217,,,14.872953,14.8607,,0.05700551,-22.255774,4.6445303,19.51403,20.867628,22.44884,0.45357454,30.998564,11.150251,1.341116,,7.0,0.0,Cluster,0.32591784,-0.3290865,1.0,False,True,True,True,True,True,True,True,True,True,True,True,True,True,0.0055973882369967365,True,True,True,S0,False,True,True,True
9388000067_blue_red_6_Y13SBR1_P001_A3880T001_2013_08_30-2013_09_04,9388000067_A,9388000067_blue_6_Y13SBR1_P001_A3880T001_2013_08_30-2013_09_04.fits,9388000067,184.5,3.8333328,91.65499,1.8817372,90.958954,1.7018098,89.89946,2.794567,90.7158,2.2687812,91.34219,1.6252726,92.93697,1.4966673,0.0,1.0,,,,,,,,,,,90.7158,2.3175604,,,,,,,,,,,,,1,1.0,337.0133667,-30.4474659,,,17.311504,17.317383,,0.060429752,-19.795784,1.4901084,19.511482,20.662092,22.282108,0.49134707,3.4920735,10.0424385,1.1655922,,7.0,0.0,Cluster,0.33378544,1.140582,1.0,False,True,True,True,True,True,True,True,True,True,True,True,True,True,0.020530657414288084,True,True,True,S0,False,True,True,True
9388000068_blue_red_10_Y14SAR3_P012_A3880T010_2014_04_24-2014_05_04,9388000068_A,9388000068_blue_10_Y14SAR3_P012_A3880T010_2014_04_24-2014_05_04.fits,9388000068,99.5,1.9166666,229.88217,1.3175347,242.01662,1.5117873,249.57303,2.3478615,247.06557,1.7548931,242.2993,1.440612,237.74626,1.3845981,0.0,1.0,0.11914696,0.0032784673,,,0.12221912,0.0029083393,,,0.072726935,0.01933377,233.38416,1.3761494,0.0,1.0,0.10059592,0.0032621394,,,0.10275176,0.0029621038,,,0.072726935,0.01933377,2,0.0,336.8488159,-30.4957733,,,14.654696,14.628658,,0.056168,-22.486336,5.456844,20.012167,21.38948,22.967184,0.19641653,97.494,11.207246,1.2837963,,7.0,0.0,Cluster,0.34511042,-0.689266,1.0,True,True,True,True,True,True,True,True,True,True,True,True,True,True,0.005731347933595719,True,True,True,Elliptical,True,True,True,True
9388000073_blue_red_10_Y14SAR3_P012_A3880T010_2014_04_24-2014_05_04,9388000073_A,9388000073_blue_10_Y14SAR3_P012_A3880T010_2014_04_24-2014_05_04.fits,9388000073,157.0,1.0833334,223.4494,2.4537096,221.71143,2.0195658,218.90149,3.0053427,223.18666,2.3823817,219.70773,1.9350674,220.65419,1.8357015,,,,,,,,,,,,,223.96269,2.3949525,,,,,,,,,,,,,2,1.0,336.9444275,-30.4332142,,,16.207346,16.210459,,0.061534967,-20.909218,1.5876986,18.21683,19.42303,21.030617,0.61852443,155.76543,10.600255,1.319663,,7.0,0.0,Cluster,0.3673294,1.6139187,1.0,True,True,True,True,True,True,True,True,True,True,True,True,True,True,0.010981052533593735,True,True,True,S0,False,True,True,True
9388000084_blue_red_7_Y13SBR1_P002_A3880T002_2013_08_30-2013_09_04,9388000084_A,9388000084_blue_7_Y13SBR1_P002_A3880T002_2013_08_30-2013_09_04.fits,9388000084,17.5,2.9166667,87.02466,1.496698,87.54581,1.712468,92.61757,2.5072465,89.68141,1.6991489,87.98678,1.7253884,87.53771,1.5954192,0.0,1.0,0.1707535,0.0155887995,,,0.19161865,0.015262673,,,0.03529425,0.025663862,88.74425,1.6713775,0.0,1.0,0.13689354,0.015875569,,,0.15428406,0.015102907,,,0.03529425,0.025663862,1,0.5,336.7898865,-30.5618248,,,17.098776,17.085384,,0.05886061,-20.030388,1.9517845,20.148031,21.333233,22.94533,0.30837744,15.571073,10.1487,1.2029552,,7.0,0.0,Cluster,0.40994588,0.4677053,1.0,False,True,True,True,True,True,True,True,True,True,True,True,True,True,0.017198550387901544,True,True,True,Elliptical/S0,False,True,True,True
9388000120_blue_red_7_Y13SBR1_P002_A3880T002_2013_08_30-2013_09_04,9388000120_A,9388000120_blue_7_Y13SBR1_P002_A3880T002_2013_08_30-2013_09_04.fits,9388000120,134.0,1.5,139.34564,1.1802962,144.85693,1.2477318,145.65932,1.7435834,145.01633,1.4994546,143.90303,1.3763487,142.31828,1.2968946,0.0,1.0,0.28226945,0.007105972,,,0.291818,0.006961294,,,0.028112786,0.012111824,142.43513,1.3348651,0.0,1.0,0.19560222,0.007219751,,,0.2052915,0.0070329704,,,0.028112786,0.012111824,1,0.0,337.0339966,-30.7649956,,,16.066624,16.071953,,0.055476245,-21.043009,3.4410765,20.444407,21.933653,23.496984,0.16426517,135.0,10.61892,1.2875385,,7.0,0.0,Cluster,0.49645647,-0.9869781,1.0,False,True,True,True,True,True,True,True,True,True,True,True,True,True,0.00847027721857677,True,True,True,Elliptical,True,True,True,True
9388000124_blue_red_7_Y13SBR1_P002_A3880T002_2013_08_30-2013_09_04,9388000124_A,9388000124_blue_7_Y13SBR1_P002_A3880T002_2013_08_30-2013_09_04.fits,9388000124,207.5,8.916667,157.84396,1.2608081,148.53954,1.3239739,143.95303,1.9651693,144.77083,1.394468,149.8945,1.2518604,151.86806,1.2210796,0.0,1.0,0.055076025,0.0066228476,,,0.06253466,0.0067758504,,,0.23321737,0.092461705,153.15417,1.243296,0.0,1.0,0.04137818,0.0069247857,,,0.04653598,0.0063725696,,,0.23321737,0.092461705,1,1.0,336.8883667,-30.390049,,,15.6346035,15.59882,,0.054651156,-21.513147,3.3115478,19.732738,20.973394,22.574024,0.37275204,161.41359,10.730455,1.1764431,,7.0,0.0,Cluster,0.5081522,-1.3423265,1.0,False,True,True,True,True,True,True,True,True,True,True,True,True,True,0.007987686700206963,True,True,True,S0,False,True,True,True
9388000137_blue_red_8_Y17SBR1_P003_A3880T038_2018_05_07-2018_05_16,9388000137_A,9388000137_blue_8_Y17SBR1_P003_A3880T038_2018_05_07-2018_05_16.fits,9388000137,125.5,3.9166667,62.71081,3.253107,52.777878,3.8947203,48.556232,7.9616437,48.315285,4.790185,52.777878,3.9999704,54.870228,3.9144237,,,,,,,,,,,0.043984935,0.019980641,58.49024,3.3589594,,,,,,,,,,,0.043984935,0.019980641,1,0.5,336.7267151,-30.5227547,,,17.26279,17.289043,,0.05127036,-19.810534,4.114889,21.8066,22.458216,24.31996,0.4795522,125.870674,9.688077,0.7502479,,3.0,0.0,Cluster,0.5625337,-2.8012528,0.0,False,True,True,True,True,True,True,True,True,True,True,True,True,True,0.05187474057503005,True,True,True,Elliptical/S0,False,True,True,True
9388000146_blue_red_7_Y13SBR1_P002_A3880T002_2013_08_30-2013_09_04,9388000146_A,9388000146_blue_7_Y13SBR1_P002_A3880T002_2013_08_30-2013_09_04.fits,9388000146,247.0,2.5,143.19208,2.21403,141.36359,2.1607847,146.76405,2.7961383,141.72455,2.5488079,141.11546,1.8633798,140.48424,2.0394318,,,,,,,,,,,,,144.11327,2.480604,,,,,,,,,,,,,1,1.0,337.2215271,-30.6757412,,,17.158176,17.052557,,0.05716096,-20.063967,1.2038684,18.75056,19.975328,21.5791,0.5182011,71.01963,10.226681,1.2920132,,7.0,0.0,Cluster,0.590866,-0.2622654,1.0,False,True,True,True,True,True,True,True,True,True,True,True,True,True,0.015461958510554496,True,True,True,S0,False,True,True,True
9388000156_blue_red_8_Y17SBR1_P003_A3880T038_2018_05_07-2018_05_16,9388000156_A,9388000156_blue_8_Y17SBR1_P003_A3880T038_2018_05_07-2018_05_16.fits,9388000156,268.0,6.9166665,39.1302,3.0125778,37.6335,3.977648,,,,,35.972507,3.6232846,,,,,,,,,,,,,,,36.572224,2.6933036,,,,,,,,,,,,,1,0.5,336.9838257,-30.8220024,,,16.92594,16.85514,,0.059278898,-20.243847,2.9430218,21.15421,21.827496,23.669973,0.1351756,78.40468,9.912398,0.7958718,,3.0,0.0,Cluster,0.62536114,0.64717215,1.0,False,True,True,True,True,True,True,True,True,True,True,True,True,True,0.07698856126470091,True,True,True,Elliptical/S0,False,True,True,True
9388000195_blue_red_13_Y15SBR1_P001_A3880T025_2015_08_12-2015_08_17,9388000195_A,9388000195_blue_13_Y15SBR1_P001_A3880T025_2015_08_12-2015_08_17.fits,9388000195,27.5,12.166665,111.178535,1.6531932,117.70119,1.3930604,121.34221,2.038174,120.53377,1.5109627,117.3832,1.2762957,114.670555,1.1285716,0.0,1.0,0.12616965,0.011798679,,,0.13346845,0.011409323,,,0.25882527,0.14075112,113.43398,1.228753,0.0,1.0,0.076597415,0.010225616,,,0.081290424,0.00910549,,,0.25882527,0.14075112,2,0.5,336.6381836,-30.5897827,,,16.127453,16.05445,,0.058712106,-21.059603,4.627976,21.185804,22.572662,24.149004,0.06862417,74.261826,10.491165,1.1251974,,7.0,0.0,Cluster,0.7404074,0.40397182,1.0,True,True,True,True,True,True,True,True,True,True,True,True,True,True,0.014869715633507854,True,True,True,Elliptical/S0,False,True,True,True
9388000200_blue_red_13_Y15SBR1_P001_A3880T025_2015_08_12-2015_08_17,9388000200_A,9388000200_blue_13_Y15SBR1_P001_A3880T025_2015_08_12-2015_08_17.fits,9388000200,138.0,4.0,80.8775,1.6380079,80.52204,1.580153,82.43256,2.0346143,80.50941,1.6189454,80.02513,1.3671833,80.79198,1.4162972,0.0,1.0,,,,,,,,,,,80.50941,1.6514685,,,,,,,,,,,,,2,0.0,336.6470337,-30.6610126,,,17.201466,17.197258,,0.060206037,-19.918259,1.1195574,19.27797,20.445583,22.061628,0.18189885,156.4036,10.028066,1.1260986,,7.0,0.0,Cluster,0.7519474,1.04471,1.0,True,True,True,True,True,True,True,True,True,True,True,True,True,True,0.020252949213316437,True,True,True,Elliptical,True,True,True,True
9388000248_blue_red_7_Y17SAR3_P013_A3880T034_2017_04_19-2017_05_01,9388000248_A,9388000248_blue_7_Y17SAR3_P013_A3880T034_2017_04_19-2017_05_01.fits,9388000248,2.5,6.166666,113.92804,2.3984349,110.06862,2.7030187,107.72049,3.7209492,105.81557,2.4687364,111.118935,2.2663789,110.882416,1.9839342,0.0,1.0,0.16247067,0.019386917,,,0.18693697,0.019587815,,,0.09650704,0.038904767,113.24054,2.3560677,0.0,1.0,0.14671484,0.019047916,,,0.1706778,0.020166224,,,0.09650704,0.038904767,1,1.0,336.7014771,-30.8367252,,,16.898373,16.884012,,0.058398634,-20.232437,2.7164006,20.494015,21.58959,23.22359,0.40947175,179.06361,10.227814,1.2121145,,7.0,0.0,Cluster,0.8942326,0.26941046,1.0,False,True,True,True,True,True,True,True,True,True,True,True,True,True,0.021052191365707688,True,True,True,S0,False,True,True,True
9388000253_blue_red_7_Y17SAR3_P013_A3880T034_2017_04_19-2017_05_01,9388000253_A,9388000253_blue_7_Y17SAR3_P013_A3880T034_2017_04_19-2017_05_01.fits,9388000253,325.5,4.25,85.271164,2.6565907,82.98481,2.6853116,85.294586,4.031137,82.86931,2.860155,84.22789,2.8467834,84.63401,2.556895,0.0,1.0,0.24853659,0.03292538,,,0.28835365,0.04160776,,,0.04289666,0.030163968,83.36605,2.6894534,0.0,1.0,0.21430853,0.034073662,,,0.23433632,0.0407951,,,0.04289666,0.030163968,1,1.0,337.3681335,-30.6941185,,,17.392586,17.404905,,0.0552619,-19.707779,2.238488,20.027029,21.210646,22.823092,0.6342361,134.72232,10.012478,1.1845112,,7.0,0.0,Cluster,0.90454936,-1.0792657,1.0,False,True,True,True,True,True,True,True,True,True,True,True,True,True,0.031154619866570605,True,True,True,S0,False,True,True,True
9388000256_blue_red_10_Y14SAR3_P012_A3880T010_2014_04_24-2014_05_04,9388000256_A,9388000256_blue_10_Y14SAR3_P012_A3880T010_2014_04_24-2014_05_04.fits,9388000256,286.5,1.0,146.33943,1.5584813,149.2771,1.4618577,146.03104,2.3191917,147.57587,1.9842776,149.22488,1.6069038,147.59293,1.3410937,0.0,1.0,0.3611344,0.006138619,,,0.3933918,0.006791436,,,0.038980104,0.014231195,148.45374,1.4787389,0.0,1.0,0.24259038,0.0066580907,,,0.2610374,0.0066754543,,,0.038980104,0.014231195,2,0.5,337.1757202,-30.2600555,,,15.75124,15.719666,,0.058834825,-21.395628,4.379312,20.298328,21.880156,23.433887,0.35362366,111.2924,10.682936,1.1876936,,7.0,0.0,Cluster,0.90965694,0.45663923,1.0,True,True,True,True,True,True,True,True,True,True,True,True,True,True,0.01064977019522353,True,True,True,Elliptical/S0,False,True,True,True
9388000266_blue_red_7_Y17SAR3_P014_A3880T035_2017_09_14-2017_09_26,9388000266_A,9388000266_blue_7_Y17SAR3_P014_A3880T035_2017_09_14-2017_09_26.fits,9388000266,123.0,9.5,48.634766,4.0024962,47.173603,3.5464838,35.5975,5.989897,43.231808,4.3450327,46.330235,3.890591,51.48943,3.9826946,,,,,,,,,,,,,46.23468,3.8081741,,,,,,,,,,,,,1,0.0,336.6344299,-30.3558254,,,18.32392,18.079435,,0.057111982,-19.030632,2.192393,21.560122,22.76858,24.375692,0.19432433,123.516495,9.505051,0.9402161,,3.0,0.0,Cluster,0.93280137,-0.2833173,1.0,False,True,True,True,True,True,True,True,True,True,True,True,True,True,0.0822970177341863,True,True,True,Elliptical,True,True,True,True
9388000296_blue_red_7_Y17SAR3_P013_A3880T034_2017_04_19-2017_05_01,9388000296_A,9388000296_blue_7_Y17SAR3_P013_A3880T034_2017_04_19-2017_05_01.fits,9388000296,335.5,29.916666,56.442513,2.5035653,63.052135,2.401432,66.11885,3.192889,63.553307,3.204414,63.239895,2.4847178,62.22994,2.33957,1.0,0.91599506,0.16262685,0.028691905,0.15291077,0.028691905,0.17578061,0.027525999,0.16618146,0.027525999,3.0253735,1.5338092,60.56916,2.2590616,0.0,1.0,0.114412785,0.029719848,,,0.12380164,0.032680366,,,3.0253735,1.5338092,1,1.0,336.7592163,-30.9139957,,,16.993364,16.907131,,0.056557987,-20.204247,4.2212744,21.47748,22.703434,24.306967,0.34272215,130.01001,10.119308,1.083208,,7.0,0.0,Cluster,0.9808379,-0.52151304,1.0,False,True,True,True,True,True,True,True,True,True,True,True,True,True,0.044356021143140814,True,True,True,S0,False,True,True,True
9388000380_blue_red_7_Y17SAR3_P013_A3880T034_2017_04_19-2017_05_01,9388000380_A,9388000380_blue_7_Y17SAR3_P013_A3880T034_2017_04_19-2017_05_01.fits,9388000380,282.5,3.4166667,94.95574,2.1603212,87.991,2.056578,93.66864,4.1069407,89.879654,2.3220346,86.45181,1.9057038,86.629326,1.9317822,0.0,1.0,0.4634107,0.017587863,,,0.5590726,0.02300036,,,0.054580297,0.017471794,87.73359,1.8224062,0.0,1.0,0.38544813,0.018355666,,,0.43967447,0.020744687,,,0.054580297,0.017471794,1,1.0,337.3866272,-30.8507957,,,16.435982,16.40746,,0.055511322,-20.706219,5.496961,21.24153,22.208572,23.883415,0.5380336,94.01471,10.430126,1.2114067,,2.0,0.0,Cluster,1.1332227,-0.97187716,1.0,False,True,True,True,True,True,True,True,True,True,True,True,True,True,0.022750822646424532,True,True,True,S0,False,True,True,True
9388000416_blue_red_8_Y16SBR1_P001_A3880T031_2016_09_01-2016_09_05,9388000416_A,9388000416_blue_8_Y16SBR1_P001_A3880T031_2016_09_01-2016_09_05.fits,9388000416,109.5,2.5833333,50.71865,3.2306056,49.315666,3.4505603,,,45.08955,4.1497793,48.79496,3.2159643,51.876217,2.8816628,1.0,0.5515423,0.44589025,0.03600026,0.3087102,0.03600026,0.61580867,0.043963842,0.4207811,0.043963842,0.06785255,0.022672176,50.256622,2.4735465,1.0,0.5980288,0.43690073,0.035739016,0.31802607,0.035739016,0.5515985,0.042243246,0.3969403,0.042243246,0.06785255,0.022672176,1,0.0,336.4805298,-30.3606853,,,16.456072,16.448046,,0.059886757,-20.660166,5.0766735,21.952768,22.718681,24.492304,0.04964532,125.562485,10.206653,0.9695892,,2.0,0.0,Cluster,1.213677,0.90784895,1.0,False,True,True,True,True,True,True,True,True,True,True,True,True,True,0.06369660075731512,True,True,True,Elliptical,True,True,True,True
9388000471_blue_red_8_Y17SBR1_P003_A3880T038_2018_05_07-2018_05_16,9388000471_A,9388000471_blue_8_Y17SBR1_P003_A3880T038_2018_05_07-2018_05_16.fits,9388000471,27.0,2.4166667,77.724045,1.5979168,76.43045,1.7667644,73.84514,2.8886728,76.17459,2.236582,75.41863,1.6481094,74.75115,1.6607352,0.0,1.0,0.43318626,0.015980287,,,0.50696796,0.0206691,,,0.030474972,0.016433842,76.1413,1.4795003,0.0,1.0,0.30609,0.015853561,,,0.35032865,0.017806409,,,0.030474972,0.016433842,1,1.0,336.3991699,-30.7065868,,,16.831015,16.726854,,0.05834084,-20.387568,4.6960697,21.51455,22.806206,24.39747,0.34045357,57.68026,10.228122,1.1350689,,2.0,0.0,Cluster,1.3034929,0.24459732,1.0,False,True,True,True,True,True,True,True,True,True,True,True,True,True,0.02055884765132849,True,True,True,S0,False,True,True,True
9388000489_blue_red_7_Y17SAR3_P013_A3880T034_2017_04_19-2017_05_01,9388000489_A,9388000489_blue_7_Y17SAR3_P013_A3880T034_2017_04_19-2017_05_01.fits,9388000489,185.5,5.416666,144.20334,1.8539588,145.4606,1.2784485,139.67526,1.7264569,143.4814,1.5302644,146.79161,1.2574444,146.76596,1.2009654,1.0,1.027874,0.15400553,0.008819151,0.15700924,0.008819151,0.16324782,0.007986647,0.16614562,0.007986647,0.18484627,0.040147725,147.18877,1.1543092,0.0,1.0,0.10960393,0.0077170497,,,0.12135556,0.007497181,,,0.18484627,0.040147725,1,0.0,337.2184143,-31.0581875,,,15.251913,15.257901,,0.05597704,-21.856375,7.296614,21.070303,22.49712,24.068048,0.18291178,179.28351,10.893019,1.2180977,,2.0,0.0,Cluster,1.3319179,-0.77143115,1.0,False,True,True,True,True,True,True,True,True,True,True,True,True,True,0.012856559355698696,True,True,True,Elliptical,True,True,True,True
9388000597_blue_red_8_Y16SBR1_P001_A3880T031_2016_09_01-2016_09_05,9388000597_A,9388000597_blue_8_Y16SBR1_P001_A3880T031_2016_09_01-2016_09_05.fits,9388000597,337.0,14.083332,112.59854,1.8490102,116.33041,1.9568726,118.75165,2.5870364,116.54107,2.0662892,115.16546,1.9848005,112.294075,1.674623,0.0,1.0,0.07975266,0.015036689,,,0.08391855,0.013257174,,,,,116.33041,1.9104044,,,,,,,,,,,,,1,0.0,336.3281555,-30.4372044,,,16.671982,16.621271,,0.058205355,-20.49593,1.7786642,19.826918,21.300192,22.865376,0.0002931055,150.27185,10.307098,1.2028694,,2.0,0.0,Cluster,1.4598238,0.1864233,1.0,False,True,True,True,True,True,True,True,True,True,True,True,True,True,0.01642126265580353,True,True,True,Elliptical,True,True,True,True
9388000773_blue_red_8_Y17SBR1_P003_A3880T038_2018_05_07-2018_05_16,9388000773_A,9388000773_blue_8_Y17SBR1_P003_A3880T038_2018_05_07-2018_05_16.fits,9388000773,105.5,14.416667,135.22353,1.5300932,134.864,1.6867489,139.33032,3.1636546,134.29466,1.7625543,135.30095,1.7640128,136.0514,1.6384358,0.0,1.0,0.05282592,0.011808694,,,0.0612363,0.011107394,,,0.14600052,0.09501723,135.30095,1.7735107,0.0,1.0,0.04921878,0.012132405,,,0.05696354,0.010968797,,,0.14600052,0.09501723,1,0.0,336.216095,-30.7168312,,,16.70262,16.686682,,0.058830798,-20.428316,1.9839561,19.859205,21.226023,22.805258,0.24124661,75.47806,10.270209,1.1615658,,2.0,0.0,Cluster,1.6978313,0.45491102,1.0,False,True,True,True,True,True,True,True,True,True,True,True,True,True,0.01131528810111672,True,True,True,Elliptical,True,True,True,True
9388000785_blue_red_7_Y17SAR3_P013_A3880T034_2017_04_19-2017_05_01,9388000785_A,9388000785_blue_7_Y17SAR3_P013_A3880T034_2017_04_19-2017_05_01.fits,9388000785,6.0,2.6666644,104.502075,1.9434391,101.98041,2.0828846,111.070015,3.1697707,106.89324,2.4457145,99.32714,1.8010889,98.047424,2.0263448,0.0,1.0,0.3849455,0.017267006,,,0.44157562,0.021215523,,,0.0565447,0.014712208,104.48353,2.052073,0.0,1.0,0.35002375,0.017873256,,,0.39709616,0.020310082,,,0.0565447,0.014712208,1,1.0,336.5074463,-31.1153526,,,16.785336,16.787136,,0.0565494,-20.327646,2.8970492,20.015888,21.242113,22.84559,0.59862936,18.796925,10.276214,1.2151622,,2.0,0.0,Cluster,1.7082535,-0.525206,1.0,False,True,True,True,True,True,True,True,True,True,True,True,True,True,0.01859713407604586,True,True,True,S0,False,True,True,True
9388000807_blue_red_8_Y16SBR1_P001_A3880T031_2016_09_01-2016_09_05,9388000807_A,9388000807_blue_8_Y16SBR1_P001_A3880T031_2016_09_01-2016_09_05.fits,9388000807,76.5,1.9166666,187.76999,1.9814981,188.75339,1.9758999,194.02272,2.606889,190.26842,2.268758,186.99474,1.8367145,186.09758,1.4933677,0.0,1.0,0.17926389,0.009301545,,,0.1898061,0.009261647,,,0.049831726,0.0224908,188.25365,1.7631308,0.0,1.0,0.15035756,0.009596855,,,0.1581858,0.009281567,,,0.049831726,0.0224908,1,1.0,336.4040527,-31.0476379,,,16.172205,16.096685,,0.0582472,-21.020924,2.0912898,19.307446,20.402721,22.036802,0.37658754,68.04119,10.633996,1.3211213,,2.0,0.0,Cluster,1.7289779,0.20439184,1.0,False,True,True,True,True,True,True,True,True,True,True,True,True,True,0.010552794405538394,True,True,True,S0,False,True,True,True
9388000825_blue_red_8_Y17SBR1_P003_A3880T038_2018_05_07-2018_05_16,9388000825_A,9388000825_blue_8_Y17SBR1_P003_A3880T038_2018_05_07-2018_05_16.fits,9388000825,208.5,1.3333334,97.95904,1.1308749,91.98512,1.3858782,94.41554,2.0939581,92.59363,1.600452,93.038475,1.29488,93.1201,1.0766324,0.0,1.0,0.46652517,0.009634865,,,0.5468686,0.012883029,,,0.052308977,0.014906029,93.42362,1.2362185,0.0,1.0,0.33721226,0.011113147,,,0.37011045,0.012397657,,,0.052308977,0.014906029,1,1.0,336.4755859,-31.1120949,,,16.513527,16.604916,,0.05982719,-20.511824,3.4623244,20.584677,21.932867,23.514902,0.35126692,38.376125,10.244561,1.119646,,2.0,0.0,Cluster,1.7441818,0.88231045,1.0,False,True,True,True,True,True,True,True,True,True,True,True,True,True,0.011544364869235142,True,True,True,S0,False,True,True,True
9388000827_blue_red_7_Y17SAR3_P013_A3880T034_2017_04_19-2017_05_01,9388000827_A,9388000827_blue_7_Y17SAR3_P013_A3880T034_2017_04_19-2017_05_01.fits,9388000827,28.5,4.5,121.34679,2.734831,125.64811,2.1685376,123.09908,3.4443333,123.8238,2.2550745,124.491066,2.0584083,125.44965,1.8162056,,,,,,,,,,,,,123.09908,3.2887871,,,,,,,,,,,,,1,1.0,336.3853149,-31.0412617,,,17.127354,17.077305,,0.05929885,-20.040194,1.133778,18.775133,20.045555,21.64059,0.444727,40.15112,10.125667,1.1953163,,2.0,0.0,Cluster,1.7477072,0.65573114,1.0,False,True,True,True,True,True,True,True,True,True,True,True,True,True,0.022537316397079805,True,True,True,S0,False,True,True,True
9388000921_blue_red_7_Y17SAR3_P014_A3880T035_2017_09_14-2017_09_26,9388000921_A,9388000921_blue_7_Y17SAR3_P014_A3880T035_2017_09_14-2017_09_26.fits,9388000921,123.5,0.6666667,162.95697,1.116767,160.4339,1.3164041,168.17508,1.981681,162.72102,1.3986561,159.33765,1.1530066,159.03186,1.2399144,0.0,1.0,0.31103453,0.0055835177,,,0.3439744,0.0060202456,,,0.02725845,0.0066310316,162.25873,1.2638264,0.0,1.0,0.26595008,0.0055048103,,,0.29207024,0.0056127217,,,0.02725845,0.0066310316,1,1.0,336.9178467,-29.8455009,,,15.488069,15.489806,,0.05302719,-21.622845,2.842456,18.842115,20.115076,21.709654,0.54322,121.96256,10.7903,1.2220896,,2.0,0.0,Cluster,1.854688,-2.0425422,0.0,False,True,True,True,True,True,True,True,True,True,True,True,True,True,0.0068531404333303444,True,True,True,S0,False,True,True,True
9388000949_blue_red_8_Y17SBR1_P003_A3880T038_2018_05_07-2018_05_16,9388000949_A,9388000949_blue_8_Y17SBR1_P003_A3880T038_2018_05_07-2018_05_16.fits,9388000949,126.5,2.8333333,144.25218,1.4946659,157.9794,1.4465286,159.73633,1.9983898,158.49272,1.7423942,157.68816,1.3621882,157.17383,1.3158262,0.0,1.0,0.13377325,0.0070444075,,,0.13559294,0.006148355,,,0.114063665,0.04794219,152.21098,1.0612813,0.0,1.0,0.06797582,0.0058497596,,,0.07530818,0.0052820058,,,0.114063665,0.04794219,1,0.0,336.4735413,-31.1833477,,,15.310694,15.414128,,0.058570467,-21.702269,6.372516,21.092472,22.584084,24.147148,0.00010089077,92.19079,10.769343,1.1679955,,2.0,0.0,Cluster,1.8907955,0.3431765,1.0,False,True,True,True,True,True,True,True,True,True,True,True,True,True,0.01036147876586683,True,True,True,Elliptical,True,True,True,True
9388000993_blue_red_8_Y16SBR1_P001_A3880T031_2016_09_01-2016_09_05,9388000993_A,9388000993_blue_8_Y16SBR1_P001_A3880T031_2016_09_01-2016_09_05.fits,9388000993,16.5,2.75,114.92326,2.1490889,108.155464,1.9392778,102.12177,3.5745227,108.160614,2.5037038,109.156,2.0077577,111.07021,1.9928491,0.0,1.0,0.424596,0.016165152,,,0.5004345,0.021923551,,,0.0366949,0.0137348855,110.887665,1.8532878,0.0,1.0,0.38731375,0.015556749,,,0.45354804,0.019662283,,,0.0366949,0.0137348855,1,1.0,336.4317017,-31.1809769,,,16.799963,16.803698,,0.056853518,-20.311504,3.108859,20.143246,21.146297,22.808367,0.62542427,11.621714,10.258426,1.2079563,,2.0,0.0,Cluster,1.9401954,-0.39443108,1.0,False,True,True,True,True,True,True,True,True,True,True,True,True,True,0.018700208295518245,True,True,True,S0,False,True,True,True
9403800003_blue_red_7_Y13SBR2_P005_A4038T003_2013_10_02-2013_10_08,9403800003_A,9403800003_blue_7_Y13SBR2_P005_A4038T003_2013_10_02-2013_10_08.fits,9403800003,166.5,1.4166666,132.67992,1.0323225,126.84763,0.9602587,139.59943,1.3067844,134.9436,1.1236626,130.6342,0.82382125,129.12314,0.75835997,,,,,,,,,,,,,130.02,1.0094692,0.0,1.0,0.20104897,0.0059361393,,,0.21410877,0.0056482,,,0.029946713,0.010558347,1,1.0,356.9465637,-28.1349773,,,15.525755,15.214938,,0.027298154,-20.352306,1.8818481,18.58926,19.772047,21.384676,0.40056202,166.90042,10.472352,1.3594341,,7.0,0.0,Cluster,0.013925644,-1.0015705,1.0,False,True,True,True,True,True,True,True,True,True,True,True,True,True,0.007780548104038652,True,True,True,S0,False,True,True,True
9403800004_blue_red_7_Y15SBR1_P005_A4038T027_2015_09_07-2015_09_13,9403800004_A,9403800004_blue_7_Y15SBR1_P005_A4038T027_2015_09_07-2015_09_13.fits,9403800004,77.5,7.6666665,67.11128,1.5837396,67.2856,1.6605732,62.832493,3.1365356,63.26239,2.292843,66.01175,1.845485,66.83948,1.8501049,0.0,1.0,0.11872329,0.018801939,,,0.14236335,0.0179441,,,0.22889099,0.06264135,66.44403,1.834742,0.0,1.0,0.11268901,0.01926839,,,0.13353899,0.017369885,,,0.22889099,0.06264135,1,0.0,356.9304199,-28.1566486,,,16.985577,16.6054,,0.026964389,-18.938334,2.4437065,20.57951,21.539276,23.216845,0.21094114,52.627808,9.903342,1.4668618,,7.0,0.0,Cluster,0.02506846,-1.1647043,1.0,False,True,True,True,True,True,True,True,True,True,True,True,True,True,0.02359870948669136,True,True,True,Elliptical,True,True,True,True
9403800005_blue_red_7_Y13SBR2_P007_A4038T005_2013_10_02-2013_10_08,9403800005_A,9403800005_blue_7_Y13SBR2_P007_A4038T005_2013_10_02-2013_10_08.fits,9403800005,285.0,2.5833333,67.56803,1.5901537,65.75584,1.1190064,63.39147,2.4726899,64.7376,1.5840784,65.15154,1.1742948,64.9184,1.2721786,0.0,1.0,0.31964594,0.012277169,,,0.3594929,0.013035634,,,0.04564158,0.011390862,67.10372,1.4761423,0.0,1.0,0.32949534,0.012340089,,,0.36917657,0.013302751,,,0.04564158,0.011390862,1,0.0,356.9254761,-28.1259537,,,15.166803,14.27077,,0.029741017,-21.294773,4.913454,20.979055,22.079082,23.711884,0.17721699,108.99732,10.815976,1.3704777,,7.0,0.0,Cluster,0.02656025,0.1908159,1.0,False,True,True,True,True,True,True,True,True,True,True,True,True,True,0.02353411369252589,True,True,True,Elliptical,True,True,True,True
9403800007_blue_red_7_Y16SBR2_P001_A4038T032_2016_09_28-2016_10_04,9403800007_A,9403800007_blue_7_Y16SBR2_P001_A4038T032_2016_09_28-2016_10_04.fits,9403800007,19.5,1.6666666,94.187904,1.059629,90.893616,1.1729429,84.45742,2.0109339,87.06308,1.4203943,88.36374,1.1114196,89.27638,1.0130574,0.0,1.0,0.40672407,0.009958,,,0.4747137,0.01258949,,,0.03139688,0.009115279,91.640045,1.138099,0.0,1.0,0.36035806,0.010212741,,,0.4200511,0.012240401,,,0.03139688,0.009115279,1,1.0,356.960083,-28.1523323,,,16.38462,15.352132,,0.032727662,-20.21647,3.867512,20.491854,21.651577,23.269445,0.45557776,19.131922,10.5839,1.5554934,,7.0,0.0,Cluster,0.03318077,1.6447864,1.0,False,True,True,True,True,True,True,True,True,True,True,True,True,True,0.011250160105484457,True,True,True,S0,False,True,True,True
9403800008_blue_red_11_Y16SBR1_P002_A4038T031_2016_09_28-2016_10_04,9403800008_A,9403800008_blue_11_Y16SBR1_P002_A4038T031_2016_09_28-2016_10_04.fits,9403800008,149.0,0.8333333,185.01552,1.2451488,183.28635,0.9791124,182.5057,1.4713825,184.38986,1.4270576,183.42815,1.179247,183.30359,0.9861953,,,,,,,,,,,,,184.72531,1.4335566,,,,,,,,,,,,,1,1.0,356.9386292,-28.1636257,,,15.633052,15.627196,,0.031726554,-19.945354,1.4439739,17.585766,18.771765,20.383686,0.5321945,147.71089,10.219938,1.2711735,,7.0,0.0,Cluster,0.033365194,1.1578937,1.0,False,True,True,True,True,True,True,True,True,True,True,True,True,True,0.006729969464183329,True,True,True,S0,False,True,True,True
9403800016_blue_red_7_Y15SBR1_P003_A4038T026_2015_08_12-2015_08_17,9403800016_A,9403800016_blue_7_Y15SBR1_P003_A4038T026_2015_08_12-2015_08_17.fits,9403800016,319.0,5.1666665,72.112335,2.0313296,64.86502,1.4758201,58.895927,2.5121264,60.250538,1.6727107,61.19974,1.3635347,63.70116,1.3602744,1.0,0.9323162,0.37091827,0.019698583,0.3550183,0.019698583,0.44391042,0.022062503,0.42443952,0.022062503,0.058835313,0.014010907,65.75109,1.272772,0.0,1.0,0.3243347,0.018323708,,,0.3831417,0.020723999,,,0.058835313,0.014010907,1,1.0,356.8945312,-28.1542931,,,16.629948,16.542984,,0.032226093,-19.030777,6.8646235,21.731747,23.095297,24.675014,0.5073327,130.47948,9.736897,1.1306515,,7.0,0.0,Cluster,0.0588397,1.4009056,1.0,False,True,True,True,True,True,True,True,True,True,True,True,True,True,0.02816896166238411,True,True,True,S0,False,True,True,True
9403800017_blue_red_7_Y15SBR1_P004_A4038T025_2015_09_07-2015_09_13,9403800017_A,9403800017_blue_7_Y15SBR1_P004_A4038T025_2015_09_07-2015_09_13.fits,9403800017,245.0,10.0,75.56774,1.2256452,80.61034,1.0636394,89.18054,2.0151756,89.89684,1.7021269,85.860504,1.2599273,83.597084,1.2215893,0.0,1.0,0.11065534,0.011856328,,,0.12103601,0.011277635,,,1.1663514,0.32470033,79.059875,1.1681379,0.0,1.0,0.07347073,0.011260185,,,0.07824386,0.010087665,,,1.1663514,0.32470033,1,0.5,356.9754333,-28.1655273,,,15.9263315,15.910901,,0.030248815,-19.660677,4.7371707,20.78838,22.196062,23.769526,0.21459591,184.4379,10.136244,1.2842455,,7.0,0.0,Cluster,0.060208373,0.43832234,1.0,False,True,True,True,True,True,True,True,True,True,True,True,True,True,0.016219159127955924,True,True,True,Elliptical/S0,False,True,True,True
9403800023_blue_red_7_Y15SBR1_P004_A4038T025_2015_09_07-2015_09_13,9403800023_A,9403800023_blue_7_Y15SBR1_P004_A4038T025_2015_09_07-2015_09_13.fits,9403800023,206.0,8.083333,75.6055,1.0722407,78.3869,1.2909062,78.307465,2.2778215,77.757515,1.7200003,78.8814,1.5593518,78.62047,1.0952913,0.0,1.0,0.07690766,0.011394595,,,0.08901786,0.010401686,,,0.13712408,0.058811203,77.20886,1.1412158,0.0,1.0,0.07311047,0.011943389,,,0.08336554,0.011449494,,,0.13712408,0.058811203,1,0.5,356.9564209,-28.0866394,,,16.011028,16.003307,,0.03227473,-19.57027,3.6794035,20.402939,21.677847,23.272072,0.2266076,-10.863894,9.996709,1.1916074,,7.0,0.0,Cluster,0.08199289,1.4245601,1.0,False,True,True,True,True,True,True,True,True,True,True,True,True,True,0.014182046279701873,True,True,True,Elliptical/S0,False,True,True,True
9403800025_blue_red_7_Y15SBR1_P005_A4038T027_2015_09_07-2015_09_13,9403800025_A,9403800025_blue_7_Y15SBR1_P005_A4038T027_2015_09_07-2015_09_13.fits,9403800025,110.5,0.6666667,177.00911,0.68236786,176.86111,0.83701193,186.80013,1.3770031,187.27728,1.2876713,183.38475,0.87793535,181.03955,0.80534613,0.0,1.0,0.2905102,0.0032055033,,,0.3048395,0.0032051115,,,0.01128463,0.0037338333,178.19682,0.75307596,0.0,1.0,0.30843452,0.0032126477,,,0.320751,0.003159571,,,0.01128463,0.0037338333,1,0.5,356.8825073,-28.1070728,,,14.50912,14.495664,,0.028357953,-21.073399,3.7246008,18.8885,19.974699,21.611267,0.37970456,112.63658,10.692318,1.2879122,,7.0,0.0,Cluster,0.08599288,-0.4839247,1.0,False,True,True,True,True,True,True,True,True,True,True,True,True,True,0.003854987237662514,True,True,True,Elliptical/S0,False,True,True,True
9403800026_blue_red_11_Y16SBR1_P002_A4038T031_2016_09_28-2016_10_04,9403800026_A,9403800026_blue_11_Y16SBR1_P002_A4038T031_2016_09_28-2016_10_04.fits,9403800026,142.0,13.499999,75.96635,1.5573795,77.39021,1.5130574,76.84077,2.4717987,76.029144,1.8929056,76.39826,1.5106304,77.30788,1.5643772,,,,,,,,,,,,,77.67498,1.6287345,0.0,1.0,0.11414694,0.017506722,,,0.13123031,0.01713224,,,0.20700358,0.09756307,1,0.0,356.8700867,-28.1405926,,,16.65739,16.493593,,0.030434081,-19.078283,1.5701218,19.662699,21.146067,22.710073,0.14571308,149.77637,9.83642,1.2199593,,7.0,0.0,Cluster,0.086714976,0.5285927,1.0,False,True,True,True,True,True,True,True,True,True,True,True,True,True,0.020500912575107267,True,True,True,Elliptical,True,True,True,True
9403800029_blue_red_7_Y13SBR2_P005_A4038T003_2013_10_02-2013_10_08,9403800029_A,9403800029_blue_7_Y13SBR2_P005_A4038T003_2013_10_02-2013_10_08.fits,9403800029,242.5,0.5,266.7418,0.9146354,281.0174,1.0412283,290.77505,1.7481015,287.75983,1.3641576,286.4391,1.2360324,284.50165,1.1117811,0.0,1.0,0.28272998,0.0021331487,,,0.3028166,0.0020418537,,,0.020040128,0.00291449,276.24527,0.97765553,0.0,1.0,0.27928388,0.002174082,,,0.29780626,0.00211344,,,0.020040128,0.00291449,1,0.5,356.8680725,-28.1359539,,,13.56097,13.570967,,0.027748037,-21.99752,7.02491,19.151278,20.476341,22.062017,0.4100812,69.25477,11.058837,1.283556,,7.0,0.0,Cluster,0.08955735,-0.7817656,1.0,False,True,True,True,True,True,True,True,True,True,True,True,True,True,0.003428916652733092,True,True,True,Elliptical/S0,False,True,True,True
9403800032_blue_red_7_Y13SBR2_P003_A4038T001_2013_10_02-2013_10_08,9403800032_A,9403800032_blue_7_Y13SBR2_P003_A4038T001_2013_10_02-2013_10_08.fits,9403800032,177.5,26.583334,80.997406,1.073514,87.10209,0.86222863,87.097534,1.9035106,88.215454,1.1843146,88.36264,0.9359558,87.99757,0.95204526,0.0,1.0,0.058987178,0.008487666,,,0.06672183,0.00775847,,,0.35008237,0.23489179,86.84548,0.93709475,0.0,1.0,0.048784677,0.008372777,,,0.05642408,0.0075415187,,,0.35008237,0.23489179,1,1.0,356.9564819,-28.2036457,,,15.706713,15.702714,,0.03192187,-19.870533,4.39474,20.438889,21.718988,23.312284,0.2997258,99.27714,10.138829,1.2108355,,7.0,0.0,Cluster,0.09453797,1.2529241,1.0,False,True,True,True,True,True,True,True,True,True,True,True,True,True,0.01325368370438925,True,True,True,S0,False,True,True,True
9403800045_blue_red_7_Y15SBR1_P003_A4038T026_2015_08_12-2015_08_17,9403800045_A,9403800045_blue_7_Y15SBR1_P003_A4038T026_2015_08_12-2015_08_17.fits,9403800045,88.5,4.5,86.405525,0.86533505,87.7315,0.9032671,89.059525,1.6736727,88.1745,1.1818168,88.014046,1.0394741,87.82526,0.8746616,0.0,1.0,0.100536585,0.008089248,,,0.1075023,0.0074584875,,,0.044941586,0.031080805,87.68705,0.8966592,0.0,1.0,0.09059102,0.008227119,,,0.09572928,0.007512706,,,0.044941586,0.031080805,1,1.0,357.0213318,-28.1775436,,,15.885615,15.880466,,0.027832394,-19.689161,3.8301198,20.276033,21.390062,23.019173,0.3381489,41.784756,10.025369,1.1561728,,7.0,0.0,Cluster,0.11960195,-0.74056077,1.0,False,True,True,True,True,True,True,True,True,True,True,True,True,True,0.010014811552849195,True,True,True,S0,False,True,True,True
9403800047_blue_red_7_Y13SBR2_P004_A4038T002_2013_10_02-2013_10_08,9403800047_A,9403800047_blue_7_Y13SBR2_P004_A4038T002_2013_10_02-2013_10_08.fits,9403800047,99.5,12.166667,162.97139,1.0911691,170.90501,0.92841816,182.75693,1.6170634,177.86795,1.3473616,173.53383,1.0254099,171.72388,0.96199214,0.0,1.0,0.056687023,0.00496389,,,0.058724668,0.004282435,,,0.4130622,0.08261434,169.36539,0.9238844,0.0,1.0,0.042580925,0.0047013145,,,0.045485057,0.0042340867,,,0.4130622,0.08261434,1,0.0,356.8468933,-28.1190262,,,14.845767,14.82346,,0.03258391,-20.749876,5.0978665,19.963614,21.392132,22.96284,0.19933133,134.99979,10.524509,1.2581453,,7.0,0.0,Cluster,0.12059089,1.5749015,1.0,False,True,True,True,True,True,True,True,True,True,True,True,True,True,0.006695464154782013,True,True,True,Elliptical,True,True,True,True
9403800057_blue_red_7_Y13SBR2_P007_A4038T005_2013_10_02-2013_10_08,9403800057_A,9403800057_blue_7_Y13SBR2_P007_A4038T005_2013_10_02-2013_10_08.fits,9403800057,183.0,1.25,146.29407,0.9505971,148.12714,0.8387979,155.12643,1.292757,154.84741,1.0963326,149.82407,0.8780768,148.42104,0.8279518,0.0,1.0,0.19136687,0.0042386586,,,0.19678661,0.0038728253,,,0.04899472,0.011079105,148.07005,0.9469783,0.0,1.0,0.17423746,0.0042803157,,,0.17869122,0.0039672717,,,0.04899472,0.011079105,1,0.0,356.8202515,-28.124033,,,14.800793,14.801207,,0.029803185,-20.76961,4.024042,19.460215,20.800581,22.38383,0.20834719,11.098905,10.505978,1.2253,,7.0,0.0,Cluster,0.15246588,0.22112367,1.0,False,True,True,True,True,True,True,True,True,True,True,True,True,True,0.006497851211604133,True,True,True,Elliptical,True,True,True,True
9403800064_blue_red_7_Y13SBR2_P004_A4038T002_2013_10_02-2013_10_08,9403800064_A,9403800064_blue_7_Y13SBR2_P004_A4038T002_2013_10_02-2013_10_08.fits,9403800064,353.0,1.3333334,103.15695,0.8373398,102.077545,0.7647095,102.14401,1.3595381,103.066734,1.0408125,103.19243,1.0095756,102.87498,0.87398136,0.0,1.0,0.2874896,0.006851144,,,0.32084626,0.0070326165,,,0.02909961,0.009780415,103.65644,0.89233446,0.0,1.0,0.266673,0.0069315964,,,0.29663208,0.006997356,,,0.02909961,0.009780415,1,0.5,356.877655,-28.043148,,,15.819374,15.792402,,0.027424073,-19.776518,2.9993024,19.654139,20.939377,22.531763,0.32915235,174.21591,10.093074,1.1965607,,7.0,0.0,Cluster,0.1612156,-0.94003916,1.0,False,True,True,True,True,True,True,True,True,True,True,True,True,True,0.008117143827924342,True,True,True,Elliptical/S0,False,True,True,True
9403800073_blue_red_7_Y13SBR2_P005_A4038T003_2013_10_02-2013_10_08,9403800073_A,9403800073_blue_7_Y13SBR2_P005_A4038T003_2013_10_02-2013_10_08.fits,9403800073,301.5,1.75,78.86163,1.010805,78.47348,0.9675611,78.44019,1.5848812,79.03433,1.1568469,78.874214,0.89287037,79.08964,0.8817237,0.0,1.0,0.30597663,0.008974712,,,0.3306428,0.009616424,,,0.07605266,0.014662634,78.357834,1.0955211,0.0,1.0,0.27873588,0.0090824915,,,0.29884183,0.009448669,,,0.07605266,0.014662634,1,0.5,356.8339539,-28.0629425,,,15.78803,15.76487,,0.027953746,-19.804848,4.239533,20.426289,21.664028,23.265226,0.27462032,138.39421,10.091829,1.1758167,,7.0,0.0,Cluster,0.17445686,-0.68129194,1.0,False,True,True,True,True,True,True,True,True,True,True,True,True,True,0.012817450007056662,True,True,True,Elliptical/S0,False,True,True,True
9403800077_blue_red_7_Y13SBR2_P003_A4038T001_2013_10_02-2013_10_08,9403800077_A,9403800077_blue_7_Y13SBR2_P003_A4038T001_2013_10_02-2013_10_08.fits,9403800077,231.5,3.0833333,101.61582,1.0175259,110.40222,0.8557658,120.87546,1.2292514,119.5579,1.212961,116.97343,0.95772976,113.75518,0.90872025,0.0,1.0,0.14578171,0.0072316504,,,0.13918114,0.005900469,,,0.06705437,0.021204513,107.03123,0.8876778,0.0,1.0,0.12317658,0.006518667,,,0.11981774,0.0056008324,,,0.06705437,0.021204513,1,0.0,356.8100281,-28.1929169,,,15.232813,15.2269,,0.029381264,-20.343214,4.4585648,20.305101,21.66236,23.243017,0.020419292,207.06046,10.339337,1.2339019,,7.0,0.0,Cluster,0.18032548,0.015394248,1.0,False,True,True,True,True,True,True,True,True,True,True,True,True,True,0.010013459518409635,True,True,True,Elliptical,True,True,True,True
9403800086_blue_red_7_Y13SBR2_P004_A4038T002_2013_10_02-2013_10_08,9403800086_A,9403800086_blue_7_Y13SBR2_P004_A4038T002_2013_10_02-2013_10_08.fits,9403800086,183.0,2.4166648,129.12497,1.1270072,134.67589,0.8534424,134.03447,1.5736946,132.90349,1.0156698,135.09538,0.881483,134.67589,0.76969457,0.0,1.0,0.16191402,0.005831544,,,0.16903847,0.0053689918,,,0.101629205,0.024499208,132.28128,0.94286555,0.0,1.0,0.1103747,0.0053684944,,,0.11712354,0.0051560826,,,0.101629205,0.024499208,1,0.0,357.0795593,-28.1789017,,,15.006701,14.979367,,0.035270087,-20.597061,5.7872972,20.442362,21.86744,23.438595,0.100633524,195.18517,10.366692,1.1552078,,7.0,0.0,Cluster,0.1897925,2.8791695,0.0,False,True,True,True,True,True,True,True,True,True,True,True,True,True,0.008728034554432036,True,True,True,Elliptical,True,True,True,True
9403800101_blue_red_7_Y13SBR2_P003_A4038T001_2013_10_02-2013_10_08,9403800101_A,9403800101_blue_7_Y13SBR2_P003_A4038T001_2013_10_02-2013_10_08.fits,9403800101,88.0,0.5833333,165.7538,0.889996,161.14285,0.83743924,166.23903,1.3625541,165.93228,1.122767,163.89241,0.9555559,161.86015,0.8836317,0.0,1.0,0.3368927,0.0048277667,,,0.38036075,0.0051676007,,,0.030791536,0.0067693973,164.16257,1.0001972,0.0,1.0,0.28754127,0.00501322,,,0.31422856,0.0051668985,,,0.030791536,0.0067693973,1,1.0,356.8672485,-28.2717781,,,15.31828,15.243789,,0.03435706,-20.331854,3.0436428,19.004526,20.205574,21.814247,0.47326007,90.26927,10.266611,1.1538554,,7.0,0.0,Cluster,0.21072994,2.4362342,0.0,False,True,True,True,True,True,True,True,True,True,True,True,True,True,0.005369385196598811,True,True,True,S0,False,True,True,True
9403800119_blue_red_7_Y13SBR2_P004_A4038T002_2013_10_02-2013_10_08,9403800119_A,9403800119_blue_7_Y13SBR2_P004_A4038T002_2013_10_02-2013_10_08.fits,9403800119,6.0,1.4166666,135.7096,1.0072317,135.14001,0.99326843,137.7862,1.7829229,139.57062,1.3671681,137.6503,1.0322541,136.08104,0.89025646,0.0,1.0,0.18291207,0.006321045,,,0.19412674,0.0059911977,,,0.060521543,0.020708313,137.6503,1.1529104,0.0,1.0,0.14297932,0.007529181,,,0.15017128,0.0070032547,,,0.060521543,0.020708313,1,0.0,357.1116943,-28.1102142,,,15.620808,15.634958,,0.032749955,-19.939104,2.3856416,19.210892,20.596893,22.173355,0.15913832,8.588867,10.129424,1.177247,,7.0,0.0,Cluster,0.2270469,1.6556228,1.0,False,True,True,True,True,True,True,True,True,True,True,True,True,True,0.0074219635162140335,True,True,True,Elliptical,True,True,True,True
9403800120_blue_red_7_Y13SBR2_P005_A4038T003_2013_10_02-2013_10_08,9403800120_A,9403800120_blue_7_Y13SBR2_P005_A4038T003_2013_10_02-2013_10_08.fits,9403800120,47.5,0.5833333,165.11948,0.71694994,163.7341,0.75063825,169.12224,1.299775,170.47849,1.0438005,168.40906,0.8048384,165.97192,0.7091333,0.0,1.0,0.2573346,0.0035002627,,,0.27725422,0.0034097624,,,0.02319703,0.00567691,166.45856,0.7686512,0.0,1.0,0.24190328,0.0034814586,,,0.25651088,0.0033421714,,,0.02319703,0.00567691,1,1.0,357.1074829,-28.1894436,,,14.774393,14.769019,,0.029975705,-20.802036,3.4164906,18.782106,19.949438,21.565548,0.439729,45.174706,10.507578,1.2136889,,7.0,0.0,Cluster,0.22848557,0.30522048,1.0,False,True,True,True,True,True,True,True,True,True,True,True,True,True,0.004342007012134485,True,True,True,S0,False,True,True,True
9403800121_blue_red_7_Y13SBR2_P003_A4038T001_2013_10_02-2013_10_08,9403800121_A,9403800121_blue_7_Y13SBR2_P003_A4038T001_2013_10_02-2013_10_08.fits,9403800121,36.0,3.0,120.104126,1.1309822,116.15067,1.2661972,122.67557,1.7816408,121.46682,1.3607568,120.27836,1.2066283,118.97555,1.0786892,0.0,1.0,0.15412568,0.008063713,,,0.17088664,0.0075885085,,,,,122.02324,1.2275232,,,,,,,,,,,,,1,0.5,356.8091125,-28.0301399,,,16.185944,16.149569,,0.027893525,-19.419888,1.9715829,19.207706,20.826298,22.37669,0.21550761,33.295593,9.945146,1.190095,,7.0,0.0,Cluster,0.23009591,-0.7107035,1.0,False,True,True,True,True,True,True,True,True,True,True,True,True,True,0.00941668065591685,True,True,True,Elliptical/S0,False,True,True,True
9403800123_blue_red_7_Y13SBR2_P003_A4038T001_2013_10_02-2013_10_08,9403800123_A,9403800123_blue_7_Y13SBR2_P003_A4038T001_2013_10_02-2013_10_08.fits,9403800123,238.0,0.16666667,282.25815,1.3411416,297.75467,1.325484,320.172,2.2140493,317.621,1.8429295,312.60422,1.5660986,307.1313,1.5643438,0.0,1.0,0.49953628,0.0018013184,,,0.53627706,0.0023392432,,,0.019241164,0.002261799,288.80597,1.234503,0.0,1.0,0.4682021,0.0018963,,,0.5000156,0.0023895353,,,0.019241164,0.002261799,1,0.0,357.0856323,-28.2318954,,,13.608605,13.600339,,0.026820788,-21.966171,6.723193,19.351068,20.674334,22.2603,0.2126622,58.443153,11.052546,1.3028183,,7.0,0.0,Cluster,0.23098798,-1.234908,1.0,False,True,True,True,True,True,True,True,True,True,True,True,True,True,0.004751471658125727,True,True,True,Elliptical,True,True,True,True
9403800131_blue_red_7_Y13SBR2_P004_A4038T002_2013_10_02-2013_10_08,9403800131_A,9403800131_blue_7_Y13SBR2_P004_A4038T002_2013_10_02-2013_10_08.fits,9403800131,114.5,2.1666667,72.10864,1.2011335,75.31688,1.0589911,81.01443,1.8336813,79.91474,1.3421159,77.31776,1.0673985,76.62896,1.0176978,0.0,1.0,0.37101516,0.009674873,,,0.3896103,0.01024809,,,0.0424544,0.011897741,72.99545,1.0599246,0.0,1.0,0.3125146,0.00994833,,,0.32417452,0.0099091735,,,0.0424544,0.011897741,1,0.5,356.8057556,-28.0172653,,,15.503971,15.4690075,,0.033626374,-20.105988,6.2619414,20.736818,21.780523,23.429482,0.45708317,110.80781,10.159599,1.1268606,,7.0,0.0,Cluster,0.24644509,2.0814734,1.0,False,True,True,True,True,True,True,True,True,True,True,True,True,True,0.016657275743933046,True,True,True,Elliptical/S0,False,True,True,True
9403800156_blue_red_7_Y13SBR2_P004_A4038T002_2013_10_02-2013_10_08,9403800156_A,9403800156_blue_7_Y13SBR2_P004_A4038T002_2013_10_02-2013_10_08.fits,9403800156,49.0,0.9166667,100.326614,1.098091,86.458664,0.8935046,86.080284,2.1482868,87.528114,1.413519,86.61193,1.1704326,86.458664,1.0904925,0.0,1.0,0.5603046,0.007079831,,,0.7573912,0.012280328,,,0.020210091,0.005313388,91.80752,1.0256146,0.0,1.0,0.5187735,0.0072913235,,,0.6717729,0.011335777,,,0.020210091,0.005313388,1,1.0,356.9838562,-27.9537792,,,15.592481,15.598265,,0.035764426,-19.97754,5.9468775,20.356598,21.204237,22.931068,0.63559633,51.7678,10.283815,1.3374671,,7.0,0.0,Cluster,0.27772987,3.1188223,0.0,False,True,True,True,True,True,True,True,True,True,True,True,True,True,0.010945161569989792,True,True,True,S0,False,True,True,True
9403800159_blue_red_7_Y13SBR2_P004_A4038T002_2013_10_02-2013_10_08,9403800159_A,9403800159_blue_7_Y13SBR2_P004_A4038T002_2013_10_02-2013_10_08.fits,9403800159,33.5,2.1666667,140.50084,1.1341326,132.98615,1.1667386,143.9352,1.6349007,142.61475,1.2345115,138.15123,1.3227161,135.06656,1.1911354,0.0,1.0,,,,,,,,,,,141.76013,1.4650493,0.0,1.0,,,,,,,,,,,1,0.5,356.7424927,-28.0486794,,,16.065666,16.020966,,0.026706906,-19.546581,1.4067252,18.56257,19.882168,21.468729,0.16953294,31.466002,10.029956,1.2363062,,7.0,0.0,Cluster,0.2836309,-1.2905897,1.0,False,True,True,True,True,True,True,True,True,True,True,True,True,True,0.00807206988940422,True,True,True,Elliptical/S0,False,True,True,True
9403800165_blue_red_7_Y15SBR1_P003_A4038T026_2015_08_12-2015_08_17,9403800165_A,9403800165_blue_7_Y15SBR1_P003_A4038T026_2015_08_12-2015_08_17.fits,9403800165,214.5,2.3333333,79.082596,1.0294003,80.754234,1.1825696,80.65306,1.8239974,81.98116,1.3860162,81.72007,1.1641055,81.44057,0.9948954,0.0,1.0,0.22017096,0.010949264,,,0.23099437,0.010860402,,,0.059935402,0.019837037,80.58463,1.1333286,0.0,1.0,0.19038235,0.010799356,,,0.19986148,0.010379185,,,0.059935402,0.019837037,1,0.5,356.7818298,-27.9921703,,,16.213396,16.18794,,0.03153327,-19.384674,3.7392712,20.653742,21.929712,23.523746,0.24953534,97.61631,9.9244795,1.2005157,,7.0,0.0,Cluster,0.29401663,1.0638351,1.0,False,True,True,True,True,True,True,True,True,True,True,True,True,True,0.013016774259661381,True,True,True,Elliptical/S0,False,True,True,True
9403800167_blue_red_7_Y15SBR1_P003_A4038T026_2015_08_12-2015_08_17,9403800167_A,9403800167_blue_7_Y15SBR1_P003_A4038T026_2015_08_12-2015_08_17.fits,9403800167,335.0,1.25,148.88501,1.3023845,146.73572,1.0698146,149.42012,1.6506616,148.78954,1.2712975,150.69966,1.1557701,148.19623,1.0585258,0.0,1.0,,,,,,,,,,,148.88501,1.300927,,,,,,,,,,,,,1,0.5,357.1353455,-28.2474518,,,16.093122,16.080503,,0.030066226,-19.490883,1.2532413,18.117872,19.497913,21.075226,0.30842656,156.76166,9.961159,1.1875801,,7.0,0.0,Cluster,0.29659998,0.34934023,1.0,False,True,True,True,True,True,True,True,True,True,True,True,True,True,0.00874758647630141,True,True,True,Elliptical/S0,False,True,True,True
9403800168_blue_red_7_Y13SBR2_P004_A4038T002_2013_10_02-2013_10_08,9403800168_A,9403800168_blue_7_Y13SBR2_P004_A4038T002_2013_10_02-2013_10_08.fits,9403800168,213.0,0.8333333,149.05045,0.76411784,149.36598,0.72895366,154.32362,1.3014117,151.11823,1.0494765,150.18103,0.82809275,150.03032,0.7664282,0.0,1.0,0.2891421,0.0035033117,,,0.3052257,0.0035477297,,,0.023543753,0.006359445,149.46364,0.6611468,0.0,1.0,0.26691088,0.0035861044,,,0.2819892,0.0035989566,,,0.023543753,0.006359445,1,0.0,357.1091003,-28.2787514,,,14.584284,14.586873,,0.027444977,-20.982214,3.9165943,19.177824,20.436958,22.034073,0.23627718,35.364613,10.57053,1.1876154,,7.0,0.0,Cluster,0.29709238,-0.9298247,1.0,False,True,True,True,True,True,True,True,True,True,True,True,True,True,0.005126571841950159,True,True,True,Elliptical,True,True,True,True
9403800187_blue_red_7_Y15SBR1_P004_A4038T025_2015_09_07-2015_09_13,9403800187_A,9403800187_blue_7_Y15SBR1_P004_A4038T025_2015_09_07-2015_09_13.fits,9403800187,291.0,3.0833333,88.242256,1.6695985,89.26995,1.8498209,91.437035,3.7914257,92.06861,2.3240817,91.00036,1.9767227,89.12981,1.61487,0.0,1.0,0.25858307,0.014856594,,,0.2869066,0.015081202,,,0.105368145,0.026058486,89.11335,1.7039198,0.0,1.0,0.23212735,0.015170457,,,0.25589296,0.015532369,,,0.105368145,0.026058486,1,0.5,357.1804199,-28.1726856,,,16.283241,16.306732,,0.02984798,-19.264858,3.2217402,20.427946,21.495003,23.136997,0.23677742,112.16899,9.804283,1.1080256,,7.0,0.0,Cluster,0.31408852,0.24296072,1.0,False,True,True,True,True,True,True,True,True,True,True,True,True,True,0.01892062347091398,True,True,True,Elliptical/S0,False,True,True,True
9403800215_blue_red_7_Y13SBR2_P004_A4038T002_2013_10_02-2013_10_08,9403800215_A,9403800215_blue_7_Y13SBR2_P004_A4038T002_2013_10_02-2013_10_08.fits,9403800215,237.5,0.9166667,116.156685,0.84702885,124.18127,0.6984555,130.8423,1.000941,128.92422,0.95912945,126.316055,0.82712495,125.120575,0.7169922,0.0,1.0,0.35521215,0.00443018,,,0.3470734,0.004254617,,,0.024434282,0.0062225894,119.39814,0.72593766,0.0,1.0,0.294646,0.0042321035,,,0.29338118,0.0040094755,,,0.024434282,0.0062225894,1,0.5,356.8004761,-27.9300327,,,14.581993,14.559225,,0.029359289,-21.011124,6.773552,20.29312,21.680218,23.256525,0.20637433,34.155582,10.624117,1.2447119,,7.0,0.0,Cluster,0.35290438,0.0046766456,1.0,False,True,True,True,True,True,True,True,True,True,True,True,True,True,0.007292123135228938,True,True,True,Elliptical/S0,False,True,True,True
9403800250_blue_red_7_Y13SBR2_P004_A4038T002_2013_10_02-2013_10_08,9403800250_A,9403800250_blue_7_Y13SBR2_P004_A4038T002_2013_10_02-2013_10_08.fits,9403800250,96.0,0.75,86.928635,0.75708026,84.46473,0.7663837,82.06549,1.2095042,81.978806,0.8631687,81.80645,0.84574723,81.76336,0.81060463,0.0,1.0,0.4764152,0.0060183136,,,0.5777603,0.008250329,,,0.027067412,0.0059751435,84.40952,0.74063736,0.0,1.0,0.44404685,0.0063534463,,,0.53306717,0.008211085,,,0.027067412,0.0059751435,1,0.5,356.6601868,-28.2530746,,,15.418044,15.366838,,0.026784325,-20.202053,3.4545202,19.678259,20.72781,22.374987,0.30459833,103.49507,10.110478,1.0150547,,8.0,0.0,Cluster,0.39101568,-1.2527356,1.0,False,True,True,True,True,True,True,True,True,True,True,True,True,True,0.008709216013802586,True,True,True,Elliptical/S0,False,True,True,True
9403800295_blue_red_7_Y15SBR1_P003_A4038T026_2015_08_12-2015_08_17,9403800295_A,9403800295_blue_7_Y15SBR1_P003_A4038T026_2015_08_12-2015_08_17.fits,9403800295,130.5,1.8333334,101.79197,0.82881695,100.024895,0.86168575,104.23593,1.567519,103.48105,1.0040882,101.96435,0.85662615,100.811455,0.9641965,0.0,1.0,0.21757062,0.00785351,,,0.24079263,0.007568103,,,0.027407518,0.0131737,102.41733,0.8907774,0.0,1.0,0.1843882,0.008164498,,,0.20080043,0.007747403,,,0.027407518,0.0131737,1,1.0,357.2137756,-28.3114777,,,15.9176445,15.896322,,0.02956246,-19.674911,2.6723084,19.381319,20.618843,22.220083,0.42749628,146.45886,9.967575,1.113185,,7.0,0.0,Cluster,0.4315249,0.103756234,1.0,False,True,True,True,True,True,True,True,True,True,True,True,True,True,0.008142262596941586,True,True,True,S0,False,True,True,True
9403800371_blue_red_7_Y13SBR2_P005_A4038T003_2013_10_02-2013_10_08,9403800371_A,9403800371_blue_7_Y13SBR2_P005_A4038T003_2013_10_02-2013_10_08.fits,9403800371,241.5,1.0833334,188.31755,1.2547965,182.21573,1.0581601,191.90688,1.9188627,190.94682,1.410952,187.20045,1.4394672,184.4205,1.1659809,,,,,,,,,,,,,191.27205,1.3836554,,,,,,,,,,,,,1,1.0,357.3060913,-28.2621117,,,15.484783,15.4255495,,0.029520143,-20.144238,1.9628767,18.361546,19.775267,21.34792,0.35166404,59.40656,10.2965555,1.2750694,,7.0,0.0,Cluster,0.50324696,0.08312115,1.0,False,True,True,True,True,True,True,True,True,True,True,True,True,True,0.006663194694281016,True,True,True,S0,False,True,True,True
9403800381_blue_red_7_Y15SBR1_P004_A4038T025_2015_09_07-2015_09_13,9403800381_A,9403800381_blue_7_Y15SBR1_P004_A4038T025_2015_09_07-2015_09_13.fits,9403800381,127.5,1.6666666,88.85692,1.4248143,84.62661,1.331827,92.90301,2.6368272,87.793335,1.8574842,85.640366,1.3247066,85.191864,1.2666715,0.0,1.0,0.43762058,0.01211169,,,0.52688473,0.016275292,,,0.049452253,0.011314807,88.18037,1.2023335,0.0,1.0,0.37706268,0.01230884,,,0.4326211,0.014472914,,,0.049452253,0.011314807,1,1.0,357.1778259,-28.4359951,,,16.212074,16.169579,,0.0338083,-19.405567,4.267453,20.515541,21.668655,23.288078,0.46564397,129.37689,9.836596,1.0993499,,7.0,0.0,Cluster,0.52738947,2.1698246,0.0,False,True,True,True,True,True,True,True,True,True,True,True,True,True,0.016034927836796505,True,True,True,S0,False,True,True,True
9403800390_blue_red_7_Y13SBR2_P007_A4038T005_2013_10_02-2013_10_08,9403800390_A,9403800390_blue_7_Y13SBR2_P007_A4038T005_2013_10_02-2013_10_08.fits,9403800390,355.0,1.0,86.79112,1.1268345,82.83924,1.0234568,79.526596,2.065506,80.32252,1.3876889,80.527855,1.0640588,81.10095,1.0957719,0.0,1.0,0.41439494,0.008858131,,,0.50308895,0.011333763,,,0.028227793,0.00862779,82.674545,1.2006732,0.0,1.0,0.3481688,0.008945245,,,0.39843515,0.010066518,,,0.028227793,0.00862779,1,1.0,357.1719666,-28.444521,,,15.6902275,15.678523,,0.032103594,-19.895067,4.4591694,19.539349,20.656816,22.285038,0.71030265,174.79897,10.044232,1.1073084,,7.0,0.0,Cluster,0.53325653,1.3413243,1.0,False,True,True,True,True,True,True,True,True,True,True,True,True,True,0.0129832925303879,True,True,True,S0,False,True,True,True
9403800462_blue_red_7_Y15SBR1_P004_A4038T025_2015_09_07-2015_09_13,9403800462_A,9403800462_blue_7_Y15SBR1_P004_A4038T025_2015_09_07-2015_09_13.fits,9403800462,299.0,6.5,59.994297,1.9626211,57.211964,2.032157,68.20284,4.33172,65.09633,3.2226748,56.565033,2.7690628,55.87867,2.1047182,0.0,1.0,0.25841108,0.023088768,,,0.29964322,0.02555812,,,0.0884884,0.039712172,58.817074,2.1442337,0.0,1.0,0.24380286,0.023228748,,,0.27604786,0.024535809,,,0.0884884,0.039712172,1,0.5,357.4015503,-28.2403069,,,16.612484,16.444973,,0.0313213,-19.127756,4.326024,21.436094,22.413374,24.084467,0.16290244,119.02717,9.766293,1.1396389,,7.0,0.0,Cluster,0.6109422,0.9606611,1.0,False,True,True,True,True,True,True,True,True,True,True,True,True,True,0.032713461081142425,True,True,True,Elliptical/S0,False,True,True,True
9403800473_blue_red_7_Y15SBR1_P005_A4038T027_2015_09_07-2015_09_13,9403800473_A,9403800473_blue_7_Y15SBR1_P005_A4038T027_2015_09_07-2015_09_13.fits,9403800473,317.5,2.5,74.327095,0.9790141,74.210556,1.0037265,76.37856,2.0051491,76.29735,1.3644147,76.0821,1.078825,74.76054,0.9241219,0.0,1.0,0.22403821,0.010274294,,,0.24173789,0.010191464,,,0.03248377,0.012090459,76.23281,0.89656353,0.0,1.0,0.21407908,0.010300973,,,0.2311175,0.01015461,,,0.03248377,0.012090459,1,1.0,357.0059814,-28.5640659,,,16.24187,16.2359,,0.028627554,-19.33401,3.0717049,20.032703,21.006287,22.678722,0.42987776,123.22814,9.914436,1.2019596,,7.0,0.0,Cluster,0.6210018,-0.35232618,1.0,False,True,True,True,True,True,True,True,True,True,True,True,True,True,0.01317169869211221,True,True,True,S0,False,True,True,True
9403800507_blue_red_7_Y13SBR2_P006_A4038T004_2013_10_02-2013_10_08,9403800507_A,9403800507_blue_7_Y13SBR2_P006_A4038T004_2013_10_02-2013_10_08.fits,9403800507,86.0,1.0,89.67387,0.7319149,88.909,0.7521754,87.58548,1.0988227,88.65049,0.8480496,89.55736,0.86864954,88.947365,0.7843244,0.0,1.0,0.36260682,0.006125116,,,0.3993557,0.0065961666,,,0.029342322,0.008134463,89.32822,0.77231055,0.0,1.0,0.3273969,0.0061938674,,,0.36249983,0.0065753264,,,0.029342322,0.008134463,1,0.0,357.4351807,-28.0510559,,,15.235503,15.246985,,0.03098471,-20.325626,3.5981195,19.764715,21.034258,22.629454,0.103629954,87.54775,10.174771,1.0438261,,8.0,0.0,Cluster,0.65031636,0.79678935,1.0,False,True,True,True,True,True,True,True,True,True,True,True,True,True,0.008161964014712425,True,True,True,Elliptical,True,True,True,True
9403800520_blue_red_7_Y13SBR2_P007_A4038T005_2013_10_02-2013_10_08,9403800520_A,9403800520_blue_7_Y13SBR2_P007_A4038T005_2013_10_02-2013_10_08.fits,9403800520,107.0,4.8333335,120.45609,1.6614177,124.823105,1.341416,124.26791,2.2529354,126.44438,1.7812653,128.98962,1.4023185,127.80183,1.4903111,0.0,1.0,0.1671714,0.011486546,,,0.18618551,0.009309927,,,0.102684826,0.02494313,126.66872,1.4904679,0.0,1.0,0.15045868,0.009357636,,,0.1659062,0.008655769,,,0.102684826,0.02494313,1,0.0,356.5033569,-27.8954773,,,15.971062,15.920009,,0.029070152,-19.650812,5.377094,20.94185,22.681387,24.222395,0.23669948,107.531975,10.003793,1.1511068,,7.0,0.0,Cluster,0.66103727,-0.13635862,1.0,False,True,True,True,True,True,True,True,True,True,True,True,True,True,0.013792724801211794,True,True,True,Elliptical,True,True,True,True
9403800636_blue_red_7_Y13SBR2_P007_A4038T005_2013_10_02-2013_10_08,9403800636_A,9403800636_blue_7_Y13SBR2_P007_A4038T005_2013_10_02-2013_10_08.fits,9403800636,132.0,0.75,219.80707,1.1923666,216.3018,1.2308655,219.77573,2.06217,217.6688,1.5701008,217.95572,1.262975,217.36519,1.2913835,0.0,1.0,0.24739012,0.004792799,,,0.2771679,0.004903881,,,0.04846452,0.007694582,219.27496,1.2371941,0.0,1.0,0.22912744,0.0048186923,,,0.255684,0.0048842435,,,0.04846452,0.007694582,1,1.0,356.3667908,-27.963522,,,14.908071,14.84069,,0.030286592,-20.730408,2.6835656,18.360563,19.637249,21.231153,0.4181561,129.03781,10.511178,1.249033,,7.0,0.0,Cluster,0.77569306,0.45673007,1.0,False,True,True,True,True,True,True,True,True,True,True,True,True,True,0.005424605314105683,True,True,True,S0,False,True,True,True
9403800746_blue_red_11_Y16SBR1_P002_A4038T031_2016_09_28-2016_10_04,9403800746_A,9403800746_blue_11_Y16SBR1_P002_A4038T031_2016_09_28-2016_10_04.fits,9403800746,11.5,4.0833316,60.83477,1.6702082,60.87377,2.0081232,69.31898,3.75653,66.8093,3.065349,61.99814,2.0919325,61.25471,1.9938052,0.0,1.0,0.26839098,0.023092663,,,0.31059653,0.024850722,,,0.08325502,0.029191146,61.913963,2.079802,0.0,1.0,0.25319716,0.023223903,,,0.29302913,0.02535364,,,0.08325502,0.029191146,1,0.5,357.2967529,-27.65168,,,16.847298,16.838844,,0.028846728,-18.731907,2.80099,20.579409,21.726889,23.347652,0.32088035,14.174068,9.585876,1.0887738,,7.0,0.0,Cluster,0.84643567,-0.24536784,1.0,False,True,True,True,True,True,True,True,True,True,True,True,True,True,0.027454828875000267,True,True,True,Elliptical/S0,False,True,True,True
9403800757_blue_red_7_Y16SBR2_P001_A4038T032_2016_09_28-2016_10_04,9403800757_A,9403800757_blue_7_Y16SBR2_P001_A4038T032_2016_09_28-2016_10_04.fits,9403800757,291.0,0.41666666,126.09558,0.6510937,120.57725,0.6659386,128.95325,0.99771065,127.12272,0.8360749,124.77564,0.70866376,122.26284,0.58436155,0.0,1.0,0.44376984,0.0036387704,,,0.51790065,0.0045116367,,,0.021694414,0.004010377,123.59381,0.6769226,0.0,1.0,0.4020349,0.0037352717,,,0.44948488,0.0043098154,,,0.021694414,0.004010377,1,1.0,356.286499,-28.2701225,,,14.779509,14.788933,,0.027676942,-20.78038,4.9120317,19.27933,20.50406,22.10784,0.5633896,108.05277,10.463157,1.1638395,,7.0,0.0,Cluster,0.8544442,-0.8164951,1.0,False,True,True,True,True,True,True,True,True,True,True,True,True,True,0.005163493438865978,True,True,True,S0,False,True,True,True
9403800763_blue_red_7_Y13SBR2_P007_A4038T005_2013_10_02-2013_10_08,9403800763_A,9403800763_blue_7_Y13SBR2_P007_A4038T005_2013_10_02-2013_10_08.fits,9403800763,129.5,1.25,138.80698,0.822268,136.78513,0.90356314,138.92134,1.7641886,138.13072,1.1809682,137.86716,0.94600856,137.21767,0.81451964,0.0,1.0,0.07641999,0.005461343,,,0.08975396,0.0056464653,,,0.1384253,0.07175657,138.51917,0.9012594,0.0,1.0,0.05679478,0.0054368298,,,0.06655121,0.005518838,,,0.1384253,0.07175657,1,1.0,356.7209778,-27.5797882,,,15.027673,15.015396,,0.031451486,-20.557648,3.0971982,18.830969,20.22255,21.798227,0.39705133,130.88208,10.358807,1.1459389,,7.0,0.0,Cluster,0.8607453,1.0240302,1.0,False,True,True,True,True,True,True,True,True,True,True,True,True,True,0.005923823139153376,True,True,True,S0,False,True,True,True
9403800798_blue_red_7_Y16SBR2_P001_A4038T032_2016_09_28-2016_10_04,9403800798_B,9403800798_blue_7_Y16SBR2_P001_A4038T032_2016_09_28-2016_10_04.fits,9403800798,100.0,13.25,53.153522,1.476446,52.87777,1.6060144,59.276993,2.7918885,58.017128,1.9720817,54.523075,1.6206428,53.79378,1.5728825,0.0,1.0,0.15664117,0.023635415,,,0.1748723,0.022548351,,,0.17540215,0.068599164,52.991062,1.7108749,0.0,1.0,0.1521822,0.022987377,,,0.17034541,0.022912715,,,0.17540215,0.068599164,2,0.0,356.2657776,-27.9865665,,,16.88265,16.807447,,0.029739069,-18.764086,2.8879714,21.031612,22.063322,23.716013,0.058747575,104.68826,9.595891,1.0952778,,7.0,0.0,Cluster,0.8897605,0.18986602,1.0,True,True,True,True,True,True,True,True,True,True,True,True,True,True,0.02777701165315066,True,True,True,Elliptical,True,True,True,True
9403800813_blue_red_7_Y13SBR2_P006_A4038T004_2013_10_02-2013_10_08,9403800813_A,9403800813_blue_7_Y13SBR2_P006_A4038T004_2013_10_02-2013_10_08.fits,9403800813,177.0,0.41666666,190.84135,0.86611277,189.24896,0.7047368,200.84277,1.1463412,198.02419,0.99589366,196.66472,0.7483505,193.05676,0.81086946,0.0,1.0,0.41951317,0.0023645596,,,0.47261506,0.0027034632,,,0.019600708,0.0031023691,188.97368,0.72258854,0.0,1.0,0.3576178,0.0023730483,,,0.3810349,0.0025079509,,,0.019600708,0.0031023691,1,1.0,357.6029358,-27.9405384,,,13.857758,13.868415,,0.029234402,-21.702034,6.461498,18.705425,20.065474,21.645714,0.646793,174.48369,10.900113,1.239048,,7.0,0.0,Cluster,0.900679,-0.0562358,1.0,False,True,True,True,True,True,True,True,True,True,True,True,True,True,0.004538391548791706,True,True,True,S0,False,True,True,True
9403800833_blue_red_7_Y13SBR2_P006_A4038T004_2013_10_02-2013_10_08,9403800833_A,9403800833_blue_7_Y13SBR2_P006_A4038T004_2013_10_02-2013_10_08.fits,9403800833,317.5,10.25,78.73311,1.05753,80.58178,0.8597346,81.55723,1.4443616,81.88299,1.2019234,81.73837,0.9952887,81.131836,0.9198045,0.0,1.0,0.09532562,0.008880911,,,0.10435852,0.007912461,,,,,80.3392,0.881009,0.0,1.0,0.07917606,0.008502976,,,0.089605525,0.008146638,,,,,1,0.0,357.6486206,-28.1284409,,,15.459213,15.401858,,0.028868528,-20.168835,4.3636603,20.496231,21.738846,23.339096,0.020454047,-15.252423,10.18921,1.1269035,,7.0,0.0,Cluster,0.9104372,-0.23473033,1.0,False,True,True,True,True,True,True,True,True,True,True,True,True,True,0.013431833189365949,True,True,True,Elliptical,True,True,True,True
9403800911_blue_red_7_Y13SBR2_P006_A4038T004_2013_10_02-2013_10_08,9403800911_A,9403800911_blue_7_Y13SBR2_P006_A4038T004_2013_10_02-2013_10_08.fits,9403800911,2.5,1.5833324,77.82161,1.4525212,76.27356,0.9406147,76.76007,1.6653941,76.90788,1.289862,77.44797,1.0436833,76.97664,1.0326777,0.0,1.0,0.44405168,0.010291824,,,0.4983262,0.011622661,,,0.04334395,0.009853887,77.41198,1.1392834,0.0,1.0,0.3846432,0.0093515515,,,0.42533928,0.010338682,,,0.04334395,0.009853887,1,0.0,357.6253357,-28.4276352,,,15.567298,15.451673,,0.02800349,-20.117844,6.7663145,21.22425,22.575802,24.157324,0.17188244,4.3815393,10.192368,1.1628532,,7.0,0.0,Cluster,0.9729768,-0.6569987,1.0,False,True,True,True,True,True,True,True,True,True,True,True,True,True,0.018664753916039514,True,True,True,Elliptical,True,True,True,True
9403801002_blue_red_7_Y16SBR2_P001_A4038T032_2016_09_28-2016_10_04,9403801002_A,9403801002_blue_7_Y16SBR2_P001_A4038T032_2016_09_28-2016_10_04.fits,9403801002,48.5,1.0,115.781456,0.64760596,118.39565,0.7253622,126.40998,0.9984685,126.94451,0.82578075,123.99679,0.74119955,121.617455,0.6849073,0.0,1.0,0.32604527,0.004923216,,,0.31805286,0.004614083,,,0.03636603,0.007550291,120.45387,0.627948,0.0,1.0,0.22111823,0.004811888,,,0.22320789,0.0044699768,,,0.03636603,0.007550291,1,0.0,356.130188,-28.1092834,,,15.122722,15.129084,,0.026790852,-20.439213,4.3999925,19.834057,21.368465,22.926886,0.24107964,50.433018,10.361357,1.1986217,,2.0,0.0,Cluster,1.0353229,-1.2495445,1.0,False,True,True,True,True,True,True,True,True,True,True,True,True,True,0.005593347867382148,True,True,True,Elliptical,True,True,True,True
9403801010_blue_red_7_Y13SBR2_P006_A4038T004_2013_10_02-2013_10_08,9403801010_A,9403801010_blue_7_Y13SBR2_P006_A4038T004_2013_10_02-2013_10_08.fits,9403801010,62.5,0.41666666,207.55035,1.0913981,201.05046,0.98834217,208.78108,1.6363246,207.94904,1.3496252,203.96898,1.0672045,203.03006,1.1074595,0.0,1.0,0.39053124,0.0032013706,,,0.4346983,0.0034466167,,,0.021463716,0.004242563,206.24902,1.1276282,0.0,1.0,0.3307019,0.0033768353,,,0.36330068,0.0035219048,,,0.021463716,0.004242563,1,1.0,357.6470947,-27.7938366,,,14.494032,14.402058,,0.029612962,-21.16856,4.5681887,18.963009,20.410494,21.978798,0.45745385,64.21872,10.677064,1.2356367,,2.0,0.0,Cluster,1.039836,0.12838116,1.0,False,True,True,True,True,True,True,True,True,True,True,True,True,True,0.005258473907656623,True,True,True,S0,False,True,True,True
9403801579_blue_red_7_Y16SBR2_P001_A4038T032_2016_09_28-2016_10_04,9403801579_A,9403801579_blue_7_Y16SBR2_P001_A4038T032_2016_09_28-2016_10_04.fits,9403801579,18.0,3.6666667,52.304882,1.6155999,51.581383,1.6316817,42.805763,2.4979808,45.416348,2.2896037,47.237118,1.8635775,49.575684,1.6880476,2.0,1.0821795,0.3039449,0.022342008,0.31995392,0.022342008,0.37540993,0.025106069,0.39487287,0.025106069,0.061552145,0.029080283,,,,,,,,,,,,,,,1,0.0,355.8471375,-28.1881771,,,16.707026,16.714653,,0.028201403,-18.8555,3.0185993,20.900654,21.823448,23.515678,0.15794115,7.553002,9.642783,1.0986729,,2.0,0.0,Cluster,1.3980114,-0.560356,1.0,False,True,True,True,True,True,True,True,True,True,True,True,True,True,0.030888128186581133,True,True,True,Elliptical,True,True,True,True
