catid,observation_count,type,ra_obj,dec_obj,ra_ifu,dec_ifu,r_petro,r_auto,z_tonry,z_spec,m_r,r_e,mu_within_1re,mu_1re,mu_2re,ellip,pa,mstar,g_i,a_g,surv_sami,bad_class,sample_origin,r_on_rtwo,v_on_sigma,is_mem,flag_repeated_catid,flag_morphology_match,flag_main_input_match
100162,1,3.0,185.79312004,0.93489316,185.79312004,0.93489316,16.666,16.692,0.02701,0.02577,-18.67,2.75,20.24,20.84,22.75,0.4972,47.020004,9.15,0.59,0.096,8.0,0.0,GAMA,,,,False,True,True
100175,1,3.0,185.81839773,0.84313527,185.81839773,0.84313527,18.733,18.71,0.02764,0.02642,-16.67,6.78,22.05,23.05,24.71,0.8984,104.6,8.23,0.43,0.096,8.0,0.0,GAMA,,,,False,True,True
100192,1,3.0,185.92765521,0.96219254,185.92765521,0.96219254,16.089,16.059,0.02541,0.02409,-19.17,5.66,21.83,22.66,24.4,0.08,36.89,9.33,0.55,0.109,8.0,0.0,GAMA,,,,False,True,True
105420,1,2.0,211.73584945,1.0121215,211.73584945,1.0121215,16.115,16.105,0.04903,0.04811,-20.63,2.85,20.19,21.62,23.19,0.1384,176.11,10.38,1.17,0.156,8.0,0.0,GAMA,,,,False,True,True
105447,1,1.5,211.77308012,0.85639398,211.77308012,0.85639398,17.166,17.19,0.04959,0.04867,-19.58,2.89,20.06,20.9,22.63,0.7526,44.29001,10.11,1.35,0.149,8.0,0.0,GAMA,,,,False,True,True
105519,1,1.0,212.34017928,1.02774133,212.34017928,1.02774133,16.458,16.45,0.05862,0.0577,-20.7,1.44,18.47,19.87,21.44,0.508,40.01001,10.34,1.12,0.139,8.0,0.0,GAMA,,,,False,True,True
105573,1,3.0,212.54694217,0.86583754,212.54694217,0.86583754,17.803,17.796,0.02647,0.02556,-17.5,2.03,20.91,21.58,23.43,0.3875,13.220001,8.54,0.41,0.13,8.0,0.0,GAMA,,,,False,True,True
105597,1,2.0,212.74040486,1.03574282,212.74040486,1.03574282,14.552,14.48,0.02632,0.02541,-20.85,7.92,19.89,21.22,22.8,0.6226,108.880005,10.41,1.05,0.13,8.0,0.0,GAMA,,,,False,True,True
105600,1,3.0,212.68783542,1.04635322,212.68783542,1.04635322,17.068,17.062,0.02637,0.02546,-18.25,3.03,21.27,22.15,23.86,0.2009,78.73999,9.14,0.77,0.127,8.0,0.0,GAMA,,,,False,True,True
105738,1,1.0,213.24685982,0.92118465,213.24685982,0.92118465,15.99,15.854,0.05381,0.05291,-21.11,2.84,19.74,21.08,22.67,0.3627,123.84,10.5,1.08,0.124,8.0,0.0,GAMA,,,,False,True,True
105962,1,3.0,214.14783845,0.88663553,214.14783845,0.88663553,16.87,16.83,0.02643,0.02555,-18.47,6.02,22.38,23.08,24.9,0.3627,52.910004,8.96,0.46,0.144,8.0,0.0,GAMA,,,,False,True,True
106016,2,1.0,214.41821353,0.92016229,214.41821353,0.92016229,16.723,16.731,0.05439,0.05351,-20.25,1.94,19.1,20.51,22.09,0.6262,59.320007,10.23,1.2,0.147,8.0,0.0,GAMA,,,,True,True,True
106042,2,3.0,214.56213817,0.89109004,214.56213817,0.89109004,14.087,14.12,0.02683,0.02597,-21.23,13.74,21.37,22.42,24.07,0.2003,111.86,10.14,0.54,0.147,8.0,0.0,GAMA,,,,True,True,True
106047,1,1.5,214.56970139,0.98625433,214.56970139,0.98625433,16.635,16.649,0.05424,0.05336,-20.33,2.03,19.55,20.64,22.28,0.4688,30.179993,10.14,1.04,0.151,8.0,0.0,GAMA,,,,False,True,True
106049,2,3.0,214.59012585,0.94959438,214.59012585,0.94959438,17.6,17.653,0.027,0.02614,-17.72,3.43,21.55,22.25,24.07,0.5555,30.419998,8.76,0.57,0.147,8.0,0.0,GAMA,,,,True,True,True
106065,2,3.0,214.51342483,0.97595195,214.51342483,0.97595195,18.244,18.179,0.02632,0.02545,-17.1,3.91,21.88,22.48,24.4,0.7071,132.09,8.34,0.36,0.155,8.0,0.0,GAMA,,,,True,True,True
106331,1,3.0,215.5132047,0.86205313,215.5132047,0.86205313,16.135,16.057,0.03684,0.03599,-19.99,7.04,21.83,22.65,24.39,0.4376,150.73999,9.61,0.51,0.116,8.0,0.0,GAMA,,,,False,True,True
106343,1,3.0,215.63340032,0.84557671,215.63340032,0.84557671,17.72,17.691,0.04092,0.04007,-18.61,2.47,21.74,22.41,24.26,0.0257,29.980011,9.12,0.59,0.105,8.0,0.0,GAMA,,,,False,True,True
106376,1,3.0,215.81120597,0.97833926,215.81120597,0.97833926,14.935,14.841,0.04095,0.0401,-21.46,8.51,21.41,22.15,23.94,0.1453,63.58,10.27,0.59,0.113,8.0,0.0,GAMA,,,,False,True,True
106389,1,2.0,215.90105241,1.00760341,215.90105241,1.00760341,16.126,16.147,0.04094,0.04009,-20.19,5.95,20.42,21.24,22.98,0.7866,63.630005,10.2,1.15,0.114,8.0,0.0,GAMA,,,,False,True,True
106507,1,3.0,216.40845775,1.01267038,216.40845775,1.01267038,16.176,16.187,0.05559,0.05474,-20.83,5.94,20.77,21.25,23.33,0.7226,28.769989,10.22,0.88,0.118,8.0,0.0,GAMA,,,,False,True,True
106549,1,0.5,216.55409249,0.8605753,216.55409249,0.8605753,14.866,14.827,0.03269,0.03186,-20.98,3.14,19.26,20.42,22.04,0.0423,84.33002,10.27,0.84,0.114,8.0,0.0,GAMA,,,,False,True,True
106616,1,3.0,216.72112294,0.96286046,216.72112294,0.96286046,15.485,15.482,0.027,0.02618,-19.88,7.29,20.37,21.21,22.94,0.7409,90.32,9.66,0.61,0.117,8.0,0.0,GAMA,,,,False,True,True
106634,1,2.5,216.81290592,0.93106037,216.81290592,0.93106037,16.916,16.918,0.05313,0.05229,-20.03,2.62,20.02,20.63,22.53,0.633,97.979996,10.15,1.19,0.113,8.0,0.0,GAMA,,,,False,True,True
106638,1,2.0,216.83485001,1.02586407,216.83485001,1.02586407,13.356,13.094,0.02651,0.02569,-22.25,22.53,21.26,22.45,24.06,0.4917,170.05,10.91,0.99,0.113,8.0,0.0,GAMA,,,,False,True,True
106717,2,3.0,217.01888659,1.00630549,217.01888659,1.00630549,14.2,14.19,0.02646,0.02564,-21.12,5.23,19.54,20.15,22.06,0.2961,113.34,10.19,0.65,0.118,8.0,0.0,GAMA,,,,True,True,True
106810,1,1.5,217.30229529,0.85043713,217.30229529,0.85043713,15.69,15.672,0.0552,0.05436,-21.37,7.21,20.31,21.7,23.27,0.7556,151.01001,10.74,1.27,0.136,8.0,0.0,GAMA,,,,False,True,True
106839,1,1.0,217.50239169,1.04608713,217.50239169,1.04608713,14.596,14.596,0.03055,0.02974,-21.08,5.91,19.93,21.45,23.01,0.3629,59.15999,10.54,1.12,0.133,8.0,0.0,GAMA,,,,False,True,True
106908,1,2.5,217.83853255,0.92962312,217.83853255,0.92962312,17.422,17.03,0.06921,0.06837,-20.6,3.46,20.12,21.07,22.75,0.8378,156.72,10.77,1.63,0.14,3.0,0.0,GAMA,,,,False,True,True
107135,1,1.0,218.67565835,0.91385247,218.67565835,0.91385247,15.542,15.35,0.07885,0.07802,-22.5,2.22,18.55,20.06,21.62,0.4301,0.8899994,11.11,1.22,0.162,8.0,0.0,GAMA,,,,False,True,True
107137,1,0.5,218.69059439,0.88867203,218.69059439,0.88867203,13.924,13.833,0.01544,0.01407,-20.31,9.42,20.54,21.86,23.44,0.2213,40.01001,10.16,1.0,0.161,8.0,0.0,GAMA,,,,False,True,True
107214,1,3.0,218.8964473,0.88883054,218.8964473,0.88883054,15.53,15.469,0.03091,0.03012,-20.21,11.25,22.26,23.06,24.81,0.3649,149.51001,9.88,0.72,0.159,8.0,0.0,GAMA,,,,False,True,True
107259,1,3.0,219.23286221,0.85038577,219.23286221,0.85038577,17.336,17.335,0.03127,0.03048,-18.37,4.47,21.2,21.89,23.72,0.748,131.70001,9.29,0.91,0.149,8.0,0.0,GAMA,,,,False,True,True
107395,1,3.0,219.80138396,0.94533379,219.80138396,0.94533379,16.321,16.334,0.03512,0.03434,-19.62,4.84,20.99,21.69,23.51,0.5557,77.390015,9.58,0.65,0.17,8.0,0.0,GAMA,,,,False,True,True
107454,1,-9.0,220.0372172,0.90752695,220.0372172,0.90752695,16.192,16.136,0.03512,0.03435,-19.83,2.68,20.25,21.53,23.12,0.0224,99.17,9.82,0.84,0.169,8.0,0.0,GAMA,,,,False,True,True
107503,1,2.5,220.44323142,0.92049724,220.44323142,0.92049724,16.295,16.295,0.03414,0.03337,-19.59,2.23,19.56,20.53,22.21,0.4146,139.82999,9.64,0.75,0.163,8.0,0.0,GAMA,,,,False,True,True
107509,1,2.0,220.57668047,0.83999824,220.57668047,0.83999824,15.962,15.536,0.05032,0.04954,-21.3,4.79,20.52,21.85,23.43,0.395,109.1,10.69,1.18,0.163,8.0,0.0,GAMA,,,,False,True,True
107528,1,0.0,220.59837241,0.90799816,220.59837241,0.90799816,13.826,13.706,0.03403,0.03327,-22.21,16.21,21.39,22.8,24.37,0.1656,75.06,11.03,1.17,0.165,8.0,0.0,GAMA,,,,False,True,True
107594,2,3.0,221.07589747,0.85401457,221.07589747,0.85401457,17.034,17.008,0.02692,0.02619,-18.35,6.19,22.5,23.23,25.03,0.4666,140.08,8.93,0.46,0.169,8.0,0.0,GAMA,,,,True,True,True
107799,1,3.0,222.67427084,0.9323861,222.67427084,0.9323861,17.158,17.042,0.0438,0.04307,-19.41,4.81,21.68,22.29,24.2,0.5851,77.350006,9.6,0.79,0.168,8.0,0.0,GAMA,,,,False,True,True
107824,3,2.0,222.86984089,0.90775146,222.86984089,0.90775146,16.071,16.019,0.04412,0.04339,-20.5,3.02,19.76,20.69,22.38,0.5378,40.630005,10.35,1.18,0.176,8.0,0.0,GAMA,,,,True,True,True
107826,1,-9.0,222.87421791,0.90117958,222.87421791,0.90117958,18.268,18.196,0.04423,0.0435,-18.29,1.59,21.15,22.37,23.98,0.1516,79.23999,9.16,0.8,0.176,8.0,0.0,GAMA,,,,False,True,True
136232,2,1.5,174.12226814,-1.73555847,174.12226814,-1.73555847,15.497,15.507,0.0488,0.04752,-21.22,3.55,19.03,20.31,21.91,0.656,141.78,10.66,1.23,0.078,8.0,0.0,GAMA,,,,True,True,True
136238,2,0.5,174.23137666,-1.74908943,174.23137666,-1.74908943,15.112,15.054,0.04857,0.04729,-21.66,9.77,21.42,22.93,24.49,0.2498,2.1600037,10.82,1.21,0.08,8.0,0.0,GAMA,,,,True,True,True
136240,2,3.0,174.24011468,-1.68477057,174.24011468,-1.68477057,15.75,15.774,0.02119,0.01937,-19.05,12.73,23.13,24.09,25.77,0.6266,136.48001,9.28,0.55,0.086,8.0,0.0,GAMA,,,,True,True,True
136263,2,2.0,174.3561013,-1.78732511,174.3561013,-1.78732511,15.455,15.474,0.04828,0.047,-21.25,8.51,20.14,21.03,22.73,0.8376,0.17999268,10.74,1.31,0.087,8.0,0.0,GAMA,,,,True,True,True
136308,2,1.5,174.49562792,-1.69464069,174.49562792,-1.69464069,17.298,17.241,0.08011,0.0788,-20.67,1.93,19.98,21.25,22.85,0.4848,41.61,10.51,1.39,0.094,3.0,0.0,GAMA,,,,True,True,True
136594,1,3.0,,,,,,,,,,,,,,,,,,,,,,,,,False,True,False
136602,1,0.0,175.87224669,-1.66796358,175.87224669,-1.66796358,13.784,13.635,0.04588,0.04461,-22.96,8.17,20.24,21.55,23.14,0.2395,170.63,11.37,1.25,0.071,8.0,0.0,GAMA,,,,False,True,True
136605,1,0.0,175.88107888,-1.75237351,175.88107888,-1.75237351,16.566,16.479,0.10495,0.10361,-22.08,1.86,19.71,21.18,22.75,0.1103,132.29,11.02,1.39,0.067,4.0,0.0,GAMA,,,,False,True,True
136616,1,1.0,175.90197426,-1.63834008,175.90197426,-1.63834008,15.451,15.347,0.04436,0.04309,-21.16,2.84,19.1,20.38,21.98,0.4405,111.32001,10.65,1.24,0.071,8.0,0.0,GAMA,,,,False,True,True
136624,1,1.0,175.82106147,-1.64417448,175.82106147,-1.64417448,16.263,16.256,0.04632,0.04505,-20.35,2.24,19.19,20.32,21.94,0.5198,20.51001,10.28,1.19,0.068,8.0,0.0,GAMA,,,,False,True,True
136626,1,3.0,175.82656556,-1.62936916,175.82656556,-1.62936916,16.24,16.234,0.04717,0.0459,-20.4,6.93,21.35,21.93,23.87,0.6431,37.440002,10.01,0.82,0.068,8.0,0.0,GAMA,,,,False,True,True
136672,1,3.0,175.78729674,-1.63784182,175.78729674,-1.63784182,17.913,17.913,0.04433,0.04306,-18.55,5.78,22.37,23.07,24.89,0.6896,129.91,9.16,0.69,0.065,8.0,0.0,GAMA,,,,False,True,True
136688,1,2.0,175.91220384,-1.64694057,175.91220384,-1.64694057,15.562,15.532,0.04418,0.04291,-20.97,2.93,19.38,20.24,21.96,0.4082,172.97,10.47,1.09,0.071,8.0,0.0,GAMA,,,,False,True,True
136799,1,-9.0,,,,,,,,,,,,,,,,,,,,,,,,,False,True,False
136841,1,1.0,176.27655546,-1.6691871,176.27655546,-1.6691871,14.645,14.564,0.02886,0.02761,-20.96,6.05,19.71,21.19,22.75,0.4481,104.44,10.48,1.1,0.066,8.0,0.0,GAMA,,,,False,True,True
136842,1,0.0,176.29122535,-1.76259733,176.29122535,-1.76259733,14.137,13.908,0.02834,0.02709,-21.59,6.08,19.78,21.06,22.66,0.1898,6.6100006,10.8,1.19,0.063,8.0,0.0,GAMA,,,,False,True,True
136847,1,1.5,176.31263887,-1.70276387,176.31263887,-1.70276387,14.152,14.161,0.02907,0.02782,-21.39,6.8,19.68,21.41,22.96,0.2829,45.410004,10.65,1.1,0.064,8.0,0.0,GAMA,,,,False,True,True
136856,1,-9.0,176.22144426,-1.65257375,176.22144426,-1.65257375,17.886,17.895,0.02725,0.02597,-17.49,3.48,21.73,22.47,24.26,0.5694,55.48999,9.03,1.03,0.069,8.0,0.0,GAMA,,,,False,True,True
136866,1,2.5,176.25311607,-1.72605359,176.25311607,-1.72605359,17.778,17.857,0.02734,0.02606,-17.51,5.17,22.85,24.13,25.72,0.2078,14.309998,8.93,0.89,0.065,8.0,0.0,GAMA,,,,False,True,True
136871,1,0.5,176.28641994,-1.80381586,176.28641994,-1.80381586,16.464,16.415,0.02765,0.02638,-19.0,1.87,19.4,20.74,22.33,0.262,28.390015,9.73,1.15,0.062,8.0,0.0,GAMA,,,,False,True,True
136880,1,1.5,176.33707383,-1.81279084,176.33707383,-1.81279084,16.109,16.137,0.02803,0.02677,-19.33,3.79,20.1,21.03,22.72,0.5726,69.34,9.78,1.05,0.063,8.0,0.0,GAMA,,,,False,True,True
136881,1,1.5,176.33793455,-1.7229493,176.33793455,-1.7229493,16.784,16.838,0.02939,0.02814,-18.73,4.81,21.39,22.53,24.15,0.516,24.800003,9.55,1.06,0.062,8.0,0.0,GAMA,,,,False,True,True
136894,1,3.0,176.30482406,-1.8049104,176.30482406,-1.8049104,17.631,17.822,0.0286,0.02735,-17.61,10.64,24.83,26.05,27.66,0.2004,154.0,8.71,0.56,0.062,8.0,0.0,GAMA,,,,False,True,True
136917,1,3.0,176.35593806,-1.73764451,176.35593806,-1.73764451,17.199,17.228,0.0298,0.02855,-18.34,2.95,21.09,21.8,23.61,0.4178,16.930008,9.11,0.69,0.061,8.0,0.0,GAMA,,,,False,True,True
136918,1,3.0,176.35996649,-1.73230238,176.35996649,-1.73230238,17.103,17.14,0.02882,0.02757,-18.37,3.75,21.05,21.92,23.64,0.5887,172.46,9.45,1.1,0.061,8.0,0.0,GAMA,,,,False,True,True
136966,1,3.0,176.64379453,-1.68100881,176.64379453,-1.68100881,17.865,17.902,0.02811,0.02685,-17.53,1.85,20.7,21.71,23.37,0.413,59.98999,8.7,0.6,0.064,8.0,0.0,GAMA,,,,False,True,True
136980,1,3.0,176.53582628,-1.82683184,176.53582628,-1.82683184,17.864,18.052,0.02829,0.02704,-17.37,6.79,23.6,24.52,26.21,0.4369,106.69,8.63,0.57,0.066,8.0,0.0,GAMA,,,,False,True,True
137037,1,0.5,176.83746154,-1.70279378,176.83746154,-1.70279378,15.556,15.655,0.09363,0.09231,-22.62,4.81,20.64,22.12,23.69,0.218,151.0,11.24,1.35,0.075,8.0,0.0,GAMA,,,,False,True,True
137071,1,3.0,177.07578186,-1.6399319933333332,177.07578186,-1.64034866,16.084,15.876,0.01539,0.01302,-18.21,2.59,19.86,20.83,22.51,0.1996,160.67,8.71,0.27,0.077,8.0,5.0,GAMA,,,,False,True,True
137155,1,3.0,177.21879162,-1.8438994,177.21879162,-1.8438994,18.991,18.512,0.02954,0.0283,-17.03,5.76,23.97,24.71,26.5,0.2156,72.23999,8.39,0.47,0.073,8.0,0.0,GAMA,,,,False,True,True
137328,1,1.5,178.05720973,-1.64664661,178.05720973,-1.64664661,17.536,17.548,0.08567,0.08436,-20.51,2.16,20.12,21.29,22.9,0.628,55.67,10.3,1.21,0.087,3.0,0.0,GAMA,,,,False,True,True
137350,1,3.0,178.19074307,-1.64944715,178.19074307,-1.64944715,17.381,17.412,0.02132,0.01949,-17.39,2.34,20.15,20.87,22.67,0.6695,89.079994,8.67,0.62,0.085,8.0,0.0,GAMA,,,,False,True,True
137455,1,3.0,178.42838323,-1.65988418,178.42838323,-1.65988418,16.42,16.496,0.01355,0.01113,-17.36,9.15,23.02,24.26,25.86,0.1627,84.77002,8.6,0.52,0.09,8.0,0.0,GAMA,,,,False,True,True
137789,1,3.0,179.5712504,-1.72809237,179.5712504,-1.72809237,17.923,17.898,0.02096,0.01906,-16.89,3.54,22.36,22.92,24.89,0.3029,119.84,8.57,0.72,0.103,8.0,0.0,GAMA,,,,False,True,True
137809,1,2.0,179.68943657,-1.80598682,179.68943657,-1.80598682,16.573,16.611,0.08921,0.0879,-21.57,3.97,20.51,20.94,23.11,0.6844,26.029999,10.73,1.21,0.125,3.0,0.0,GAMA,,,,False,True,True
137838,1,0.0,179.84814654,-1.65452989,179.84814654,-1.65452989,13.139,12.903,0.02168,0.0199,-22.01,8.36,19.24,20.65,22.22,0.2109,30.859985,11.05,1.26,0.121,8.0,0.0,GAMA,,,,False,True,True
137841,1,1.0,179.87503948,-1.84909102,179.87503948,-1.84909102,16.935,16.925,0.02264,0.02101,-18.02,1.68,19.68,20.9,22.51,0.3017,113.25,8.9,0.59,0.11,8.0,0.0,GAMA,,,,False,True,True
137847,1,3.0,179.79836157,-1.70706399,179.79836157,-1.70706399,16.117,16.038,0.02208,0.02037,-18.87,5.64,21.9,22.61,24.42,0.3275,80.27002,9.16,0.49,0.121,8.0,0.0,GAMA,,,,False,True,True
138047,1,3.0,180.69205029,-1.79240581,180.69205029,-1.79240581,16.107,16.108,0.02137,0.01954,-18.74,6.39,20.83,21.78,23.46,0.716,78.96002,9.35,0.79,0.089,8.0,0.0,GAMA,,,,False,True,True
138065,1,3.0,180.71239054,-1.785948,180.71239054,-1.785948,16.472,16.233,0.02223,0.02054,-18.72,5.77,21.35,22.29,23.97,0.63,160.12,9.49,0.98,0.088,8.0,0.0,GAMA,,,,False,True,True
138066,3,3.0,180.72149189,-1.7791118,180.72149189,-1.7791118,17.333,16.519,0.03641,0.03517,-19.54,5.52,22.57,23.14,25.09,0.409,108.95,9.85,1.03,0.087,8.0,0.0,GAMA,,,,True,True,True
138094,4,3.0,180.7424159,-1.70225844,180.7424159,-1.70225844,17.809,17.764,0.02278,0.02117,-17.22,4.66,22.72,23.32,25.24,0.3162,150.19,8.77,0.82,0.084,8.0,0.0,GAMA,,,,True,True,True
138132,4,3.0,180.86117416,-1.81826751,180.86117416,-1.81826751,18.927,18.849,0.02252,0.02087,-16.13,3.54,23.31,24.01,25.83,0.2717,140.03,8.45,0.94,0.073,8.0,0.0,GAMA,,,,True,True,True
138161,1,3.0,181.0314595,-1.74471319,181.0314595,-1.74471319,18.368,18.335,0.02214,0.02043,-16.58,3.08,22.38,23.3,25.0,0.2909,160.95001,8.63,0.94,0.08,8.0,0.0,GAMA,,,,False,True,True
138291,1,-9.0,181.85789492,-1.66879642,181.85789492,-1.66879642,17.108,17.11,0.03809,0.03686,-19.02,1.16,18.92,20.02,21.65,0.4119,149.95,9.3,0.6,0.087,8.0,0.0,GAMA,,,,False,True,True
138381,1,3.0,182.06869219,-1.78253678,182.06869219,-1.78253678,16.076,16.102,0.02284,0.02123,-18.88,2.06,19.42,20.08,21.94,0.2599,105.84999,9.4,0.79,0.086,8.0,0.0,GAMA,,,,False,True,True
139123,1,1.5,185.79263682,-1.83807507,185.79263682,-1.83807507,16.336,16.286,0.07775,0.07649,-21.56,6.3,20.42,21.36,23.04,0.8225,102.46,10.78,1.27,0.096,3.0,0.0,GAMA,,,,False,True,True
143148,2,3.0,174.24378143,-1.39566123,174.24378143,-1.39566123,19.651,19.235,0.02811,0.02685,-16.26,2.43,22.4,22.57,26.19,0.6914,29.690002,8.32,0.71,0.09,8.0,0.0,GAMA,,,,True,True,True
143227,3,1.5,174.82896777,-1.33838523,174.82896777,-1.33838523,15.848,15.824,0.04774,0.04647,-20.87,3.74,19.65,20.72,22.36,0.6244,90.89,10.49,1.2,0.08,8.0,0.0,GAMA,,,,True,True,True
143287,1,1.0,175.15740828,-1.35142332,175.15740828,-1.35142332,16.077,16.022,0.04689,0.04562,-20.62,9.24,21.71,23.45,24.99,0.4938,38.829987,10.33,1.12,0.062,8.0,0.0,GAMA,,,,False,True,True
143291,1,0.0,175.21195232,-1.31819845,175.21195232,-1.31819845,16.37,16.352,0.04615,0.04488,-20.25,3.96,20.87,22.41,23.96,0.2274,10.839996,10.17,1.11,0.066,8.0,0.0,GAMA,,,,False,True,True
143388,1,3.0,175.81713773666667,-1.39469665,175.81672107,-1.39469665,16.541,16.524,0.00825,0.00631,-16.2,6.69,22.29,23.22,24.91,0.3048,79.92999,8.06,0.43,0.066,8.0,5.0,GAMA,,,,False,True,True
143446,1,3.0,175.9398507,-1.27659397,175.9398507,-1.27659397,18.776,17.439,0.00753,0.00567,-15.18,30.67,26.13,27.2,28.84,0.5647,135.63998,7.66,0.41,0.065,8.0,0.0,GAMA,,,,False,True,True
143499,1,3.0,176.29455726,-1.37947668,176.29455726,-1.37947668,18.368,18.377,0.0277,0.02644,-17.06,3.45,21.73,22.64,24.34,0.6934,12.25,8.74,0.87,0.068,8.0,0.0,GAMA,,,,False,True,True
143547,1,0.5,,,,,,,,,,,,,,,,,,,,,,,,,False,True,False
143605,1,2.5,176.74577765,-1.34222975,176.74577765,-1.34222975,17.089,17.127,0.08371,0.0824,-20.9,4.2,20.62,21.44,23.18,0.7788,24.830002,10.56,1.34,0.073,3.0,0.0,GAMA,,,,False,True,True
143735,1,0.5,177.28134048,-1.36652418,177.28134048,-1.36652418,15.951,15.911,0.08246,0.08115,-22.04,2.73,19.96,21.13,22.74,0.1249,119.83,10.95,1.24,0.079,8.0,0.0,GAMA,,,,False,True,True
143736,1,1.5,177.28799333,-1.36243627,177.28799333,-1.36243627,16.042,15.958,0.08242,0.08111,-22.01,4.49,20.14,21.26,22.89,0.6303,107.05,10.96,1.3,0.079,8.0,0.0,GAMA,,,,False,True,True
143746,1,1.5,177.35542781,-1.38160529,177.35542781,-1.38160529,16.827,16.837,0.08195,0.08064,-21.12,4.14,20.33,21.21,22.92,0.7718,145.03,10.66,1.35,0.08,3.0,0.0,GAMA,,,,False,True,True
143750,1,3.0,,,,,,,,,,,,,,,,,,,,,,,,,False,True,False
143814,1,3.0,177.65142792,-1.40958931,177.65142792,-1.40958931,15.406,15.425,0.0216,0.01982,-19.42,6.51,20.55,21.18,23.06,0.6064,130.59,9.34,0.44,0.085,8.0,0.0,GAMA,,,,False,True,True
143918,1,1.0,178.20696723,-1.25366683,178.20696723,-1.25366683,15.767,15.772,0.02988,0.02864,-19.84,2.43,18.83,19.95,21.58,0.5458,86.84,9.98,1.04,0.079,8.0,0.0,GAMA,,,,False,True,True
144051,1,2.0,178.87771862,-1.26141078,178.87771862,-1.26141078,14.579,14.412,0.02115,0.01929,-20.4,4.89,19.32,20.95,22.5,0.31,15.98999,10.16,0.96,0.099,8.0,0.0,GAMA,,,,False,True,True
144073,1,3.0,178.89264335,-1.35452792,178.89264335,-1.35452792,16.465,16.425,0.08335,0.08205,-21.56,3.7,20.22,20.86,22.74,0.7485,23.849998,10.6,1.04,0.103,3.0,0.0,GAMA,,,,False,True,True
144127,1,3.0,178.95534935,-1.36627344,178.95534935,-1.36627344,18.819,18.747,0.02028,0.01829,-15.94,4.4,23.31,24.6,26.19,0.3,105.85,8.21,0.76,0.099,8.0,0.0,GAMA,,,,False,True,True
144176,1,3.0,179.18251072,-1.36190986,179.18251072,-1.36190986,16.11,16.13,0.02029,0.01831,-18.61,7.93,21.37,22.01,23.89,0.6931,176.09,9.3,0.79,0.086,8.0,0.0,GAMA,,,,False,True,True
144178,1,3.0,179.18978176,-1.29334088,179.18978176,-1.29334088,14.993,14.933,0.02112,0.01925,-19.88,9.91,21.67,22.52,24.25,0.6212,122.009995,9.73,0.69,0.085,8.0,0.0,GAMA,,,,False,True,True
144197,1,3.0,179.32269553,-1.37419668,179.32269553,-1.37419668,16.792,16.792,0.02749,0.02623,-18.62,1.86,19.93,20.86,22.55,0.2114,30.179993,9.13,0.58,0.084,8.0,0.0,GAMA,,,,False,True,True
144236,1,3.0,179.35019929,-1.31320951,179.35019929,-1.31320951,17.733,17.706,0.02728,0.02601,-17.66,1.71,20.28,21.35,22.99,0.451,122.26,8.61,0.43,0.087,8.0,0.0,GAMA,,,,False,True,True
144239,1,3.0,179.38262402,-1.25293218,179.38262402,-1.25293218,14.453,14.518,0.02029,0.01831,-20.21,14.86,20.93,21.53,23.44,0.7617,140.87001,10.06,0.93,0.094,8.0,0.0,GAMA,,,,False,True,True
144243,1,3.0,179.38726334,-1.32094769,179.38726334,-1.32094769,16.531,16.419,0.02133,0.0195,-18.44,11.94,22.38,23.23,24.95,0.7328,102.450005,9.06,0.57,0.083,8.0,0.0,GAMA,,,,False,True,True
144320,1,-9.0,179.73348135,-1.43042866,179.73348135,-1.43042866,16.175,16.179,0.05328,0.05202,-20.73,1.7,19.0,19.87,21.59,0.2956,0.44000244,10.27,0.99,0.095,8.0,0.0,GAMA,,,,False,True,True
144327,1,2.0,179.67496875,-1.31409439,179.67496875,-1.31409439,15.718,15.691,0.07611,0.07482,-22.07,5.68,20.93,21.92,23.58,0.366,127.490005,10.79,1.0,0.081,3.0,0.0,GAMA,,,,False,True,True
144335,1,1.0,179.75917021,-1.31307917,179.75917021,-1.31307917,15.75,15.689,0.08253,0.08123,-22.29,5.68,20.91,22.19,23.78,0.3301,13.700012,11.09,1.31,0.076,8.0,0.0,GAMA,,,,False,True,True
144338,1,3.0,179.76724341,-1.3939038,179.76724341,-1.3939038,17.489,17.495,0.0224,0.02073,-17.43,3.57,21.47,22.61,24.24,0.47,9.820007,8.7,0.64,0.086,8.0,0.0,GAMA,,,,False,True,True
144402,2,2.5,179.96119811,-1.38195317,179.96119811,-1.38195317,14.984,14.936,0.03678,0.03554,-21.13,4.14,19.66,20.45,22.21,0.352,44.770004,10.25,0.74,0.105,8.0,0.0,GAMA,,,,True,True,True
144465,4,5.0,180.20501376,-1.25034822,180.20501376,-1.25034822,17.611,17.603,0.02285,0.02125,-17.36,1.64,20.48,21.61,23.24,0.1837,36.829987,8.64,0.6,0.117,8.0,0.0,GAMA,,,,True,True,True
144480,1,3.0,180.20407024,-1.39760312,180.20407024,-1.39760312,18.025,18.028,0.0217,0.01993,-16.82,3.71,22.31,22.87,24.83,0.4637,83.890015,8.35,0.5,0.119,8.0,0.0,GAMA,,,,False,True,True
144491,4,3.0,180.29501542,-1.29750922,180.29501542,-1.29750922,13.982,14.158,0.00672,0.00489,-18.13,20.33,21.83,22.68,24.41,0.4419,30.649994,8.88,0.5,0.138,8.0,5.0,GAMA,,,,True,True,True
144497,1,-9.0,180.3771941,-1.43612296,180.3771941,-1.43612296,17.308,17.288,0.03664,0.0354,-18.78,1.4,19.76,21.36,22.91,0.1173,111.229996,9.28,0.69,0.119,8.0,0.0,GAMA,,,,False,True,True
144498,4,1.0,180.25110679,-1.38946468,180.25110679,-1.38946468,16.55,16.551,0.03661,0.03537,-19.53,2.69,20.14,21.27,22.89,0.4173,129.09,9.86,1.06,0.127,8.0,0.0,GAMA,,,,True,True,True
144640,1,1.0,180.93728078,-1.38039759,180.93728078,-1.38039759,15.621,15.574,0.0836,0.08231,-22.42,6.37,20.85,22.32,23.88,0.3908,169.39001,11.08,1.23,0.086,8.0,0.0,GAMA,,,,False,True,True
144682,4,5.0,181.03465421,-1.41718582,181.03465421,-1.41718582,17.695,17.7,0.03633,0.03509,-18.33,1.33,19.78,20.84,22.48,0.4062,90.55,9.02,0.6,0.084,8.0,0.0,GAMA,,,,True,True,True
144690,1,1.5,181.07852505,-1.36329099,181.07852505,-1.36329099,17.523,17.539,0.08481,0.08352,-20.52,1.9,19.78,20.72,22.4,0.6671,8.419998,10.4,1.34,0.083,3.0,0.0,GAMA,,,,False,True,True
144846,1,3.0,181.78978555,-1.25257586,181.78978555,-1.25257586,15.4,15.408,0.0386,0.03737,-20.76,7.01,21.46,22.35,24.06,0.0766,163.51001,10.02,0.63,0.081,8.0,0.0,GAMA,,,,False,True,True
145073,1,3.0,182.65821201,-1.33734504,182.65821201,-1.33734504,17.458,17.403,0.03555,0.03432,-18.59,2.86,20.9,21.74,23.47,0.5603,119.18,9.32,0.84,0.078,8.0,0.0,GAMA,,,,False,True,True
145267,1,-9.0,183.70060654,-1.34593655,183.70060654,-1.34593655,18.035,17.855,0.03294,0.03172,-17.97,1.96,20.77,21.99,23.59,0.4732,44.26999,9.12,0.89,0.079,8.0,0.0,GAMA,,,,False,True,True
145462,1,3.0,,,,,,,,,,,,,,,,,,,,,,,,,False,True,False
14552,1,1.0,212.02462596,0.74927355,212.02462596,0.74927355,15.875,15.84,0.07767,0.07673,-21.97,2.94,19.47,20.99,22.55,0.4359,178.62,10.87,1.19,0.131,3.0,0.0,GAMA,,,,False,True,True
14555,1,3.0,212.11498064,0.70028963,212.11498064,0.70028963,16.678,16.565,0.02651,0.02559,-18.73,4.52,21.23,21.87,23.74,0.4631,119.28,8.92,0.27,0.138,8.0,0.0,GAMA,,,,False,True,True
145583,1,3.0,185.32450739,-1.2541284,185.32450739,-1.2541284,15.964,15.877,0.02324,0.0217,-19.15,7.35,21.65,22.39,24.18,0.414,111.08,9.39,0.64,0.131,8.0,0.0,GAMA,,,,False,True,True
145729,1,1.5,185.93636698,-1.30560608,185.93636698,-1.30560608,16.055,15.98,0.04102,0.03981,-20.38,5.6,19.77,20.75,22.42,0.842,86.640015,10.4,1.31,0.098,8.0,0.0,GAMA,,,,False,True,True
14697,1,2.0,212.62800359,0.63346957,212.62800359,0.63346957,16.573,16.455,0.10778,0.10682,-22.15,3.12,20.35,21.47,23.1,0.5266,166.38,10.91,1.2,0.143,4.0,0.0,GAMA,,,,False,True,True
14753,1,2.0,,,,,,,,,,,,,,,,,,,,,,,,,False,True,False
14812,1,2.5,212.93002347,0.72011054,212.93002347,0.72011054,15.979,14.987,0.02568,0.02475,-20.28,5.0,20.31,21.21,22.92,0.2436,107.46001,9.99,0.81,0.134,8.0,0.0,GAMA,,,,False,True,True
15165,2,0.5,214.38117277,0.77164277,214.38117277,0.77164277,15.493,15.443,0.07844,0.07753,-22.4,6.24,21.12,22.59,24.16,0.1203,148.83,11.15,1.31,0.147,8.0,0.0,GAMA,,,,True,True,True
15218,1,3.0,214.59860441,0.7321288,214.59860441,0.7321288,16.401,16.458,0.02653,0.02566,-18.86,9.29,22.68,23.54,25.26,0.4478,121.6,9.11,0.45,0.145,8.0,0.0,GAMA,,,,False,True,True
15220,2,3.0,214.61653294,0.75008408,214.61653294,0.75008408,17.124,17.139,0.02634,0.02547,-18.16,2.23,20.12,21.09,22.77,0.5409,142.34,8.98,0.62,0.143,8.0,0.0,GAMA,,,,True,True,True
15481,1,0.0,215.75408194,0.79435287,215.75408194,0.79435287,14.888,14.788,0.05493,0.05407,-22.23,5.63,20.38,21.84,23.41,0.044,3.3899994,11.08,1.27,0.099,8.0,0.0,GAMA,,,,False,True,True
15847,1,3.0,216.96619195,0.75425347,216.96619195,0.75425347,17.224,17.24,0.05791,0.05706,-19.83,4.05,21.6,22.23,24.11,0.5034,148.14,9.56,0.56,0.126,3.0,0.0,GAMA,,,,False,True,True
15898,1,2.0,217.1874078,0.7114845,217.1874078,0.7114845,17.713,15.124,0.05763,0.05679,-22.01,9.85,20.91,21.89,23.56,0.6914,144.72,10.94,1.2,0.135,8.0,0.0,GAMA,,,,False,True,True
16022,1,0.5,217.45754642,0.66485519,217.45754642,0.66485519,16.338,16.34,0.05451,0.05368,-20.65,2.19,19.85,21.3,22.86,0.1207,30.940002,10.41,1.22,0.146,8.0,0.0,GAMA,,,,False,True,True
16026,1,2.5,217.53450615,0.70349884,217.53450615,0.70349884,16.552,16.563,0.05462,0.05379,-20.42,2.12,19.22,20.0,21.77,0.6311,156.75,10.23,1.09,0.146,8.0,0.0,GAMA,,,,False,True,True
16242,1,1.5,218.13435093,0.77151448,218.13435093,0.77151448,15.16,15.142,0.03488,0.03407,-20.82,7.48,21.04,22.31,23.9,0.2688,170.25,10.45,1.14,0.139,8.0,0.0,GAMA,,,,False,True,True
16294,1,3.0,218.2074077,0.63696711,218.2074077,0.63696711,17.298,17.236,0.02977,0.02897,-18.32,8.96,22.43,23.19,24.97,0.7383,134.33,8.91,0.46,0.135,8.0,0.0,GAMA,,,,False,True,True
16310,1,3.0,218.27027461,0.82323257,218.27027461,0.82323257,19.651,19.456,0.02976,0.02896,,3.27,22.79,23.65,25.37,0.7083,19.979996,8.2,0.66,0.138,8.0,0.0,GAMA,,,,False,True,True
16317,1,1.0,218.33730088,0.83733901,218.33730088,0.83733901,14.807,14.811,0.03493,0.03413,-21.16,5.59,19.92,21.28,22.86,0.4395,138.02,10.53,1.08,0.141,8.0,0.0,GAMA,,,,False,True,True
16382,1,0.5,,,,,,,,,,,,,,,,,,,,,,,,,False,True,False
16392,1,-9.0,218.52847409,0.63309901,218.52847409,0.63309901,17.054,17.879,0.03002,0.02922,-17.73,1.0,19.82,20.59,22.36,0.2934,23.940002,9.22,1.13,0.143,8.0,0.0,GAMA,,,,False,True,True
16426,1,3.0,218.71453614,0.69509782,218.71453614,0.69509782,17.894,17.872,0.03114,0.03035,-17.85,6.05,23.38,24.37,26.04,0.1361,102.13,9.16,0.97,0.141,8.0,0.0,GAMA,,,,False,True,True
16429,1,-9.0,218.65632464,0.66303607,218.65632464,0.66303607,17.494,17.501,0.0314,0.0306,-18.22,2.06,20.45,21.37,23.06,0.4789,145.11,9.34,1.04,0.138,8.0,0.0,GAMA,,,,False,True,True
16430,1,3.0,218.71531922,0.83816223,218.71531922,0.83816223,17.425,17.422,0.03158,0.03079,-18.29,3.98,21.92,22.49,24.43,0.4436,23.51001,9.19,0.83,0.157,8.0,0.0,GAMA,,,,False,True,True
16445,1,3.0,,,,,,,,,,,,,,,,,,,,,,,,,False,True,False
16487,1,2.5,219.03513003,0.7460916,219.03513003,0.7460916,17.883,17.865,0.05662,0.05581,-19.17,3.57,21.44,21.89,24.03,0.7084,89.630005,9.66,1.02,0.159,3.0,0.0,GAMA,,,,False,True,True
16525,1,0.0,219.18416381,0.71146961,219.18416381,0.71146961,16.892,16.788,0.05743,0.05662,-20.31,1.1,19.01,20.34,21.93,0.1198,115.46,10.26,1.2,0.16,8.0,0.0,GAMA,,,,False,True,True
16526,1,0.0,219.18604924,0.71005094,219.18604924,0.71005094,16.816,16.719,0.05705,0.05624,-20.37,2.24,20.38,21.44,23.08,0.1801,151.37,10.26,1.19,0.16,8.0,0.0,GAMA,,,,False,True,True
16828,1,3.0,220.45287105,0.68697063,220.45287105,0.68697063,14.339,14.332,0.00755,0.00633,-18.21,22.24,22.45,23.18,24.98,0.5992,56.619995,8.93,0.51,0.172,8.0,0.0,GAMA,,,,False,True,True
16863,2,3.0,220.69559745,0.66173095,220.69559745,0.66173095,15.071,14.885,0.00726,0.00607,-17.57,17.01,21.56,22.3,24.09,0.7749,67.369995,8.67,0.51,0.169,8.0,0.0,GAMA,,,,True,True,True
16920,2,-9.0,220.84609538,0.65042042,220.84609538,0.65042042,19.326,18.788,0.03948,0.03872,-17.49,2.47,23.66,24.56,26.26,0.4028,163.45999,9.01,0.96,0.192,8.0,0.0,GAMA,,,,True,True,True
16926,2,1.0,220.94265849,0.71789615,220.94265849,0.71789615,16.395,16.406,0.05113,0.05036,-20.45,2.47,19.4,20.27,21.99,0.627,33.95999,10.29,1.17,0.18,8.0,0.0,GAMA,,,,True,True,True
16948,2,3.0,221.10413229,0.78285742,221.10413229,0.78285742,16.901,16.882,0.02699,0.02626,-18.47,5.21,22.24,23.21,24.88,0.1717,31.630005,8.89,0.36,0.18,8.0,0.0,GAMA,,,,True,True,True
17273,1,3.0,222.76295086,0.68300398,222.76295086,0.68300398,16.213,16.216,0.06971,0.06896,-21.33,4.18,21.11,21.64,23.64,0.2735,92.45,10.42,0.89,0.17,3.0,0.0,GAMA,,,,False,True,True
17314,3,2.0,223.04204401,0.78398629,223.04204401,0.78398629,15.658,15.635,0.04398,0.04325,-20.86,4.05,20.28,21.18,22.88,0.3845,141.53,10.41,1.1,0.185,8.0,0.0,GAMA,,,,True,True,True
17390,3,0.5,223.30728599,0.65649125,223.30728599,0.65649125,15.929,15.905,0.09257,0.09181,-22.33,3.68,20.48,21.95,23.51,0.1676,123.95,11.06,1.28,0.182,8.0,0.0,GAMA,,,,True,True,True
176868,2,-9.0,174.43653426,-1.91050007,174.43653426,-1.91050007,18.41,18.398,0.02118,0.01935,-16.43,1.26,20.56,21.47,23.17,0.2838,133.45,8.49,0.85,0.1,8.0,0.0,GAMA,,,,True,True,True
176934,2,3.0,174.85849572,-1.89367869,174.85849572,-1.89367869,18.587,18.62,0.02342,0.02189,-16.45,1.35,20.81,21.76,23.44,0.378,97.090004,8.28,0.59,0.111,8.0,0.0,GAMA,,,,True,True,True
176955,2,2.5,174.94288989,-1.87526458,174.94288989,-1.87526458,15.202,15.184,0.0594,0.05811,-21.98,7.05,20.98,21.82,23.55,0.3385,69.67,10.62,0.81,0.101,8.0,0.0,GAMA,,,,True,True,True
176969,1,3.0,174.92810993,-1.85451453,174.92810993,-1.85451453,18.447,18.432,0.02336,0.02183,-16.57,3.32,21.54,22.09,24.07,0.7706,177.45999,8.28,0.54,0.1,8.0,0.0,GAMA,,,,False,True,True
176991,1,3.0,,,,,,,,,,,,,,,,,,,,,,,,,False,True,False
177010,1,1.5,175.29956564,-1.96232455,175.29956564,-1.96232455,16.095,16.097,0.05545,0.05417,-20.92,2.86,18.9,19.93,21.58,0.7507,172.6,10.55,1.26,0.082,8.0,0.0,GAMA,,,,False,True,True
177046,1,3.0,175.44023234,-1.90134773,175.44023234,-1.90134773,16.046,16.078,0.00791,0.00604,-16.56,3.85,20.69,21.71,23.37,0.2334,137.18,8.17,0.41,0.072,8.0,0.0,GAMA,,,,False,True,True
177081,1,3.0,175.53937108,-1.90905191,175.53937108,-1.90905191,16.51,16.5,0.02178,0.02004,-18.35,3.2,20.65,21.4,23.18,0.3276,138.0,8.92,0.46,0.068,8.0,0.0,GAMA,,,,False,True,True
177100,1,1.5,,,,,,,,,,,,,,,,,,,,,,,,,False,True,False
177143,1,2.0,175.90043871,-1.97504167,175.90043871,-1.97504167,15.845,15.862,0.04925,0.04798,-20.89,3.64,20.1,21.13,22.79,0.3806,30.100006,10.44,1.13,0.075,8.0,0.0,GAMA,,,,False,True,True
177232,1,1.0,176.10838436,-1.95708642,176.10838436,-1.95708642,15.167,15.088,0.07819,0.07688,-22.76,9.11,21.38,22.55,24.17,0.3215,144.78,11.26,1.27,0.068,8.0,0.0,GAMA,,,,False,True,True
177297,1,-9.0,176.28065436,-1.86604212,176.28065436,-1.86604212,17.769,17.799,0.02629,0.02497,-17.5,1.44,20.56,21.52,23.2,0.0225,53.0,9.0,0.97,0.062,8.0,0.0,GAMA,,,,False,True,True
177303,1,2.0,176.34334061,-1.87672108,176.34334061,-1.87672108,14.62,14.624,0.02828,0.02703,-20.87,6.21,20.32,21.55,23.15,0.1304,15.7400055,10.43,1.08,0.064,8.0,0.0,GAMA,,,,False,True,True
177326,1,3.0,176.33025409,-1.87229199,176.33025409,-1.87229199,19.612,19.185,0.02822,0.02696,-16.36,4.21,25.35,25.35,,0.4425,4.130005,8.48,0.83,0.064,8.0,0.0,GAMA,,,,False,True,True
177354,1,3.0,176.4675446,-1.8908342,176.4675446,-1.8908342,18.44,18.492,0.02899,0.02774,-22.37,3.06,22.38,23.45,25.09,0.332,114.869995,8.85,1.02,0.068,8.0,0.0,GAMA,,,,False,True,True
177481,1,3.0,176.91005847,-1.92284765,176.91005847,-1.92284765,17.941,17.905,0.02859,0.02734,-17.58,2.66,21.67,22.39,24.19,0.3012,51.25,8.84,0.73,0.064,8.0,0.0,GAMA,,,,False,True,True
177518,1,3.0,177.04420369,-1.98910252,177.04420369,-1.98910252,16.789,16.682,0.00689,0.00512,-15.67,4.5,22.66,23.18,25.2,0.6335,76.64,7.63,0.18,0.07,8.0,0.0,GAMA,,,,False,True,True
177969,1,0.0,178.46741825,-1.97492224,178.46741825,-1.97492224,15.744,15.734,0.0772,0.0759,-22.08,4.01,20.35,21.8,23.36,0.2087,62.630005,11.03,1.33,0.079,8.0,0.0,GAMA,,,,False,True,True
178149,1,3.0,179.36278962,-1.99887229,179.36278962,-1.99887229,16.777,16.755,0.02357,0.02205,-18.29,5.97,22.48,23.15,25.0,0.2009,17.790009,9.06,0.65,0.092,8.0,0.0,GAMA,,,,False,True,True
178190,1,1.0,179.56350052,-1.89153607,179.56350052,-1.89153607,14.412,14.368,0.02078,0.01884,-20.43,8.44,20.01,21.53,23.09,0.5271,81.33002,10.27,1.09,0.111,8.0,0.0,GAMA,,,,False,True,True
178197,1,2.0,179.57619848,-1.95879054,179.57619848,-1.95879054,14.872,14.872,0.02241,0.02074,-20.09,4.53,19.79,20.8,22.46,0.2946,2.1600037,10.07,1.01,0.112,8.0,0.0,GAMA,,,,False,True,True
178210,1,3.0,179.56518893,-1.97525945,179.56518893,-1.97525945,18.338,18.368,0.02313,0.02156,-16.63,2.84,22.24,23.01,24.78,0.3437,96.45,8.28,0.51,0.11,8.0,0.0,GAMA,,,,False,True,True
178290,1,3.0,179.81917059,-1.91532546,179.81917059,-1.91532546,17.544,17.44,0.02222,0.02052,-17.5,8.57,22.61,23.55,25.23,0.7534,3.880005,8.98,0.88,0.108,8.0,0.0,GAMA,,,,False,True,True
178300,1,3.0,179.95047238,-1.94284667,179.95047238,-1.94284667,16.79,16.759,0.02241,0.02074,-18.17,9.34,22.6,23.44,25.17,0.5648,47.48999,8.86,0.47,0.093,8.0,0.0,GAMA,,,,False,True,True
178481,4,3.0,180.44249877,-1.93474679,180.44249877,-1.93474679,16.865,16.884,0.02638,0.02508,-18.42,8.07,22.99,23.7,25.51,0.2869,41.550003,9.0,0.52,0.091,8.0,0.0,GAMA,,,,True,True,True
178578,4,3.0,180.76536576,-1.90571799,180.76536576,-1.90571799,17.801,17.766,0.0216,0.01981,-17.07,6.62,23.02,23.71,25.54,0.538,89.44,8.47,0.53,0.09,8.0,0.0,GAMA,,,,True,True,True
178580,1,3.0,180.81308709,-1.95678366,180.81308709,-1.95678366,18.124,18.043,0.02285,0.02124,-16.92,3.63,26.29,28.55,30.06,0.0024,99.48,8.43,0.56,0.086,8.0,0.0,GAMA,,,,False,True,True
178585,1,3.0,180.85449378,-1.87658081,180.85449378,-1.87658081,18.447,18.575,0.02196,0.02022,-16.34,4.17,22.19,22.94,24.73,0.7398,164.27,8.37,0.75,0.075,8.0,0.0,GAMA,,,,False,True,True
178865,1,3.0,182.18737363,-1.89501562,182.18737363,-1.89501562,18.044,17.937,0.02281,0.0212,-17.09,5.68,23.25,24.13,25.84,0.3483,170.06,8.42,0.45,0.085,8.0,0.0,GAMA,,,,False,True,True
179566,1,3.0,,,,,,,,,,,,,,,,,,,,,,,,,False,True,False
179584,1,2.5,185.555988,-1.91156169,185.555988,-1.91156169,16.189,16.199,0.07289,0.07164,-21.43,3.59,20.77,21.42,23.28,0.2012,106.89001,10.52,0.98,0.096,3.0,0.0,GAMA,,,,False,True,True
179588,1,2.0,,,,,,,,,,,,,,,,,,,,,,,,,False,True,False
179665,1,3.0,185.91417641,-1.94466361,185.91417641,-1.94466361,18.298,18.307,0.02647,0.0252,-16.98,1.91,21.08,22.26,23.87,0.4494,101.54,8.41,0.52,0.105,8.0,0.0,GAMA,,,,False,True,True
183932,2,3.0,174.27020677,-1.60977404,174.27020677,-1.60977404,18.679,18.48,0.0232,0.02165,-16.56,3.8,23.58,24.25,26.09,0.1625,166.19,8.27,0.52,0.095,8.0,0.0,GAMA,,,,True,True,True
184042,2,0.0,174.66401689,-1.53717485,174.66401689,-1.53717485,15.105,14.985,0.07815,0.07684,-22.83,6.05,20.56,22.17,23.72,0.0963,3.3600006,11.38,1.38,0.081,8.0,0.0,GAMA,,,,True,True,True
184046,2,0.0,174.70806548,-1.45814613,174.70806548,-1.45814613,16.056,15.998,0.0803,0.07899,-21.91,2.87,20.08,21.53,23.09,0.1316,69.979996,10.96,1.34,0.08,8.0,0.0,GAMA,,,,True,True,True
184122,3,2.0,175.05660903,-1.54796812,175.05660903,-1.54796812,15.593,15.61,0.048,0.04673,-21.09,3.69,19.81,20.88,22.52,0.4191,25.210007,10.54,1.14,0.07,8.0,0.0,GAMA,,,,True,True,True
184202,1,1.0,175.47617859,-1.45588909,175.47617859,-1.45588909,16.515,16.535,0.09455,0.09322,-21.77,2.85,20.05,21.34,22.93,0.4544,61.73001,10.88,1.33,0.06,3.0,0.0,GAMA,,,,False,True,True
184230,1,3.0,175.6488301,-1.54417401,175.6488301,-1.54417401,16.613,16.559,0.07477,0.07347,-21.18,5.39,22.15,23.07,24.76,0.0579,58.65999,10.41,0.93,0.053,3.0,0.0,GAMA,,,,False,True,True
184234,1,3.0,175.68429154,-1.48754249,175.68429154,-1.48754249,17.106,17.129,0.03037,0.02912,-18.51,6.78,22.92,24.13,25.74,0.0505,62.089996,9.01,0.48,0.057,8.0,0.0,GAMA,,,,False,True,True
184237,1,3.0,175.73812048,-1.53912642,175.73812048,-1.53912642,17.795,17.804,0.04464,0.04337,-18.71,4.01,21.23,21.95,23.75,0.7787,143.42,9.42,0.91,0.058,8.0,0.0,GAMA,,,,False,True,True
184268,1,2.0,175.82499255,-1.54644316,175.82499255,-1.54644316,16.059,16.021,0.07869,0.07738,-21.87,8.15,20.96,21.84,23.55,0.7915,11.539993,10.99,1.37,0.066,8.0,0.0,GAMA,,,,False,True,True
184281,1,3.0,175.80241086,-1.54990033,175.80241086,-1.54990033,17.471,17.516,0.02165,0.01989,-17.36,7.19,22.88,23.59,25.4,0.5666,175.77,8.54,0.46,0.064,8.0,0.0,GAMA,,,,False,True,True
184283,1,3.0,175.81111707,-1.56068203,175.81111707,-1.56068203,18.819,18.864,0.04448,0.04321,-17.65,2.12,21.7,22.32,24.21,0.5473,122.56,8.79,0.65,0.065,3.0,0.0,GAMA,,,,False,True,True
184354,1,3.0,176.07601995,-1.46175067,176.07601995,-1.46175067,18.654,18.672,0.0268,0.02551,-16.64,4.63,22.18,23.19,24.85,0.7819,2.5,8.23,0.45,0.073,8.0,0.0,GAMA,,,,False,True,True
184366,1,1.5,176.17554972,-1.61431109,176.17554972,-1.61431109,17.156,17.174,0.03038,0.02913,-18.47,2.13,20.57,21.37,23.12,0.2204,175.26999,9.46,1.07,0.076,8.0,0.0,GAMA,,,,False,True,True
184368,1,2.0,176.21029598,-1.60132189,176.21029598,-1.60132189,13.714,13.647,0.02968,0.02843,-21.95,15.25,20.97,22.02,23.66,0.5326,72.17999,10.74,0.92,0.079,8.0,0.0,GAMA,,,,False,True,True
184370,1,3.0,176.21728012,-1.53211655,176.21728012,-1.53211655,15.896,15.916,0.02688,0.02559,-19.44,4.47,20.96,21.88,23.57,0.1371,98.54,9.65,0.81,0.077,8.0,0.0,GAMA,,,,False,True,True
184415,1,3.0,176.34197715,-1.56520689,176.34197715,-1.56520689,15.983,16.006,0.0296,0.02835,-19.56,3.62,20.55,21.13,23.06,0.2374,97.43,9.56,0.65,0.07,8.0,0.0,GAMA,,,,False,True,True
184648,1,0.0,177.4014459,-1.45549329,177.4014459,-1.45549329,13.813,13.749,0.02069,0.01875,-21.05,5.64,19.17,20.49,22.07,0.224,59.11,10.6,1.18,0.078,8.0,0.0,GAMA,,,,False,True,True
184689,1,1.5,177.50139505,-1.46336545,177.50139505,-1.46336545,15.783,15.797,0.08165,0.08034,-22.15,4.46,19.99,21.18,22.79,0.6072,130.94,11.07,1.36,0.077,8.0,0.0,GAMA,,,,False,True,True
184718,1,3.0,177.64548138,-1.45341773,177.64548138,-1.45341773,18.146,18.184,0.02165,0.01988,-16.71,1.61,20.43,21.17,22.96,0.5479,16.929993,8.27,0.45,0.083,8.0,0.0,GAMA,,,,False,True,True
184834,1,3.0,178.22265718,-1.44905061,178.22265718,-1.44905061,17.465,17.504,0.02058,0.01863,-17.22,3.25,22.56,23.28,25.09,0.4582,147.04,8.35,0.31,0.088,8.0,0.0,GAMA,,,,False,True,True
185085,1,1.0,178.97876826,-1.60334071,178.97876826,-1.60334071,15.374,15.334,0.06556,0.06428,-22.08,3.32,19.1,20.51,22.08,0.5084,179.76999,10.96,1.21,0.097,8.0,0.0,GAMA,,,,False,True,True
185190,1,3.0,179.49464921,-1.55768041,179.49464921,-1.55768041,16.734,16.724,0.02195,0.02022,-18.19,5.29,21.84,22.83,24.5,0.3192,12.790009,9.01,0.63,0.073,8.0,0.0,GAMA,,,,False,True,True
185224,1,1.0,179.58978973,-1.45842632,179.58978973,-1.45842632,16.03,16.053,0.08299,0.08169,-21.94,4.26,20.02,20.99,22.67,0.655,156.9,10.98,1.35,0.08,8.0,0.0,GAMA,,,,False,True,True
185252,1,3.0,179.54588778,-1.64745427,179.54588778,-1.64745427,17.908,17.748,0.02331,0.02176,-17.27,7.25,23.43,24.17,25.96,0.3926,130.87,8.46,0.43,0.092,8.0,0.0,GAMA,,,,False,True,True
185282,1,2.0,179.79154972,-1.55396141,179.79154972,-1.55396141,16.238,16.268,0.05326,0.052,-20.64,4.25,21.15,22.17,23.83,0.1795,23.589996,10.11,0.83,0.1,8.0,0.0,GAMA,,,,False,True,True
185291,1,3.0,179.8047164,-1.60447066,179.8047164,-1.60447066,17.506,17.492,0.02346,0.02193,-17.58,4.8,22.37,23.09,24.89,0.4058,143.39,8.83,0.71,0.11,8.0,0.0,GAMA,,,,False,True,True
185298,1,3.0,,,,,,,,,,,,,,,,,,,,,,,,,False,True,False
185365,1,0.5,180.0115588,-1.61473473,180.0115588,-1.61473473,16.193,16.19,0.0535,0.05224,-20.75,1.79,19.28,20.46,22.07,0.1623,116.92,10.39,1.13,0.125,8.0,0.0,GAMA,,,,False,True,True
185376,1,3.0,180.08683065,-1.5918603,180.08683065,-1.5918603,17.909,17.909,0.02165,0.01987,-16.98,6.39,22.99,23.88,25.58,0.5905,89.16,8.85,0.99,0.129,8.0,0.0,GAMA,,,,False,True,True
185510,4,3.0,180.59132175,-1.45393562,180.59132175,-1.45393562,16.515,16.206,0.02217,0.02047,-18.73,8.21,21.28,21.96,23.79,0.7754,30.089996,9.4,0.85,0.1,8.0,0.0,GAMA,,,,True,True,True
185532,4,3.0,180.69426804,-1.59342519,180.69426804,-1.59342519,16.076,16.092,0.02195,0.02021,-18.81,7.44,22.61,23.23,25.12,0.1218,0.020004272,9.28,0.65,0.088,8.0,0.0,GAMA,,,,True,True,True
185557,1,3.0,180.75342689,-1.6380176,180.75342689,-1.6380176,19.576,17.985,0.02103,0.01914,-17.3,2.55,22.68,24.07,25.64,0.2395,109.09,9.62,1.51,0.085,8.0,0.0,GAMA,,,,False,True,True
185567,1,0.5,180.80043345,-1.48836433,180.80043345,-1.48836433,16.166,16.147,0.08366,0.08237,-21.86,3.58,20.3,21.65,23.23,0.3816,96.86,10.9,1.3,0.086,8.0,0.0,GAMA,,,,False,True,True
185569,1,3.0,180.83365567,-1.57612415,180.83365567,-1.57612415,18.549,18.51,0.02231,0.02063,-16.43,0.89,19.71,20.86,22.48,0.4387,149.48001,8.24,0.57,0.085,8.0,0.0,GAMA,,,,False,True,True
185622,1,3.0,181.08444427,-1.53027621,181.08444427,-1.53027621,15.867,16.853,0.0067,0.00488,-15.47,43.81,27.89,29.61,31.15,0.2915,72.95001,7.87,0.54,0.087,8.0,0.0,GAMA,,,,False,True,True
185795,1,3.0,181.90156252,-1.55413748,181.90156252,-1.55413748,15.828,15.815,0.05256,0.05131,-21.06,5.23,20.95,21.8,23.53,0.3391,60.42,10.18,0.7,0.095,8.0,0.0,GAMA,,,,False,True,True
185863,1,3.0,182.07893983,-1.4665707,182.07893983,-1.4665707,17.455,17.469,0.02572,0.02439,-17.77,1.82,20.45,21.75,23.34,0.196,66.47,8.91,0.72,0.084,8.0,0.0,GAMA,,,,False,True,True
185914,1,0.5,182.45537204,-1.47165803,182.45537204,-1.47165803,16.128,16.139,0.11263,0.11131,-22.59,4.96,21.24,22.59,24.17,0.159,177.27,11.16,1.3,0.079,4.0,0.0,GAMA,,,,False,True,True
186012,1,0.0,182.69417448,-1.56899615,182.69417448,-1.56899615,16.555,16.501,0.10206,0.10076,-22.0,7.47,21.94,23.54,25.09,0.1341,110.51,11.03,1.42,0.076,4.0,0.0,GAMA,,,,False,True,True
186380,1,3.0,184.25793444,-1.47977084,184.25793444,-1.47977084,17.174,17.176,0.02212,0.02042,-17.73,2.36,20.64,21.62,23.29,0.3114,32.690002,8.93,0.77,0.095,8.0,0.0,GAMA,,,,False,True,True
186406,1,3.0,184.3950786,-1.61149382,184.3950786,-1.61149382,17.257,16.795,0.02228,0.0206,-18.26,5.61,21.87,22.71,24.44,0.6103,108.66,9.58,1.19,0.113,8.0,0.0,GAMA,,,,False,True,True
186467,1,-9.0,,,,,,,,,,,,,,,,,,,,,,,,,False,True,False
186470,1,1.0,184.65302771,-1.51681145,184.65302771,-1.51681145,16.562,16.544,0.07038,0.06913,-21.04,1.54,18.73,20.26,21.82,0.4628,133.53,10.49,1.16,0.101,3.0,0.0,GAMA,,,,False,True,True
186573,1,1.5,185.09690318,-1.51758991,185.09690318,-1.51758991,17.067,17.066,0.06958,0.06833,-20.51,1.75,19.0,20.07,21.71,0.7096,135.76999,10.4,1.31,0.099,3.0,0.0,GAMA,,,,False,True,True
186717,1,3.0,185.58326114,-1.48783006,185.58326114,-1.48783006,17.904,17.921,0.03482,0.03361,-17.98,3.08,22.12,22.75,24.63,0.2348,138.98001,8.93,0.67,0.107,3.0,0.0,GAMA,,,,False,True,True
186742,1,3.0,185.64358464,-1.54642617,185.64358464,-1.54642617,17.178,17.161,0.02304,0.02148,-17.86,9.71,23.56,24.5,26.18,0.2429,133.76001,8.7,0.43,0.102,8.0,0.0,GAMA,,,,False,True,True
186803,1,2.5,185.92496952,-1.47624466,185.92496952,-1.47624466,15.418,15.399,0.02638,0.02511,-19.91,3.42,19.86,21.07,22.68,0.2023,86.23999,9.77,0.74,0.099,8.0,0.0,GAMA,,,,False,True,True
186833,1,3.0,185.89686896,-1.63549223,185.89686896,-1.63549223,17.805,17.847,0.02598,0.02469,-17.45,5.03,22.68,23.42,25.21,0.4469,93.84,8.72,0.62,0.095,8.0,0.0,GAMA,,,,False,True,True
186861,1,3.0,185.98719089,-1.49972208,185.98719089,-1.49972208,17.38,17.331,0.02636,0.02509,-17.98,7.56,22.5,23.16,25.01,0.7776,59.740005,8.88,0.57,0.098,8.0,0.0,GAMA,,,,False,True,True
197419,1,3.0,135.20728695,-0.71429234,135.20728695,-0.71429234,17.388,17.359,0.0417,0.04063,-18.98,4.05,21.89,22.56,24.4,0.4049,19.819992,9.3,0.63,0.123,8.0,0.0,GAMA,,,,False,True,True
197555,1,2.0,135.80276273,-0.75293044,135.80276273,-0.75293044,15.057,15.019,0.04943,0.04834,-21.74,13.14,21.8,23.45,25.0,0.3909,154.51001,10.77,1.12,0.106,8.0,0.0,GAMA,,,,False,True,True
197843,1,3.0,137.34975957,-0.6391546,137.34975957,-0.6391546,17.64,17.692,0.04039,0.0393,-18.57,5.79,21.87,22.71,24.44,0.7845,70.58,9.17,0.67,0.118,8.0,0.0,GAMA,,,,False,True,True
197866,1,2.0,137.44615987,-0.65182195,137.44615987,-0.65182195,16.185,16.201,0.05552,0.05441,-20.81,3.15,20.57,21.32,23.11,0.1566,169.37,10.3,0.98,0.119,8.0,0.0,GAMA,,,,False,True,True
198343,1,1.0,139.04118585,-0.68882379,139.04118585,-0.68882379,16.181,16.187,0.0532,0.05207,-20.76,1.84,18.94,20.11,21.73,0.4251,166.77,10.48,1.25,0.138,8.0,0.0,GAMA,,,,False,True,True
198503,1,3.0,139.76574962,-0.81766194,139.76574962,-0.81766194,17.276,17.306,0.01761,0.01664,-17.1,2.51,20.68,21.82,23.44,0.4562,19.519989,8.58,0.64,0.117,8.0,0.0,GAMA,,,,False,True,True
198591,1,3.0,140.15618821,-0.67946043,140.15618821,-0.67946043,14.285,14.193,0.01269,0.01164,-19.49,10.21,21.03,21.84,23.59,0.3414,67.66,9.61,0.72,0.13,8.0,0.0,GAMA,,,,False,True,True
198631,1,1.0,140.21921598,-0.767935,140.21921598,-0.767935,16.165,16.12,0.05684,0.0557,-20.95,3.38,20.35,21.65,23.24,0.3084,136.73,10.49,1.18,0.118,8.0,0.0,GAMA,,,,False,True,True
198771,1,3.0,140.81531929,-0.72803109,140.81531929,-0.72803109,14.122,14.089,0.01275,0.01167,-19.61,18.01,21.25,21.96,23.78,0.666,129.25,9.43,0.45,0.144,8.0,0.0,GAMA,,,,False,True,True
198817,1,2.0,140.97498787,-0.68262729,140.97498787,-0.68262729,16.426,16.475,0.05653,0.05538,-20.57,3.88,21.19,22.34,23.96,0.1964,16.529999,10.09,0.84,0.133,8.0,0.0,GAMA,,,,False,True,True
202309,1,3.0,129.07747465,-0.34962058,129.07747465,-0.34962058,17.929,17.934,0.05832,0.05731,-19.17,2.0,20.73,21.31,23.25,0.5438,122.67,9.41,0.69,0.148,3.0,0.0,GAMA,,,,False,True,True
202354,1,3.0,129.30828796,-0.27483759,129.30828796,-0.27483759,16.278,16.059,0.03844,0.03745,-20.11,56.5,24.23,25.64,27.21,0.7462,64.899994,9.74,0.59,0.136,8.0,0.0,GAMA,,,,False,True,True
202360,1,2.0,129.3541012,-0.25781052,129.3541012,-0.25781052,15.4,15.415,0.03675,0.03576,-20.67,3.9,19.98,21.37,22.95,0.2662,104.909996,10.39,1.16,0.13,8.0,0.0,GAMA,,,,False,True,True
202373,1,3.0,129.34532855,-0.24348281,129.34532855,-0.24348281,18.061,17.958,0.03585,0.03486,-18.03,3.46,21.93,22.85,24.54,0.5055,62.869995,9.06,0.81,0.133,8.0,0.0,GAMA,,,,False,True,True
202398,1,2.0,129.46039763,-0.26209844,129.46039763,-0.26209844,15.776,15.648,0.05217,0.05117,-21.23,2.49,19.43,20.75,22.34,0.2369,62.43,10.6,1.15,0.129,8.0,0.0,GAMA,,,,False,True,True
202399,1,1.0,129.45734504,-0.2516077,129.45734504,-0.2516077,15.153,15.084,0.05285,0.05184,-21.85,5.0,20.16,21.53,23.11,0.3089,148.42,10.95,1.29,0.13,8.0,0.0,GAMA,,,,False,True,True
202443,1,2.0,129.71213153,-0.33372829,129.71213153,-0.33372829,16.218,16.262,0.05323,0.05222,-20.65,6.48,21.63,23.0,24.58,0.429,122.42,10.18,0.92,0.12,8.0,0.0,GAMA,,,,False,True,True
202464,1,1.5,129.73726756,-0.35566315,129.73726756,-0.35566315,17.074,17.05,0.05288,0.05187,-19.86,1.65,18.68,19.7,21.36,0.7564,94.32001,10.02,1.13,0.119,8.0,0.0,GAMA,,,,False,True,True
202480,1,0.5,129.92932234,-0.33696963,129.92932234,-0.33696963,16.108,15.9,0.05303,0.05202,-21.03,4.24,20.52,22.28,23.82,0.3106,100.19,10.56,1.21,0.111,8.0,0.0,GAMA,,,,False,True,True
202531,1,2.5,130.16601169,-0.41330685,130.16601169,-0.41330685,17.508,17.522,0.05901,0.05799,-19.62,2.03,19.1,19.94,21.67,0.8441,18.130005,9.86,1.06,0.109,3.0,0.0,GAMA,,,,False,True,True
202636,1,3.0,130.61721084,-0.28353658,130.61721084,-0.28353658,17.338,17.302,0.05236,0.05134,-19.57,3.08,20.68,21.42,23.21,0.6804,81.41998,9.73,0.89,0.111,3.0,0.0,GAMA,,,,False,True,True
202673,2,2.5,130.65275259,-0.23097146,130.65275259,-0.23097146,15.398,15.355,0.05093,0.04991,-21.46,8.41,21.48,22.32,24.05,0.3975,33.820007,10.54,0.96,0.115,8.0,0.0,GAMA,,,,True,True,True
202745,1,1.5,130.93342305,-0.2122157,130.93342305,-0.2122157,15.792,15.793,0.05093,0.04991,-21.07,6.33,20.1,21.26,22.88,0.7879,163.95001,10.65,1.3,0.127,8.0,0.0,GAMA,,,,False,True,True
203037,1,3.0,132.2566078,-0.34910161,132.2566078,-0.34910161,18.193,16.839,0.01543,0.01479,-17.28,11.64,24.94,25.89,27.57,0.0642,73.61,8.59,0.55,0.124,8.0,0.0,GAMA,,,,False,True,True
203114,1,2.0,132.63598101,-0.25281896,132.63598101,-0.25281896,15.662,15.689,0.07084,0.06977,-21.9,3.9,20.21,21.38,22.99,0.3024,118.95,10.91,1.25,0.117,8.0,0.0,GAMA,,,,False,True,True
203140,1,1.0,132.74333509,-0.22884554,132.74333509,-0.22884554,16.158,16.155,0.08804,0.08696,-21.97,2.57,19.76,21.07,22.66,0.3054,128.32,10.93,1.29,0.111,8.0,0.0,GAMA,,,,False,True,True
203148,1,3.0,132.84017059,-0.39515579,132.84017059,-0.39515579,17.394,17.412,0.04393,0.04289,-19.04,1.88,20.73,21.25,23.27,0.1233,19.850006,9.27,0.57,0.109,8.0,0.0,GAMA,,,,False,True,True
203609,1,3.0,134.43862555,-0.35660434,134.43862555,-0.35660434,17.221,17.237,0.02934,0.02831,-18.31,5.66,21.26,21.93,23.78,0.8018,47.73001,9.01,0.59,0.102,8.0,0.0,GAMA,,,,False,True,True
203684,1,3.0,134.79004656,-0.27214031,134.79004656,-0.27214031,17.413,17.374,0.04293,0.04186,-19.02,3.85,21.72,22.34,24.23,0.458,16.39,9.19,0.48,0.121,8.0,0.0,GAMA,,,,False,True,True
203729,1,2.5,135.04616235,-0.3018282,135.04616235,-0.3018282,17.485,17.449,0.04298,0.04191,-18.96,2.35,20.58,22.04,23.61,0.4373,34.699997,9.44,0.82,0.148,8.0,0.0,GAMA,,,,False,True,True
203833,1,0.0,135.45654592,-0.39792396,135.45654592,-0.39792396,15.328,15.213,0.05399,0.0529,-21.76,3.55,19.7,21.22,22.78,0.1671,102.53,10.9,1.27,0.154,8.0,0.0,GAMA,,,,False,True,True
203998,1,3.0,136.14022809,-0.31480977,136.14022809,-0.31480977,17.483,17.473,0.02861,0.02758,-18.01,2.63,21.56,22.25,24.08,0.0949,98.93,8.93,0.64,0.138,8.0,0.0,GAMA,,,,False,True,True
204093,1,1.0,136.60417503,-0.23777465,136.60417503,-0.23777465,16.721,16.665,0.09619,0.09505,-21.7,2.43,19.21,20.43,22.04,0.729,61.960007,10.92,1.44,0.128,4.0,0.0,GAMA,,,,False,True,True
204096,1,3.0,136.52106873,-0.26037368,136.52106873,-0.26037368,15.848,15.833,0.04096,0.03988,-20.47,4.36,20.94,21.46,23.48,0.1672,93.83,9.98,0.74,0.139,8.0,0.0,GAMA,,,,False,True,True
204490,1,2.0,138.39181624,-0.25265533,138.39181624,-0.25265533,15.881,15.647,0.07137,0.07023,-21.98,2.45,19.25,20.67,22.24,0.3755,133.32999,10.93,1.24,0.105,8.0,0.0,GAMA,,,,False,True,True
204799,1,2.0,139.4616861,-0.27847945,139.4616861,-0.27847945,13.807,13.656,0.0183,0.01737,-20.86,17.32,20.56,21.45,23.15,0.7068,64.41,10.36,0.98,0.115,8.0,0.0,GAMA,,,,False,True,True
204832,1,0.0,139.65673704,-0.31597758,139.65673704,-0.31597758,16.981,16.991,0.05637,0.05523,-20.05,2.75,21.13,22.15,23.8,0.0222,54.070007,10.07,1.11,0.112,8.0,0.0,GAMA,,,,False,True,True
204836,1,-9.0,139.69277391,-0.22136233,139.69277391,-0.22136233,18.855,16.047,0.05659,0.05545,-21.04,1.17,21.42,22.27,23.99,0.0985,151.57,10.65,1.15,0.119,8.0,0.0,GAMA,,,,False,True,True
204868,1,5.0,139.84669827,-0.21330282,139.84669827,-0.21330282,16.965,16.968,0.03972,0.0386,-19.27,1.29,19.38,20.03,21.9,0.1889,138.7,9.49,0.72,0.115,8.0,0.0,GAMA,,,,False,True,True
204876,1,3.0,139.88435455,-0.41006993,139.88435455,-0.41006993,17.457,17.357,0.03981,0.03869,-18.85,8.04,21.94,22.64,24.46,0.8391,147.34,9.19,0.57,0.116,8.0,0.0,GAMA,,,,False,True,True
204877,1,0.0,139.88496524,-0.29992712,139.88496524,-0.29992712,16.857,16.709,0.05526,0.05412,-20.31,3.61,21.37,22.88,24.44,0.0761,142.79,10.21,1.13,0.117,8.0,0.0,GAMA,,,,False,True,True
204906,1,2.0,139.92064701,-0.36425945,139.92064701,-0.36425945,16.227,16.224,0.05605,0.05491,-20.82,2.41,20.06,21.53,23.1,0.3652,68.25,10.36,1.07,0.117,8.0,0.0,GAMA,,,,False,True,True
204983,1,1.0,140.30728014,-0.23044183,140.30728014,-0.23044183,15.869,15.845,0.05608,0.05494,-21.19,4.83,20.61,21.75,23.37,0.4167,140.67,10.52,1.08,0.114,8.0,0.0,GAMA,,,,False,True,True
205020,1,1.5,140.37272684,-0.26887538,140.37272684,-0.26887538,15.029,15.009,0.02675,0.02572,-20.36,3.61,19.33,20.93,22.48,0.2802,57.78,10.31,1.19,0.112,8.0,0.0,GAMA,,,,False,True,True
205085,1,0.0,140.65238835,-0.40903205,140.65238835,-0.40903205,14.69,14.442,0.05519,0.05405,-22.57,10.96,21.21,22.59,24.17,0.2387,38.76999,11.23,1.29,0.109,8.0,0.0,GAMA,,,,False,True,True
205086,1,0.0,140.65136375,-0.40676229,140.65136375,-0.40676229,16.463,16.685,0.05666,0.05551,-20.39,1.14,19.31,20.45,22.07,0.3137,1.859993,10.38,1.31,0.109,8.0,0.0,GAMA,,,,False,True,True
205089,2,1.0,140.55532449,-0.36339142,140.55532449,-0.36339142,16.558,16.542,0.05812,0.05697,-20.6,3.17,20.33,21.66,23.25,0.4516,104.78,10.4,1.23,0.115,8.0,0.0,GAMA,,,,True,True,True
205097,1,2.0,140.64299971,-0.39183912,140.64299971,-0.39183912,16.127,16.074,0.05681,0.05566,-21.0,5.42,21.18,22.0,23.74,0.4611,74.69,10.47,1.11,0.11,8.0,0.0,GAMA,,,,False,True,True
205151,1,2.5,140.77563215,-0.41382022,140.77563215,-0.41382022,19.099,18.821,0.05596,0.05481,-18.27,2.91,21.0,21.63,23.51,0.8836,3.699997,9.6,1.34,0.105,3.0,0.0,GAMA,,,,False,True,True
205161,1,1.0,140.68724345,-0.3488322,140.68724345,-0.3488322,14.931,14.8,0.0594,0.05825,-22.4,6.48,20.41,21.88,23.44,0.376,78.860016,11.14,1.27,0.107,8.0,0.0,GAMA,,,,False,True,True
205166,1,1.5,140.7075337,-0.27456318,140.7075337,-0.27456318,17.552,17.544,0.05615,0.055,-19.49,1.83,20.43,21.18,22.97,0.3588,51.770004,9.84,1.08,0.104,3.0,0.0,GAMA,,,,False,True,True
205168,1,1.0,140.72565299,-0.34796012,140.72565299,-0.34796012,16.793,16.774,0.05741,0.05626,-20.33,2.1,18.91,20.22,21.8,0.7339,15.820007,10.26,1.19,0.106,8.0,0.0,GAMA,,,,False,True,True
205208,1,1.0,140.83517658,-0.39711103,140.83517658,-0.39711103,17.242,17.178,0.05545,0.0543,-19.85,1.47,19.2,20.46,22.05,0.554,92.04,10.09,1.22,0.102,8.0,0.0,GAMA,,,,False,True,True
205211,1,0.5,140.84796086,-0.40347647,140.84796086,-0.40347647,16.232,16.204,0.05476,0.05361,-20.78,3.75,20.88,22.26,23.84,0.1969,94.36,10.43,1.17,0.103,8.0,0.0,GAMA,,,,False,True,True
208520,1,3.0,129.40911525,0.05066585,129.40911525,0.05066585,16.373,16.344,0.03563,0.03464,-19.64,6.24,22.15,22.95,24.7,0.1567,175.04,9.65,0.72,0.171,8.0,0.0,GAMA,,,,False,True,True
208589,1,2.0,129.63253268,0.01241761,129.63253268,0.01241761,16.468,16.453,0.07906,0.07803,-21.4,4.6,21.0,22.37,23.95,0.4924,83.850006,10.56,1.05,0.163,3.0,0.0,GAMA,,,,False,True,True
208612,1,3.0,129.71517654,0.05914337,129.71517654,0.05914337,17.87,17.896,0.02536,0.02455,-17.31,2.29,21.19,22.07,23.78,0.4239,26.930008,8.49,0.45,0.159,8.0,0.0,GAMA,,,,False,True,True
208652,1,0.0,129.7534118,0.0622835,129.7534118,0.0622835,14.964,14.91,0.05083,0.04982,-21.93,5.25,20.46,21.83,23.4,0.0048,39.070007,11.0,1.3,0.156,8.0,0.0,GAMA,,,,False,True,True
208781,1,3.0,130.16662503,0.15007598,130.16662503,0.15007598,18.135,18.107,0.02541,0.02459,-17.11,5.34,22.16,22.74,24.68,0.8182,140.84999,8.45,0.49,0.15,8.0,0.0,GAMA,,,,False,True,True
208876,1,1.0,130.60860556,0.13638264,130.60860556,0.13638264,16.21,16.196,0.05165,0.05063,-20.66,1.84,18.53,19.87,21.45,0.5937,76.350006,10.39,1.19,0.136,8.0,0.0,GAMA,,,,False,True,True
208892,1,3.0,130.7545533,0.16932554,130.7545533,0.16932554,16.626,16.447,0.03027,0.02927,-19.17,10.95,22.92,23.72,25.48,0.4807,172.85,9.39,0.63,0.138,8.0,0.0,GAMA,,,,False,True,True
209181,1,3.0,132.12519777,0.17087478,132.12519777,0.17087478,15.651,15.578,0.05915,0.0581,-21.56,4.31,20.5,21.35,23.08,0.2304,157.4,10.3,0.61,0.147,8.0,0.0,GAMA,,,,False,True,True
209185,1,0.5,132.18426782,0.16849947,132.18426782,0.16849947,15.415,15.417,0.05262,0.05158,-21.48,5.64,20.57,22.06,23.62,0.3322,87.27,10.73,1.2,0.142,8.0,0.0,GAMA,,,,False,True,True
209279,1,3.0,132.57563057,0.05941447,132.57563057,0.05941447,16.797,16.827,0.03784,0.03681,-19.33,4.92,21.67,22.35,24.18,0.5065,58.42,9.41,0.59,0.117,8.0,0.0,GAMA,,,,False,True,True
209319,1,3.0,132.81067377,0.18691669,132.81067377,0.18691669,17.84,17.871,0.02589,0.025,-17.36,3.27,21.7,22.38,24.21,0.5559,82.98999,8.5,0.44,0.127,8.0,0.0,GAMA,,,,False,True,True
209414,1,3.0,133.20973564,0.15797249,133.20973564,0.15797249,17.096,16.956,0.02655,0.02563,-18.35,6.83,22.55,23.18,25.07,0.4544,179.54001,9.04,0.59,0.117,8.0,0.0,GAMA,,,,False,True,True
209664,1,3.0,134.36889058,0.16765043,134.36889058,0.16765043,18.724,18.73,0.0448,0.04374,-17.72,2.13,22.29,23.03,24.82,0.1007,125.509995,8.68,0.52,0.116,3.0,0.0,GAMA,,,,False,True,True
209680,1,0.0,134.48904486,0.17119032,134.48904486,0.17119032,14.938,14.846,0.05402,0.05295,-22.14,7.67,20.91,22.49,24.04,0.1707,91.740005,11.11,1.35,0.105,8.0,0.0,GAMA,,,,False,True,True
209697,1,2.0,134.57714562,0.15617514,134.57714562,0.15617514,16.468,16.424,0.05467,0.0536,-20.57,5.91,21.02,22.4,23.98,0.6398,81.41,10.26,1.04,0.103,8.0,0.0,GAMA,,,,False,True,True
209698,1,2.0,134.6191439,0.02347054,134.6191439,0.02347054,14.394,14.381,0.02959,0.02855,-21.2,6.06,19.57,20.74,22.35,0.488,159.72,10.43,0.93,0.109,8.0,0.0,GAMA,,,,False,True,True
209701,1,2.0,134.52486612,0.14622554,134.52486612,0.14622554,15.229,15.234,0.05422,0.05315,-21.74,7.02,20.8,21.76,23.44,0.44,125.14,10.79,1.14,0.103,8.0,0.0,GAMA,,,,False,True,True
209708,1,3.0,134.61898748,0.08804292,134.61898748,0.08804292,18.532,18.065,0.02948,0.02845,-17.48,4.17,21.92,22.43,24.46,0.7216,171.72,8.66,0.57,0.105,8.0,0.0,GAMA,,,,False,True,True
209743,1,3.0,134.67675665,0.19143266,134.67675665,0.19143266,15.552,15.552,0.04165,0.04059,-20.79,6.95,21.08,21.77,23.6,0.4763,129.98,10.16,0.8,0.107,8.0,0.0,GAMA,,,,False,True,True
209807,1,2.0,135.02105889,0.07966572,135.02105889,0.07966572,15.148,15.074,0.05494,0.05386,-21.92,3.48,19.49,20.76,22.35,0.2513,5.970001,10.81,1.07,0.118,8.0,0.0,GAMA,,,,False,True,True
210060,1,3.0,136.40776559,0.0032713,136.40776559,0.0032713,16.605,16.431,0.01952,0.01874,-18.22,11.95,23.46,24.37,26.07,0.2126,123.54001,8.98,0.57,0.155,8.0,0.0,GAMA,,,,False,True,True
210070,1,-9.0,136.50002678,0.00903205,136.50002678,0.00903205,17.401,17.379,0.05996,0.05886,-19.8,1.03,19.51,20.63,22.26,0.0132,1.5799866,9.82,0.89,0.141,3.0,0.0,GAMA,,,,False,True,True
210228,1,1.5,137.12630224,0.20569385,137.12630224,0.20569385,15.912,15.843,0.05253,0.05143,-21.09,3.27,19.07,20.24,21.86,0.7254,157.36002,10.68,1.34,0.124,8.0,0.0,GAMA,,,,False,True,True
210375,1,1.0,138.22591716,0.09076451,138.22591716,0.09076451,16.08,16.054,0.05557,0.05445,-20.98,2.28,19.17,20.62,22.19,0.4236,25.830002,10.54,1.23,0.095,8.0,0.0,GAMA,,,,False,True,True
210467,1,0.0,138.48371402,0.05958424,138.48371402,0.05958424,17.243,17.144,0.09372,0.09256,-21.13,1.98,20.24,21.82,23.37,0.2495,79.899994,10.63,1.35,0.1,3.0,0.0,GAMA,,,,False,True,True
210567,1,3.0,138.74413523,0.20803275,138.74413523,0.20803275,17.869,17.821,0.05857,0.05744,-19.31,4.56,23.08,23.89,25.64,0.1299,81.859985,9.48,0.71,0.109,3.0,0.0,GAMA,,,,False,True,True
210611,1,2.0,138.9173284,0.18556544,138.9173284,0.18556544,16.505,16.504,0.07151,0.07037,-21.1,2.86,20.21,21.67,23.24,0.3365,69.66,10.51,1.14,0.102,3.0,0.0,GAMA,,,,False,True,True
210660,1,2.0,139.17574828,0.20556211,139.17574828,0.20556211,14.747,14.753,0.01774,0.01682,-19.68,5.5,19.79,20.84,22.49,0.4628,130.8,9.84,0.91,0.1,8.0,0.0,GAMA,,,,False,True,True
210781,1,3.0,139.64823938,0.05988045,139.64823938,0.05988045,16.379,16.372,0.05655,0.05542,-20.69,4.34,21.35,21.79,23.94,0.2407,92.03,10.22,0.95,0.119,8.0,0.0,GAMA,,,,False,True,True
210808,1,3.0,139.75689434,0.17251983,139.75689434,0.17251983,17.484,17.487,0.01841,0.01748,-17.02,3.8,22.53,23.07,25.06,0.1344,3.209999,8.41,0.49,0.119,8.0,0.0,GAMA,,,,False,True,True
210909,1,3.0,140.28625634,0.08058047,140.28625634,0.08058047,17.706,17.687,0.02454,0.02356,-17.43,3.34,21.64,22.29,24.16,0.4937,103.299995,8.44,0.32,0.106,8.0,0.0,GAMA,,,,False,True,True
214182,1,3.0,129.00224228,0.6229864,129.00224228,0.6229864,15.056,14.937,0.0133,0.01281,-18.86,15.97,21.59,22.24,24.11,0.747,87.47,9.53,0.93,0.155,8.0,0.0,GAMA,,,,False,True,True
214184,1,1.5,129.00640444,0.43807939,129.00640444,0.43807939,15.021,14.992,0.0342,0.03322,-20.94,9.58,20.82,21.97,23.59,0.63,92.75,10.56,1.21,0.173,8.0,0.0,GAMA,,,,False,True,True
214211,1,0.5,129.26993475,0.42908598,129.26993475,0.42908598,15.966,15.961,0.07868,0.07765,-21.89,3.52,20.52,22.03,23.59,0.0402,142.81999,10.9,1.28,0.15,8.0,0.0,GAMA,,,,False,True,True
214245,1,3.0,129.52446003,0.6089599,129.52446003,0.6089599,17.495,16.371,0.0144,0.0139,-17.77,4.46,22.44,23.01,24.96,0.3239,2.649994,9.4,1.12,0.152,8.0,0.0,GAMA,,,,False,True,True
214250,1,0.0,129.54078778,0.46444018,129.54078778,0.46444018,14.879,14.694,0.07888,0.07785,-23.18,8.29,21.16,22.77,24.32,0.0428,9.729996,11.52,1.4,0.156,8.0,0.0,GAMA,,,,False,True,True
214295,1,1.5,129.5972045,0.42185284,129.5972045,0.42185284,17.427,17.294,0.08307,0.08204,-20.69,4.3,20.83,22.0,23.62,0.7779,39.229996,10.49,1.35,0.161,3.0,0.0,GAMA,,,,False,True,True
214363,1,1.0,129.97057844,0.43242663,129.97057844,0.43242663,14.495,14.438,0.04313,0.04213,-22.0,6.67,20.12,21.5,23.08,0.3061,55.550003,10.99,1.24,0.165,8.0,0.0,GAMA,,,,False,True,True
214462,1,3.0,130.35113394,0.53025161,130.35113394,0.53025161,17.087,16.946,0.05204,0.05103,-19.88,4.72,22.14,22.87,24.66,0.3298,143.89,9.6,0.57,0.163,3.0,0.0,GAMA,,,,False,True,True
214860,1,3.0,131.8966701,0.5618423,131.8966701,0.5618423,16.93,16.861,0.05944,0.0584,-20.25,5.45,22.16,22.95,24.71,0.4855,17.899994,9.75,0.57,0.181,3.0,0.0,GAMA,,,,False,True,True
214895,1,1.0,131.97905512,0.5666869,131.97905512,0.5666869,16.832,16.776,0.05959,0.05855,-20.41,1.32,18.44,19.77,21.36,0.6112,174.1,10.27,1.17,0.17,8.0,0.0,GAMA,,,,False,True,True
215053,1,2.0,132.66673536,0.441043,132.66673536,0.441043,17.149,17.173,0.05329,0.05224,-19.76,3.1,20.23,21.2,22.87,0.7406,84.609985,10.05,1.21,0.16,8.0,0.0,GAMA,,,,False,True,True
215289,1,0.0,133.50575734,0.55898013,133.50575734,0.55898013,15.602,15.525,0.05867,0.05761,-21.64,3.05,19.94,21.21,22.81,0.0714,3.1100006,10.81,1.24,0.173,8.0,0.0,GAMA,,,,False,True,True
215292,1,3.0,133.5354716,0.49856716,133.5354716,0.49856716,15.101,15.062,0.02924,0.02823,-20.49,5.71,19.62,20.54,22.23,0.7019,155.45,10.09,0.84,0.184,8.0,0.0,GAMA,,,,False,True,True
215335,1,2.0,133.64389248,0.48504002,133.64389248,0.48504002,16.637,16.636,0.05424,0.05318,-20.33,3.34,20.65,21.62,23.29,0.4805,71.17999,10.09,0.97,0.198,8.0,0.0,GAMA,,,,False,True,True
215579,1,2.0,134.25333619,0.50553675,134.25333619,0.50553675,15.139,15.114,0.05426,0.05319,-21.86,5.2,20.18,21.58,23.15,0.5272,168.34,10.75,1.04,0.136,8.0,0.0,GAMA,,,,False,True,True
215698,1,3.0,134.94340233,0.58295351,134.94340233,0.58295351,17.753,17.807,0.01195,0.01117,-15.75,4.32,21.95,23.03,24.67,0.6098,179.68,8.19,0.81,0.109,8.0,0.0,GAMA,,,,False,True,True
216111,1,2.0,136.74582868,0.54277875,136.74582868,0.54277875,16.901,16.948,0.05487,0.05377,-20.04,5.49,20.75,21.81,23.46,0.8282,46.380005,10.09,1.1,0.124,8.0,0.0,GAMA,,,,False,True,True
216143,1,3.0,136.87599049,0.52232484,136.87599049,0.52232484,18.662,18.648,0.02825,0.02723,-16.8,2.27,22.06,22.67,24.57,0.3838,21.850006,8.27,0.43,0.131,8.0,0.0,GAMA,,,,False,True,True
216149,1,1.0,137.02439499,0.57333959,137.02439499,0.57333959,15.915,15.824,0.05483,0.05373,-21.18,1.88,18.07,19.46,21.03,0.6597,96.87,10.63,1.24,0.135,8.0,0.0,GAMA,,,,False,True,True
216155,1,2.5,136.94547529,0.57513569,136.94547529,0.57513569,16.443,16.453,0.0546,0.0535,-20.56,3.21,20.69,21.25,23.21,0.3315,34.92,10.28,1.09,0.133,8.0,0.0,GAMA,,,,False,True,True
216184,1,0.0,137.17432015,0.48469129,137.17432015,0.48469129,13.981,13.888,0.01959,0.01879,-20.8,5.24,19.49,20.58,22.22,0.0813,36.880005,10.51,1.19,0.14,8.0,0.0,GAMA,,,,False,True,True
216396,1,1.0,138.01793908,0.42179788,138.01793908,0.42179788,15.767,15.702,0.05579,0.05468,-21.34,3.89,20.0,21.46,23.03,0.4186,121.36,10.72,1.26,0.099,8.0,0.0,GAMA,,,,False,True,True
216401,1,-9.0,138.02436975,0.44889187,138.02436975,0.44889187,16.297,16.291,0.05557,0.05446,-20.76,2.66,20.31,21.6,23.19,0.0752,64.07001,10.48,1.23,0.1,8.0,0.0,GAMA,,,,False,True,True
216532,1,3.0,,,,,,,,,,,,,,,,,,,,,,,,,False,True,False
216670,1,2.0,139.20847361,0.57271457,139.20847361,0.57271457,14.897,14.861,0.02953,0.02844,-20.73,8.61,20.13,21.01,22.72,0.7342,85.70001,10.43,1.13,0.115,8.0,0.0,GAMA,,,,False,True,True
216843,1,3.0,140.19242092,0.60472036,140.19242092,0.60472036,16.273,16.187,0.0248,0.02382,-18.98,7.73,22.46,23.18,24.99,0.2911,29.979996,9.26,0.55,0.116,8.0,0.0,GAMA,,,,False,True,True
21836,1,3.0,174.4099404,1.08658655,174.4099404,1.08658655,18.462,18.508,0.02203,0.02036,-16.44,2.61,22.23,22.84,24.74,0.3219,101.78,8.25,0.56,0.097,8.0,0.0,GAMA,,,,False,True,True
218681,1,3.0,139.25054316,0.84407294,139.25054316,0.84407294,16.211,16.217,0.03912,0.03801,-20.0,5.22,20.41,20.82,23.04,0.7477,47.399994,9.91,0.88,0.101,8.0,0.0,GAMA,,,,False,True,True
218713,1,1.5,140.0100024,0.84420718,140.0100024,0.84420718,17.454,17.437,0.05962,0.05848,-19.77,1.76,19.63,20.82,22.43,0.6181,46.479996,10.03,1.18,0.119,8.0,0.0,GAMA,,,,False,True,True
218717,1,3.0,139.99074404,0.84559286,139.99074404,0.84559286,17.456,16.954,0.01808,0.01714,-17.5,8.5,23.68,24.52,26.26,0.2437,71.51001,8.92,0.85,0.119,8.0,0.0,GAMA,,,,False,True,True
21979,1,3.0,175.09543605,1.13915421,175.09543605,1.13915421,17.733,17.772,0.04229,0.04103,-18.62,8.86,23.28,24.16,25.87,0.6423,54.61,9.13,0.59,0.078,8.0,0.0,GAMA,,,,False,True,True
219992,1,1.0,179.90522416,1.49603095,179.90522416,1.49603095,17.151,17.147,0.07945,0.07817,-20.74,1.83,19.81,20.79,22.46,0.4784,153.48,10.45,1.27,0.078,3.0,0.0,GAMA,,,,False,True,True
220112,1,0.0,180.52256862,1.52589798,180.52256862,1.52589798,14.826,14.811,0.02147,0.01968,-20.07,4.57,20.03,21.38,22.96,0.0418,103.28001,10.12,1.08,0.074,8.0,0.0,GAMA,,,,False,True,True
220126,1,3.0,180.46226483,1.56976956,180.46226483,1.56976956,17.945,17.917,0.02231,0.02065,-17.03,3.62,21.56,22.41,24.13,0.6545,82.97,8.76,0.9,0.078,8.0,0.0,GAMA,,,,False,True,True
220170,1,3.0,180.67876994,1.52609952,180.67876994,1.52609952,16.966,16.929,0.01995,0.01796,-17.77,6.63,21.57,22.22,24.09,0.7565,8.660004,8.99,0.82,0.079,8.0,0.0,GAMA,,,,False,True,True
220217,1,2.5,180.79252859,1.58000323,180.79252859,1.58000323,16.703,16.688,0.0794,0.07812,-21.16,2.6,20.67,21.5,23.24,0.072,34.5,10.43,1.02,0.079,3.0,0.0,GAMA,,,,False,True,True
220218,1,0.0,180.8180342,1.63546555,180.8180342,1.63546555,15.75,15.746,0.04896,0.04772,-20.98,5.26,21.06,22.58,24.14,0.0407,148.51,10.5,1.15,0.075,8.0,0.0,GAMA,,,,False,True,True
220227,1,-9.0,180.77139676,1.47818485,180.77139676,1.47818485,17.996,17.999,0.02113,0.01928,-16.79,2.69,21.87,22.91,24.56,0.203,6.48999,8.74,0.99,0.079,8.0,0.0,GAMA,,,,False,True,True
220275,1,3.0,180.92607956,1.45729447,180.92607956,1.45729447,16.552,16.538,0.02246,0.02082,-18.39,5.67,22.41,23.43,25.09,0.0227,49.160004,9.14,0.69,0.082,8.0,0.0,GAMA,,,,False,True,True
220319,1,3.0,180.99245368,1.48277611,180.99245368,1.48277611,18.012,17.931,0.02236,0.02071,-16.99,4.94,23.09,23.49,25.75,0.2115,55.910004,8.57,0.68,0.084,8.0,0.0,GAMA,,,,False,True,True
220320,1,3.0,181.03095077,1.58314929,181.03095077,1.58314929,17.767,17.875,0.02487,0.02349,-17.34,6.92,23.56,24.33,26.1,0.2873,179.07999,8.85,0.86,0.08,8.0,0.0,GAMA,,,,False,True,True
220326,1,2.0,181.08332864,1.56758592,181.08332864,1.56758592,13.158,13.099,0.02246,0.02082,-21.9,23.92,20.44,21.5,23.14,0.7675,100.8,11.06,1.34,0.087,8.0,0.0,GAMA,,,,False,True,True
220328,1,1.0,181.06937208,1.54624511,181.06937208,1.54624511,15.614,15.612,0.02213,0.02045,-19.32,5.2,20.07,21.22,22.84,0.6185,80.45001,9.8,1.06,0.087,8.0,0.0,GAMA,,,,False,True,True
220330,1,2.5,181.10492248,1.6473063,181.10492248,1.6473063,16.314,16.303,0.02476,0.02337,-18.85,5.21,21.3,22.1,23.85,0.4275,108.86,9.56,1.0,0.075,8.0,0.0,GAMA,,,,False,True,True
220332,1,2.5,181.17452699,1.60267799,181.17452699,1.60267799,15.915,15.872,0.02196,0.02025,-19.05,7.24,21.06,21.91,23.63,0.6429,96.12,9.7,1.07,0.08,8.0,0.0,GAMA,,,,False,True,True
220355,1,3.0,181.19301319,1.50108985,181.19301319,1.50108985,18.028,18.006,0.01988,0.01788,-16.68,3.57,22.28,23.2,24.89,0.3486,143.42,8.72,1.02,0.078,8.0,0.0,GAMA,,,,False,True,True
220371,1,3.0,181.237152,1.50824383,181.237152,1.50824383,15.916,15.807,0.02196,0.02025,-19.1,6.97,21.61,22.14,24.14,0.3537,78.880005,9.53,0.83,0.078,8.0,0.0,GAMA,,,,False,True,True
220372,1,3.0,181.28939216,1.55928932,181.28939216,1.55928932,17.016,17.048,0.0229,0.02132,-17.93,3.84,21.82,22.76,24.45,0.1196,9.51001,9.06,0.84,0.077,8.0,0.0,GAMA,,,,False,True,True
220374,1,2.5,181.3284587,1.63756437,181.3284587,1.63756437,16.608,16.611,0.02058,0.01865,-18.16,2.68,20.06,21.06,22.72,0.4901,131.04,9.28,1.0,0.074,8.0,0.0,GAMA,,,,False,True,True
220375,1,3.0,181.23912743,1.63521858,181.23912743,1.63521858,16.981,16.991,0.02211,0.02043,-17.91,5.38,21.98,22.76,24.52,0.4995,82.369995,9.19,0.99,0.079,8.0,0.0,GAMA,,,,False,True,True
220383,1,3.0,181.20300479,1.646487,181.20300479,1.646487,18.603,18.57,0.02032,0.01836,-16.15,3.1,22.03,22.75,24.55,0.6042,110.5,8.5,1.0,0.078,8.0,0.0,GAMA,,,,False,True,True
220394,1,1.0,181.41942584,1.59349099,181.41942584,1.59349099,14.501,14.476,0.0222,0.02053,-20.47,5.56,20.01,21.11,22.74,0.1226,87.630005,10.3,1.11,0.074,8.0,0.0,GAMA,,,,False,True,True
220396,1,1.5,181.41971498,1.57505841,181.41971498,1.57505841,14.132,14.014,0.02123,0.0194,-20.84,7.52,19.54,20.72,22.34,0.5319,98.59,10.52,1.19,0.075,8.0,0.0,GAMA,,,,False,True,True
220437,1,0.0,181.59512158,1.47201838,181.59512158,1.47201838,15.654,15.63,0.07966,0.07838,-22.26,4.98,20.91,22.28,23.86,0.0507,158.01001,11.09,1.32,0.09,8.0,0.0,GAMA,,,,False,True,True
220439,1,3.0,181.6315901,1.61662965,181.6315901,1.61662965,15.334,15.307,0.0213,0.01948,-19.51,5.64,20.84,21.59,23.37,0.1834,31.589996,9.54,0.65,0.091,8.0,0.0,GAMA,,,,False,True,True
220450,1,3.0,181.5130327,1.55494822,181.5130327,1.55494822,17.928,17.996,0.02149,0.01971,-16.83,4.81,22.62,23.43,25.17,0.515,28.320007,8.33,0.5,0.082,8.0,0.0,GAMA,,,,False,True,True
220465,1,0.5,181.75304533,1.49750244,181.75304533,1.49750244,15.252,15.203,0.08574,0.08446,-22.87,5.85,20.62,21.86,23.46,0.2936,118.869995,11.31,1.31,0.108,8.0,0.0,GAMA,,,,False,True,True
220499,1,1.0,181.85849619,1.5455943,181.85849619,1.5455943,16.261,15.769,0.0491,0.04786,-21.04,3.75,20.41,22.02,23.57,0.4046,82.100006,10.69,1.26,0.101,8.0,0.0,GAMA,,,,False,True,True
220502,1,1.0,181.90865583,1.57421355,181.90865583,1.57421355,14.439,14.337,0.02184,0.02011,-20.57,5.76,18.98,20.28,21.87,0.6398,57.410004,10.37,1.14,0.1,8.0,0.0,GAMA,,,,False,True,True
220515,1,3.0,181.88320657,1.63737315,181.88320657,1.63737315,17.064,17.008,0.02162,0.01986,-17.81,15.45,24.16,25.82,27.36,0.2165,44.79001,8.94,0.72,0.101,8.0,0.0,GAMA,,,,False,True,True
220578,1,3.0,182.17816756,1.45635642,182.17816756,1.45635642,16.139,16.158,0.0205,0.01855,-18.5,2.96,20.04,20.67,22.55,0.4083,121.7,8.98,0.5,0.114,8.0,0.0,GAMA,,,,False,True,True
220687,1,3.0,182.8329904,1.49227201,182.8329904,1.49227201,14.175,14.117,0.00948,0.00725,-18.93,16.93,21.94,22.83,24.54,0.4284,154.63,9.27,0.58,0.095,8.0,0.0,GAMA,,,,False,True,True
220750,1,3.0,182.98976807,1.48924642,182.98976807,1.48924642,17.491,17.409,0.02259,0.02097,-17.53,5.07,22.61,23.27,25.12,0.2987,135.46,8.62,0.49,0.1,8.0,0.0,GAMA,,,,False,True,True
220751,1,3.0,182.99295889,1.49295221,182.99295889,1.49295221,18.162,18.003,0.00947,0.00724,-15.05,5.55,22.81,23.56,25.35,0.5536,69.740005,7.69,0.53,0.099,8.0,0.0,GAMA,,,,False,True,True
220951,1,3.0,184.03379738,1.61064705,184.03379738,1.61064705,17.255,17.217,0.05101,0.04978,-19.6,3.61,20.57,20.99,23.19,0.7569,159.83,9.74,0.89,0.094,3.0,0.0,GAMA,,,,False,True,True
221014,1,1.5,,,,,,,,,,,,,,,,,,,,,,,,,False,True,False
221050,1,3.0,184.35337226,1.61028425,184.35337226,1.61028425,16.459,16.435,0.05096,0.04973,-20.33,6.64,21.51,22.23,24.03,0.6129,170.54999,9.72,0.49,0.089,3.0,0.0,GAMA,,,,False,True,True
221052,1,1.5,,,,,,,,,,,,,,,,,,,,,,,,,False,True,False
221194,1,3.0,185.11525606,1.46974407,185.11525606,1.46974407,14.645,14.316,0.00732,0.00526,-18.16,19.73,21.74,22.53,24.29,0.7617,146.65,9.0,0.62,0.09,8.0,0.0,GAMA,,,,False,True,True
22121,1,-9.0,,,,,,,,,,,,,,,,,,,,,,,,,False,True,False
221369,1,3.0,185.83472434,1.61648135,185.83472434,1.61648135,17.238,17.251,0.02841,0.02721,-18.22,2.09,20.36,21.57,23.18,0.3437,119.11,8.64,0.18,0.082,8.0,0.0,GAMA,,,,False,True,True
221375,1,3.0,185.82531709,1.48686069,185.82531709,1.48686069,15.258,15.265,0.02904,0.02785,-20.26,8.56,21.11,21.96,23.68,0.5338,36.53,9.82,0.63,0.083,8.0,0.0,GAMA,,,,False,True,True
221432,1,3.0,185.90152138,1.57867958,185.90152138,1.57867958,18.996,18.947,0.02655,0.0253,-16.47,24.92,25.19,26.45,28.04,0.7403,6.149994,8.35,0.64,0.081,8.0,0.0,GAMA,,,,False,True,True
22175,1,3.0,176.32034453,1.22731822,176.32034453,1.22731822,17.848,17.828,0.02946,0.02822,-17.7,5.54,22.7,23.53,25.27,0.5457,174.17,8.73,0.55,0.067,8.0,0.0,GAMA,,,,False,True,True
22178,1,3.0,176.25171663,1.17860017,176.25171663,1.17860017,18.363,18.341,0.02963,0.02839,-17.2,3.64,22.73,23.13,25.37,0.3444,16.5,8.36,0.34,0.074,8.0,0.0,GAMA,,,,False,True,True
22582,1,0.5,178.191957,1.19481093,178.191957,1.19481093,15.646,15.605,0.0791,0.07781,-22.26,3.73,20.08,21.57,23.14,0.1927,134.31,11.06,1.28,0.081,8.0,0.0,GAMA,,,,False,True,True
22595,1,1.0,178.31624751,1.21121208,178.31624751,1.21121208,15.731,15.634,0.08032,0.07903,-22.29,3.68,19.81,21.22,22.79,0.4436,28.220001,11.12,1.36,0.079,8.0,0.0,GAMA,,,,False,True,True
22633,1,3.0,178.44474785,1.19346667,178.44474785,1.19346667,16.012,15.948,0.07169,0.07041,-21.64,5.08,21.18,22.06,23.77,0.297,17.370003,10.4,0.7,0.073,3.0,0.0,GAMA,,,,False,True,True
227036,1,3.0,211.82816809,1.28195925,211.82816809,1.28195925,15.894,15.873,0.03566,0.03475,-20.11,5.29,21.12,21.92,23.67,0.3863,20.419998,9.56,0.39,0.137,8.0,0.0,GAMA,,,,False,True,True
227079,1,3.0,211.92355196,1.3731198,211.92355196,1.3731198,18.032,18.044,0.02586,0.02492,-17.22,4.34,21.95,22.45,24.5,0.7148,45.429993,8.5,0.5,0.127,8.0,0.0,GAMA,,,,False,True,True
227123,1,2.0,212.19793545,1.31796275,212.19793545,1.31796275,16.356,16.362,0.0486,0.04769,-20.34,2.55,19.39,20.38,22.04,0.6298,140.18,10.18,1.06,0.156,8.0,0.0,GAMA,,,,False,True,True
227134,1,3.0,212.3221181,1.32086663,212.3221181,1.32086663,18.813,18.683,0.02605,0.02512,-16.61,4.11,23.15,23.79,25.66,0.5496,41.61,8.33,0.58,0.167,8.0,0.0,GAMA,,,,False,True,True
227168,1,3.0,212.46811562,1.30502461,212.46811562,1.30502461,18.831,18.806,0.0265,0.02559,-16.54,2.19,21.87,22.32,24.46,0.5131,156.2,8.22,0.47,0.159,8.0,0.0,GAMA,,,,False,True,True
227176,1,3.0,212.50920169,1.2631647,212.50920169,1.2631647,15.654,15.635,0.02668,0.02578,-19.7,4.87,20.93,21.8,23.52,0.1649,118.93,9.52,0.54,0.156,8.0,0.0,GAMA,,,,False,True,True
227223,1,3.0,212.6710636,1.33941466,212.6710636,1.33941466,15.654,15.539,0.0556,0.05469,-21.46,3.69,20.46,20.94,23.02,0.1125,88.06,10.31,0.67,0.15,8.0,0.0,GAMA,,,,False,True,True
227230,1,3.0,212.72097557,1.36939882,212.72097557,1.36939882,15.839,15.82,0.02693,0.02603,-19.54,8.52,21.27,22.12,23.84,0.6977,119.29,9.68,0.8,0.15,8.0,0.0,GAMA,,,,False,True,True
227264,1,1.5,212.82385184,1.27527329,212.82385184,1.27527329,14.481,14.436,0.0259,0.02498,-20.86,6.63,19.78,21.21,22.78,0.4433,83.01001,10.41,1.06,0.14,8.0,0.0,GAMA,,,,False,True,True
227266,1,0.0,212.85929549,1.28651969,212.85929549,1.28651969,13.445,13.349,0.0259,0.02498,-21.96,9.68,20.07,21.47,23.05,0.1132,56.869995,10.96,1.19,0.146,8.0,0.0,GAMA,,,,False,True,True
227278,1,1.0,212.82985142,1.30953672,212.82985142,1.30953672,15.393,15.368,0.02588,0.02496,-19.92,2.05,18.38,19.55,21.17,0.4252,112.96,10.11,1.15,0.142,8.0,0.0,GAMA,,,,False,True,True
227289,1,3.0,212.8223054,1.35261696,212.8223054,1.35261696,16.917,16.513,0.02654,0.02564,-18.89,8.45,23.06,24.08,25.73,0.0821,43.690002,9.17,0.45,0.143,8.0,0.0,GAMA,,,,False,True,True
227290,3,5.0,212.85395707,1.25320212,212.85395707,1.25320212,18.047,18.025,0.0264,0.0255,-17.32,2.75,22.27,23.25,24.92,0.0914,89.94,8.86,0.88,0.143,8.0,0.0,GAMA,,,,True,True,True
227317,1,3.0,213.02676898,1.20157695,213.02676898,1.20157695,17.31,17.353,0.02624,0.02533,-17.95,3.29,21.77,22.74,24.41,0.1832,104.100006,9.08,0.85,0.179,8.0,0.0,GAMA,,,,False,True,True
227351,3,2.5,213.09292578,1.36523,213.09292578,1.36523,16.414,16.338,0.02574,0.02482,-18.94,8.39,21.53,22.23,24.05,0.7798,138.7,9.5,0.87,0.155,8.0,0.0,GAMA,,,,True,True,True
227371,1,3.0,213.11455765,1.22907014,213.11455765,1.22907014,17.819,17.862,0.02601,0.0251,-17.42,6.81,23.08,23.76,25.6,0.5933,52.339996,8.56,0.46,0.152,8.0,0.0,GAMA,,,,False,True,True
227407,3,3.0,213.27177511,1.17681416,213.27177511,1.17681416,18.719,18.679,0.026,0.02509,-16.61,3.32,22.56,23.23,25.08,0.5242,92.35,8.48,0.76,0.14,8.0,0.0,GAMA,,,,True,True,True
227428,1,2.5,213.4402437,1.18032315,213.4402437,1.18032315,16.693,16.709,0.05546,0.05456,-20.29,3.06,20.75,21.17,23.37,0.3731,111.159996,10.01,0.87,0.144,8.0,0.0,GAMA,,,,False,True,True
227572,1,3.0,214.25273551,1.29564426,214.25273551,1.29564426,16.341,16.303,0.05722,0.05633,-20.75,4.75,21.16,22.26,23.89,0.6694,156.88,10.11,0.78,0.141,8.0,0.0,GAMA,,,,False,True,True
227607,2,2.0,214.32444086,1.15622892,214.32444086,1.15622892,15.669,15.615,0.05445,0.05356,-21.39,10.69,21.51,22.53,24.18,0.6946,103.63,10.75,1.27,0.161,8.0,0.0,GAMA,,,,True,True,True
227611,2,1.0,214.3066034,1.30190539,214.3066034,1.30190539,15.376,15.326,0.05659,0.0557,-21.76,3.65,19.47,20.95,22.51,0.4265,130.13,10.86,1.24,0.144,8.0,0.0,GAMA,,,,True,True,True
227614,1,2.0,214.31263739,1.22936591,214.31263739,1.22936591,16.791,16.592,0.05526,0.05437,-20.43,2.97,20.53,21.4,23.12,0.5475,175.25,10.15,1.0,0.15,8.0,0.0,GAMA,,,,False,True,True
227617,1,0.0,214.32397858,1.22152981,214.32397858,1.22152981,16.172,16.077,0.05515,0.05426,-20.94,4.97,21.31,22.87,24.42,0.1588,79.21999,10.52,1.2,0.151,8.0,0.0,GAMA,,,,False,True,True
227618,1,2.5,214.33315346,1.17350798,214.33315346,1.17350798,15.893,15.874,0.05533,0.05444,-21.12,4.42,20.99,21.76,23.53,0.1551,96.42,10.33,0.86,0.16,8.0,0.0,GAMA,,,,False,True,True
227673,2,3.0,214.53595252,1.22411658,214.53595252,1.22411658,16.427,16.17,0.02659,0.02572,-19.16,5.59,22.05,22.82,24.59,0.1269,133.71,9.35,0.58,0.146,8.0,0.0,GAMA,,,,True,True,True
227905,1,1.0,215.31936155,1.20743873,215.31936155,1.20743873,15.356,15.349,0.05568,0.05481,-21.69,3.45,18.62,19.96,21.54,0.7299,79.91998,10.79,1.18,0.149,8.0,0.0,GAMA,,,,False,True,True
227961,1,2.5,215.49730676,1.15991779,215.49730676,1.15991779,16.622,16.613,0.05571,0.05484,-20.46,6.26,20.69,21.19,23.24,0.8436,63.570007,10.36,1.25,0.14,8.0,0.0,GAMA,,,,False,True,True
227970,1,3.0,215.60459273,1.19760322,215.60459273,1.19760322,15.832,15.846,0.05498,0.05412,-21.13,4.36,20.77,21.64,23.36,0.2396,20.959991,10.16,0.64,0.125,8.0,0.0,GAMA,,,,False,True,True
228066,1,1.5,215.86741742,1.10209118,215.86741742,1.10209118,15.945,15.861,0.04053,0.03968,-20.45,5.11,19.69,21.02,22.61,0.774,87.70999,10.31,1.14,0.111,8.0,0.0,GAMA,,,,False,True,True
228086,1,3.0,216.08083664,1.12442128,216.08083664,1.12442128,17.114,17.124,0.03955,0.03871,-19.12,4.98,22.52,23.53,25.19,0.1959,118.979996,9.18,0.41,0.111,8.0,0.0,GAMA,,,,False,True,True
228104,1,-9.0,216.131261,1.18759148,216.131261,1.18759148,18.765,18.456,0.03996,0.03912,-17.79,0.75,20.01,20.97,22.64,0.1246,18.529999,9.13,1.0,0.122,8.0,0.0,GAMA,,,,False,True,True
228105,1,2.0,216.13822121,1.17731892,216.13822121,1.17731892,13.728,13.619,0.03965,0.03881,-22.63,12.38,20.88,22.14,23.74,0.1823,34.23999,11.03,0.96,0.123,8.0,0.0,GAMA,,,,False,True,True
228278,1,3.0,216.82265646,1.09652228,216.82265646,1.09652228,17.833,17.852,0.02741,0.0266,-17.55,6.3,22.7,23.69,25.36,0.6492,67.100006,8.51,0.35,0.105,8.0,0.0,GAMA,,,,False,True,True
228349,1,2.5,217.07668061,1.12956917,217.07668061,1.12956917,16.219,16.121,0.05584,0.055,-20.9,6.06,21.9,22.9,24.56,0.1776,124.979996,10.21,0.84,0.117,8.0,0.0,GAMA,,,,False,True,True
22839,1,3.0,179.2426978,1.1480091,179.2426978,1.1480091,17.226,17.259,0.04044,0.0392,-19.02,4.39,21.24,21.92,23.75,0.6812,45.75,9.37,0.7,0.059,8.0,0.0,GAMA,,,,False,True,True
228428,2,3.0,217.30669011,1.07186204,217.30669011,1.07186204,16.581,16.599,0.03773,0.03691,-19.47,3.65,20.49,20.89,23.14,0.6254,65.09999,9.52,0.63,0.128,8.0,0.0,GAMA,,,,True,True,True
228432,2,3.0,217.38574581,1.11738209,217.38574581,1.11738209,16.553,16.582,0.03057,0.02975,-19.07,4.42,20.48,21.2,23.01,0.7468,38.619995,9.4,0.7,0.137,8.0,0.0,GAMA,,,,True,True,True
228433,1,3.0,217.38888972,1.10444656,217.38888972,1.10444656,16.497,16.476,0.03079,0.02997,-19.17,5.85,21.47,22.36,24.06,0.5625,119.64,9.33,0.56,0.136,8.0,0.0,GAMA,,,,False,True,True
228564,1,2.0,217.85247035,1.23438853,217.85247035,1.23438853,14.548,14.539,0.03083,0.03002,-21.16,4.38,19.3,20.52,22.12,0.4104,60.48001,10.65,1.21,0.147,8.0,0.0,GAMA,,,,False,True,True
228570,1,2.0,217.75731914,1.2428516,217.75731914,1.2428516,14.539,14.473,0.02698,0.02618,-20.89,7.51,20.76,21.77,23.43,0.1209,6.800003,10.13,0.7,0.147,8.0,0.0,GAMA,,,,False,True,True
228575,1,-9.0,217.87849304,1.11754195,217.87849304,1.11754195,17.607,17.617,0.03089,0.03008,-18.03,1.69,20.28,21.45,23.07,0.3436,109.619995,9.03,0.75,0.147,8.0,0.0,GAMA,,,,False,True,True
228608,1,2.5,217.90958026,1.12386604,217.90958026,1.12386604,16.864,16.876,0.0308,0.02999,-18.81,3.69,20.38,21.26,22.97,0.7384,72.380005,9.73,1.22,0.147,8.0,0.0,GAMA,,,,False,True,True
22862,1,3.0,179.30444456,1.18809898,179.30444456,1.18809898,17.955,17.957,0.04242,0.04118,-18.42,4.64,23.02,24.09,25.73,0.2487,50.73999,9.1,0.67,0.057,8.0,0.0,GAMA,,,,False,True,True
228708,1,0.0,218.45043403,1.18721545,218.45043403,1.18721545,16.204,16.21,0.09484,0.09399,-22.11,3.14,20.59,21.96,23.54,0.103,162.09,10.99,1.31,0.17,8.0,0.0,GAMA,,,,False,True,True
228740,1,2.0,218.61286202,1.08029573,218.61286202,1.08029573,15.827,15.799,0.0797,0.07887,-22.09,4.96,20.73,21.9,23.52,0.3884,59.380005,10.95,1.23,0.163,8.0,0.0,GAMA,,,,False,True,True
228767,1,-9.0,218.63083073,1.18792222,218.63083073,1.18792222,17.228,17.222,0.03113,0.03034,-18.46,1.33,19.56,20.51,22.19,0.2977,17.399994,9.11,0.64,0.168,8.0,0.0,GAMA,,,,False,True,True
22887,1,2.0,179.40256799,1.14077516,179.40256799,1.14077516,15.152,15.157,0.0375,0.03626,-20.97,6.05,20.24,21.21,22.88,0.5442,143.90001,10.47,1.09,0.065,8.0,0.0,GAMA,,,,False,True,True
229097,1,3.0,220.18233995,1.03376107,220.18233995,1.03376107,16.866,16.414,0.03516,0.03439,-19.6,3.97,21.56,22.44,24.15,0.395,25.18,9.68,0.74,0.165,8.0,0.0,GAMA,,,,False,True,True
229163,1,2.0,220.84274218,1.09811594,220.84274218,1.09811594,14.983,14.974,0.03886,0.0381,-21.24,5.2,20.22,20.92,22.74,0.3147,179.19,10.59,1.1,0.156,8.0,0.0,GAMA,,,,False,True,True
229164,1,0.5,220.7318824,1.15111779,220.7318824,1.15111779,15.603,15.6,0.05029,0.04952,-21.19,4.08,20.29,21.97,23.51,0.1239,18.859993,10.57,1.14,0.15,8.0,0.0,GAMA,,,,False,True,True
229167,2,2.5,220.78246138,1.10002105,220.78246138,1.10002105,15.461,15.43,0.03467,0.03391,-20.52,7.09,20.46,21.13,22.98,0.7033,15.75,10.2,0.97,0.156,8.0,0.0,GAMA,,,,True,True,True
229220,1,-9.0,221.22857872,1.03975596,221.22857872,1.03975596,17.746,17.695,0.03626,0.03551,-18.34,0.8,19.06,20.6,22.16,0.1613,160.03,9.37,1.04,0.157,8.0,0.0,GAMA,,,,False,True,True
229263,2,3.0,221.39772081,1.09317189,221.39772081,1.09317189,18.714,18.529,0.02717,0.02645,-16.79,1.96,21.94,22.87,24.56,0.2362,132.91,8.43,0.64,0.155,8.0,0.0,GAMA,,,,True,True,True
22932,1,3.0,179.63289033,1.13192419,179.63289033,1.13192419,16.792,16.789,0.04054,0.0393,-19.51,4.68,22.07,22.86,24.62,0.0237,46.83001,9.47,0.58,0.067,8.0,0.0,GAMA,,,,False,True,True
229335,1,3.0,221.95488809,1.05158142,221.95488809,1.05158142,15.354,15.367,0.02935,0.02862,-20.18,4.97,21.08,21.79,23.6,0.048,161.03,9.71,0.53,0.201,8.0,0.0,GAMA,,,,False,True,True
229369,1,3.0,222.10268756,1.03927113,222.10268756,1.03927113,18.145,18.148,0.02725,0.02654,-17.23,5.04,23.4,24.11,25.92,0.2897,18.600006,8.54,0.55,0.186,8.0,0.0,GAMA,,,,False,True,True
229461,1,3.0,222.9199726,1.10904825,222.9199726,1.10904825,18.005,17.847,0.04021,0.03948,-18.42,1.7,21.19,21.84,23.7,0.0979,74.350006,9.03,0.57,0.163,8.0,0.0,GAMA,,,,False,True,True
230174,1,3.0,178.74752807,1.85812136,178.74752807,1.85812136,17.794,17.664,0.0224,0.02076,-17.23,3.9,22.72,23.21,25.27,0.1867,109.97,8.48,0.45,0.086,8.0,0.0,GAMA,,,,False,True,True
230421,1,1.0,179.77182515,1.90992123,179.77182515,1.90992123,15.625,15.623,0.04869,0.04744,-21.11,2.58,18.99,20.3,21.89,0.4422,92.96,10.51,1.11,0.079,8.0,0.0,GAMA,,,,False,True,True
230455,1,0.5,179.89602352,1.8670652,179.89602352,1.8670652,15.856,15.83,0.07884,0.07756,-22.07,7.1,21.44,22.73,24.32,0.3455,26.160004,11.05,1.37,0.088,8.0,0.0,GAMA,,,,False,True,True
230556,1,0.0,180.3269596,1.89278283,180.3269596,1.89278283,15.978,15.98,0.07888,0.0776,-21.88,5.3,21.52,22.76,24.36,0.0672,73.56,10.97,1.34,0.102,8.0,0.0,GAMA,,,,False,True,True
230560,1,3.0,180.34542878,1.92574024,180.34542878,1.92574024,15.61,15.595,0.02043,0.01849,-19.15,6.27,21.6,22.57,24.25,0.0433,89.76,9.52,0.79,0.107,8.0,0.0,GAMA,,,,False,True,True
230567,1,1.0,180.40956494,1.99188263,180.40956494,1.99188263,14.682,14.6,0.04874,0.0475,-22.15,5.0,19.58,20.97,22.54,0.3618,7.269989,11.04,1.24,0.104,8.0,0.0,GAMA,,,,False,True,True
230634,1,2.0,180.67787172,1.95220866,180.67787172,1.95220866,14.192,13.731,0.01933,0.01728,-20.92,9.24,20.02,21.16,22.78,0.5606,148.45,10.54,1.17,0.084,8.0,0.0,GAMA,,,,False,True,True
230683,1,0.0,180.86975065,1.97642781,180.86975065,1.97642781,15.406,15.423,0.02221,0.02054,-19.52,4.57,20.61,21.73,23.36,0.0299,13.459991,9.94,1.13,0.088,8.0,0.0,GAMA,,,,False,True,True
23070,1,1.0,180.18146705,1.18217251,180.18146705,1.18217251,16.197,16.063,0.0804,0.07912,-21.85,2.88,19.9,21.27,22.85,0.3456,121.07,10.92,1.3,0.083,8.0,0.0,GAMA,,,,False,True,True
230714,1,2.5,180.9759373,1.89125907,180.9759373,1.89125907,14.866,14.717,0.02582,0.02451,-20.56,15.08,21.41,22.28,24.0,0.6699,133.74,10.18,0.91,0.101,8.0,0.0,GAMA,,,,False,True,True
230719,1,3.0,181.02041002,1.97178476,181.02041002,1.97178476,18.154,18.226,0.02525,0.0239,-16.99,2.5,21.21,22.05,23.78,0.6001,16.220001,8.75,0.91,0.102,8.0,0.0,GAMA,,,,False,True,True
23075,1,1.5,180.14910745,1.20629991,180.14910745,1.20629991,16.076,16.09,0.05011,0.04886,-20.7,3.83,20.07,20.88,22.62,0.5797,169.7,10.38,1.14,0.083,8.0,0.0,GAMA,,,,False,True,True
230774,1,3.0,181.09424323,1.86722172,181.09424323,1.86722172,18.045,18.254,0.01865,0.01654,-16.28,2.67,22.27,23.1,24.84,0.1039,6.1900024,8.56,1.01,0.101,8.0,0.0,GAMA,,,,False,True,True
230776,1,0.0,181.11277351,1.89596769,181.11277351,1.89596769,12.034,11.531,0.02151,0.01973,-23.36,33.05,20.57,21.88,23.47,0.3321,101.28001,11.6,1.27,0.102,8.0,0.0,GAMA,,,,False,True,True
230777,1,-9.0,181.12070968,1.89409255,181.12070968,1.89409255,14.014,15.305,0.02286,0.02128,-19.72,2.53,19.33,20.66,22.24,0.1292,149.14,10.08,1.2,0.102,8.0,0.0,GAMA,,,,False,True,True
230786,1,0.0,181.0545379,1.90016163,181.0545379,1.90016163,15.588,15.565,0.02105,0.01919,-19.27,2.37,19.25,20.33,21.97,0.2025,123.4,9.93,1.24,0.103,8.0,0.0,GAMA,,,,False,True,True
230787,1,0.0,181.06213957,1.86667151,181.06213957,1.86667151,16.739,16.774,0.02246,0.02083,-18.19,2.33,20.36,21.48,23.11,0.1909,129.74,9.34,1.05,0.101,8.0,0.0,GAMA,,,,False,True,True
230789,1,0.5,181.07218222,1.91745956,181.07218222,1.91745956,16.682,16.627,0.0227,0.0211,-18.38,1.11,18.56,19.64,21.28,0.3084,156.10999,9.52,1.18,0.103,8.0,0.0,GAMA,,,,False,True,True
230793,1,1.0,181.12279847,1.93997181,181.12279847,1.93997181,15.624,15.661,0.01935,0.0173,-18.97,4.51,20.0,21.12,22.74,0.5543,107.899994,9.73,1.14,0.102,8.0,0.0,GAMA,,,,False,True,True
230796,1,-9.0,181.1530494,1.89265457,181.1530494,1.89265457,17.072,16.681,0.02206,0.02037,-18.25,1.06,19.18,20.31,21.94,0.073,150.28,9.48,1.17,0.1,8.0,0.0,GAMA,,,,False,True,True
230797,1,0.0,181.15316312,1.91898482,181.15316312,1.91898482,17.852,17.827,0.02145,0.01966,-17.03,0.95,19.69,20.81,22.43,0.0549,130.70001,8.94,1.13,0.101,8.0,0.0,GAMA,,,,False,True,True
230813,1,3.0,181.17168489,1.99692268,181.17168489,1.99692268,17.62,17.49,0.02401,0.02256,-17.61,4.65,22.45,23.45,25.11,0.3042,153.77,9.02,0.93,0.098,8.0,0.0,GAMA,,,,False,True,True
23082,1,0.0,180.21030428,1.15764677,180.21030428,1.15764677,15.809,15.688,0.07983,0.07855,-22.21,3.05,19.85,21.47,23.02,0.087,110.74,11.08,1.34,0.084,8.0,0.0,GAMA,,,,False,True,True
230829,1,3.0,181.18902098,1.9201865,181.18902098,1.9201865,18.758,18.82,0.02144,0.01965,-16.0,2.18,22.46,23.2,24.99,0.0617,83.79999,8.37,0.93,0.099,8.0,0.0,GAMA,,,,False,True,True
230836,1,2.0,181.22197855,1.94227769,181.22197855,1.94227769,15.166,15.173,0.021,0.01914,-19.66,7.39,21.07,22.55,24.11,0.1619,100.2,10.03,1.17,0.095,8.0,0.0,GAMA,,,,False,True,True
230837,1,-9.0,181.2329212,1.90085506,181.2329212,1.90085506,17.056,17.106,0.02131,0.0195,-17.76,4.68,21.84,22.92,24.55,0.4072,118.66,9.24,1.12,0.095,8.0,0.0,GAMA,,,,False,True,True
230880,1,1.0,181.36470368,1.94811987,181.36470368,1.94811987,15.772,15.785,0.02057,0.01864,-19.0,4.89,20.63,21.68,23.33,0.4071,14.600006,9.7,1.09,0.09,8.0,0.0,GAMA,,,,False,True,True
230884,1,3.0,181.45025652,1.97169315,181.45025652,1.97169315,18.023,17.954,0.02271,0.02111,-17.09,3.71,22.37,23.44,25.08,0.3532,169.12,8.78,0.93,0.104,8.0,0.0,GAMA,,,,False,True,True
230898,1,-9.0,181.57793379,1.91580561,181.57793379,1.91580561,19.575,19.089,0.02099,0.01912,-16.04,3.68,23.2,24.61,26.18,0.5145,62.270004,8.71,1.15,0.1,8.0,0.0,GAMA,,,,False,True,True
230901,1,3.0,181.49899309,1.88578827,181.49899309,1.88578827,16.87,16.823,0.02129,0.01948,-18.01,9.91,22.33,23.04,24.85,0.826,53.170013,9.28,1.05,0.095,8.0,0.0,GAMA,,,,False,True,True
231024,1,3.0,182.13020547,1.90942501,182.13020547,1.90942501,15.306,15.248,0.02232,0.02067,-19.7,14.3,21.09,21.79,23.61,0.8438,125.64,10.04,1.15,0.105,8.0,0.0,GAMA,,,,False,True,True
23117,1,1.5,180.40771265,1.1979921,180.40771265,1.1979921,15.362,15.362,0.0832,0.08191,-22.62,7.31,21.08,22.5,24.07,0.2802,30.600006,11.14,1.2,0.083,8.0,0.0,GAMA,,,,False,True,True
231528,1,1.5,184.20647152,1.90790595,184.20647152,1.90790595,15.998,15.914,0.07848,0.07722,-21.94,13.29,22.7,24.56,26.09,0.2746,91.37,10.96,1.32,0.09,8.0,0.0,GAMA,,,,False,True,True
23225,1,1.5,180.87304073,1.22935008,180.87304073,1.22935008,14.5,14.461,0.02179,0.02005,-20.44,6.83,20.37,21.79,23.36,0.2362,155.45999,10.3,1.12,0.07,8.0,0.0,GAMA,,,,False,True,True
23259,1,2.5,180.96362386,1.13035586,180.96362386,1.13035586,17.449,17.341,0.0839,0.08262,-20.68,7.45,21.57,22.59,24.24,0.8459,89.850006,10.52,1.37,0.067,3.0,0.0,GAMA,,,,False,True,True
23265,1,0.0,180.91580293,1.20458191,180.91580293,1.20458191,15.944,15.869,0.07926,0.07798,-22.02,3.02,20.21,21.6,23.18,0.1177,107.19,11.0,1.34,0.068,8.0,0.0,GAMA,,,,False,True,True
23337,1,2.5,181.22756826,1.21560603,181.22756826,1.21560603,15.7,15.672,0.02286,0.02128,-19.33,6.26,21.27,21.99,23.8,0.2991,140.44,9.74,0.97,0.067,8.0,0.0,GAMA,,,,False,True,True
23341,1,0.0,181.2276879,1.23408229,181.2276879,1.23408229,15.912,15.892,0.07961,0.07833,-22.02,3.36,20.27,21.64,23.22,0.1526,127.399994,11.01,1.35,0.067,8.0,0.0,GAMA,,,,False,True,True
23519,1,3.0,181.78338383,1.07722864,181.78338383,1.07722864,18.754,18.754,0.02284,0.02125,-16.22,3.59,23.28,24.24,25.92,0.1557,49.73001,8.39,0.84,0.093,8.0,0.0,GAMA,,,,False,True,True
23565,1,2.0,182.20693056,1.1918103,182.20693056,1.1918103,15.53,15.534,0.03832,0.0371,-20.64,4.65,20.17,21.32,22.94,0.4506,39.78,10.31,1.06,0.097,8.0,0.0,GAMA,,,,False,True,True
23578,1,3.0,182.14188243,1.2016423,182.14188243,1.2016423,18.212,18.28,0.02241,0.02076,-16.67,4.81,21.69,22.52,24.26,0.8466,43.78,8.44,0.69,0.099,8.0,0.0,GAMA,,,,False,True,True
23591,1,3.0,182.27582522,1.10576346,182.27582522,1.10576346,17.577,17.589,0.02647,0.02519,-17.72,1.48,20.28,21.25,22.92,0.1544,86.32,8.9,0.74,0.104,8.0,0.0,GAMA,,,,False,True,True
23593,1,3.0,182.32194058,1.15158193,182.32194058,1.15158193,18.025,18.042,0.02159,0.01982,-16.79,2.42,21.4,22.52,24.15,0.3895,69.609985,8.51,0.73,0.104,8.0,0.0,GAMA,,,,False,True,True
23619,1,1.5,182.39664405,1.13114534,182.39664405,1.13114534,16.1,15.991,0.07776,0.07649,-21.86,3.79,19.74,21.15,22.73,0.624,71.09999,10.98,1.39,0.109,8.0,0.0,GAMA,,,,False,True,True
23623,1,1.0,182.42032848,1.17285043,182.42032848,1.17285043,15.15,15.007,0.079,0.07773,-22.88,14.6,22.11,23.65,25.21,0.3747,9.950012,11.36,1.36,0.108,8.0,0.0,GAMA,,,,False,True,True
23669,1,3.0,182.65519906,1.06494185,182.65519906,1.06494185,17.206,17.159,0.02315,0.0216,-17.84,2.98,23.16,23.52,25.88,0.5622,9.269989,8.75,0.51,0.107,8.0,0.0,GAMA,,,,False,True,True
23737,1,3.0,182.76848439,1.1190535,182.76848439,1.1190535,18.845,18.87,0.02202,0.02032,-16.06,2.83,23.03,23.76,25.56,0.1671,15.399994,8.35,0.85,0.101,8.0,0.0,GAMA,,,,False,True,True
237990,1,3.0,212.85502927,1.63749718,212.85502927,1.63749718,17.67,17.632,0.02612,0.02521,-17.63,4.12,21.69,22.5,24.25,0.6603,75.09,8.57,0.4,0.18,8.0,0.0,GAMA,,,,False,True,True
238072,1,3.0,213.15764735,1.61565258,213.15764735,1.61565258,16.665,16.679,0.02671,0.02582,-18.69,8.83,21.95,22.96,24.62,0.7795,33.089996,9.16,0.59,0.163,8.0,0.0,GAMA,,,,False,True,True
238080,3,3.0,213.12487714,1.58770055,213.12487714,1.58770055,18.459,18.456,0.02698,0.02609,-16.88,1.83,21.29,21.84,23.81,0.4431,19.86,8.33,0.47,0.162,8.0,0.0,GAMA,,,,True,True,True
238085,1,3.0,213.16654452,1.75490355,213.16654452,1.75490355,15.666,15.631,0.01911,0.01769,-18.97,7.98,21.99,22.58,24.51,0.3434,108.89001,9.21,0.5,0.191,8.0,0.0,GAMA,,,,False,True,True
238094,1,3.0,213.24190684,1.71251992,213.24190684,1.71251992,16.323,16.333,0.02682,0.02593,-19.02,7.78,22.11,23.03,24.73,0.5309,156.65,9.17,0.43,0.177,8.0,0.0,GAMA,,,,False,True,True
238125,3,3.0,213.32890889,1.66440168,213.32890889,1.66440168,16.042,16.031,0.02677,0.02588,-19.3,8.68,20.97,21.59,23.48,0.8247,130.04999,9.5,0.72,0.173,8.0,0.0,GAMA,,,,True,True,True
238131,1,3.0,213.39950594,1.73627399,213.39950594,1.73627399,16.791,16.81,0.0265,0.02561,-18.49,3.39,20.69,21.55,23.27,0.5578,22.970001,9.13,0.64,0.196,8.0,0.0,GAMA,,,,False,True,True
238164,1,3.0,213.44665007,1.74971467,213.44665007,1.74971467,16.73,16.727,0.02644,0.02555,-18.61,5.62,22.26,22.98,24.78,0.2355,68.58,8.99,0.42,0.203,8.0,0.0,GAMA,,,,False,True,True
238203,1,1.5,213.57276397,1.76955801,213.57276397,1.76955801,17.154,17.246,0.05543,0.05453,-19.77,3.86,21.53,22.92,24.49,0.3546,84.92999,10.02,1.18,0.207,8.0,0.0,GAMA,,,,False,True,True
238204,1,2.0,213.59116389,1.74089207,213.59116389,1.74089207,15.753,15.765,0.0551,0.0542,-21.21,4.57,20.38,21.7,23.29,0.4529,161.85,10.65,1.21,0.203,8.0,0.0,GAMA,,,,False,True,True
238211,1,0.0,213.63597383,1.73160035,213.63597383,1.73160035,14.843,14.881,0.05396,0.05307,-22.1,3.34,19.59,20.94,22.52,0.0702,45.370003,11.04,1.29,0.2,8.0,0.0,GAMA,,,,False,True,True
238212,1,0.0,213.63569528,1.7337626,213.63569528,1.7337626,15.287,15.214,0.05499,0.0541,-21.82,2.25,19.28,20.73,22.3,0.0315,169.09,10.9,1.26,0.2,8.0,0.0,GAMA,,,,False,True,True
238213,1,1.5,213.63225508,1.72964628,213.63225508,1.72964628,15.078,14.846,0.05449,0.0536,-22.16,8.47,21.34,22.84,24.4,0.2131,36.729996,11.04,1.25,0.2,8.0,0.0,GAMA,,,,False,True,True
238214,3,0.5,213.62610101,1.73115722,213.62610101,1.73115722,17.629,17.039,0.05393,0.05304,-19.95,1.11,19.62,20.62,22.29,0.2028,27.330002,10.13,1.21,0.2,8.0,0.0,GAMA,,,,True,True,True
238216,1,1.5,213.63109701,1.75889226,213.63109701,1.75889226,17.289,17.172,0.05794,0.05704,-19.88,4.36,21.09,21.94,23.66,0.7266,10.190002,10.18,1.31,0.202,8.0,0.0,GAMA,,,,False,True,True
238221,1,3.0,213.66331423,1.68357621,213.66331423,1.68357621,16.53,16.541,0.05468,0.05379,-20.43,6.09,21.2,21.98,23.75,0.7108,146.37,10.22,1.06,0.195,8.0,0.0,GAMA,,,,False,True,True
238276,1,1.0,213.76379677,1.65231095,213.76379677,1.65231095,15.807,15.75,0.05557,0.05468,-21.29,2.14,18.54,19.9,21.48,0.5738,9.429993,10.58,1.13,0.175,8.0,0.0,GAMA,,,,False,True,True
238282,1,1.0,213.81396578,1.73135537,213.81396578,1.73135537,16.038,16.058,0.0549,0.05401,-20.93,4.08,20.48,21.82,23.4,0.3792,32.200012,10.48,1.17,0.164,8.0,0.0,GAMA,,,,False,True,True
238325,1,0.5,213.95445523,1.71980763,213.95445523,1.71980763,16.731,16.752,0.05495,0.05406,-20.23,3.68,20.98,22.47,24.03,0.3374,87.78,10.18,1.14,0.159,8.0,0.0,GAMA,,,,False,True,True
238328,1,3.0,213.96582061,1.58637871,213.96582061,1.58637871,17.492,17.519,0.02627,0.02538,-17.75,2.44,21.07,21.59,23.61,0.3558,147.35,8.82,0.62,0.144,8.0,0.0,GAMA,,,,False,True,True
238350,1,2.0,214.09509666,1.59117526,214.09509666,1.59117526,14.794,14.76,0.05471,0.05382,-22.26,11.91,21.59,23.2,24.76,0.2177,163.48,11.09,1.26,0.142,8.0,0.0,GAMA,,,,False,True,True
238351,1,2.0,214.08973116,1.59468247,214.08973116,1.59468247,17.236,17.01,0.05498,0.05409,-20.01,2.79,20.98,21.78,23.53,0.4717,22.970001,10.14,1.19,0.141,8.0,0.0,GAMA,,,,False,True,True
238358,1,2.0,214.12842063,1.61888413,214.12842063,1.61888413,14.885,14.873,0.05474,0.05385,-22.11,8.0,20.92,22.29,23.87,0.253,135.37,10.78,0.93,0.15,8.0,0.0,GAMA,,,,False,True,True
238360,1,3.0,214.01850309,1.74886286,214.01850309,1.74886286,16.86,16.884,0.05657,0.05568,-20.19,4.38,20.83,21.6,23.37,0.7005,49.130005,10.15,1.12,0.164,8.0,0.0,GAMA,,,,False,True,True
238369,1,2.5,214.14246706,1.62815374,214.14246706,1.62815374,16.737,16.725,0.05682,0.05593,-20.37,4.48,20.56,21.42,23.14,0.7532,7.01001,10.18,1.05,0.154,8.0,0.0,GAMA,,,,False,True,True
238395,1,3.0,214.24318993,1.64043038,214.24318993,1.64043038,15.027,14.764,0.02595,0.02506,-20.5,4.11,19.87,20.7,22.44,0.1814,74.869995,9.87,0.57,0.162,8.0,0.0,GAMA,,,,False,True,True
238398,1,-9.0,214.26069847,1.56737501,214.26069847,1.56737501,17.11,17.109,0.05763,0.05674,-19.99,2.39,20.69,22.11,23.68,0.1826,178.74,10.04,1.09,0.146,8.0,0.0,GAMA,,,,False,True,True
238406,1,3.0,214.20244045,1.75963445,214.20244045,1.75963445,15.683,15.722,0.05673,0.05584,-21.34,6.77,21.65,22.42,24.19,0.3745,21.910004,10.45,0.92,0.157,8.0,0.0,GAMA,,,,False,True,True
238412,1,1.0,214.25389026,1.66315035,214.25389026,1.66315035,15.478,15.349,0.05622,0.05533,-21.73,2.6,18.27,19.67,21.25,0.6809,108.26,10.88,1.28,0.163,8.0,0.0,GAMA,,,,False,True,True
238453,1,0.5,214.30321406,1.71399133,214.30321406,1.71399133,15.731,15.718,0.05546,0.05458,-21.32,3.29,20.12,21.49,23.07,0.1013,19.169998,10.69,1.24,0.161,8.0,0.0,GAMA,,,,False,True,True
238458,2,0.0,214.34860454,1.64469621,214.34860454,1.64469621,15.238,15.081,0.07843,0.07753,-22.78,6.69,20.92,22.53,24.08,0.0787,49.51999,11.28,1.3,0.158,8.0,0.0,GAMA,,,,True,True,True
238496,1,1.5,214.47222209,1.63964903,214.47222209,1.63964903,16.954,16.957,0.05544,0.05456,-20.07,5.31,21.2,22.14,23.83,0.7284,77.22,10.13,1.16,0.142,8.0,0.0,GAMA,,,,False,True,True
238500,2,0.0,214.4985581,1.70716045,214.4985581,1.70716045,16.903,16.894,0.05498,0.0541,-20.12,1.62,19.65,21.3,22.85,0.1543,23.020004,10.18,1.19,0.139,8.0,0.0,GAMA,,,,True,True,True
23865,1,3.0,183.40604917,1.06396007,183.40604917,1.06396007,17.068,17.23,0.00695,0.00494,-15.16,15.96,24.35,25.54,27.15,0.6165,117.21,7.88,0.71,0.121,8.0,0.0,GAMA,,,,False,True,True
23868,1,3.0,183.29129534,1.19232799,183.29129534,1.19232799,17.611,17.624,0.0229,0.02132,-17.37,1.83,20.7,21.38,23.22,0.2515,27.62001,8.67,0.63,0.132,8.0,0.0,GAMA,,,,False,True,True
238922,1,0.0,215.7872446,1.67158066,215.7872446,1.67158066,13.937,13.869,0.02702,0.02618,-21.52,6.33,19.53,21.06,22.62,0.1972,127.53,10.74,1.13,0.123,8.0,0.0,GAMA,,,,False,True,True
239092,1,3.0,216.40870223,1.60042781,216.40870223,1.60042781,15.634,15.537,0.03945,0.03861,-20.7,9.75,22.5,23.52,25.18,0.2268,142.5,9.99,0.63,0.114,8.0,0.0,GAMA,,,,False,True,True
239109,1,2.0,216.54178891,1.60488788,216.54178891,1.60488788,15.464,15.457,0.08622,0.08535,-22.61,6.41,20.8,21.83,23.48,0.4547,70.01999,11.12,1.18,0.117,8.0,0.0,GAMA,,,,False,True,True
239172,2,3.0,216.68225,1.62607325,216.68225,1.62607325,18.967,18.967,0.02978,0.02896,-16.58,2.56,22.22,22.72,24.77,0.5506,11.929993,8.22,0.47,0.115,8.0,0.0,GAMA,,,,True,True,True
239249,2,3.0,217.01837565,1.63906305,217.01837565,1.63906305,16.885,16.931,0.02983,0.02901,-18.65,3.46,20.25,20.64,22.93,0.7536,126.02,9.36,0.84,0.118,8.0,0.0,GAMA,,,,True,True,True
239292,2,0.5,217.19993103,1.69292605,217.19993103,1.69292605,16.825,16.837,0.04906,0.04823,-19.89,1.92,19.58,20.25,22.1,0.4923,70.380005,10.0,1.07,0.126,8.0,0.0,GAMA,,,,True,True,True
239376,2,3.0,217.52015311,1.53684563,217.52015311,1.53684563,15.93,15.897,0.02794,0.02714,-19.55,7.93,21.23,22.02,23.78,0.6775,176.11,9.58,0.68,0.131,8.0,0.0,GAMA,,,,True,True,True
239490,1,3.0,217.99756757,1.58139943,217.99756757,1.58139943,16.712,16.678,0.03057,0.02977,-18.97,5.66,22.3,23.16,24.88,0.191,174.20999,9.21,0.51,0.15,8.0,0.0,GAMA,,,,False,True,True
239560,1,2.5,218.20944941,1.54247381,218.20944941,1.54247381,15.359,15.326,0.02792,0.02714,-20.14,4.7,19.03,19.66,21.54,0.8159,40.869995,10.16,1.11,0.166,8.0,0.0,GAMA,,,,False,True,True
240108,1,3.0,220.62338103,1.50040202,220.62338103,1.50040202,14.466,14.454,0.00777,0.00652,-18.17,7.37,20.32,21.06,22.85,0.4237,71.57001,9.02,0.65,0.154,8.0,0.0,GAMA,,,,False,True,True
24013,1,2.5,184.0186558,1.18042753,184.0186558,1.18042753,14.928,14.772,0.05126,0.05003,-22.05,6.18,20.49,21.35,23.07,0.2329,33.33,10.58,0.7,0.101,8.0,0.0,GAMA,,,,False,True,True
240202,1,3.0,221.12827673,1.52201141,221.12827673,1.52201141,14.914,14.816,0.00576,0.00475,-17.13,10.75,22.73,23.93,25.54,0.2089,159.04999,8.66,0.7,0.147,8.0,0.0,GAMA,,,,False,True,True
240205,2,3.0,221.17579527,1.44970087,221.17579527,1.44970087,17.061,17.04,0.03897,0.03821,-19.14,5.87,21.68,22.41,24.21,0.6905,59.92,9.39,0.66,0.144,8.0,0.0,GAMA,,,,True,True,True
240227,2,2.5,221.25093104,1.40853686,221.25093104,1.40853686,15.241,15.235,0.03459,0.03384,-20.7,7.21,21.3,22.05,23.84,0.2358,35.009995,10.16,0.83,0.148,8.0,0.0,GAMA,,,,True,True,True
240263,1,2.5,221.62526064,1.47367452,221.62526064,1.47367452,17.707,17.751,0.03389,0.03315,-18.14,2.87,20.48,20.97,23.02,0.7872,131.76,9.27,1.01,0.152,8.0,0.0,GAMA,,,,False,True,True
240352,1,1.5,222.04373657,1.36720303,222.04373657,1.36720303,16.381,16.385,0.02957,0.02884,-19.22,3.68,19.56,20.34,22.1,0.8012,66.70999,9.86,1.2,0.174,8.0,0.0,GAMA,,,,False,True,True
240432,1,2.0,222.46885792,1.46052695,222.46885792,1.46052695,15.226,15.236,0.04958,0.04884,-21.54,9.01,20.55,21.62,23.26,0.7332,81.350006,10.8,1.24,0.171,8.0,0.0,GAMA,,,,False,True,True
240449,1,3.0,222.54305507,1.38347725,222.54305507,1.38347725,15.388,15.328,0.04495,0.04421,-21.19,4.52,20.77,21.39,23.28,0.0868,8.460007,10.22,0.68,0.169,8.0,0.0,GAMA,,,,False,True,True
24414,1,3.0,185.53729324,1.11275476,185.53729324,1.11275476,18.202,18.223,0.02429,0.02288,-16.93,4.91,23.3,23.77,25.87,0.2963,2.050003,8.35,0.46,0.086,8.0,0.0,GAMA,,,,False,True,True
24433,1,3.0,185.7224558,1.24132179,185.7224558,1.24132179,17.181,17.193,0.02899,0.0278,-18.33,3.96,20.69,21.28,23.2,0.7626,39.440002,9.14,0.74,0.08,8.0,0.0,GAMA,,,,False,True,True
250179,1,-9.0,214.20043724,1.98470113,214.20043724,1.98470113,16.624,16.611,0.0524,0.05152,-20.27,2.71,20.46,21.86,23.44,0.1686,26.940002,10.19,1.13,0.157,8.0,0.0,GAMA,,,,False,True,True
250183,1,0.5,214.23885064,1.9748295,214.23885064,1.9748295,17.025,16.976,0.05973,0.05884,-20.24,0.85,18.56,19.93,21.51,0.1163,58.589996,10.23,1.22,0.151,8.0,0.0,GAMA,,,,False,True,True
250192,2,1.5,214.30230451,1.9919127,214.30230451,1.9919127,15.79,15.765,0.05685,0.05597,-21.32,4.66,19.96,21.19,22.79,0.6496,138.29,10.67,1.23,0.152,8.0,0.0,GAMA,,,,True,True,True
250243,1,0.0,214.36319761,1.98847815,214.36319761,1.98847815,17.066,17.06,0.05535,0.05447,-19.93,2.31,20.56,22.08,23.64,0.1681,64.62999,10.07,1.15,0.149,8.0,0.0,GAMA,,,,False,True,True
250277,1,3.0,214.43384317,1.98130786,214.43384317,1.98130786,16.38,16.349,0.05899,0.05811,-20.77,4.47,21.37,22.52,24.14,0.2895,135.48001,10.01,0.64,0.144,8.0,0.0,GAMA,,,,False,True,True
250466,2,2.5,214.76664269,1.99121438,214.76664269,1.99121438,17.019,17.024,0.05505,0.05417,-19.98,3.47,20.56,21.29,23.09,0.6766,142.97,10.12,1.17,0.13,8.0,0.0,GAMA,,,,True,True,True
250473,2,2.0,214.82782609,1.97215985,214.82782609,1.97215985,15.924,15.892,0.08549,0.08459,-22.19,3.59,20.12,21.42,23.01,0.5103,131.06,11.03,1.3,0.125,8.0,0.0,GAMA,,,,True,True,True
251297,1,3.0,218.11955951,1.91052243,218.11955951,1.91052243,16.166,16.161,0.03123,0.03043,-19.55,6.17,21.7,22.62,24.31,0.3048,21.51001,9.52,0.6,0.131,8.0,0.0,GAMA,,,,False,True,True
251367,1,3.0,218.23408578,1.89579906,218.23408578,1.89579906,17.209,17.2,0.03058,0.02978,-18.43,3.46,22.0,22.54,24.53,0.2963,95.88,9.04,0.56,0.143,8.0,0.0,GAMA,,,,False,True,True
251887,1,2.0,220.95547809,1.92599891,220.95547809,1.92599891,14.623,14.579,0.0794,0.07861,-23.29,11.77,21.19,22.13,23.81,0.4936,136.05,11.35,1.11,0.151,8.0,0.0,GAMA,,,,False,True,True
252005,1,2.0,221.74436153,1.83982207,221.74436153,1.83982207,15.244,15.246,0.03451,0.03377,-20.7,5.17,19.99,20.78,22.54,0.5553,172.51,10.37,1.11,0.152,8.0,0.0,GAMA,,,,False,True,True
252008,1,-9.0,221.73560528,1.94827594,221.73560528,1.94827594,18.355,18.339,0.0346,0.03386,-17.56,3.28,21.77,22.88,24.51,0.6433,102.01,9.04,1.01,0.168,8.0,0.0,GAMA,,,,False,True,True
252021,1,2.0,221.86540925,1.91810129,221.86540925,1.91810129,15.596,15.581,0.03462,0.03388,-20.35,3.4,19.74,20.56,22.3,0.4504,144.08,10.12,0.96,0.16,8.0,0.0,GAMA,,,,False,True,True
252057,1,0.5,222.0074133,1.9368577,222.0074133,1.9368577,16.378,16.343,0.03345,0.03271,-19.54,2.48,19.92,21.59,23.13,0.2147,166.29001,9.91,1.12,0.144,8.0,0.0,GAMA,,,,False,True,True
252074,1,3.0,221.9682299,1.80222596,221.9682299,1.80222596,18.508,18.262,0.02915,0.02843,-17.29,5.08,23.43,24.08,25.94,0.4201,150.48001,8.58,0.56,0.145,8.0,0.0,GAMA,,,,False,True,True
252091,1,3.0,222.15956215,1.87144621,222.15956215,1.87144621,16.969,16.809,0.03507,0.03434,-19.12,10.09,22.29,23.11,24.85,0.7337,110.05,9.37,0.65,0.15,8.0,0.0,GAMA,,,,False,True,True
271385,1,2.0,174.11702391,1.30648916,174.11702391,1.30648916,15.864,15.848,0.07574,0.07444,-21.93,5.84,20.89,22.53,24.07,0.4188,171.16,10.96,1.32,0.087,8.0,0.0,GAMA,,,,False,True,True
271387,1,1.0,174.13639304,1.37981204,174.13639304,1.37981204,16.028,15.913,0.07632,0.07502,-21.88,3.6,20.36,21.37,23.03,0.4745,60.72,10.93,1.29,0.095,8.0,0.0,GAMA,,,,False,True,True
271431,1,1.5,174.2196056,1.28150871,174.2196056,1.28150871,17.013,17.004,0.07556,0.07426,-20.76,2.02,19.91,20.78,22.49,0.4743,74.020004,10.51,1.34,0.089,3.0,0.0,GAMA,,,,False,True,True
271455,1,2.0,174.3861515,1.2808676,174.3861515,1.2808676,16.144,16.072,0.07774,0.07644,-21.79,5.48,20.4,21.82,23.39,0.6843,11.290009,10.97,1.4,0.103,8.0,0.0,GAMA,,,,False,True,True
271465,1,3.0,,,,,,,,,,,,,,,,,,,,,,,,,False,True,False
271481,1,1.5,174.45308346,1.27807558,174.45308346,1.27807558,16.453,16.441,0.11346,0.11211,-22.35,6.29,21.75,22.97,24.57,0.4015,155.41,11.18,1.46,0.102,4.0,0.0,GAMA,,,,False,True,True
271538,1,0.5,174.66458445,1.26476587,174.66458445,1.26476587,15.927,15.811,0.07764,0.07634,-22.01,3.38,20.22,21.59,23.17,0.2246,133.8,10.97,1.29,0.094,8.0,0.0,GAMA,,,,False,True,True
271562,1,3.0,174.75468445,1.33656696,174.75468445,1.33656696,16.471,16.172,0.00728,0.00534,-16.26,4.58,21.18,21.9,23.7,0.4113,40.45999,7.82,0.12,0.086,8.0,0.0,GAMA,,,,False,True,True
271610,1,1.5,175.05716532,1.37646384,175.05716532,1.37646384,18.203,18.232,0.04198,0.04072,-18.15,1.22,19.89,21.06,22.68,0.4975,179.47,9.38,1.13,0.089,8.0,0.0,GAMA,,,,False,True,True
272190,1,0.0,178.24168855,1.2878002,178.24168855,1.2878002,15.853,15.832,0.08224,0.08094,-22.13,3.7,20.37,21.9,23.46,0.1251,97.149994,10.96,1.23,0.077,8.0,0.0,GAMA,,,,False,True,True
272298,1,2.0,178.72734765,1.37270502,178.72734765,1.37270502,16.139,16.125,0.07861,0.07732,-21.76,6.09,20.15,21.13,22.8,0.8213,85.369995,10.99,1.44,0.067,8.0,0.0,GAMA,,,,False,True,True
272439,1,1.0,179.47792326,1.27700306,179.47792326,1.27700306,15.851,15.862,0.05017,0.04892,-20.93,3.81,19.78,21.15,22.73,0.5368,76.21002,10.49,1.17,0.065,8.0,0.0,GAMA,,,,False,True,True
272443,1,2.0,179.49493357,1.36891024,179.49493357,1.36891024,15.733,15.73,0.07958,0.07829,-22.16,5.98,20.8,21.92,23.55,0.4775,133.25,11.01,1.28,0.066,8.0,0.0,GAMA,,,,False,True,True
272488,1,0.5,179.63940534,1.36999894,179.63940534,1.36999894,16.26,16.28,0.04974,0.04849,-20.5,2.01,19.45,20.82,22.4,0.1975,45.23999,10.33,1.19,0.073,8.0,0.0,GAMA,,,,False,True,True
272543,1,3.0,179.85257042,1.43406203,179.85257042,1.43406203,15.285,15.268,0.04856,0.04731,-21.44,13.0,21.96,22.81,24.53,0.4496,28.220001,10.44,0.83,0.078,8.0,0.0,GAMA,,,,False,True,True
272571,1,3.0,179.91612353,1.3694597,179.91612353,1.3694597,17.459,17.407,0.02806,0.02682,-18.06,5.28,22.86,23.54,25.38,0.1867,133.18,8.92,0.59,0.081,8.0,0.0,GAMA,,,,False,True,True
272667,1,3.0,180.38184103,1.29585792,180.38184103,1.29585792,15.976,15.912,0.02414,0.0227,-19.2,7.64,22.0,22.69,24.52,0.2725,71.81,9.47,0.71,0.078,8.0,0.0,GAMA,,,,False,True,True
272748,1,3.0,180.73716247,1.39380844,180.73716247,1.39380844,17.663,17.686,0.02466,0.02326,-17.46,1.58,20.38,21.27,22.98,0.2689,37.170013,8.6,0.49,0.076,8.0,0.0,GAMA,,,,False,True,True
272820,1,0.0,180.96505859,1.29506537,180.96505859,1.29506537,16.442,16.407,0.08444,0.08315,-21.61,3.11,20.62,22.05,23.62,0.0754,176.87,10.82,1.32,0.071,3.0,0.0,GAMA,,,,False,True,True
272822,1,3.0,180.99822755,1.41084966,180.99822755,1.41084966,14.597,14.444,0.02378,0.0223,-20.66,7.2,21.36,23.26,24.8,0.2558,175.76001,10.22,0.92,0.087,8.0,0.0,GAMA,,,,False,True,True
272831,1,0.5,181.00820693,1.44487385,181.00820693,1.44487385,15.627,15.549,0.0848,0.08352,-22.49,3.75,20.29,21.78,23.34,0.1529,112.159996,11.17,1.32,0.089,8.0,0.0,GAMA,,,,False,True,True
272833,1,0.5,181.01475603,1.37358943,181.01475603,1.37358943,16.152,16.164,0.08379,0.08251,-21.85,4.44,20.91,22.35,23.92,0.2729,48.270004,10.92,1.33,0.084,8.0,0.0,GAMA,,,,False,True,True
272990,1,0.5,181.69677946,1.28606075,181.69677946,1.28606075,15.113,15.1,0.04241,0.04118,-21.3,4.16,19.76,21.17,22.74,0.2542,2.869995,10.59,1.08,0.11,8.0,0.0,GAMA,,,,False,True,True
272995,1,1.5,181.66410599,1.28424347,181.66410599,1.28424347,14.939,14.944,0.02003,0.01804,-19.78,14.49,21.52,23.11,24.66,0.5402,137.08,10.01,1.08,0.105,8.0,0.0,GAMA,,,,False,True,True
272996,1,3.0,181.66756849,1.33397184,181.66756849,1.33397184,17.43,17.45,0.02362,0.02213,-17.6,3.77,21.67,22.31,24.18,0.4891,149.03,8.76,0.62,0.103,8.0,0.0,GAMA,,,,False,True,True
273092,1,3.0,181.99997519,1.39593266,181.99997519,1.39593266,15.342,15.311,0.03866,0.03743,-20.86,7.59,21.72,22.66,24.35,0.2491,150.95001,10.07,0.65,0.11,8.0,0.0,GAMA,,,,False,True,True
273242,1,3.0,182.7952514,1.4416806,182.7952514,1.4416806,17.62,17.546,0.02105,0.01919,-17.26,6.26,23.15,23.88,25.68,0.1501,122.19,8.68,0.7,0.093,8.0,0.0,GAMA,,,,False,True,True
273256,1,1.5,182.92730734666668,1.35203449,182.92814068,1.35203449,18.592,18.464,0.02216,0.02048,-16.45,4.16,22.99,23.72,25.52,0.4617,179.10999,8.24,0.56,0.11,8.0,5.0,GAMA,,,,False,True,True
273296,1,3.0,182.99771303,1.35003785,182.99771303,1.35003785,15.13,15.102,0.02253,0.0209,-19.85,11.16,21.62,22.56,24.25,0.4642,170.81,9.56,0.51,0.113,8.0,0.0,GAMA,,,,False,True,True
273309,1,3.0,183.03838927,1.31148674,183.03838927,1.31148674,16.257,16.221,0.02193,0.02021,-18.67,7.77,22.58,23.43,25.16,0.1146,6.470001,9.24,0.69,0.114,8.0,0.0,GAMA,,,,False,True,True
273336,1,1.0,183.21714364,1.29968987,183.21714364,1.29968987,11.13,10.775,0.00549,0.00411,-21.11,23.43,18.51,19.74,21.35,0.6419,143.2,10.62,1.15,0.126,8.0,0.0,GAMA,,,,False,True,True
273514,1,3.0,183.89463027,1.28643311,183.89463027,1.28643311,17.032,17.05,0.0228,0.02121,-17.92,1.54,19.79,20.65,22.37,0.2333,170.47,8.64,0.33,0.086,8.0,0.0,GAMA,,,,False,True,True
273577,1,3.0,184.17736587,1.40508812,184.17736587,1.40508812,18.103,18.107,0.02313,0.02159,-16.89,5.25,23.02,23.82,25.57,0.4564,18.699997,8.35,0.47,0.089,8.0,0.0,GAMA,,,,False,True,True
273654,1,1.0,184.72433477,1.26600787,184.72433477,1.26600787,15.41,15.353,0.07569,0.07444,-22.41,8.15,21.24,22.71,24.28,0.3446,26.290009,11.15,1.31,0.081,8.0,0.0,GAMA,,,,False,True,True
273750,1,3.0,185.18526162,1.36566657,185.18526162,1.36566657,17.063,17.028,0.03369,0.03249,-18.84,4.67,21.43,22.12,23.95,0.6075,26.619995,9.12,0.46,0.087,8.0,0.0,GAMA,,,,False,True,True
273845,1,0.0,185.48441237,1.38252552,185.48441237,1.38252552,15.344,15.288,0.07997,0.07872,-22.62,5.73,20.84,22.19,23.77,0.0314,127.91,11.24,1.33,0.081,8.0,0.0,GAMA,,,,False,True,True
273850,1,1.0,185.5101319,1.39499888,185.5101319,1.39499888,15.673,15.64,0.0823,0.08105,-22.33,4.14,20.2,21.67,23.24,0.3183,38.87001,11.14,1.35,0.08,8.0,0.0,GAMA,,,,False,True,True
273889,1,1.5,185.55383012,1.42761301,185.55383012,1.42761301,15.964,15.995,0.08066,0.07941,-21.95,5.12,20.87,21.94,23.58,0.4688,105.270004,11.08,1.45,0.077,8.0,0.0,GAMA,,,,False,True,True
273925,1,3.0,185.68878365,1.27522975,185.68878365,1.27522975,19.496,16.15,0.02952,0.02833,-19.41,5.34,21.01,21.71,23.53,0.61,152.09999,9.1,0.16,0.08,8.0,0.0,GAMA,,,,False,True,True
273951,1,3.0,185.93037189,1.31108777,185.93037189,1.31108777,16.869,16.904,0.02745,0.02623,-18.49,4.34,21.38,22.53,24.15,0.4451,63.550003,8.72,0.15,0.097,8.0,0.0,GAMA,,,,False,True,True
273952,1,3.0,185.95556474,1.37511571,185.95556474,1.37511571,16.883,15.712,0.02813,0.02693,-19.74,6.68,22.24,23.11,24.83,0.3389,14.5099945,9.63,0.62,0.091,8.0,0.0,GAMA,,,,False,True,True
273966,1,-9.0,185.83121272,1.42334947,185.83121272,1.42334947,19.058,18.982,0.02704,0.02581,-16.43,1.33,21.13,22.17,23.82,0.3529,126.119995,8.5,0.85,0.081,8.0,0.0,GAMA,,,,False,True,True
273976,1,-9.0,185.82719033,1.27691941,185.82719033,1.27691941,19.004,19.082,0.02802,0.02681,-16.3,1.98,22.16,23.03,24.75,0.266,83.689995,8.2,0.61,0.085,8.0,0.0,GAMA,,,,False,True,True
273986,1,3.0,185.90795004,1.29271432,185.90795004,1.29271432,19.615,19.482,0.02732,0.0261,-15.95,1.96,22.92,23.54,25.43,0.1383,132.04001,8.27,0.82,0.095,8.0,0.0,GAMA,,,,False,True,True
278074,1,3.0,211.95999771,1.1369196,211.95999771,1.1369196,18.245,16.641,0.02636,0.02544,-18.79,8.17,23.94,24.83,26.53,0.1659,58.950012,9.78,1.15,0.15,8.0,0.0,GAMA,,,,False,True,True
278109,1,1.5,212.8893428,1.1594798,212.8893428,1.1594798,14.939,14.825,0.02603,0.02512,-20.48,3.54,18.77,20.17,21.75,0.5195,171.03,10.34,1.16,0.15,8.0,0.0,GAMA,,,,False,True,True
278350,1,0.5,130.4485082,0.81933648,130.4485082,0.81933648,15.367,15.227,0.07885,0.07781,-22.63,8.15,21.41,22.82,24.39,0.3127,128.04,11.23,1.3,0.176,8.0,0.0,GAMA,,,,False,True,True
278390,1,2.0,130.94886005,0.83844404,130.94886005,0.83844404,14.509,14.396,0.02975,0.02876,-21.2,13.42,20.85,21.78,23.47,0.6662,179.09,10.51,1.0,0.121,8.0,0.0,GAMA,,,,False,True,True
278548,1,3.0,132.30575377,0.85187552,132.30575377,0.85187552,15.494,15.444,0.04432,0.04329,-21.05,7.66,21.25,22.21,23.88,0.5351,35.589996,10.25,0.79,0.129,8.0,0.0,GAMA,,,,False,True,True
278554,1,3.0,132.30500992,0.78322255,132.30500992,0.78322255,17.953,17.949,0.04387,0.04284,-18.49,4.3,23.04,23.65,25.55,0.0865,174.02,9.0,0.5,0.133,8.0,0.0,GAMA,,,,False,True,True
278643,1,3.0,132.90743182,0.82683286,132.90743182,0.82683286,17.777,17.825,0.03648,0.03545,-18.22,4.88,21.38,22.11,23.91,0.8342,34.809998,9.14,0.8,0.13,8.0,0.0,GAMA,,,,False,True,True
278684,1,3.0,133.13103035,0.85356802,133.13103035,0.85356802,17.468,17.477,0.01161,0.01092,-16.0,1.96,20.77,21.73,23.4,0.2016,101.38999,8.09,0.58,0.142,8.0,0.0,GAMA,,,,False,True,True
278702,1,3.0,133.34646647,0.83572799,133.34646647,0.83572799,18.743,18.768,0.02976,0.02874,-16.79,1.2,20.89,21.57,23.41,0.3256,176.70001,8.34,0.51,0.183,8.0,0.0,GAMA,,,,False,True,True
278703,1,3.0,133.36080482,0.83289647,133.36080482,0.83289647,17.367,17.384,0.04192,0.04088,-18.98,3.16,20.76,21.39,23.27,0.6769,134.06,9.36,0.7,0.182,8.0,0.0,GAMA,,,,False,True,True
278736,1,1.5,133.50943869,0.84216864,133.50943869,0.84216864,17.491,17.395,0.04086,0.03982,-18.94,2.77,21.24,22.21,23.88,0.4235,96.64,9.7,1.13,0.18,8.0,0.0,GAMA,,,,False,True,True
278741,1,3.0,133.43397896,0.80360945,133.43397896,0.80360945,17.421,17.378,0.04076,0.03972,-18.91,6.18,21.62,22.17,24.15,0.8143,92.88,9.25,0.6,0.175,8.0,0.0,GAMA,,,,False,True,True
278760,1,3.0,133.67290194,0.89913067,133.67290194,0.89913067,16.138,16.06,0.04203,0.04098,-20.34,4.82,20.88,21.48,23.4,0.511,103.16,10.02,0.81,0.211,8.0,0.0,GAMA,,,,False,True,True
278773,1,5.0,133.63501262,0.85350112,133.63501262,0.85350112,18.031,18.055,0.04248,0.04143,-18.36,1.61,20.09,20.75,22.6,0.6575,88.899994,9.5,1.18,0.196,8.0,0.0,GAMA,,,,False,True,True
278787,1,3.0,133.61206303,0.83973732,133.61206303,0.83973732,17.922,17.912,0.04219,0.04114,-18.42,3.39,22.06,22.74,24.58,0.4535,5.519989,9.22,0.81,0.191,8.0,0.0,GAMA,,,,False,True,True
278802,1,1.5,133.84926536,0.85437842,133.84926536,0.85437842,14.746,14.697,0.04229,0.04124,-21.72,7.92,19.79,21.03,22.63,0.7304,117.4,10.85,1.21,0.196,8.0,0.0,GAMA,,,,False,True,True
278804,1,1.5,133.85938596,0.85818478,133.85938596,0.85818478,16.996,16.958,0.04304,0.04199,-19.48,2.65,20.64,21.6,23.28,0.381,104.920006,9.82,1.02,0.197,8.0,0.0,GAMA,,,,False,True,True
278812,1,3.0,133.78093681,0.81158834,133.78093681,0.81158834,16.552,16.573,0.04276,0.04171,-19.82,4.72,21.1,21.65,23.62,0.591,53.520004,9.54,0.52,0.182,8.0,0.0,GAMA,,,,False,True,True
278826,1,3.0,133.75270481,0.85471504,133.75270481,0.85471504,19.006,18.971,0.04275,0.0417,-17.43,1.85,21.72,22.29,24.24,0.4952,103.14,8.7,0.65,0.198,3.0,0.0,GAMA,,,,False,True,True
278840,1,0.5,133.95947561,0.83114632,133.95947561,0.83114632,15.42,15.443,0.04276,0.04171,-20.97,3.15,19.64,20.9,22.5,0.2466,54.240005,10.41,1.03,0.191,8.0,0.0,GAMA,,,,False,True,True
278846,1,3.0,133.94461373,0.80156918,133.94461373,0.80156918,17.353,17.301,0.04243,0.04138,-19.07,3.86,21.31,22.17,23.89,0.6318,129.4,9.54,0.89,0.189,8.0,0.0,GAMA,,,,False,True,True
278855,1,3.0,133.94945248,0.84197822,133.94945248,0.84197822,18.36,18.309,0.0428,0.04175,-18.11,2.47,22.07,22.88,24.62,0.2264,150.19,9.02,0.71,0.192,8.0,0.0,GAMA,,,,False,True,True
278909,1,3.0,134.42490362,0.8173129,134.42490362,0.8173129,17.759,17.705,0.04247,0.04141,-18.72,2.6,21.28,22.01,23.81,0.4769,24.770004,9.33,0.78,0.16,8.0,0.0,GAMA,,,,False,True,True
278995,1,3.0,134.83680893,0.86171286,134.83680893,0.86171286,16.738,16.551,0.01383,0.01307,-17.3,3.23,21.78,23.04,24.64,0.576,111.240005,8.52,0.46,0.174,8.0,0.0,GAMA,,,,False,True,True
279066,1,3.0,135.13286375,0.9764225,135.13286375,0.9764225,19.513,18.637,0.01887,0.01815,,11.84,25.43,26.78,28.36,0.2765,165.4,8.25,0.61,0.168,8.0,0.0,GAMA,,,,False,True,True
279148,1,2.5,135.74609708,0.83100624,135.74609708,0.83100624,16.945,16.937,0.02842,0.02741,-18.56,2.63,19.9,20.6,22.42,0.6815,9.529999,9.38,0.92,0.155,8.0,0.0,GAMA,,,,False,True,True
279160,1,3.0,135.78086629,0.85821816,135.78086629,0.85821816,17.475,17.568,0.01392,0.01312,-16.32,5.99,22.62,23.31,25.14,0.5717,40.929993,8.06,0.39,0.159,8.0,0.0,GAMA,,,,False,True,True
279261,1,2.5,136.26636599,0.93342106,136.26636599,0.93342106,17.245,17.259,0.03746,0.03639,-18.83,2.2,20.36,21.66,23.25,0.4002,66.240005,9.26,0.65,0.127,8.0,0.0,GAMA,,,,False,True,True
279818,1,3.0,139.43876422,1.05542467,139.43876422,1.05542467,15.798,15.759,0.02832,0.02727,-19.7,7.24,22.25,23.16,24.86,0.2086,22.89,9.54,0.55,0.118,8.0,0.0,GAMA,,,,False,True,True
279840,1,1.0,139.6586771,1.05694706,139.6586771,1.05694706,17.071,17.09,0.08785,0.08669,-21.02,3.22,20.92,21.8,23.51,0.4744,56.86,10.44,1.13,0.089,3.0,0.0,GAMA,,,,False,True,True
279878,1,0.0,139.81814651,1.03629872,139.81814651,1.03629872,15.491,15.444,0.08851,0.08734,-22.7,4.39,20.57,21.96,23.54,0.0575,64.17,11.26,1.33,0.095,8.0,0.0,GAMA,,,,False,True,True
279886,1,3.0,139.79332232,1.05546284,139.79332232,1.05546284,17.565,17.59,0.01918,0.01827,-17.03,3.54,21.92,22.83,24.53,0.2987,157.69,8.82,0.97,0.095,8.0,0.0,GAMA,,,,False,True,True
279891,1,3.0,139.70831258,1.02299675,139.70831258,1.02299675,18.603,18.561,0.02478,0.02381,-16.58,2.36,21.56,22.07,24.1,0.5841,125.86,8.2,0.43,0.094,8.0,0.0,GAMA,,,,False,True,True
279905,1,0.5,139.97994268,0.94514506,139.97994268,0.94514506,13.994,13.962,0.01861,0.01768,-20.61,6.15,19.38,20.77,22.35,0.3402,170.78,10.43,1.18,0.104,8.0,0.0,GAMA,,,,False,True,True
279910,1,0.5,139.85523047,1.05979042,139.85523047,1.05979042,15.973,15.912,0.08802,0.08685,-22.22,2.88,19.66,21.41,22.95,0.304,137.24,11.01,1.27,0.095,8.0,0.0,GAMA,,,,False,True,True
279917,1,3.0,139.99533336,0.96083571,139.99533336,0.96083571,15.536,15.538,0.01884,0.01792,-19.02,9.78,22.03,22.98,24.66,0.4383,145.68,9.32,0.6,0.103,8.0,0.0,GAMA,,,,False,True,True
279932,1,0.0,140.00904514,1.03829461,140.00904514,1.03829461,12.776,12.498,0.01797,0.01703,-21.99,22.3,20.77,22.13,23.71,0.3069,16.699997,11.0,1.2,0.102,8.0,0.0,GAMA,,,,False,True,True
279943,1,3.0,140.13109644,0.93702459,140.13109644,0.93702459,17.669,17.662,0.01936,0.01844,-16.95,2.41,20.9,21.84,23.53,0.4856,151.52,8.48,0.59,0.119,8.0,0.0,GAMA,,,,False,True,True
28654,1,3.0,211.81607375,1.06502836,211.81607375,1.06502836,17.11,17.137,0.0356,0.03469,-18.84,3.14,21.59,22.35,24.13,0.2031,93.520004,9.14,0.5,0.156,8.0,0.0,GAMA,,,,False,True,True
28738,1,3.0,213.15054978,1.05790172,213.15054978,1.05790172,16.263,16.2,0.04724,0.04634,-20.44,2.56,19.79,20.59,22.34,0.4186,60.310013,10.05,0.84,0.138,8.0,0.0,GAMA,,,,False,True,True
287692,1,0.5,174.50646892,1.70248176,174.50646892,1.70248176,15.124,14.94,0.07512,0.07382,-22.83,9.04,21.49,23.06,24.61,0.034,30.589996,11.36,1.32,0.087,8.0,0.0,GAMA,,,,False,True,True
287824,1,2.5,175.26503292,1.72549415,175.26503292,1.72549415,14.606,14.607,0.04193,0.04067,-21.77,4.38,19.56,20.47,22.17,0.2183,26.73999,10.59,0.85,0.093,8.0,0.0,GAMA,,,,False,True,True
287827,1,1.5,175.20726588,1.75883438,175.20726588,1.75883438,15.433,15.425,0.02163,0.0199,-19.46,3.51,19.95,21.16,22.76,0.1066,77.95001,9.83,1.02,0.091,8.0,0.0,GAMA,,,,False,True,True
288364,1,3.0,178.18100485,1.74076835,178.18100485,1.74076835,14.272,13.98,0.02206,0.02038,-20.93,4.6,19.69,20.83,22.45,0.6216,10.970001,10.07,0.59,0.067,8.0,0.0,GAMA,,,,False,True,True
288424,1,3.0,178.49043136,1.83464943,178.49043136,1.83464943,18.298,18.307,0.02134,0.01954,-16.54,3.07,21.83,22.47,24.34,0.5804,108.67,8.29,0.56,0.069,8.0,0.0,GAMA,,,,False,True,True
288461,1,3.0,178.77044345,1.71980956,178.77044345,1.71980956,14.902,14.882,0.00599,0.00421,-17.15,7.31,20.66,21.28,23.17,0.4137,55.200012,8.35,0.33,0.081,8.0,0.0,GAMA,,,,False,True,True
28860,2,3.0,216.87355024,1.05584586,216.87355024,1.05584586,15.909,15.88,0.02659,0.02577,-19.46,7.16,21.02,21.82,23.57,0.6706,72.45,9.46,0.58,0.112,8.0,0.0,GAMA,,,,True,True,True
288679,1,1.0,179.71741085,1.72827367,179.71741085,1.72827367,16.14,16.105,0.07982,0.07854,-21.81,3.59,19.88,21.32,22.89,0.5716,38.78,10.92,1.33,0.082,8.0,0.0,GAMA,,,,False,True,True
288694,1,0.5,,,,,,,,,,,,,,,,,,,,,,,,,False,True,False
288756,1,-9.0,180.11083889,1.66878678,180.11083889,1.66878678,17.451,17.505,0.02294,0.02137,-17.49,2.84,21.46,22.63,24.24,0.2012,78.92001,8.99,0.96,0.083,8.0,0.0,GAMA,,,,False,True,True
288777,1,3.0,,,,,,,,,,,,,,,,,,,,,,,,,False,True,False
288801,1,5.0,,,,,,,,,,,,,,,,,,,,,,,,,False,True,False
288803,1,0.0,180.20559667,1.69372839,180.20559667,1.69372839,15.557,15.53,0.04977,0.04852,-21.27,4.2,20.37,21.9,23.46,0.0878,95.009995,10.66,1.21,0.088,8.0,0.0,GAMA,,,,False,True,True
288851,1,2.0,180.36180612,1.74042954,180.36180612,1.74042954,15.466,15.448,0.07928,0.078,-22.46,8.63,20.88,21.8,23.49,0.686,163.83,11.19,1.33,0.088,8.0,0.0,GAMA,,,,False,True,True
288891,1,-9.0,180.45106474,1.77235908,180.45106474,1.77235908,18.991,19.01,0.02103,0.01917,-15.83,1.83,21.73,22.75,24.41,0.4291,148.94,8.31,0.91,0.087,8.0,0.0,GAMA,,,,False,True,True
288903,1,3.0,180.636335,1.74878664,180.636335,1.74878664,16.85,16.807,0.02109,0.01924,-18.03,4.56,21.67,22.53,24.25,0.3254,178.14,9.21,0.95,0.082,8.0,0.0,GAMA,,,,False,True,True
288904,1,2.5,180.64156084,1.86103924,180.64156084,1.86103924,15.427,15.427,0.02206,0.02037,-19.51,6.8,21.06,22.0,23.69,0.4011,160.91,9.79,0.95,0.082,8.0,0.0,GAMA,,,,False,True,True
288923,2,-9.0,180.5841425,1.79801543,180.5841425,1.79801543,18.106,18.132,0.0221,0.02041,-16.79,2.52,22.02,22.85,24.58,0.1352,131.58,8.79,1.05,0.083,8.0,0.0,GAMA,,,,True,True,True
288982,1,1.0,180.93601238,1.69506103,180.93601238,1.69506103,13.636,13.54,0.02187,0.02015,-21.39,7.86,19.16,20.39,22.0,0.5229,38.479996,10.75,1.21,0.076,8.0,0.0,GAMA,,,,False,True,True
288989,1,2.5,180.88663145,1.8028162,180.88663145,1.8028162,17.153,17.228,0.02159,0.01983,-17.65,8.09,23.12,24.57,26.14,0.199,113.9,8.95,0.81,0.081,8.0,0.0,GAMA,,,,False,True,True
288992,1,2.0,180.93489846,1.83597778,180.93489846,1.83597778,14.397,14.317,0.02119,0.01936,-20.53,15.81,21.65,23.03,24.6,0.3588,87.26999,10.38,1.17,0.089,8.0,0.0,GAMA,,,,False,True,True
288999,2,3.0,180.96637637,1.83607744,180.96637637,1.83607744,17.139,17.118,0.02089,0.01901,-17.68,4.16,21.81,22.8,24.46,0.277,44.020004,9.1,1.0,0.094,8.0,0.0,GAMA,,,,True,True,True
289085,1,-9.0,180.99627628,1.83225709,180.99627628,1.83225709,18.196,18.203,0.02287,0.02129,-16.74,4.0,23.04,23.94,25.64,0.0466,89.25,8.64,0.91,0.096,8.0,0.0,GAMA,,,,False,True,True
289089,1,1.0,181.02495228,1.84697816,181.02495228,1.84697816,13.747,13.63,0.01853,0.01641,-20.93,4.19,18.81,19.93,21.56,0.1296,33.72,10.59,1.22,0.1,8.0,0.0,GAMA,,,,False,True,True
289095,1,-9.0,181.11515232,1.74849349,181.11515232,1.74849349,16.987,16.994,0.02367,0.02218,-18.08,4.16,21.31,22.21,23.91,0.5162,112.24,9.24,0.99,0.085,8.0,0.0,GAMA,,,,False,True,True
289096,1,0.5,181.15855952,1.78771548,181.15855952,1.78771548,12.972,12.752,0.02488,0.0235,-22.48,14.22,20.01,21.29,22.88,0.3417,13.440002,11.22,1.25,0.091,8.0,0.0,GAMA,,,,False,True,True
289097,1,1.5,181.14178909,1.80160352,181.14178909,1.80160352,13.563,13.272,0.02063,0.0187,-21.51,11.87,20.03,21.39,22.97,0.4437,154.94,10.76,1.15,0.094,8.0,0.0,GAMA,,,,False,True,True
289102,1,1.0,181.14191145,1.73821018,181.14191145,1.73821018,15.017,15.026,0.02369,0.02221,-20.08,6.46,20.44,22.02,23.58,0.2867,111.6,10.14,1.11,0.081,8.0,0.0,GAMA,,,,False,True,True
289107,1,3.0,181.04058613,1.82595543,181.04058613,1.82595543,14.91,14.942,0.01929,0.01724,-19.66,9.18,21.29,22.36,24.0,0.3637,52.809998,9.68,0.74,0.097,8.0,0.0,GAMA,,,,False,True,True
289109,1,-9.0,181.04681197,1.76980774,181.04681197,1.76980774,17.846,17.867,0.02488,0.0235,-17.32,3.59,22.14,23.1,24.78,0.3997,76.91998,8.97,1.02,0.088,8.0,0.0,GAMA,,,,False,True,True
289112,1,-9.0,181.0761067,1.69993268,181.0761067,1.69993268,16.651,16.644,0.02412,0.02268,-18.47,3.64,21.01,21.79,23.55,0.3337,120.95,9.46,1.06,0.077,8.0,0.0,GAMA,,,,False,True,True
289113,1,1.0,181.07915908,1.84838804,181.07915908,1.84838804,14.415,14.355,0.02522,0.02387,-20.89,6.51,19.83,20.95,22.58,0.4397,166.34999,10.52,1.18,0.1,8.0,0.0,GAMA,,,,False,True,True
289116,1,3.0,181.1261504,1.68400048,181.1261504,1.68400048,17.302,17.291,0.02082,0.01892,-17.49,5.28,21.55,22.27,24.07,0.7194,153.82,8.72,0.62,0.073,8.0,0.0,GAMA,,,,False,True,True
289118,1,1.5,181.14505245,1.84235707,181.14505245,1.84235707,16.807,16.865,0.02171,0.01997,-18.03,3.25,20.89,21.74,23.46,0.3796,98.28,9.3,1.07,0.098,8.0,0.0,GAMA,,,,False,True,True
289168,1,0.5,181.19151437,1.80396083,181.19151437,1.80396083,17.246,17.253,0.02135,0.01954,-17.62,2.81,21.1,22.33,23.93,0.2535,136.63,9.1,1.02,0.091,8.0,0.0,GAMA,,,,False,True,True
289170,1,1.0,181.22584827,1.82130587,181.22584827,1.82130587,15.853,15.859,0.02111,0.01926,-18.98,4.45,20.29,21.42,23.05,0.5133,91.78,9.7,1.11,0.091,8.0,0.0,GAMA,,,,False,True,True
289176,1,-9.0,181.24266021,1.75126382,181.24266021,1.75126382,18.821,18.839,0.02094,0.01906,-15.94,1.25,21.34,21.82,23.91,0.0477,134.18,8.49,1.11,0.081,8.0,0.0,GAMA,,,,False,True,True
289185,1,3.0,181.1860008,1.71253656,181.1860008,1.71253656,18.483,18.531,0.02225,0.02059,-16.34,4.59,23.39,24.37,26.04,0.3647,47.329987,8.52,0.97,0.077,8.0,0.0,GAMA,,,,False,True,True
289194,1,-9.0,181.28790693,1.84601552,181.28790693,1.84601552,17.672,17.735,0.02159,0.01983,-17.16,5.08,22.91,23.98,25.62,0.2046,111.84,8.99,1.11,0.09,8.0,0.0,GAMA,,,,False,True,True
289197,1,1.5,181.40715582,1.82820675,181.40715582,1.82820675,13.818,13.759,0.02253,0.02091,-21.23,15.19,20.59,22.08,23.64,0.5267,170.69,10.66,1.18,0.083,8.0,0.0,GAMA,,,,False,True,True
289198,1,1.5,181.3339976,1.77872674,181.3339976,1.77872674,16.003,16.008,0.02119,0.01936,-18.85,5.51,20.92,21.91,23.58,0.5441,34.630005,9.63,1.09,0.084,8.0,0.0,GAMA,,,,False,True,True
289200,1,3.0,181.34198792,1.83460755,181.34198792,1.83460755,18.306,18.274,0.01935,0.0173,-16.35,1.67,21.31,22.42,24.05,0.1012,138.19,8.31,0.68,0.085,8.0,0.0,GAMA,,,,False,True,True
289217,1,3.0,181.36635036,1.86136617,181.36635036,1.86136617,17.426,17.462,0.0185,0.01637,-17.04,6.73,22.07,22.63,24.59,0.7687,178.64,8.57,0.67,0.083,8.0,0.0,GAMA,,,,False,True,True
289279,1,3.0,181.62472828,1.82799035,181.62472828,1.82799035,18.601,18.493,0.02294,0.02137,-16.54,3.19,22.81,23.62,25.37,0.2925,28.410004,8.32,0.6,0.098,8.0,0.0,GAMA,,,,False,True,True
289427,1,3.0,182.25341733,1.6870839,182.25341733,1.6870839,19.196,18.425,0.02015,0.01817,-16.38,4.13,23.4,24.13,25.93,0.3919,172.67001,9.16,1.6,0.098,8.0,0.0,GAMA,,,,False,True,True
289429,1,3.0,182.30469053,1.83657459,182.30469053,1.83657459,16.773,16.785,0.02124,0.01942,-18.04,5.5,20.89,21.49,23.4,0.7816,17.940002,9.04,0.75,0.092,8.0,0.0,GAMA,,,,False,True,True
289957,1,1.5,184.14489973,1.73218669,184.14489973,1.73218669,17.23,17.218,0.07842,0.07716,-20.63,1.85,20.2,21.35,22.97,0.2775,172.35999,10.32,1.16,0.093,3.0,0.0,GAMA,,,,False,True,True
290052,1,3.0,184.40673432,1.76327869,184.40673432,1.76327869,18.482,18.494,0.02694,0.02569,-16.81,3.74,23.16,23.85,25.68,0.1389,33.75,8.35,0.52,0.082,8.0,0.0,GAMA,,,,False,True,True
290071,1,3.0,184.50927913,1.79512799,184.50927913,1.79512799,15.891,15.868,0.02653,0.02527,-19.44,6.18,21.36,22.37,24.03,0.3446,145.0,9.43,0.55,0.086,8.0,0.0,GAMA,,,,False,True,True
290323,1,1.0,185.52172082,1.81183953,185.52172082,1.81183953,16.174,16.171,0.08636,0.0851,-21.91,3.43,20.1,21.54,23.11,0.4374,158.76001,10.9,1.28,0.083,8.0,0.0,GAMA,,,,False,True,True
290328,1,2.0,185.66578678,1.72885645,185.66578678,1.72885645,16.258,16.23,0.09246,0.0912,-22.01,5.73,20.64,22.09,23.66,0.6595,25.459991,10.9,1.23,0.079,8.0,0.0,GAMA,,,,False,True,True
290396,1,3.0,185.8475545,1.81504596,185.8475545,1.81504596,16.907,16.882,0.00842,0.00626,-15.79,4.43,22.71,23.51,25.26,0.1887,11.369995,7.72,0.18,0.087,8.0,0.0,GAMA,,,,False,True,True
290423,1,3.0,185.96662205,1.75303738,185.96662205,1.75303738,18.781,18.855,0.02537,0.02405,-16.37,3.09,22.82,23.43,25.33,0.3456,113.600006,8.27,0.63,0.076,8.0,0.0,GAMA,,,,False,True,True
296599,1,3.0,212.62374315,1.56046303,212.62374315,1.56046303,15.907,15.734,0.02603,0.02511,-19.55,8.79,22.02,23.1,24.74,0.5657,67.62001,9.49,0.57,0.151,8.0,0.0,GAMA,,,,False,True,True
296638,1,2.0,212.67445729,1.48051732,212.67445729,1.48051732,14.832,14.841,0.0267,0.0258,-20.53,6.83,19.76,20.66,22.37,0.6989,144.45,10.4,1.2,0.16,8.0,0.0,GAMA,,,,False,True,True
296639,1,2.5,212.67738246,1.40806629,212.67738246,1.40806629,15.827,15.824,0.04735,0.04645,-20.81,3.07,20.13,20.82,22.65,0.1792,47.36,10.22,0.87,0.16,8.0,0.0,GAMA,,,,False,True,True
296677,1,1.5,212.79204121,1.47471989,212.79204121,1.47471989,14.035,13.944,0.02642,0.02551,-21.41,5.95,18.64,19.98,21.56,0.6574,98.8,10.77,1.23,0.157,8.0,0.0,GAMA,,,,False,True,True
296685,1,3.0,212.82564611,1.43318754,212.82564611,1.43318754,16.724,16.608,0.02642,0.02552,-18.69,6.5,22.55,23.31,25.09,0.1489,71.59,9.31,0.77,0.155,8.0,0.0,GAMA,,,,False,True,True
296713,3,3.0,212.86734689,1.43896102,212.86734689,1.43896102,19.311,19.284,0.02636,0.02545,-16.07,1.78,22.27,22.94,24.78,0.2809,6.919998,8.32,0.81,0.162,8.0,0.0,GAMA,,,,True,True,True
296725,1,2.5,213.02887817,1.517785,213.02887817,1.517785,16.476,16.476,0.02665,0.02575,-18.87,5.0,20.8,21.88,23.52,0.6642,56.809998,9.5,0.9,0.179,8.0,0.0,GAMA,,,,False,True,True
296742,1,3.0,213.20534699,1.48923017,213.20534699,1.48923017,15.929,15.922,0.01922,0.01781,-18.69,3.4,20.02,20.91,22.62,0.461,117.96,9.15,0.56,0.147,8.0,0.0,GAMA,,,,False,True,True
296798,1,2.5,213.41947348,1.42208352,213.41947348,1.42208352,18.519,18.486,0.02618,0.02528,-16.8,1.26,20.22,21.29,22.93,0.5577,38.08,8.33,0.51,0.148,8.0,0.0,GAMA,,,,False,True,True
296829,1,1.5,213.65459748,1.46562677,213.65459748,1.46562677,16.662,16.619,0.05469,0.05379,-20.36,3.54,20.49,21.5,23.16,0.56,138.07999,10.15,1.02,0.172,8.0,0.0,GAMA,,,,False,True,True
296847,3,3.0,213.53879641,1.51979619,213.53879641,1.51979619,17.055,17.029,0.02681,0.02593,-18.32,7.54,22.55,23.27,25.07,0.5561,108.18,9.1,0.69,0.162,8.0,0.0,GAMA,,,,True,True,True
296848,1,3.0,213.54625408,1.50177792,213.54625408,1.50177792,18.15,18.004,0.02697,0.02609,-17.36,6.43,22.89,23.55,25.4,0.7698,163.41,8.58,0.52,0.16,8.0,0.0,GAMA,,,,False,True,True
296927,1,1.0,214.01775381,1.45822235,214.01775381,1.45822235,15.137,15.081,0.05488,0.05399,-21.94,7.28,20.96,22.54,24.09,0.2191,140.15,10.93,1.23,0.138,8.0,0.0,GAMA,,,,False,True,True
296934,1,2.5,214.04424787,1.54141045,214.04424787,1.54141045,16.204,16.21,0.05389,0.053,-20.74,3.28,20.54,21.9,23.48,0.1974,75.32001,10.21,0.89,0.138,8.0,0.0,GAMA,,,,False,True,True
297053,2,1.5,214.51297981,1.47079405,214.51297981,1.47079405,15.886,15.887,0.05577,0.05489,-21.16,5.67,21.1,22.79,24.33,0.2376,82.90001,10.6,1.21,0.154,8.0,0.0,GAMA,,,,True,True,True
297557,1,3.0,216.16947533,1.50944992,216.16947533,1.50944992,18.552,18.438,0.02694,0.02611,-16.89,2.44,21.41,22.06,23.92,0.6562,23.880005,8.41,0.57,0.115,8.0,0.0,GAMA,,,,False,True,True
297633,1,2.5,216.56453227,1.49149243,216.56453227,1.49149243,15.619,15.612,0.05588,0.05503,-21.41,5.69,21.05,21.91,23.63,0.2523,4.630005,10.43,0.85,0.124,8.0,0.0,GAMA,,,,False,True,True
297667,3,2.5,216.7624932,1.36271545,216.7624932,1.36271545,16.361,16.345,0.0567,0.05585,-20.72,7.52,21.27,21.92,23.78,0.7474,21.36,10.22,0.93,0.111,8.0,0.0,GAMA,,,,True,True,True
297694,1,3.0,216.86676427,1.33773112,216.86676427,1.33773112,18.575,17.31,0.02572,0.02488,-18.02,22.6,25.15,26.31,27.92,0.1365,102.909996,9.11,0.8,0.106,8.0,0.0,GAMA,,,,False,True,True
297705,2,3.0,216.9575121,1.4699378,216.9575121,1.4699378,17.867,17.803,0.02466,0.02379,-17.37,5.2,21.89,22.47,24.41,0.8052,70.75,8.77,0.75,0.106,8.0,0.0,GAMA,,,,True,True,True
298042,1,3.0,218.06603545,1.45704372,218.06603545,1.45704372,17.124,17.073,0.02827,0.02748,-18.38,6.58,21.36,21.82,23.94,0.8444,134.56,9.07,0.63,0.17,8.0,0.0,GAMA,,,,False,True,True
298106,1,3.0,218.21998957,1.37083833,218.21998957,1.37083833,18.074,18.04,0.02818,0.0274,-17.44,5.63,22.64,23.28,25.15,0.6782,24.559998,8.67,0.58,0.165,8.0,0.0,GAMA,,,,False,True,True
298114,1,2.5,218.40090685,1.30589524,218.40090685,1.30589524,15.861,15.871,0.05655,0.05573,-21.17,4.84,20.76,21.59,23.33,0.4141,4.619995,10.25,0.73,0.187,8.0,0.0,GAMA,,,,False,True,True
298190,1,3.0,218.65780173,1.287341,218.65780173,1.287341,18.977,18.915,0.0295,0.02871,-16.7,5.45,24.04,24.88,26.61,0.3199,86.78,8.28,0.46,0.173,8.0,0.0,GAMA,,,,False,True,True
298572,2,2.5,220.50097386,1.28978582,220.50097386,1.28978582,16.45,16.466,0.05044,0.04966,-20.35,4.78,20.5,21.13,23.01,0.741,17.98999,10.24,1.14,0.145,8.0,0.0,GAMA,,,,True,True,True
298590,1,0.0,220.67761653,1.31975042,220.67761653,1.31975042,15.115,15.054,0.03443,0.03367,-20.91,5.02,20.29,21.78,23.34,0.156,56.299988,10.55,1.22,0.141,8.0,0.0,GAMA,,,,False,True,True
298591,2,1.5,220.6905119,1.29316363,220.6905119,1.29316363,14.981,14.948,0.03378,0.03302,-20.94,3.53,18.21,19.54,21.12,0.7407,16.690002,10.39,1.02,0.14,8.0,0.0,GAMA,,,,True,True,True
298612,1,3.0,220.8388645,1.34089452,220.8388645,1.34089452,16.618,16.524,0.034,0.03324,-19.36,14.02,22.86,23.88,25.54,0.5802,46.679993,9.53,0.71,0.141,8.0,0.0,GAMA,,,,False,True,True
298665,2,3.0,221.03543342,1.21960039,221.03543342,1.21960039,18.68,18.603,0.02902,0.02828,-16.9,1.74,21.27,21.89,23.78,0.4765,153.23001,8.25,0.36,0.165,8.0,0.0,GAMA,,,,True,True,True
298666,1,2.5,221.03607224,1.19526768,221.03607224,1.19526768,14.646,14.659,0.02869,0.02795,-20.86,9.78,20.83,21.73,23.43,0.6233,8.020004,10.2,0.8,0.169,8.0,0.0,GAMA,,,,False,True,True
298738,1,3.0,221.5933727,1.22840386,221.5933727,1.22840386,16.054,16.029,0.05035,0.04959,-20.76,5.2,21.13,21.85,23.65,0.427,3.9299927,10.06,0.71,0.157,8.0,0.0,GAMA,,,,False,True,True
298862,1,2.5,222.14820513,1.35415466,222.14820513,1.35415466,16.143,15.987,0.04981,0.04906,-20.77,3.86,20.05,20.8,22.58,0.5931,178.15,10.02,0.65,0.173,8.0,0.0,GAMA,,,,False,True,True
298888,1,3.0,222.09435066,1.21211392,222.09435066,1.21211392,17.472,17.446,0.03664,0.0359,-18.59,4.94,22.47,23.18,25.0,0.4127,18.720001,8.89,0.31,0.179,3.0,0.0,GAMA,,,,False,True,True
298980,1,-9.0,222.71806122,1.16568647,222.71806122,1.16568647,15.492,15.444,0.02782,0.02712,-20.0,4.06,20.11,21.29,22.9,0.319,154.09,9.95,0.91,0.169,8.0,0.0,GAMA,,,,False,True,True
300350,1,3.0,129.16480418,1.13610286,129.16480418,1.13610286,17.345,17.303,0.01419,0.01371,-16.62,4.99,22.69,23.34,25.2,0.223,76.20001,8.32,0.56,0.181,8.0,0.0,GAMA,,,,False,True,True
300372,1,-9.0,129.29410089,1.00136297,129.29410089,1.00136297,17.739,17.73,0.04034,0.03935,-18.54,1.43,20.45,21.38,23.07,0.1799,88.22,9.16,0.67,0.232,8.0,0.0,GAMA,,,,False,True,True
300406,1,0.5,129.40513092,1.07307332,129.40513092,1.07307332,15.146,14.987,0.05185,0.05085,-21.9,6.25,20.63,22.18,23.74,0.2164,54.20999,10.92,1.23,0.2,8.0,0.0,GAMA,,,,False,True,True
300411,1,0.0,129.48588591,1.07243016,129.48588591,1.07243016,15.312,15.237,0.05209,0.05109,-21.65,3.2,19.7,21.01,22.6,0.1637,139.3,10.81,1.21,0.194,8.0,0.0,GAMA,,,,False,True,True
300477,1,3.0,129.70677327,1.12100647,129.70677327,1.12100647,16.808,16.728,0.03011,0.02913,-18.89,5.52,22.22,22.88,24.73,0.2552,99.76,9.25,0.6,0.176,8.0,0.0,GAMA,,,,False,True,True
300613,1,3.0,130.18723999,1.09923154,130.18723999,1.09923154,16.682,16.572,0.03024,0.02925,-19.04,5.99,21.69,22.44,24.22,0.5546,72.29001,9.25,0.52,0.162,8.0,0.0,GAMA,,,,False,True,True
300659,1,0.0,,,,,,,,,,,,,,,,,,,,,,,,,False,True,False
300691,1,0.0,130.41233479,1.1166267,130.41233479,1.1166267,16.158,16.131,0.04659,0.04558,-20.5,2.34,19.61,21.05,22.62,0.2731,35.809998,10.35,1.21,0.158,8.0,0.0,GAMA,,,,False,True,True
300787,1,1.0,130.9349533,1.0791881,130.9349533,1.0791881,15.728,15.728,0.04485,0.04384,-20.8,3.08,19.81,20.81,22.47,0.3228,124.22,10.32,1.0,0.143,8.0,0.0,GAMA,,,,False,True,True
300821,1,3.0,131.03733582,1.21434506,131.03733582,1.21434506,16.057,16.032,0.01363,0.01306,-17.8,3.41,20.4,21.24,22.97,0.2914,114.2,8.82,0.6,0.13,8.0,0.0,GAMA,,,,False,True,True
300887,1,3.0,131.21480237,1.15562061,131.21480237,1.15562061,15.356,15.186,0.0141,0.01353,-18.73,13.15,22.09,23.04,24.72,0.566,156.45999,9.11,0.49,0.126,8.0,0.0,GAMA,,,,False,True,True
301098,1,3.0,132.07783182,1.26399279,132.07783182,1.26399279,16.452,16.41,0.00642,0.00581,-15.76,9.93,22.38,22.95,24.9,0.7089,1.6800003,8.1,0.67,0.151,8.0,0.0,GAMA,,,,False,True,True
301191,1,1.5,132.68863707,1.3159844,132.68863707,1.3159844,15.074,15.039,0.04315,0.04212,-21.42,5.37,19.93,21.45,23.01,0.4454,61.76001,10.7,1.17,0.139,8.0,0.0,GAMA,,,,False,True,True
301199,1,1.5,132.68366821,1.29937731,132.68366821,1.29937731,16.14,16.111,0.04324,0.04221,-20.34,2.63,19.55,20.86,22.45,0.4571,50.98999,10.13,1.01,0.14,8.0,0.0,GAMA,,,,False,True,True
301201,1,1.5,132.72040583,1.25010726,132.72040583,1.25010726,16.513,16.406,0.0358,0.03477,-19.63,8.58,21.08,22.08,23.74,0.853,157.51001,10.06,1.23,0.146,8.0,0.0,GAMA,,,,False,True,True
301346,1,2.5,133.52458939,1.19185948,133.52458939,1.19185948,15.696,15.686,0.04512,0.04407,-20.86,3.44,19.87,20.41,22.39,0.4617,68.75,10.16,0.76,0.192,8.0,0.0,GAMA,,,,False,True,True
301381,1,2.5,133.61749062,1.20203261,133.61749062,1.20203261,15.857,15.525,0.05963,0.05857,-21.67,5.39,20.8,22.02,23.63,0.3199,90.8,10.58,0.91,0.192,8.0,0.0,GAMA,,,,False,True,True
301382,1,3.0,133.61640631,1.19695098,133.61640631,1.19695098,16.205,16.151,0.05948,0.05842,-21.03,4.0,20.42,21.28,23.0,0.6242,121.68,10.28,0.84,0.193,8.0,0.0,GAMA,,,,False,True,True
301519,1,0.0,134.27488871,1.25091948,134.27488871,1.25091948,16.605,16.539,0.10838,0.10726,-22.08,2.73,20.64,21.96,23.55,0.1106,42.729996,10.95,1.31,0.165,4.0,0.0,GAMA,,,,False,True,True
301799,1,-9.0,135.29139512,1.37865657,135.29139512,1.37865657,17.218,17.243,0.0525,0.05142,-19.63,2.97,20.76,21.2,23.35,0.6073,149.38,9.88,1.04,0.21,3.0,0.0,GAMA,,,,False,True,True
301885,1,3.0,135.53947852,1.22605088,135.53947852,1.22605088,15.356,15.307,0.0582,0.05711,-21.81,9.4,21.75,22.24,24.3,0.3989,173.60999,10.6,0.86,0.201,8.0,0.0,GAMA,,,,False,True,True
301893,1,-9.0,,,,,,,,,,,,,,,,,,,,,,,,,False,True,False
301937,1,0.5,135.65324572,1.32021912,135.65324572,1.32021912,15.872,15.857,0.0946,0.09348,-22.42,4.93,20.79,22.38,23.93,0.2975,73.979996,11.04,1.2,0.196,8.0,0.0,GAMA,,,,False,True,True
301994,1,1.0,135.90665676,1.29667124,135.90665676,1.29667124,16.862,16.854,0.09483,0.0937,-21.45,4.72,20.99,22.57,24.12,0.6259,86.03,10.66,1.23,0.17,3.0,0.0,GAMA,,,,False,True,True
302006,1,3.0,,,,,,,,,,,,,,,,,,,,,,,,,False,True,False
302657,1,3.0,138.76168671,1.44525246,138.76168671,1.44525246,17.244,17.428,0.0557,0.05458,-19.59,8.21,22.71,23.64,25.33,0.6303,116.39,9.57,0.68,0.129,3.0,0.0,GAMA,,,,False,True,True
302684,1,1.0,138.81099817,1.51066334,138.81099817,1.51066334,16.674,16.682,0.05582,0.0547,-20.38,2.53,19.81,21.0,22.61,0.5646,20.199997,10.36,1.28,0.129,8.0,0.0,GAMA,,,,False,True,True
302810,1,2.5,139.43115375,1.49239147,139.43115375,1.49239147,16.156,16.158,0.05471,0.05358,-20.87,11.54,20.95,21.81,23.53,0.8857,74.94,10.5,1.21,0.095,8.0,0.0,GAMA,,,,False,True,True
302846,1,3.0,139.64139357,1.34375941,139.64139357,1.34375941,15.78,15.719,0.02833,0.02727,-19.78,5.4,20.7,21.55,23.28,0.4871,9.619995,9.85,0.88,0.084,8.0,0.0,GAMA,,,,False,True,True
302973,1,3.0,140.08648012444442,1.4100473,140.08578568,1.4100473,18.562,18.176,0.02755,0.02651,-17.21,3.19,22.04,22.39,24.79,0.5171,113.52,8.33,0.29,0.108,8.0,5.0,GAMA,,,,False,True,True
302994,1,3.0,140.14321141,1.55109987,140.14321141,1.55109987,16.847,16.864,0.0176,0.01666,-17.53,7.12,21.38,22.08,23.9,0.8132,49.350006,8.76,0.66,0.125,8.0,0.0,GAMA,,,,False,True,True
303099,1,2.0,140.82788354,1.58310348,140.82788354,1.58310348,14.673,14.578,0.02709,0.02605,-20.81,5.02,19.95,21.32,22.89,0.1174,32.340004,10.35,1.01,0.143,8.0,0.0,GAMA,,,,False,True,True
30346,2,2.0,174.63864908,-1.18449072,174.63864908,-1.18449072,13.655,13.605,0.02244,0.0208,-21.34,11.25,20.48,21.23,23.01,0.3244,40.119995,10.45,0.85,0.063,8.0,0.0,GAMA,,,,True,True,True
30361,3,1.0,174.82596412,-1.13482494,174.82596412,-1.13482494,15.036,15.056,0.07798,0.07667,-22.78,5.26,20.11,21.46,23.04,0.3236,126.94,11.33,1.36,0.083,8.0,0.0,GAMA,,,,True,True,True
30377,1,3.0,174.82286348,-1.07931466,174.82286348,-1.07931466,18.744,18.895,0.02834,0.02708,-16.53,3.81,23.22,23.82,25.73,0.3531,132.08,8.22,0.48,0.07,8.0,0.0,GAMA,,,,False,True,True
30469,1,0.5,175.42881156,-1.20672475,175.42881156,-1.20672475,15.605,15.424,0.07771,0.0764,-22.41,4.7,20.46,21.87,23.44,0.2455,106.36,11.16,1.33,0.071,8.0,0.0,GAMA,,,,False,True,True
30472,3,3.0,175.41751221,-1.21326591,175.41751221,-1.21326591,19.743,18.28,0.02856,0.02731,-17.28,3.1,22.74,23.37,25.26,0.593,119.39,8.98,1.03,0.071,8.0,0.0,GAMA,,,,True,True,True
30615,1,0.5,176.14189154,-1.13909079,176.14189154,-1.13909079,15.649,15.654,0.07997,0.07866,-22.26,4.54,20.5,21.88,23.46,0.2042,176.37,11.13,1.37,0.069,8.0,0.0,GAMA,,,,False,True,True
30784,1,3.0,176.72699023,-1.17039248,176.72699023,-1.17039248,19.496,19.16,0.02852,0.02727,-16.34,3.22,23.82,24.39,26.34,0.1835,66.78,8.36,0.74,0.072,8.0,0.0,GAMA,,,,False,True,True
30786,1,2.0,176.74627316,-1.09410565,176.74627316,-1.09410565,16.27,16.307,0.04897,0.0477,-20.44,4.51,20.23,21.1,22.81,0.7165,8.149994,10.35,1.22,0.086,8.0,0.0,GAMA,,,,False,True,True
30847,1,0.5,177.15497546,-1.2128314,177.15497546,-1.2128314,15.575,15.52,0.10808,0.10674,-23.11,4.01,20.17,21.48,23.07,0.2349,121.95,11.44,1.41,0.076,4.0,0.0,GAMA,,,,False,True,True
30890,1,3.0,177.25796135,-1.10259703,177.25796135,-1.10259703,14.895,14.891,0.02164,0.01987,-19.98,7.56,20.71,21.37,23.22,0.4347,117.12,9.79,0.72,0.08,8.0,0.0,GAMA,,,,False,True,True
30913,1,-9.0,177.36982846,-1.07622131,177.36982846,-1.07622131,18.013,17.143,0.02136,0.01954,-17.72,2.24,21.56,22.4,24.13,0.2133,133.82,9.22,1.12,0.076,8.0,0.0,GAMA,,,,False,True,True
30914,1,3.0,177.37001518,-1.09538916,177.37001518,-1.09538916,19.331,17.545,0.02188,0.02015,-17.43,7.73,23.98,24.96,26.63,0.0207,114.54,9.11,1.1,0.075,8.0,0.0,GAMA,,,,False,True,True
30916,1,2.5,177.34806988,-1.08377011,177.34806988,-1.08377011,13.639,13.575,0.02217,0.02048,-21.41,19.65,20.16,21.16,22.82,0.8198,73.520004,10.8,1.26,0.076,8.0,0.0,GAMA,,,,False,True,True
31079,1,2.0,178.36218912,-1.13567911,178.36218912,-1.13567911,15.952,15.965,0.0821,0.0808,-21.97,6.81,21.12,22.75,24.3,0.5098,74.19,10.81,1.1,0.091,3.0,0.0,GAMA,,,,False,True,True
31129,1,3.0,178.5474174,-1.13108925,178.5474174,-1.13108925,15.823,15.758,0.01349,0.01107,-18.04,4.01,21.1,21.76,23.61,0.3062,119.630005,8.9,0.57,0.099,8.0,0.0,GAMA,,,,False,True,True
31353,1,-9.0,179.39804778,-1.22109682,179.39804778,-1.22109682,19.05,19.051,0.01998,0.01797,-15.64,1.72,22.07,23.09,24.75,0.1185,78.13999,8.2,0.92,0.094,8.0,0.0,GAMA,,,,False,True,True
31448,1,1.0,179.72673263,-1.2367022,179.72673263,-1.2367022,16.491,16.502,0.08308,0.08178,-21.46,3.88,20.47,21.89,23.46,0.5248,0.51000977,10.75,1.29,0.075,3.0,0.0,GAMA,,,,False,True,True
31452,1,3.0,179.86348449,-1.15512599,179.86348449,-1.15512599,15.419,15.423,0.02197,0.02024,-19.48,10.01,20.85,21.39,23.38,0.7815,120.46,9.51,0.62,0.092,8.0,0.0,GAMA,,,,False,True,True
31509,1,3.0,179.97080528,-1.08987299,179.97080528,-1.08987299,18.253,18.361,0.0273,0.02604,-17.04,4.82,22.02,22.69,24.54,0.8059,78.17001,8.44,0.5,0.095,8.0,0.0,GAMA,,,,False,True,True
31620,4,2.0,180.48186298,-1.06925501,180.48186298,-1.06925501,14.134,14.106,0.02219,0.0205,-20.82,14.95,20.36,21.22,22.94,0.7723,39.600006,10.46,1.12,0.121,8.0,0.0,GAMA,,,,True,True,True
31623,1,0.5,180.61572071,-1.132541,180.61572071,-1.132541,15.415,15.479,0.09378,0.09247,-22.77,5.62,20.54,21.95,23.52,0.3487,175.42,11.31,1.36,0.108,8.0,0.0,GAMA,,,,False,True,True
31725,1,3.0,181.09261977,-1.20358178,181.09261977,-1.20358178,18.729,18.654,0.02098,0.01908,-16.13,2.5,22.8,23.55,25.34,0.072,174.95999,8.32,0.8,0.076,8.0,0.0,GAMA,,,,False,True,True
31740,1,3.0,,,,,,,,,,,,,,,,,,,,,,,,,False,True,False
318936,3,3.0,212.94106512,1.94731272,212.94106512,1.94731272,16.277,16.223,0.01919,0.01777,-18.36,6.84,22.04,22.72,24.56,0.365,24.959991,8.9,0.42,0.169,8.0,0.0,GAMA,,,,True,True,True
319018,1,3.0,213.30430115,1.78278398,213.30430115,1.78278398,16.244,16.046,0.04997,0.04907,-20.72,5.16,21.16,22.53,24.1,0.4973,7.989998,10.05,0.71,0.198,8.0,0.0,GAMA,,,,False,True,True
319020,1,3.0,213.33506102,1.91250173,213.33506102,1.91250173,16.333,16.327,0.02663,0.02574,-19.0,13.02,21.96,22.87,24.57,0.8319,66.399994,9.24,0.53,0.198,8.0,0.0,GAMA,,,,False,True,True
319049,3,2.5,213.41656414,1.78299755,213.41656414,1.78299755,17.022,17.007,0.05453,0.05363,-19.97,4.52,20.74,21.46,23.27,0.7866,107.83,10.04,1.09,0.205,8.0,0.0,GAMA,,,,True,True,True
319057,1,3.0,213.44546689,1.93351859,213.44546689,1.93351859,16.177,16.176,0.05572,0.05482,-20.83,4.48,20.62,21.44,23.18,0.5774,81.34,10.14,0.78,0.201,8.0,0.0,GAMA,,,,False,True,True
319059,1,1.0,213.45942567,1.95425702,213.45942567,1.95425702,17.124,17.091,0.05538,0.05448,-19.92,1.45,19.23,20.48,22.08,0.4982,60.740005,10.02,1.11,0.198,8.0,0.0,GAMA,,,,False,True,True
319060,3,1.0,213.4666955,1.89498447,213.4666955,1.89498447,15.781,15.769,0.05486,0.05396,-21.23,2.9,19.01,20.34,21.92,0.6351,146.68,10.55,1.11,0.206,8.0,0.0,GAMA,,,,True,True,True
319064,1,2.5,213.47956949,1.81821879,213.47956949,1.81821879,15.82,15.778,0.05658,0.05568,-21.29,8.51,21.08,21.96,23.67,0.7342,30.529999,10.48,0.97,0.209,8.0,0.0,GAMA,,,,False,True,True
319067,1,1.0,213.49765496,1.83180809,213.49765496,1.83180809,15.025,14.916,0.05423,0.05333,-22.06,5.17,19.74,21.09,22.68,0.5119,20.98999,10.93,1.16,0.21,8.0,0.0,GAMA,,,,False,True,True
319070,1,0.5,213.50962527,1.84789354,213.50962527,1.84789354,14.892,14.85,0.03972,0.03884,-21.41,3.06,19.09,20.34,21.94,0.2591,55.839996,10.68,1.15,0.209,8.0,0.0,GAMA,,,,False,True,True
31912,1,1.5,182.40462574,-1.10063699,182.40462574,-1.10063699,16.641,16.656,0.10145,0.10015,-21.83,2.82,19.5,21.02,22.58,0.6931,45.86,10.95,1.42,0.075,4.0,0.0,GAMA,,,,False,True,True
319139,3,3.0,213.55368783,1.83691121,213.55368783,1.83691121,17.726,17.716,0.02637,0.02548,-17.6,3.86,21.83,22.61,24.37,0.5653,82.31,8.63,0.47,0.207,8.0,0.0,GAMA,,,,True,True,True
319150,1,3.0,213.62262429,1.8126302,213.62262429,1.8126302,17.912,17.732,0.02633,0.02544,-17.55,1.9,20.88,21.95,23.59,0.3778,68.200005,8.56,0.4,0.201,8.0,0.0,GAMA,,,,False,True,True
319157,1,1.5,213.6804124,1.93736016,213.6804124,1.93736016,16.665,16.639,0.05362,0.05273,-20.31,3.04,19.3,20.38,22.02,0.815,157.82999,10.2,1.13,0.178,8.0,0.0,GAMA,,,,False,True,True
319196,1,0.5,213.75530808,1.92117838,213.75530808,1.92117838,16.553,16.577,0.05402,0.05313,-20.38,2.11,19.91,21.49,23.04,0.2004,149.13,10.17,1.06,0.172,8.0,0.0,GAMA,,,,False,True,True
319197,1,1.5,213.75510822,1.77583006,213.75510822,1.77583006,16.414,16.409,0.05608,0.05519,-20.65,2.85,19.81,20.9,22.54,0.573,58.820007,10.38,1.2,0.176,8.0,0.0,GAMA,,,,False,True,True
319231,2,0.0,213.96153032,1.88260835,213.96153032,1.88260835,15.106,15.099,0.0267,0.02582,-20.26,5.26,20.48,21.67,23.28,0.1545,175.97,10.05,0.92,0.179,8.0,0.0,GAMA,,,,True,True,True
319243,1,3.0,213.97299773,1.86184857,213.97299773,1.86184857,18.332,18.338,0.02665,0.02577,-17.02,1.58,21.14,22.04,23.74,0.2371,33.79001,8.54,0.63,0.178,8.0,0.0,GAMA,,,,False,True,True
319272,1,3.0,213.89211393,1.81475541,213.89211393,1.81475541,17.511,17.496,0.0262,0.02531,-17.8,6.44,22.16,22.77,24.67,0.8339,145.90001,8.76,0.52,0.166,8.0,0.0,GAMA,,,,False,True,True
319290,2,3.0,214.02957289,1.96412515,214.02957289,1.96412515,17.156,17.173,0.02625,0.02537,-18.05,5.22,22.02,24.27,25.79,0.3325,179.6,8.58,0.16,0.179,8.0,0.0,GAMA,,,,True,True,True
319293,1,0.5,214.00746672,1.91659509,214.00746672,1.91659509,16.658,16.639,0.05515,0.05426,-20.39,3.17,20.9,22.42,23.98,0.1648,7.169998,10.29,1.2,0.181,8.0,0.0,GAMA,,,,False,True,True
319299,1,1.5,214.04927841,1.86797804,214.04927841,1.86797804,15.401,15.385,0.08305,0.08214,-22.62,9.18,21.41,22.63,24.23,0.4785,111.16,11.18,1.27,0.176,8.0,0.0,GAMA,,,,False,True,True
319381,1,3.0,214.39169666,1.81253676,214.39169666,1.81253676,14.407,14.288,0.0257,0.02481,-20.98,12.2,20.93,21.78,23.51,0.5323,114.58,10.26,0.8,0.148,8.0,0.0,GAMA,,,,False,True,True
319385,1,1.5,214.29111487,1.9059429,214.29111487,1.9059429,16.805,16.807,0.05678,0.05589,-20.28,3.35,20.55,21.56,23.22,0.5577,107.94,10.13,1.06,0.148,8.0,0.0,GAMA,,,,False,True,True
31939,1,2.5,182.50862362,-1.2226536,182.50862362,-1.2226536,16.539,16.571,0.06082,0.05956,-20.7,7.24,20.78,21.89,23.52,0.8461,45.97,10.53,1.33,0.083,3.0,0.0,GAMA,,,,False,True,True
319393,1,3.0,214.32445641,1.9200146,214.32445641,1.9200146,17.181,17.121,0.0562,0.05532,-19.92,3.53,20.86,21.76,23.46,0.63,50.350006,10.06,1.14,0.148,8.0,0.0,GAMA,,,,False,True,True
319395,1,0.5,214.34003447,1.82118909,214.34003447,1.82118909,15.552,15.523,0.05504,0.05416,-21.48,5.15,20.76,22.2,23.77,0.181,51.1,10.71,1.19,0.149,8.0,0.0,GAMA,,,,False,True,True
319397,1,2.0,214.35212616,1.9621318,214.35212616,1.9621318,15.883,15.873,0.05345,0.05257,-21.08,4.15,20.43,22.03,23.58,0.2976,52.319992,10.52,1.15,0.149,8.0,0.0,GAMA,,,,False,True,True
319400,2,2.0,214.39161251,1.9369163,214.39161251,1.9369163,15.952,15.942,0.0508,0.04992,-20.89,5.59,20.17,21.6,23.17,0.7163,174.04999,10.37,1.03,0.147,8.0,0.0,GAMA,,,,True,True,True
319402,1,1.0,214.40123487,1.76816809,214.40123487,1.76816809,15.307,15.226,0.05253,0.05165,-21.68,3.72,19.53,20.95,22.52,0.3992,32.729996,10.79,1.18,0.147,8.0,0.0,GAMA,,,,False,True,True
319452,1,1.0,214.48251755,1.8694504,214.48251755,1.8694504,16.057,16.067,0.05488,0.054,-20.94,2.63,19.76,21.19,22.76,0.2488,11.139999,10.49,1.19,0.138,8.0,0.0,GAMA,,,,False,True,True
319453,2,2.0,214.49993446,1.90634515,214.49993446,1.90634515,16.067,16.046,0.05395,0.05307,-20.91,5.3,21.22,21.98,23.76,0.3654,123.899994,10.4,1.07,0.138,8.0,0.0,GAMA,,,,True,True,True
319499,2,3.0,214.72696395,1.87371191,214.72696395,1.87371191,17.214,17.161,0.02597,0.02509,-18.1,4.98,21.75,22.58,24.31,0.6627,60.5,8.69,0.3,0.133,8.0,0.0,GAMA,,,,True,True,True
320068,2,3.0,216.87191265,1.85174575,216.87191265,1.85174575,16.929,16.906,0.03028,0.02946,-18.71,3.7,21.42,22.22,23.97,0.2761,113.6,9.17,0.59,0.113,8.0,0.0,GAMA,,,,True,True,True
320124,2,3.0,217.03608108,1.82378051,217.03608108,1.82378051,17.532,17.501,0.00748,0.0061,-15.07,12.42,23.83,24.66,26.4,0.5678,50.28,7.72,0.56,0.111,8.0,0.0,GAMA,,,,True,True,True
320254,1,3.0,217.53494167,1.6896012,217.53494167,1.6896012,16.738,16.743,0.03477,0.03396,-19.19,3.22,20.5,21.16,23.01,0.5603,53.23001,9.29,0.51,0.132,8.0,0.0,GAMA,,,,False,True,True
320281,1,3.0,217.63635218,1.85327828,217.63635218,1.85327828,15.54,15.548,0.03501,0.0342,-20.4,4.04,20.14,20.8,22.65,0.3908,120.85,9.84,0.6,0.129,8.0,0.0,GAMA,,,,False,True,True
321022,1,3.0,220.702086,1.63976897,220.702086,1.63976897,18.208,18.164,0.02709,0.02635,-17.18,3.72,21.8,22.27,24.37,0.7072,63.690002,8.47,0.48,0.146,8.0,0.0,GAMA,,,,False,True,True
321035,1,1.0,220.74028625,1.75458196,220.74028625,1.75458196,16.674,16.662,0.03485,0.03409,-19.31,2.83,20.31,21.54,23.15,0.4167,34.800003,9.83,1.13,0.148,8.0,0.0,GAMA,,,,False,True,True
321059,1,1.0,220.98488226,1.60417529,220.98488226,1.60417529,13.625,13.547,0.007,0.00582,-18.86,6.98,18.76,19.83,21.47,0.6296,61.059998,9.67,1.1,0.148,8.0,0.0,GAMA,,,,False,True,True
321146,1,0.5,221.49039321,1.69430408,221.49039321,1.69430408,16.719,16.72,0.03456,0.03381,-19.2,2.56,20.33,21.85,23.41,0.2463,104.89,9.7,1.02,0.144,8.0,0.0,GAMA,,,,False,True,True
321207,1,3.0,221.90937302,1.66450198,221.90937302,1.66450198,18.546,18.343,0.02718,0.02647,-17.0,3.15,22.82,23.51,25.34,0.6211,33.850006,8.64,0.77,0.155,8.0,0.0,GAMA,,,,False,True,True
32136,1,3.0,183.47565906,-1.08858595,183.47565906,-1.08858595,17.266,17.1,0.0089,0.00679,-15.79,11.17,24.61,25.57,27.25,0.278,76.03,8.0,0.55,0.078,8.0,0.0,GAMA,,,,False,True,True
32196,1,0.0,183.82603445,-1.1098486,183.82603445,-1.1098486,15.541,15.118,0.07722,0.07595,-22.75,5.76,20.91,22.36,23.93,0.1812,84.16998,11.28,1.22,0.076,8.0,0.0,GAMA,,,,False,True,True
32249,1,3.0,183.9586887,-1.23808282,183.9586887,-1.23808282,17.566,17.419,0.02219,0.0205,-17.43,5.8,23.19,24.14,25.82,0.1197,146.44,8.51,0.43,0.077,8.0,0.0,GAMA,,,,False,True,True
32274,1,3.0,184.15296827,-1.08234243,184.15296827,-1.08234243,17.001,17.032,0.023,0.02142,-17.97,4.49,21.77,22.47,24.29,0.415,101.36,8.79,0.48,0.081,8.0,0.0,GAMA,,,,False,True,True
322910,1,3.0,129.39530537,1.57389058,129.39530537,1.57389058,15.979,15.975,0.03192,0.03094,-19.78,5.32,21.45,22.22,23.99,0.1885,150.03,9.74,0.76,0.189,8.0,0.0,GAMA,,,,False,True,True
32295,1,3.0,184.07739305,-1.06923279,184.07739305,-1.06923279,17.36,17.228,0.03276,0.03155,-18.57,4.47,22.46,22.82,25.19,0.7405,31.209991,9.1,0.57,0.079,8.0,0.0,GAMA,,,,False,True,True
323133,1,3.0,130.5238463,1.55214343,130.5238463,1.55214343,18.964,18.689,0.02611,0.02526,-16.77,1.6,21.41,22.08,23.93,0.5321,36.329987,8.87,1.07,0.239,8.0,0.0,GAMA,,,,False,True,True
323194,1,3.0,130.8163021,1.48409537,130.8163021,1.48409537,16.713,16.756,0.01363,0.01308,-17.1,2.83,20.66,21.52,23.24,0.3682,100.020004,8.61,0.68,0.203,8.0,0.0,GAMA,,,,False,True,True
32322,1,3.0,184.34668635,-1.0937702,184.34668635,-1.0937702,17.012,17.091,0.02224,0.02056,-17.83,8.82,23.49,24.39,26.09,0.146,126.45,8.74,0.48,0.092,8.0,0.0,GAMA,,,,False,True,True
323224,1,3.0,130.9870486,1.58429284,130.9870486,1.58429284,16.375,16.405,0.01405,0.0135,-17.51,3.45,21.08,21.83,23.62,0.1121,96.43,8.61,0.48,0.169,8.0,0.0,GAMA,,,,False,True,True
323242,1,-9.0,131.00308945,1.67132815,131.00308945,1.67132815,16.28,16.269,0.02911,0.02814,-19.26,2.23,19.81,21.07,22.66,0.2335,66.46001,9.5,0.73,0.184,8.0,0.0,GAMA,,,,False,True,True
323329,1,2.0,131.40646768,1.60664109,131.40646768,1.60664109,16.024,16.053,0.05029,0.04927,-20.74,2.75,19.47,20.45,22.12,0.5304,153.28,10.34,1.06,0.15,8.0,0.0,GAMA,,,,False,True,True
323504,1,2.0,131.95082098,1.53447364,131.95082098,1.53447364,15.238,15.19,0.06401,0.06297,-22.18,8.4,21.68,22.62,24.3,0.0884,161.97,10.94,1.13,0.134,8.0,0.0,GAMA,,,,False,True,True
323505,1,2.5,131.97722421,1.6281822,131.97722421,1.6281822,16.736,16.602,0.04411,0.04308,-19.89,9.23,21.69,22.73,24.38,0.8182,102.51,9.97,1.0,0.138,8.0,0.0,GAMA,,,,False,True,True
323507,1,3.0,132.03546043666665,1.56604385,132.03504377,1.56604385,17.163,17.074,0.0409,0.03988,-19.25,3.33,21.67,22.59,24.28,0.1355,19.419998,9.44,0.67,0.134,8.0,5.0,GAMA,,,,False,True,True
323541,1,1.0,132.1358474,1.53295049,132.1358474,1.53295049,16.83,16.81,0.06867,0.06762,-20.74,1.56,18.49,19.82,21.4,0.7073,9.679993,10.48,1.3,0.137,3.0,0.0,GAMA,,,,False,True,True
323558,1,1.5,132.26310063,1.53844211,132.26310063,1.53844211,14.716,14.629,0.04362,0.04259,-21.85,5.39,19.66,21.11,22.68,0.428,177.22,10.9,1.2,0.14,8.0,0.0,GAMA,,,,False,True,True
323566,1,0.0,132.28304106,1.59911066,132.28304106,1.59911066,16.739,16.75,0.04353,0.0425,-19.72,1.41,19.24,20.51,22.11,0.2491,128.43001,10.01,1.15,0.14,8.0,0.0,GAMA,,,,False,True,True
323575,1,3.0,132.25577133,1.5739509,132.25577133,1.5739509,17.804,17.454,0.04434,0.04331,-19.05,6.43,21.3,21.77,23.86,0.9007,16.520004,9.6,0.95,0.141,8.0,0.0,GAMA,,,,False,True,True
323577,1,3.0,132.27829186,1.5656973,132.27829186,1.5656973,17.68,17.68,0.04277,0.04174,-18.75,4.65,22.86,23.77,25.47,0.0391,79.70999,9.33,0.78,0.141,8.0,0.0,GAMA,,,,False,True,True
323593,1,0.5,132.38784606,1.72802437,132.38784606,1.72802437,15.374,15.174,0.06993,0.06887,-22.41,4.7,20.19,21.74,23.3,0.2881,119.38,11.13,1.27,0.141,8.0,0.0,GAMA,,,,False,True,True
32362,4,2.0,184.53564653,-1.06411418,184.53564653,-1.06411418,13.715,13.66,0.02091,0.019,-21.13,13.65,20.7,21.64,23.32,0.4359,134.76,10.41,0.91,0.113,8.0,0.0,GAMA,,,,True,True,True
323854,1,1.5,133.40525485,1.71767566,133.40525485,1.71767566,15.593,15.574,0.05938,0.05832,-21.62,4.19,19.91,21.31,22.88,0.4848,58.0,10.71,1.11,0.141,8.0,0.0,GAMA,,,,False,True,True
323855,1,2.5,133.41969201,1.56350665,133.41969201,1.56350665,15.007,14.981,0.04205,0.04101,-21.4,7.05,21.03,21.67,23.54,0.2075,83.66,10.47,0.88,0.138,8.0,0.0,GAMA,,,,False,True,True
323874,1,3.0,133.49340667,1.66406714,133.49340667,1.66406714,17.94,16.731,0.05917,0.05811,-20.74,3.44,22.53,23.26,25.06,0.0842,147.28,10.56,1.2,0.126,8.0,0.0,GAMA,,,,False,True,True
323888,1,3.0,133.57163406,1.60088395,133.57163406,1.60088395,18.887,18.901,0.02957,0.02855,-16.61,1.46,21.47,22.13,23.99,0.2618,64.08002,8.25,0.5,0.129,8.0,0.0,GAMA,,,,False,True,True
324157,1,-9.0,134.67662679,1.60293374,134.67662679,1.60293374,18.466,18.423,0.05385,0.05278,-18.51,1.43,20.73,22.41,23.95,0.2106,39.17,9.44,1.07,0.185,3.0,0.0,GAMA,,,,False,True,True
324179,1,3.0,134.76492252,1.62823855,134.76492252,1.62823855,16.493,16.517,0.03468,0.03363,-19.41,2.12,19.41,20.1,21.93,0.5744,4.0400085,9.08,0.14,0.196,8.0,0.0,GAMA,,,,False,True,True
324323,1,3.0,135.5004396,1.78603521,135.5004396,1.78603521,17.271,17.268,0.05419,0.05311,-19.68,2.25,20.51,21.18,23.03,0.4804,102.46999,9.74,0.84,0.206,3.0,0.0,GAMA,,,,False,True,True
324351,1,1.5,135.71646938,1.71098085,135.71646938,1.71098085,16.69,16.674,0.05842,0.05733,-20.49,2.54,19.21,20.35,21.97,0.7716,117.84,10.45,1.35,0.235,8.0,0.0,GAMA,,,,False,True,True
324753,1,3.0,137.11754899,1.87918343,137.11754899,1.87918343,18.883,18.884,0.04009,0.03901,-17.41,1.77,21.41,21.75,24.19,0.5477,131.45,8.65,0.58,0.123,3.0,0.0,GAMA,,,,False,True,True
324799,1,3.0,137.29964949,1.86774181,137.29964949,1.86774181,18.66,18.658,0.04018,0.03909,-17.62,1.28,20.79,21.44,23.3,0.3631,115.159996,8.67,0.52,0.104,3.0,0.0,GAMA,,,,False,True,True
324865,1,3.0,137.43954115,1.79408816,137.43954115,1.79408816,17.047,16.866,0.01745,0.01664,-17.52,10.2,22.82,23.58,25.36,0.6324,12.720001,8.74,0.62,0.099,8.0,0.0,GAMA,,,,False,True,True
324963,1,2.0,138.03057081,1.9120471,138.03057081,1.9120471,16.233,16.215,0.06001,0.0589,-20.97,4.68,21.41,22.04,23.93,0.1552,71.16,10.34,0.96,0.097,3.0,0.0,GAMA,,,,False,True,True
325001,1,3.0,138.13322613,1.83494442,138.13322613,1.83494442,18.68,18.466,0.05651,0.0554,-18.56,4.94,22.04,22.79,24.57,0.8405,69.0,9.45,1.06,0.095,3.0,0.0,GAMA,,,,False,True,True
325007,1,2.0,138.31550302,1.86724656,138.31550302,1.86724656,14.779,14.778,0.05652,0.05541,-22.31,5.33,19.95,21.35,22.93,0.2838,61.5,10.97,1.09,0.111,8.0,0.0,GAMA,,,,False,True,True
325321,1,1.0,139.81121168,1.78031234,139.81121168,1.78031234,16.063,16.049,0.08877,0.08761,-22.1,4.0,20.16,21.34,22.95,0.5489,5.4100037,10.96,1.26,0.121,8.0,0.0,GAMA,,,,False,True,True
325376,1,3.0,140.12389715222224,1.84816377,140.12417493,1.84816377,17.082,17.141,0.01775,0.01682,-17.28,3.34,21.48,22.44,24.12,0.3143,21.939995,8.41,0.35,0.105,8.0,5.0,GAMA,,,,False,True,True
325378,1,2.0,140.02680329,1.96881438,140.02680329,1.96881438,15.896,15.81,0.08616,0.085,-22.29,3.96,20.31,21.46,23.08,0.399,132.41,11.01,1.2,0.094,8.0,0.0,GAMA,,,,False,True,True
325390,1,3.0,140.06483517,1.78792026,140.06483517,1.78792026,18.745,18.583,0.01787,0.01694,-15.85,3.35,22.67,23.55,25.26,0.3992,124.22,8.26,0.87,0.102,8.0,0.0,GAMA,,,,False,True,True
325441,1,5.0,140.40745486,1.86072568,140.40745486,1.86072568,19.485,19.46,0.02663,0.02561,,1.02,21.49,22.48,24.14,0.0767,101.74999,8.3,0.82,0.131,8.0,0.0,GAMA,,,,False,True,True
325467,1,0.5,140.51652233,1.98864567,140.51652233,1.98864567,16.067,16.028,0.08639,0.08522,-22.06,3.7,20.41,21.91,23.47,0.2827,172.31,10.98,1.3,0.117,8.0,0.0,GAMA,,,,False,True,True
325533,1,2.5,140.92831948,2.0033603,140.92831948,2.0033603,16.263,16.245,0.0538,0.05266,-20.68,5.84,21.49,22.25,24.02,0.4833,79.21002,10.1,0.79,0.146,8.0,0.0,GAMA,,,,False,True,True
325536,1,2.5,140.98395594,1.83442423,140.98395594,1.83442423,16.117,16.117,0.05186,0.05072,-20.76,6.66,20.67,21.59,23.28,0.7796,72.42001,10.34,1.05,0.158,8.0,0.0,GAMA,,,,False,True,True
345646,1,3.0,130.40959635,1.96808945,130.40959635,1.96808945,18.339,16.905,0.01422,0.0137,-17.04,12.56,24.47,25.44,27.11,0.0753,143.09,8.44,0.47,0.256,8.0,0.0,GAMA,,,,False,True,True
345682,1,3.0,130.67706597,1.95196116,130.67706597,1.95196116,16.417,16.416,0.02631,0.02546,-18.89,4.19,20.91,21.86,23.54,0.5392,113.90999,9.27,0.62,0.234,8.0,0.0,GAMA,,,,False,True,True
345754,1,1.5,131.11856269,2.063963,131.11856269,2.063963,14.839,14.766,0.02642,0.02555,-20.56,5.73,20.21,21.18,22.86,0.4525,16.269989,10.25,1.01,0.324,8.0,0.0,GAMA,,,,False,True,True
345758,1,0.0,131.02693494,1.89640977,131.02693494,1.89640977,15.419,15.33,0.07785,0.07681,-22.5,4.19,20.31,21.7,23.28,0.1501,164.2,11.2,1.34,0.324,8.0,0.0,GAMA,,,,False,True,True
345767,1,0.5,131.10314972,2.05687434,131.10314972,2.05687434,15.681,15.604,0.07887,0.07782,-22.24,5.11,20.97,22.37,23.94,0.2172,81.57001,11.04,1.26,0.323,8.0,0.0,GAMA,,,,False,True,True
345820,1,1.5,131.24559559,2.05165301,131.24559559,2.05165301,16.167,16.153,0.05193,0.05091,-20.7,1.94,19.41,20.54,22.17,0.2758,3.730011,10.26,1.0,0.316,8.0,0.0,GAMA,,,,False,True,True
345845,1,0.0,131.33667803,2.0039701,131.33667803,2.0039701,15.108,15.008,0.07653,0.07548,-22.76,8.71,21.4,22.95,24.5,0.1563,50.899994,11.29,1.31,0.282,8.0,0.0,GAMA,,,,False,True,True
345848,1,0.0,131.30016633,2.04119469,131.30016633,2.04119469,16.053,15.989,0.07637,0.07532,-21.8,3.34,20.6,21.93,23.51,0.0766,125.59,10.94,1.36,0.292,8.0,0.0,GAMA,,,,False,True,True
346046,1,1.0,132.12090752,2.07601626,132.12090752,2.07601626,16.426,16.39,0.04395,0.04292,-20.14,2.63,19.9,21.31,22.88,0.3826,177.76001,10.23,1.22,0.118,8.0,0.0,GAMA,,,,False,True,True
346257,1,3.0,133.04214777,1.98303585,133.04214777,1.98303585,17.903,17.905,0.02956,0.02855,-17.63,1.92,20.61,21.58,23.26,0.4975,6.7400055,8.63,0.46,0.126,8.0,0.0,GAMA,,,,False,True,True
346440,1,3.0,133.746856,2.1343627,133.746856,2.1343627,17.937,17.951,0.02065,0.01998,-16.8,1.15,20.24,20.98,22.77,0.1076,97.17,8.37,0.54,0.152,8.0,0.0,GAMA,,,,False,True,True
346475,1,3.0,133.84667065,2.1913191,133.84667065,2.1913191,17.41,17.346,0.05259,0.05153,-19.56,6.07,21.42,21.91,23.97,0.8368,112.87999,9.89,1.09,0.15,3.0,0.0,GAMA,,,,False,True,True
346504,1,1.5,134.06858157,2.14467117,134.06858157,2.14467117,16.972,16.904,0.05884,0.05777,-20.23,1.58,19.35,20.67,22.26,0.4195,106.600006,9.99,0.91,0.146,3.0,0.0,GAMA,,,,False,True,True
346623,1,0.5,134.56891505,2.02191105,134.56891505,2.02191105,16.691,16.683,0.07203,0.07094,-20.97,1.7,19.57,20.82,22.42,0.263,47.36,10.54,1.26,0.157,3.0,0.0,GAMA,,,,False,True,True
346680,1,3.0,134.67079601,2.19370629,134.67079601,2.19370629,16.992,16.872,0.00879,0.00806,-15.97,6.68,21.97,22.67,24.49,0.7202,3.3600006,7.68,0.08,0.147,8.0,0.0,GAMA,,,,False,True,True
346718,2,3.0,134.86958334,2.06156889,134.86958334,2.06156889,17.263,17.24,0.05824,0.05717,-19.84,1.4,19.91,20.75,22.48,0.192,37.819992,9.46,0.4,0.16,3.0,0.0,GAMA,,,,True,True,True
346752,1,2.0,135.01032859,2.04584671,135.01032859,2.04584671,16.662,16.613,0.05755,0.05647,-20.49,5.66,21.12,22.24,23.87,0.7374,103.97,10.12,0.92,0.158,8.0,0.0,GAMA,,,,False,True,True
346793,1,3.0,135.04775549,2.07782363,135.04775549,2.07782363,16.001,16.011,0.05737,0.05629,-21.07,6.63,21.23,21.97,23.76,0.5792,68.03,10.3,0.85,0.158,8.0,0.0,GAMA,,,,False,True,True
346837,1,0.0,135.21984256,2.21439177,135.21984256,2.21439177,17.19,17.133,0.05894,0.05786,-20.02,1.14,19.47,20.86,22.44,0.0036,98.369995,10.13,1.2,0.166,8.0,0.0,GAMA,,,,False,True,True
346839,1,1.0,135.23069329,2.22819313,135.23069329,2.22819313,16.496,16.481,0.05964,0.05856,-20.7,2.2,19.25,20.5,22.1,0.5948,179.6,10.39,1.18,0.169,8.0,0.0,GAMA,,,,False,True,True
346842,1,3.0,135.24349126,2.1944591,135.24349126,2.1944591,16.778,16.742,0.05882,0.05774,-20.4,8.37,21.41,21.87,24.0,0.8546,36.679993,10.04,0.87,0.169,8.0,0.0,GAMA,,,,False,True,True
346861,1,3.0,135.2964412,2.07819786,135.2964412,2.07819786,17.137,17.022,0.05644,0.05536,-20.0,4.21,21.85,22.49,24.36,0.3314,15.73999,9.82,0.79,0.196,3.0,0.0,GAMA,,,,False,True,True
346887,1,0.5,135.38349686,2.0621208,135.38349686,2.0621208,16.109,15.999,0.05805,0.05697,-21.12,2.13,19.61,21.12,22.69,0.0471,126.87,10.55,1.17,0.207,8.0,0.0,GAMA,,,,False,True,True
346890,1,1.0,135.39136871,2.0876501,135.39136871,2.0876501,16.396,16.405,0.05939,0.05831,-20.77,2.65,19.69,21.13,22.7,0.5139,145.09,10.4,1.17,0.206,8.0,0.0,GAMA,,,,False,True,True
346892,1,2.0,135.3983156,2.16826377,135.3983156,2.16826377,16.11,16.128,0.05956,0.05848,-21.03,3.6,20.78,21.84,23.48,0.1678,32.08,10.28,0.85,0.204,8.0,0.0,GAMA,,,,False,True,True
346894,1,1.5,135.44724416,2.04232907,135.44724416,2.04232907,16.569,16.554,0.0584,0.05732,-20.63,1.33,18.26,19.52,21.12,0.6093,122.77,10.47,1.31,0.21,8.0,0.0,GAMA,,,,False,True,True
347263,1,3.0,136.99176202,2.27054564,136.99176202,2.27054564,16.149,16.14,0.027,0.02602,-19.22,5.1,21.18,21.53,23.92,0.4603,179.54999,9.48,0.71,0.158,8.0,0.0,GAMA,,,,False,True,True
347432,2,1.0,137.71158282,2.30149001,137.71158282,2.30149001,14.842,14.728,0.0559,0.0548,-22.33,5.45,19.57,20.95,22.52,0.5464,145.6,11.12,1.26,0.151,8.0,0.0,GAMA,,,,True,True,True
347470,1,2.0,137.86474231,2.2372069,137.86474231,2.2372069,16.278,16.224,0.0567,0.05559,-20.86,3.21,19.57,20.53,22.21,0.7244,35.059998,10.36,1.04,0.116,8.0,0.0,GAMA,,,,False,True,True
347471,1,0.5,137.88330421,2.23981734,137.88330421,2.23981734,15.324,15.272,0.05615,0.05504,-21.78,3.43,19.61,20.92,22.51,0.2537,4.220001,10.87,1.23,0.11,8.0,0.0,GAMA,,,,False,True,True
347522,1,3.0,138.16365905,2.21735193,138.16365905,2.21735193,16.625,16.524,0.05707,0.05596,-20.59,10.92,21.56,22.21,24.07,0.8694,123.19,10.29,1.09,0.106,8.0,0.0,GAMA,,,,False,True,True
347570,1,3.0,138.18658947,2.3212965,138.18658947,2.3212965,18.013,16.829,0.05184,0.05073,-20.11,2.23,20.59,21.56,23.24,0.6489,135.33,10.45,1.35,0.106,8.0,0.0,GAMA,,,,False,True,True
347571,1,2.5,138.2035197,2.20800582,138.2035197,2.20800582,17.38,17.311,0.05784,0.05673,-19.83,6.12,21.27,22.16,23.87,0.8398,109.45999,10.06,1.18,0.106,8.0,0.0,GAMA,,,,False,True,True
347769,1,2.5,,,,,,,,,,,,,,,,,,,,,,,,,False,True,False
348048,1,2.0,140.09045935,2.30742962,140.09045935,2.30742962,16.979,16.985,0.08709,0.08593,-21.1,2.86,21.09,22.08,23.75,0.1408,26.200012,10.42,1.06,0.125,3.0,0.0,GAMA,,,,False,True,True
348115,1,1.0,140.2860033,2.33393497,140.2860033,2.33393497,15.761,15.751,0.09022,0.08905,-22.44,6.49,21.18,22.66,24.23,0.3141,74.08,11.12,1.3,0.132,8.0,0.0,GAMA,,,,False,True,True
348116,1,2.0,140.29344703,2.20123436,140.29344703,2.20123436,15.957,15.975,0.05154,0.05041,-20.9,7.21,20.51,21.31,23.07,0.8102,159.32,10.61,1.32,0.115,8.0,0.0,GAMA,,,,False,True,True
348118,1,2.0,140.33783655,2.22647764,140.33783655,2.22647764,15.547,15.519,0.08992,0.08875,-22.66,8.24,21.36,22.7,24.28,0.4125,37.0,11.2,1.28,0.123,8.0,0.0,GAMA,,,,False,True,True
3622327,1,3.0,129.9544064,-0.74392522,129.9544064,-0.74392522,17.163,17.08,0.0383,0.0373,,,,,,,,9.37,0.66,0.105,8.0,0.0,GAMA,,,,False,True,True
3623223,1,3.0,131.01940913,-0.74868075,131.01940913,-0.74868075,16.98,16.942,0.01397,0.01336,,,,,,,,8.42,0.5,0.149,8.0,0.0,GAMA,,,,False,True,True
3628218,1,0.5,135.25550814,-0.92860701,135.25550814,-0.92860701,15.874,15.865,0.09017,0.08905,,,,,,,,10.96,1.14,0.124,8.0,0.0,GAMA,,,,False,True,True
3628809,1,3.0,135.71379791,-0.85621081,135.71379791,-0.85621081,17.045,16.922,0.01984,0.01907,,,,,,,,8.79,0.58,0.1,8.0,0.0,GAMA,,,,False,True,True
3630097,1,2.0,136.66480565,-0.86527269,136.66480565,-0.86527269,15.006,15.022,0.03117,0.03009,,,,,,,,10.18,0.87,0.11,8.0,0.0,GAMA,,,,False,True,True
3630239,1,3.0,136.82912633,-0.86927494,136.82912633,-0.86927494,16.694,16.662,0.05953,0.05842,,,,,,,,10.02,0.77,0.109,8.0,0.0,GAMA,,,,False,True,True
3630943,1,1.5,137.26617902,-0.99449392,137.26617902,-0.99449392,15.943,15.952,0.08956,0.08841,,,,,,,,10.97,1.22,0.124,8.0,0.0,GAMA,,,,False,True,True
3631885,1,1.5,137.79858439,-0.9794785,137.79858439,-0.9794785,16.519,16.533,0.04049,0.03939,,,,,,,,10.0,1.12,0.107,8.0,0.0,GAMA,,,,False,True,True
3631902,1,2.0,137.89347477,-0.86512905,137.89347477,-0.86512905,15.808,15.791,0.05583,0.05471,,,,,,,,10.36,0.84,0.112,8.0,0.0,GAMA,,,,False,True,True
3632384,1,3.0,138.18847704,-0.98934878,138.18847704,-0.98934878,17.0,16.836,0.02816,0.02712,,,,,,,,9.05,0.5,0.141,8.0,0.0,GAMA,,,,False,True,True
3634556,1,0.0,139.44677894,-0.98589449,139.44677894,-0.98589449,15.616,15.559,0.07091,0.06976,,,,,,,,11.0,1.29,0.123,8.0,0.0,GAMA,,,,False,True,True
365316,1,3.0,138.99594748,2.60012522,138.99594748,2.60012522,18.87,18.727,0.02874,0.02769,-16.72,1.13,20.81,21.61,23.36,0.2716,145.87001,8.48,0.67,0.113,8.0,0.0,GAMA,,,,False,True,True
365334,1,2.0,139.70918857,2.63766092,139.70918857,2.63766092,16.364,16.383,0.05778,0.05665,-20.73,2.62,20.17,21.57,23.15,0.207,91.96,10.4,1.17,0.153,8.0,0.0,GAMA,,,,False,True,True
36880,1,1.0,211.8418988,-1.09638366,211.8418988,-1.09638366,15.407,15.362,0.05602,0.05509,-21.68,6.29,20.86,21.93,23.57,0.4205,157.73001,10.8,1.19,0.225,8.0,0.0,GAMA,,,,False,True,True
36894,1,3.0,211.94482084,-1.04996957,211.94482084,-1.04996957,17.392,17.42,0.02691,0.026,-17.93,7.05,21.87,22.45,24.39,0.8246,120.7,8.84,0.56,0.207,8.0,0.0,GAMA,,,,False,True,True
36923,3,3.0,212.91960153,-1.05212751,212.91960153,-1.05212751,17.011,16.747,0.02524,0.0243,-18.49,7.64,23.39,24.2,25.95,0.1199,164.47,9.04,0.52,0.213,8.0,0.0,GAMA,,,,True,True,True
37050,1,3.0,215.90250973,-1.06030399,215.90250973,-1.06030399,17.211,17.118,0.03188,0.03103,-18.61,5.53,22.5,23.16,25.02,0.3042,85.29,9.12,0.57,0.159,8.0,0.0,GAMA,,,,False,True,True
37064,1,2.0,216.37267307,-1.06617408,216.37267307,-1.06617408,15.291,15.308,0.0561,0.05524,-21.72,5.05,20.57,21.57,23.24,0.2617,115.6,10.65,0.97,0.188,8.0,0.0,GAMA,,,,False,True,True
370997,1,0.5,129.74054739,0.95970311,129.74054739,0.95970311,16.046,16.08,0.08642,0.08538,-22.0,4.75,21.16,22.19,23.84,0.2732,164.47,10.9,1.23,0.174,8.0,0.0,GAMA,,,,False,True,True
371037,1,3.0,129.86251028,0.80888329,129.86251028,0.80888329,16.68,16.644,0.00716,0.00661,-15.78,4.33,21.53,22.47,24.15,0.2936,154.70001,8.14,0.73,0.164,8.0,0.0,GAMA,,,,False,True,True
371145,1,1.5,130.28147505,0.99556917,130.28147505,0.99556917,17.204,17.152,0.08575,0.08471,-20.9,1.82,18.88,20.29,21.86,0.7712,170.4,10.46,1.24,0.159,3.0,0.0,GAMA,,,,False,True,True
371170,1,2.0,130.4986216,0.92779175,130.4986216,0.92779175,14.462,14.427,0.04077,0.03977,-21.89,4.8,19.64,20.71,22.35,0.2237,170.85,10.71,0.94,0.175,8.0,0.0,GAMA,,,,False,True,True
371171,1,0.0,130.49093127,0.92989378,130.49093127,0.92989378,15.96,15.937,0.0409,0.0399,-20.39,1.52,18.61,19.94,21.53,0.2284,22.399994,10.15,1.0,0.175,8.0,0.0,GAMA,,,,False,True,True
371172,1,0.0,130.49630279,1.01727921,130.49630279,1.01727921,15.47,15.401,0.07818,0.07714,-22.44,4.01,20.1,21.59,23.15,0.2197,24.070007,11.16,1.32,0.164,8.0,0.0,GAMA,,,,False,True,True
371227,1,-9.0,,,,,,,,,,,,,,,,,,,,,,,,,False,True,False
371633,1,2.0,132.16755964,1.03878473,132.16755964,1.03878473,13.695,13.518,0.02982,0.02881,-22.1,11.76,20.44,21.79,23.37,0.4159,21.98999,10.92,1.08,0.139,8.0,0.0,GAMA,,,,False,True,True
371714,1,1.5,132.47305476,0.9194336,132.47305476,0.9194336,15.977,15.919,0.05926,0.05821,-21.29,6.46,20.95,21.95,23.61,0.6247,101.93,10.68,1.25,0.132,8.0,0.0,GAMA,,,,False,True,True
371750,1,3.0,132.61300909,1.04411536,132.61300909,1.04411536,17.095,17.106,0.03585,0.03482,-18.89,3.34,20.64,21.23,23.16,0.6791,88.78,9.22,0.57,0.146,8.0,0.0,GAMA,,,,False,True,True
371789,1,2.0,132.80361802,1.06189984,132.80361802,1.06189984,15.778,15.785,0.02763,0.02669,-19.66,3.45,20.01,20.83,22.57,0.3918,15.020004,9.91,1.04,0.152,8.0,0.0,GAMA,,,,False,True,True
371882,1,0.5,133.22156019,1.03301224,133.22156019,1.03301224,16.78,16.543,0.05255,0.0515,-20.36,7.76,22.23,24.23,25.75,0.3621,107.89001,10.25,1.16,0.191,8.0,0.0,GAMA,,,,False,True,True
371889,1,1.5,133.29828633,0.92627408,133.29828633,0.92627408,15.429,15.416,0.06004,0.05898,-21.82,4.85,19.53,20.64,22.27,0.7229,73.43001,10.96,1.34,0.194,8.0,0.0,GAMA,,,,False,True,True
371943,1,1.5,133.65131102,0.93292125,133.65131102,0.93292125,16.652,16.605,0.10818,0.10707,-22.06,2.2,19.43,20.71,22.31,0.602,56.810013,11.07,1.47,0.217,4.0,0.0,GAMA,,,,False,True,True
371959,1,3.0,133.56953441,0.98080116,133.56953441,0.98080116,18.097,17.946,0.04263,0.04158,-18.47,4.06,22.29,23.06,24.83,0.6213,145.05,9.24,0.8,0.208,8.0,0.0,GAMA,,,,False,True,True
371976,1,1.0,133.68008215,1.09593028,133.68008215,1.09593028,15.906,15.914,0.05902,0.05796,-21.25,3.23,19.83,21.23,22.81,0.4281,133.36,10.55,1.1,0.191,8.0,0.0,GAMA,,,,False,True,True
372074,1,3.0,134.12788533,1.02593877,134.12788533,1.02593877,17.569,17.502,0.05847,0.0574,-19.64,4.26,20.99,21.54,23.52,0.8133,143.84,9.55,0.63,0.204,3.0,0.0,GAMA,,,,False,True,True
372105,1,1.5,134.36449907,1.14555092,134.36449907,1.14555092,16.786,16.808,0.07101,0.06993,-20.8,3.51,20.71,21.47,23.25,0.5729,161.9,10.39,1.15,0.189,3.0,0.0,GAMA,,,,False,True,True
372123,1,0.0,134.52059205,1.15374158,134.52059205,1.15374158,14.966,14.774,0.07228,0.07119,-22.9,7.06,21.01,22.46,24.03,0.0627,124.67,11.43,1.39,0.177,8.0,0.0,GAMA,,,,False,True,True
372129,1,3.0,134.40440319,0.99319055,134.40440319,0.99319055,18.463,18.478,0.03864,0.03759,-17.69,3.07,22.12,23.25,24.88,0.5011,100.83,8.61,0.42,0.185,3.0,0.0,GAMA,,,,False,True,True
372133,1,0.5,134.43445894,1.16778866,134.43445894,1.16778866,16.647,16.635,0.07218,0.07109,-21.02,1.52,19.24,20.51,22.1,0.2681,40.33,10.59,1.31,0.179,3.0,0.0,GAMA,,,,False,True,True
372320,1,3.0,135.21266151,1.16109142,135.21266151,1.16109142,16.135,16.104,0.02017,0.01944,-18.61,8.74,21.54,22.36,24.1,0.7236,4.7099915,9.05,0.48,0.203,8.0,0.0,GAMA,,,,False,True,True
372374,1,3.0,135.4779428,1.17196309,135.4779428,1.17196309,15.767,15.722,0.0201,0.01937,-18.98,8.34,21.49,22.28,24.04,0.587,52.51999,9.28,0.59,0.204,8.0,0.0,GAMA,,,,False,True,True
372384,1,-9.0,135.55959701,1.11744233,135.55959701,1.11744233,17.624,17.183,0.05387,0.05279,-19.76,3.33,21.5,22.78,24.37,0.3644,143.62,9.96,1.1,0.184,3.0,0.0,GAMA,,,,False,True,True
372408,1,1.0,135.70510313,1.02059724,135.70510313,1.02059724,15.549,15.538,0.05459,0.05351,-21.46,3.44,19.12,20.32,21.93,0.6561,33.990005,10.76,1.26,0.176,8.0,0.0,GAMA,,,,False,True,True
372446,1,-9.0,135.88657434444443,1.210115067777778,135.8871299,1.20983729,16.137,16.021,0.05913,0.05804,-21.11,0.73,17.13,18.47,20.06,0.2789,144.90001,10.3,0.86,0.17,8.0,5.0,GAMA,,,,False,True,True
372452,1,0.5,135.76969669,1.13570439,135.76969669,1.13570439,15.752,15.743,0.05372,0.05264,-21.22,3.93,20.37,21.8,23.37,0.248,99.4,10.65,1.24,0.177,8.0,0.0,GAMA,,,,False,True,True
372541,1,3.0,136.23502651,1.16316166,136.23502651,1.16316166,17.369,17.345,0.02816,0.02715,-18.09,3.81,21.67,22.23,24.19,0.4769,111.28999,8.86,0.51,0.146,8.0,0.0,GAMA,,,,False,True,True
372568,1,2.5,136.43170263,1.13189318,136.43170263,1.13189318,17.183,17.172,0.05179,0.0507,-19.71,4.47,20.58,21.23,23.1,0.8331,148.13,10.1,1.29,0.143,8.0,0.0,GAMA,,,,False,True,True
372599,1,2.5,136.53720829,1.13038699,136.53720829,1.13038699,17.212,17.224,0.0535,0.05241,-19.73,2.65,20.02,20.85,22.58,0.7257,62.690002,10.03,1.2,0.136,8.0,0.0,GAMA,,,,False,True,True
373105,1,1.5,139.35743184,1.28833283,139.35743184,1.28833283,15.562,15.548,0.05668,0.05555,-21.53,4.48,20.31,21.67,23.25,0.321,134.14,10.79,1.26,0.09,8.0,0.0,GAMA,,,,False,True,True
373163,1,0.0,139.71577409,1.24279017,139.71577409,1.24279017,16.457,16.5,0.08876,0.08759,-21.64,4.3,21.31,22.8,24.36,0.1463,7.4599915,10.82,1.32,0.084,3.0,0.0,GAMA,,,,False,True,True
373168,1,0.0,139.74080772,1.1489271,139.74080772,1.1489271,15.708,15.659,0.08896,0.08779,-22.51,4.65,20.8,22.19,23.76,0.1415,42.23001,11.2,1.35,0.089,8.0,0.0,GAMA,,,,False,True,True
373173,1,1.0,139.76734716,1.17936637,139.76734716,1.17936637,16.353,16.342,0.09033,0.08916,-21.87,3.85,20.77,22.03,23.62,0.3051,56.960007,10.97,1.41,0.086,8.0,0.0,GAMA,,,,False,True,True
373202,1,3.0,139.92557866,1.32583201,139.92557866,1.32583201,16.275,16.28,0.01748,0.01654,-18.1,6.68,21.49,21.98,24.05,0.5926,122.71,9.26,0.98,0.093,8.0,0.0,GAMA,,,,False,True,True
373237,1,0.0,140.06504413,1.28882374,140.06504413,1.28882374,15.002,14.961,0.01842,0.01749,-19.58,10.62,21.56,23.16,24.71,0.1855,75.899994,9.96,1.12,0.104,8.0,0.0,GAMA,,,,False,True,True
373248,2,3.0,140.0523286,1.15231833,140.0523286,1.15231833,18.143,18.19,0.01793,0.01699,-16.27,3.5,22.9,23.79,25.5,0.0515,172.79999,8.53,0.97,0.107,8.0,0.0,GAMA,,,,True,True,True
373284,1,2.0,140.34916996,1.1761123,140.34916996,1.1761123,17.436,17.409,0.05969,0.05855,-19.78,1.84,19.45,20.6,22.22,0.7016,38.259995,10.04,1.18,0.12,8.0,0.0,GAMA,,,,False,True,True
375376,1,3.0,129.00321127,0.88362184,129.00321127,0.88362184,16.947,16.225,0.10773,0.10668,-22.48,3.55,21.53,22.05,24.07,0.2384,56.51999,11.61,1.7,0.166,4.0,0.0,GAMA,,,,False,True,True
375402,1,3.0,129.02663248,1.30639398,129.02663248,1.30639398,16.747,16.972,0.01335,0.01287,-16.8,6.13,21.54,22.09,24.06,0.7242,2.4199982,8.43,0.6,0.198,8.0,0.0,GAMA,,,,False,True,True
375531,1,3.0,129.7108753,1.40502449,129.7108753,1.40502449,15.873,15.454,0.03001,0.02903,-20.12,5.64,20.54,21.66,23.28,0.592,10.160004,9.45,0.24,0.209,8.0,0.0,GAMA,,,,False,True,True
375560,1,0.5,129.87422108,1.23344437,129.87422108,1.23344437,14.621,14.5,0.05085,0.04985,-22.34,6.14,20.19,21.6,23.17,0.2451,94.43,11.11,1.23,0.184,8.0,0.0,GAMA,,,,False,True,True
375564,1,1.0,129.89422026,1.2511931,129.89422026,1.2511931,16.716,16.701,0.05022,0.04922,-20.1,1.69,19.1,20.39,21.98,0.521,83.45999,10.19,1.22,0.19,8.0,0.0,GAMA,,,,False,True,True
375610,1,3.0,130.00079311,1.30209053,130.00079311,1.30209053,16.356,16.304,0.04953,0.04852,-20.44,7.05,22.35,23.08,24.88,0.2255,168.95,10.09,0.9,0.21,8.0,0.0,GAMA,,,,False,True,True
375615,1,0.5,130.04200051,1.24630305,130.04200051,1.24630305,16.113,16.093,0.07894,0.07791,-21.75,2.44,19.96,21.11,22.73,0.1404,23.919998,10.7,1.07,0.195,3.0,0.0,GAMA,,,,False,True,True
375751,1,2.0,130.56517567,1.26826881,130.56517567,1.26826881,15.911,15.879,0.0794,0.07836,-22.0,6.91,20.82,22.2,23.78,0.6567,18.029999,10.95,1.27,0.147,8.0,0.0,GAMA,,,,False,True,True
375904,1,3.0,131.2701537,1.40141056,131.2701537,1.40141056,17.517,17.465,0.01426,0.01369,-16.45,3.54,21.84,22.53,24.36,0.3455,122.79001,8.07,0.34,0.148,8.0,0.0,GAMA,,,,False,True,True
376001,1,-9.0,131.63040725,1.48336357,131.63040725,1.48336357,16.313,16.319,0.05227,0.05124,-20.55,2.41,20.19,21.21,22.86,0.0721,104.770004,10.25,1.06,0.153,8.0,0.0,GAMA,,,,False,True,True
376033,1,0.0,131.80870779,1.36240142,131.80870779,1.36240142,14.913,14.79,0.04088,0.03986,-21.55,7.83,20.84,22.38,23.94,0.2285,57.48001,10.81,1.25,0.16,8.0,0.0,GAMA,,,,False,True,True
376097,1,1.0,132.03493449,1.35794045,132.03493449,1.35794045,15.729,15.569,0.06873,0.06768,-21.91,5.09,20.59,22.19,23.75,0.3826,37.639984,10.92,1.26,0.138,8.0,0.0,GAMA,,,,False,True,True
376121,1,2.0,132.1177753,1.39725819,132.1177753,1.39725819,14.58,14.579,0.05253,0.05149,-22.33,6.36,19.97,21.11,22.73,0.4167,170.12,11.02,1.14,0.137,8.0,0.0,GAMA,,,,False,True,True
376136,1,3.0,,,,,,,,,,,,,,,,,,,,,,,,,False,True,False
376161,1,3.0,132.27742911,1.34589272,132.27742911,1.34589272,19.071,19.008,0.02653,0.02564,-16.32,0.68,19.77,21.15,22.72,0.3731,112.43,8.2,0.59,0.149,8.0,0.0,GAMA,,,,False,True,True
376163,1,3.0,132.2735744,1.50360512,132.2735744,1.50360512,18.242,18.243,0.04331,0.04228,-18.19,1.29,20.65,21.29,23.17,0.2113,76.17999,9.09,0.76,0.137,8.0,0.0,GAMA,,,,False,True,True
376165,1,3.0,132.17023847,1.49956155,132.17023847,1.49956155,18.425,17.994,0.02994,0.02893,-17.55,4.63,23.19,23.89,25.71,0.1194,173.75,8.7,0.6,0.132,8.0,0.0,GAMA,,,,False,True,True
376184,1,3.0,132.34244086,1.40128184,132.34244086,1.40128184,17.582,17.55,0.03547,0.03445,-18.39,2.84,21.18,22.66,24.23,0.3955,51.600006,9.07,0.65,0.146,8.0,0.0,GAMA,,,,False,True,True
376185,1,3.0,132.35193834,1.38501253,132.35193834,1.38501253,17.286,17.275,0.03503,0.03401,-18.67,2.89,21.29,21.98,23.81,0.3045,56.17,9.07,0.5,0.148,8.0,0.0,GAMA,,,,False,True,True
376282,1,3.0,132.76406242,1.36689991,132.76406242,1.36689991,16.868,16.713,0.03968,0.03865,-19.51,11.3,23.47,24.53,26.17,0.6965,62.160004,9.39,0.46,0.137,8.0,0.0,GAMA,,,,False,True,True
376293,1,2.0,132.7975695,1.50169491,132.7975695,1.50169491,16.181,16.226,0.0605,0.05945,-21.03,6.96,20.88,22.08,23.69,0.7605,24.470001,10.65,1.32,0.15,3.0,0.0,GAMA,,,,False,True,True
376340,1,3.0,133.01255975,1.42382916,133.01255975,1.42382916,16.018,16.022,0.05203,0.05098,-20.84,5.42,20.85,21.54,23.37,0.5629,13.380005,10.2,0.85,0.131,8.0,0.0,GAMA,,,,False,True,True
376379,1,3.0,133.05532356,1.49961997,133.05532356,1.49961997,17.241,17.239,0.03674,0.03571,-18.79,6.37,21.62,22.26,24.14,0.7847,19.709991,9.16,0.55,0.133,8.0,0.0,GAMA,,,,False,True,True
376478,1,3.0,133.64997339,1.43498774,133.64997339,1.43498774,15.621,14.718,0.05253,0.05147,-22.19,6.98,21.43,22.2,23.97,0.2987,78.869995,11.16,1.15,0.155,8.0,0.0,GAMA,,,,False,True,True
376587,1,2.5,134.29867527,1.40972586,134.29867527,1.40972586,17.339,17.287,0.05403,0.05296,-19.69,2.62,20.11,21.26,22.88,0.7152,178.83,10.03,1.22,0.153,8.0,0.0,GAMA,,,,False,True,True
376679,1,2.0,134.64993531,1.53042167,134.64993531,1.53042167,15.821,15.769,0.10789,0.10677,-22.81,5.81,21.35,23.0,24.55,0.3931,95.50001,11.09,1.06,0.183,4.0,0.0,GAMA,,,,False,True,True
376703,1,0.0,134.73813963,1.43825517,134.73813963,1.43825517,15.622,15.586,0.05311,0.05204,-21.35,3.22,19.93,21.36,22.93,0.1494,80.630005,10.74,1.28,0.201,8.0,0.0,GAMA,,,,False,True,True
376802,1,2.0,135.15833847,1.4699678,135.15833847,1.4699678,14.998,14.928,0.05329,0.05221,-22.01,10.23,21.93,23.21,24.8,0.01,37.48999,10.95,1.2,0.195,8.0,0.0,GAMA,,,,False,True,True
376990,1,2.5,136.00426362,1.45808661,136.00426362,1.45808661,15.56,15.571,0.05456,0.05347,-21.43,5.07,20.92,21.93,23.59,0.2606,56.54,10.63,1.09,0.161,8.0,0.0,GAMA,,,,False,True,True
377348,1,3.0,137.33399172,1.61430279,137.33399172,1.61430279,16.613,16.579,0.00497,0.00435,-15.02,4.27,21.64,22.36,24.16,0.1676,101.73,7.59,0.44,0.12,8.0,0.0,GAMA,,,,False,True,True
377562,1,1.5,138.01105131,1.64914047,138.01105131,1.64914047,16.24,16.231,0.07206,0.07093,-21.4,3.79,20.72,22.27,23.83,0.2188,116.4,10.68,1.21,0.127,3.0,0.0,GAMA,,,,False,True,True
377597,1,2.5,138.23901135,1.667577,138.23901135,1.667577,17.299,17.312,0.05638,0.05527,-19.77,4.51,20.8,21.42,23.31,0.82,63.28,10.08,1.25,0.109,8.0,0.0,GAMA,,,,False,True,True
377666,1,1.5,138.490011,1.66014216,138.490011,1.66014216,15.275,15.198,0.0566,0.05548,-21.9,4.3,19.52,20.64,22.27,0.5604,168.26,10.98,1.31,0.136,8.0,0.0,GAMA,,,,False,True,True
377710,1,0.5,138.64709652,1.5626519,138.64709652,1.5626519,17.284,17.226,0.05643,0.05531,-19.84,1.25,19.61,20.98,22.56,0.1418,124.869995,10.03,1.16,0.114,8.0,0.0,GAMA,,,,False,True,True
377892,1,3.0,139.37031317,1.58748926,139.37031317,1.58748926,17.756,17.694,0.03859,0.03748,-18.45,5.26,21.58,22.16,24.09,0.8083,74.890015,9.12,0.68,0.097,8.0,0.0,GAMA,,,,False,True,True
377962,1,3.0,139.7422809,1.56468554,139.7422809,1.56468554,17.745,17.719,0.03843,0.03732,-18.43,2.03,21.12,21.95,23.69,0.1813,47.979996,9.05,0.59,0.12,8.0,0.0,GAMA,,,,False,True,True
378060,1,3.0,140.38950044,1.58461783,140.38950044,1.58461783,18.742,16.759,0.01749,0.01654,-17.61,8.42,23.29,24.38,26.02,0.3373,16.020004,8.7,0.53,0.115,8.0,0.0,GAMA,,,,False,True,True
378104,1,1.0,140.61697275,1.67359449,140.61697275,1.67359449,16.362,16.303,0.08627,0.0851,-21.79,2.69,19.71,21.22,22.78,0.4593,56.42,10.91,1.35,0.117,8.0,0.0,GAMA,,,,False,True,True
378142,1,3.0,140.93967803,1.72187013,140.93967803,1.72187013,16.556,16.522,0.00639,0.00553,-15.68,8.78,22.83,23.73,25.43,0.6702,137.25,7.72,0.27,0.162,8.0,0.0,GAMA,,,,False,True,True
380578,1,0.0,129.247198,1.79203711,129.247198,1.79203711,14.147,13.919,0.01357,0.0131,-19.94,14.48,21.6,22.95,24.53,0.0878,148.5,10.15,1.16,0.177,8.0,0.0,GAMA,,,,False,True,True
380682,1,3.0,129.47482911,1.7844923,129.47482911,1.7844923,18.939,17.522,0.01402,0.01354,-16.43,7.18,24.01,24.97,26.65,0.8043,43.97,8.36,0.68,0.185,8.0,0.0,GAMA,,,,False,True,True
380697,1,1.0,129.58584589,1.73254222,129.58584589,1.73254222,15.744,15.685,0.07432,0.0733,-22.04,2.98,19.77,21.04,22.64,0.2922,0.33999634,10.99,1.29,0.226,8.0,0.0,GAMA,,,,False,True,True
380734,1,0.0,129.74517063,1.73462278,129.74517063,1.73462278,15.764,15.713,0.07345,0.07243,-21.97,3.23,20.23,21.67,23.24,0.0457,152.09,10.96,1.29,0.235,8.0,0.0,GAMA,,,,False,True,True
381156,1,1.5,131.65187842,1.7760589,131.65187842,1.7760589,17.049,17.073,0.0523,0.05127,-19.81,3.1,20.41,21.22,22.97,0.6715,173.62,10.01,1.14,0.159,8.0,0.0,GAMA,,,,False,True,True
381157,1,1.0,131.65300249,1.81095988,131.65300249,1.81095988,16.473,16.43,0.05334,0.05231,-20.51,1.23,18.15,19.51,21.09,0.5238,100.770004,10.36,1.23,0.168,8.0,0.0,GAMA,,,,False,True,True
381159,1,2.5,131.65976008,1.72853296,131.65976008,1.72853296,17.183,17.166,0.05154,0.05051,-19.7,4.57,20.74,21.33,23.25,0.8229,134.27,10.02,1.18,0.158,8.0,0.0,GAMA,,,,False,True,True
381160,1,1.0,131.66053406,1.73812095,131.66053406,1.73812095,16.996,16.989,0.05206,0.05103,-19.87,2.03,19.65,20.62,22.29,0.5821,42.809998,10.06,1.17,0.158,8.0,0.0,GAMA,,,,False,True,True
381206,1,0.0,131.69182644,1.830811,131.69182644,1.830811,14.468,14.265,0.05155,0.05052,-22.6,15.84,21.97,23.55,25.11,0.1509,75.06,11.22,1.24,0.162,8.0,0.0,GAMA,,,,False,True,True
381207,1,1.0,131.68919723,1.82157611,131.68919723,1.82157611,16.097,15.844,0.05231,0.05128,-21.05,5.15,21.06,22.71,24.26,0.303,141.06999,10.61,1.26,0.162,8.0,0.0,GAMA,,,,False,True,True
381215,1,3.0,131.68184337,1.84332,131.68184337,1.84332,16.431,16.191,0.051,0.04997,-20.68,5.64,21.11,21.8,23.63,0.6648,143.67,10.49,1.29,0.167,8.0,0.0,GAMA,,,,False,True,True
381219,1,0.5,131.70335373,1.80824085,131.70335373,1.80824085,16.325,16.336,0.05077,0.04974,-20.48,3.75,20.58,22.17,23.72,0.361,26.839996,10.32,1.19,0.157,8.0,0.0,GAMA,,,,False,True,True
381221,1,1.0,131.73262516,1.86472984,131.73262516,1.86472984,16.924,16.879,0.05143,0.0504,-19.97,1.71,18.89,20.3,21.87,0.6591,9.119995,10.13,1.21,0.156,8.0,0.0,GAMA,,,,False,True,True
381225,1,3.0,131.78764337,1.8534322,131.78764337,1.8534322,16.173,16.176,0.05139,0.05036,-20.65,5.15,20.94,21.72,23.48,0.5374,11.679993,10.13,0.86,0.144,8.0,0.0,GAMA,,,,False,True,True
381229,1,0.0,131.81455082,1.89556314,131.81455082,1.89556314,15.973,15.902,0.05102,0.04999,-20.9,4.3,20.75,22.19,23.76,0.1838,149.39,10.49,1.18,0.142,8.0,0.0,GAMA,,,,False,True,True
381502,1,3.0,132.98872159,1.89563887,132.98872159,1.89563887,18.24,18.254,0.02613,0.02524,-17.0,1.68,21.39,22.09,23.91,0.0661,90.76,8.37,0.45,0.128,8.0,0.0,GAMA,,,,False,True,True
381802,1,3.0,134.00949998,1.8834689,134.00949998,1.8834689,17.664,17.674,0.01861,0.01796,-16.86,1.98,20.88,21.98,23.61,0.2538,0.23001099,8.58,0.76,0.14,8.0,0.0,GAMA,,,,False,True,True
381979,1,1.0,134.69782009,1.84251457,134.69782009,1.84251457,15.427,15.351,0.05924,0.05817,-21.83,6.13,20.51,22.03,23.59,0.4614,87.98999,10.92,1.27,0.168,8.0,0.0,GAMA,,,,False,True,True
382152,1,2.5,135.42424101,1.85215356,135.42424101,1.85215356,16.476,16.498,0.05784,0.05676,-20.6,5.4,21.81,22.97,24.58,0.285,8.76001,10.12,0.87,0.201,8.0,0.0,GAMA,,,,False,True,True
382154,1,0.0,135.46703893,1.99326948,135.46703893,1.99326948,15.714,15.632,0.05793,0.05685,-21.5,3.02,19.75,21.23,22.79,0.2429,72.72,10.8,1.3,0.213,8.0,0.0,GAMA,,,,False,True,True
382158,1,1.0,135.53081934,2.03601494,135.53081934,2.03601494,16.368,16.339,0.05878,0.0577,-20.82,2.19,19.13,20.41,22.01,0.5848,141.64,10.47,1.22,0.209,8.0,0.0,GAMA,,,,False,True,True
382505,1,0.0,137.1001386,2.00008099,137.1001386,2.00008099,15.959,15.875,0.05717,0.05607,-21.23,2.7,19.99,21.38,22.96,0.1039,108.78001,10.63,1.21,0.135,8.0,0.0,GAMA,,,,False,True,True
382538,1,1.0,137.26768826,2.00930307,137.26768826,2.00930307,16.799,16.785,0.05701,0.05591,-20.3,1.75,18.92,20.24,21.83,0.6332,38.440002,10.28,1.24,0.115,8.0,0.0,GAMA,,,,False,True,True
382563,1,0.5,137.37936956,2.06634903,137.37936956,2.06634903,15.597,15.586,0.02488,0.02396,-19.6,2.08,19.04,20.19,21.81,0.1319,105.85,9.85,0.98,0.124,8.0,0.0,GAMA,,,,False,True,True
382631,1,2.5,137.71355616,2.02188544,137.71355616,2.02188544,16.451,16.455,0.05575,0.05464,-20.55,2.42,20.26,21.22,22.9,0.1597,144.87,10.09,0.86,0.113,8.0,0.0,GAMA,,,,False,True,True
382659,1,1.0,137.82883053,2.0190079,137.82883053,2.0190079,15.716,15.643,0.05656,0.05545,-21.45,5.28,20.19,21.56,23.14,0.6056,129.51,10.76,1.27,0.103,8.0,0.0,GAMA,,,,False,True,True
382731,1,2.5,138.20428397,1.97904504,138.20428397,1.97904504,15.614,15.582,0.0567,0.05559,-21.48,9.26,20.99,21.63,23.51,0.7422,158.07,10.61,1.03,0.096,8.0,0.0,GAMA,,,,False,True,True
382764,1,3.0,138.26744789,2.03871105,138.26744789,2.03871105,15.2,15.134,0.01351,0.01261,-18.67,4.18,21.18,22.45,24.05,0.3393,152.51,9.05,0.44,0.107,8.0,0.0,GAMA,,,,False,True,True
383033,1,3.0,139.59121212,2.17020499,139.59121212,2.17020499,18.331,18.313,0.02855,0.02749,-17.18,3.66,23.28,23.91,25.8,0.3118,138.45999,8.47,0.48,0.102,8.0,0.0,GAMA,,,,False,True,True
383130,1,3.0,139.90810375,2.1309889,139.90810375,2.1309889,18.61,18.673,0.02902,0.02795,-16.8,4.07,22.22,22.97,24.75,0.7589,1.0399933,8.22,0.37,0.108,8.0,0.0,GAMA,,,,False,True,True
383147,1,1.0,140.07791018,2.18366672,140.07791018,2.18366672,15.58,15.548,0.09017,0.089,-22.62,4.3,20.19,21.64,23.21,0.3438,161.44,11.19,1.29,0.108,8.0,0.0,GAMA,,,,False,True,True
383259,1,2.0,140.67040862,2.11154316,140.67040862,2.11154316,15.262,15.137,0.05829,0.05715,-21.99,5.33,20.21,21.46,23.06,0.4212,9.999992,10.73,0.93,0.169,8.0,0.0,GAMA,,,,False,True,True
383283,1,2.5,140.8050953,2.06010258,140.8050953,2.06010258,16.34,16.35,0.01835,0.0174,-18.15,4.44,20.6,21.2,23.11,0.6385,30.079987,9.16,0.84,0.167,8.0,0.0,GAMA,,,,False,True,True
383318,1,3.0,140.95008842,2.11274836,140.95008842,2.11274836,14.769,14.702,0.02497,0.02398,-20.48,9.56,21.1,22.16,23.8,0.485,107.380005,9.92,0.63,0.166,8.0,0.0,GAMA,,,,False,True,True
386264,1,3.0,,,,,,,,,,,,,,,,,,,,,,,,,False,True,False
386268,1,1.0,131.18920984,2.18550531,131.18920984,2.18550531,15.781,15.801,0.07548,0.07444,-21.96,4.17,20.16,21.4,23.0,0.5116,93.05,10.95,1.3,0.244,8.0,0.0,GAMA,,,,False,True,True
386285,1,2.0,131.30603338,2.21775391,131.30603338,2.21775391,16.828,16.826,0.07687,0.07582,-20.96,3.88,20.68,21.92,23.52,0.6476,30.679993,10.42,1.13,0.225,3.0,0.0,GAMA,,,,False,True,True
386286,1,3.0,131.34372137,2.1900553,131.34372137,2.1900553,16.085,16.029,0.00684,0.00624,-16.32,7.76,22.54,23.15,25.06,0.2427,69.359985,8.22,0.57,0.242,8.0,0.0,GAMA,,,,False,True,True
386316,1,1.5,131.44404811,2.1992819,131.44404811,2.1992819,16.589,16.603,0.07682,0.07577,-21.2,3.77,19.61,20.51,22.21,0.8444,12.199997,10.61,1.25,0.249,3.0,0.0,GAMA,,,,False,True,True
386366,1,2.0,131.73624677,2.24486835,131.73624677,2.24486835,16.371,16.398,0.06107,0.06003,-20.85,2.53,19.71,20.77,22.41,0.5012,1.7900085,10.4,1.11,0.143,3.0,0.0,GAMA,,,,False,True,True
386402,1,2.0,131.9851712,2.19123289,131.9851712,2.19123289,15.919,15.919,0.0624,0.06136,-21.36,4.33,21.05,21.67,23.56,0.126,151.01,10.48,0.95,0.13,3.0,0.0,GAMA,,,,False,True,True
386431,1,3.0,132.18219539,2.25849674,132.18219539,2.25849674,18.559,18.524,0.02975,0.02875,-17.04,2.33,21.46,22.36,24.07,0.595,76.69,8.48,0.56,0.106,8.0,0.0,GAMA,,,,False,True,True
386673,1,0.5,133.55896751,2.24083491,133.55896751,2.24083491,15.046,14.949,0.0593,0.05824,-22.24,4.39,19.7,21.07,22.65,0.3601,168.14,11.06,1.25,0.144,8.0,0.0,GAMA,,,,False,True,True
386720,1,2.0,133.70923962,2.20232633,133.70923962,2.20232633,15.542,15.487,0.05937,0.05831,-21.72,5.81,20.57,21.72,23.34,0.5229,58.29001,10.89,1.28,0.169,8.0,0.0,GAMA,,,,False,True,True
386722,1,0.5,133.66016096,2.32098615,133.66016096,2.32098615,16.269,16.29,0.05245,0.0514,-20.6,2.37,19.67,20.83,22.45,0.3825,28.369995,10.29,1.08,0.164,8.0,0.0,GAMA,,,,False,True,True
386892,1,1.5,134.42888986,2.36160372,134.42888986,2.36160372,15.948,15.75,0.05486,0.0538,-21.3,5.06,20.09,21.17,22.81,0.7088,97.61,10.7,1.23,0.141,8.0,0.0,GAMA,,,,False,True,True
386898,1,2.5,134.40439431,2.23945194,134.40439431,2.23945194,15.59,15.578,0.05478,0.05372,-21.4,7.31,21.73,22.26,24.26,0.21,145.28,10.44,0.86,0.143,8.0,0.0,GAMA,,,,False,True,True
387041,1,3.0,,,,,,,,,,,,,,,,,,,,,,,,,False,True,False
387042,1,1.0,134.99690398,2.41143691,134.99690398,2.41143691,17.048,17.055,0.07284,0.07175,-20.62,1.55,19.32,20.56,22.16,0.4967,44.399994,10.41,1.27,0.164,3.0,0.0,GAMA,,,,False,True,True
387080,1,1.5,135.17227413,2.24577838,135.17227413,2.24577838,16.401,16.4,0.05343,0.05236,-20.57,,,,,,,10.48,1.35,0.164,8.0,0.0,GAMA,,,,False,True,True
387553,1,0.5,136.81124288,2.44269688,136.81124288,2.44269688,15.422,15.28,0.05251,0.05142,-21.63,3.7,20.05,21.58,23.14,0.0794,70.94,10.84,1.26,0.127,8.0,0.0,GAMA,,,,False,True,True
387675,1,1.5,137.43490122,2.35037292,137.43490122,2.35037292,15.945,15.915,0.05567,0.05457,-21.15,3.92,19.57,20.81,22.41,0.7239,163.88,10.69,1.32,0.161,8.0,0.0,GAMA,,,,False,True,True
387687,1,3.0,137.45650546,2.47192279,137.45650546,2.47192279,16.723,16.72,0.01367,0.01282,-17.12,4.75,21.47,22.15,23.99,0.5024,122.17999,8.53,0.56,0.194,8.0,0.0,GAMA,,,,False,True,True
387690,1,3.0,137.50022382,2.34665461,137.50022382,2.34665461,18.045,18.026,0.04016,0.03907,-18.22,2.4,21.72,22.88,24.5,0.183,177.51001,9.14,0.79,0.151,8.0,0.0,GAMA,,,,False,True,True
387715,1,1.0,137.51234371,2.32893437,137.51234371,2.32893437,15.268,15.281,0.03994,0.03885,-21.0,3.91,20.02,21.32,22.91,0.2029,35.23999,10.55,1.2,0.145,8.0,0.0,GAMA,,,,False,True,True
387719,1,3.0,137.56110592,2.4075579,137.56110592,2.4075579,16.631,16.569,0.093,0.09186,-21.62,5.43,22.0,22.68,24.52,0.2736,114.84,10.47,0.86,0.173,3.0,0.0,GAMA,,,,False,True,True
388146,1,1.0,138.9338166,2.44407971,138.9338166,2.44407971,15.963,15.96,0.0922,0.09104,-22.27,4.58,20.77,22.25,23.82,0.3385,141.41,11.04,1.29,0.112,8.0,0.0,GAMA,,,,False,True,True
388200,1,2.5,139.1442224,2.56819681,139.1442224,2.56819681,17.345,17.364,0.05563,0.05451,-19.69,4.29,20.81,21.59,23.36,0.8025,162.06,10.03,1.22,0.116,8.0,0.0,GAMA,,,,False,True,True
388390,1,3.0,139.85238872,2.57462744,139.85238872,2.57462744,17.681,17.694,0.05745,0.05632,-19.37,3.04,21.5,21.99,24.06,0.4865,75.20001,9.52,0.74,0.152,3.0,0.0,GAMA,,,,False,True,True
388424,1,2.0,139.94923008,2.52869101,139.94923008,2.52869101,15.841,15.795,0.0896,0.08844,-22.34,3.6,20.67,21.45,23.21,0.0551,146.72,10.78,0.87,0.151,3.0,0.0,GAMA,,,,False,True,True
388451,1,3.0,140.1676866,2.45193049,140.1676866,2.45193049,16.674,16.664,0.01313,0.01214,-17.1,7.24,21.88,22.49,24.4,0.6562,51.51999,8.43,0.46,0.149,8.0,0.0,GAMA,,,,False,True,True
388476,1,2.0,140.24064435,2.53435439,140.24064435,2.53435439,16.129,16.14,0.05764,0.05651,-20.98,2.29,19.74,21.02,22.61,0.1761,97.98,10.46,1.12,0.158,8.0,0.0,GAMA,,,,False,True,True
388479,1,3.0,,,,,,,,,,,,,,,,,,,,,,,,,False,True,False
388513,1,0.5,140.39026904,2.58450829,140.39026904,2.58450829,16.146,16.108,0.08522,0.08406,-21.93,3.08,20.35,21.86,23.42,0.1105,118.56,10.93,1.29,0.145,8.0,0.0,GAMA,,,,False,True,True
388552,1,1.0,140.50356631,2.58787147,140.50356631,2.58787147,16.157,16.148,0.08699,0.08582,-21.97,3.85,20.22,21.43,23.03,0.5676,0.8899994,11.01,1.39,0.168,8.0,0.0,GAMA,,,,False,True,True
388558,1,1.0,140.59260432666667,2.58592295,140.59218766,2.58592295,16.008,15.854,0.08879,0.08762,-22.29,1.89,18.37,19.58,21.19,0.631,168.66,11.11,1.35,0.179,8.0,5.0,GAMA,,,,False,True,True
388603,1,3.0,140.78384409,2.4860729,140.78384409,2.4860729,14.644,14.598,0.01829,0.01735,-19.9,14.29,22.3,22.99,24.82,0.1166,122.06,9.8,0.76,0.177,8.0,0.0,GAMA,,,,False,True,True
3894635,1,2.0,129.07610413,-0.84274256,129.07610413,-0.84274256,16.101,16.065,0.04427,0.04328,,,,,,,,10.15,0.97,0.157,8.0,0.0,GAMA,,,,False,True,True
3895257,1,2.5,129.43796633,-0.86161142,129.43796633,-0.86161142,14.6,14.608,0.03158,0.03059,,,,,,,,10.34,0.85,0.142,8.0,0.0,GAMA,,,,False,True,True
3895503,1,-9.0,129.49317179,-0.94238616,129.49317179,-0.94238616,16.696,16.688,0.05878,0.05777,,,,,,,,10.11,0.92,0.14,8.0,0.0,GAMA,,,,False,True,True
3895823,1,2.5,129.66193853,-0.85333128,129.66193853,-0.85333128,16.501,16.533,0.05196,0.05095,,,,,,,,10.12,1.0,0.139,8.0,0.0,GAMA,,,,False,True,True
3896912,1,3.0,130.26668651,-0.90120625,130.26668651,-0.90120625,16.575,16.594,0.03084,0.02984,,,,,,,,9.32,0.61,0.135,8.0,0.0,GAMA,,,,False,True,True
3897281,1,1.5,130.38835354,-0.82828163,130.38835354,-0.82828163,16.927,16.909,0.0579,0.05688,,,,,,,,10.22,1.21,0.126,8.0,0.0,GAMA,,,,False,True,True
39057,3,0.0,175.02670566,-0.83774235,175.02670566,-0.83774235,14.179,14.191,0.02141,0.01962,-20.69,5.53,19.7,20.95,22.55,0.0689,91.520004,10.44,1.17,0.066,8.0,0.0,GAMA,,,,True,True,True
39108,1,3.0,175.13410387,-0.66961564,175.13410387,-0.66961564,18.769,18.761,0.0286,0.02735,-16.76,2.69,22.73,23.57,25.3,0.1668,73.32001,8.35,0.52,0.066,8.0,0.0,GAMA,,,,False,True,True
39131,3,3.0,175.30144074555557,-0.72517841,175.30088519,-0.72517841,18.891,18.054,0.02898,0.02773,-17.47,29.08,25.15,26.23,27.87,0.6236,42.499992,9.01,0.99,0.07,8.0,5.0,GAMA,,,,True,True,True
3913888,1,1.0,138.16089989,-0.86961375,138.16089989,-0.86961375,17.292,17.276,0.08248,0.08133,,,,,,,,10.32,1.15,0.142,3.0,0.0,GAMA,,,,False,True,True
39145,3,2.5,175.43607365,-0.68800248,175.43607365,-0.68800248,15.788,15.796,0.05142,0.05015,-21.05,2.0,19.06,19.79,21.59,0.2429,12.839996,10.2,0.72,0.081,8.0,0.0,GAMA,,,,True,True,True
39365,1,2.0,176.67951014,-0.67833864,176.67951014,-0.67833864,16.682,16.668,0.0205,0.01856,-18.08,2.96,20.16,21.32,22.94,0.5468,163.23999,9.18,0.89,0.102,8.0,0.0,GAMA,,,,False,True,True
39475,1,1.0,177.10683716,-0.6407392,177.10683716,-0.6407392,17.045,17.017,0.08106,0.07976,-20.91,3.5,20.86,21.92,23.57,0.5297,118.869995,10.53,1.29,0.086,3.0,0.0,GAMA,,,,False,True,True
39539,1,3.0,177.36488481,-0.80120041,177.36488481,-0.80120041,16.719,16.792,0.08201,0.08071,-21.14,5.96,21.77,22.45,24.29,0.5534,22.660004,10.44,1.04,0.085,3.0,0.0,GAMA,,,,False,True,True
39594,1,3.0,177.62260606,-0.77124193,177.62260606,-0.77124193,16.804,16.711,0.02806,0.02681,-18.75,6.2,20.97,21.65,23.49,0.8158,113.4,9.3,0.72,0.084,8.0,0.0,GAMA,,,,False,True,True
396584,1,2.0,174.21783771,1.42771093,174.21783771,1.42771093,16.687,16.721,0.07486,0.07356,-21.03,3.86,20.79,21.6,23.34,0.586,111.14,10.59,1.3,0.088,3.0,0.0,GAMA,,,,False,True,True
396607,1,2.0,174.34762034,1.56164626,174.34762034,1.56164626,15.759,15.783,0.04732,0.04606,-20.88,4.72,20.06,21.04,22.71,0.6255,93.090004,10.41,1.08,0.1,8.0,0.0,GAMA,,,,False,True,True
396615,1,1.5,174.36234325,1.53514358,174.36234325,1.53514358,15.547,15.538,0.04698,0.04572,-21.1,4.3,20.22,21.39,23.01,0.3677,14.810005,10.52,1.12,0.098,8.0,0.0,GAMA,,,,False,True,True
396621,1,1.5,174.37934232,1.49011388,174.37934232,1.49011388,15.762,15.768,0.04747,0.0462,-20.91,2.93,19.74,21.03,22.62,0.2826,87.53001,10.48,1.17,0.094,8.0,0.0,GAMA,,,,False,True,True
396709,1,2.5,174.68771146,1.52958228,174.68771146,1.52958228,17.054,17.063,0.07931,0.07801,-20.79,2.55,20.69,21.24,23.21,0.3679,143.33,10.35,1.1,0.077,3.0,0.0,GAMA,,,,False,True,True
39671,1,-9.0,177.91321208,-0.65447039,177.91321208,-0.65447039,17.457,17.478,0.04175,0.0405,-18.88,1.23,19.77,21.11,22.7,0.089,153.68,9.51,0.94,0.08,8.0,0.0,GAMA,,,,False,True,True
396781,1,1.5,174.98272943,1.51206079,174.98272943,1.51206079,15.342,15.202,0.07709,0.07579,-22.63,4.25,19.71,20.82,22.45,0.4894,161.06,11.32,1.38,0.089,8.0,0.0,GAMA,,,,False,True,True
396833,1,2.0,175.25669862,1.4933511,175.25669862,1.4933511,14.657,14.635,0.02003,0.01809,-20.07,5.54,19.68,21.22,22.78,0.3953,15.790009,10.12,1.07,0.079,8.0,0.0,GAMA,,,,False,True,True
39709,1,1.5,177.96259324,-0.70641224,177.96259324,-0.70641224,16.85,16.795,0.1081,0.10677,-21.89,4.81,20.5,21.6,23.23,0.7931,110.57,11.1,1.59,0.08,4.0,0.0,GAMA,,,,False,True,True
39742,1,3.0,178.04147813,-0.79285135,178.04147813,-0.79285135,19.598,19.486,0.0278,0.02654,-15.95,7.93,24.23,25.92,27.46,0.592,161.95001,8.29,0.86,0.08,8.0,0.0,GAMA,,,,False,True,True
397449,1,3.0,178.22296646,1.57823374,178.22296646,1.57823374,18.132,18.049,0.02259,0.02098,-16.9,3.57,21.4,22.31,24.01,0.749,157.35,8.5,0.63,0.066,8.0,0.0,GAMA,,,,False,True,True
40164,1,2.0,180.01785908,-0.7595733,180.01785908,-0.7595733,15.522,15.504,0.04837,0.04712,-21.17,3.08,19.42,20.53,22.16,0.3881,110.340004,10.45,0.98,0.084,8.0,0.0,GAMA,,,,False,True,True
40197,1,1.5,180.03405742,-0.66341702,180.03405742,-0.66341702,16.041,16.037,0.02223,0.02054,-18.92,4.12,20.34,21.1,22.88,0.5339,2.4100037,9.63,1.04,0.094,8.0,0.0,GAMA,,,,False,True,True
40278,1,2.0,180.36634465,-0.71836855,180.36634465,-0.71836855,13.843,13.762,0.02235,0.02068,-21.19,20.99,21.98,23.06,24.7,0.158,77.399994,10.44,0.93,0.09,8.0,0.0,GAMA,,,,False,True,True
40283,1,3.0,180.46207293,-0.65541226,180.46207293,-0.65541226,16.42,16.885,0.02129,0.01945,-17.95,8.05,22.89,23.65,25.43,0.231,121.08,8.9,0.61,0.096,8.0,0.0,GAMA,,,,False,True,True
402934,1,3.0,178.00607849,1.99774143,178.00607849,1.99774143,18.257,18.28,0.02211,0.02044,-16.62,1.9,21.26,21.92,23.77,0.3628,24.869995,8.28,0.52,0.074,8.0,0.0,GAMA,,,,False,True,True
402988,1,-9.0,178.35523661,1.90543604,178.35523661,1.90543604,17.414,17.413,0.04075,0.03951,-18.88,1.13,19.62,20.46,22.19,0.0769,163.01,9.4,0.81,0.066,8.0,0.0,GAMA,,,,False,True,True
40403,1,1.0,,,,,,,,,,,,,,,,,,,,,,,,,False,True,False
40419,1,1.5,181.09158507,-0.7193297,181.09158507,-0.7193297,16.018,16.034,0.07883,0.07755,-21.86,6.64,20.35,21.69,23.28,0.7814,43.950012,10.96,1.36,0.094,8.0,0.0,GAMA,,,,False,True,True
40420,1,3.0,181.10961283,-0.6319641,181.10961283,-0.6319641,15.944,16.027,0.02215,0.02045,-18.89,7.74,21.99,22.65,24.51,0.3577,169.13,9.21,0.54,0.094,8.0,0.0,GAMA,,,,False,True,True
40445,1,0.0,181.3133436,-0.75026279,181.3133436,-0.75026279,15.588,15.423,0.08418,0.08289,-22.61,6.48,21.32,22.62,24.21,0.2054,5.73999,11.29,1.37,0.093,8.0,0.0,GAMA,,,,False,True,True
40453,1,3.0,181.28999469,-0.74758736,181.28999469,-0.74758736,16.66,16.671,0.03438,0.03315,-19.24,3.89,20.64,21.28,23.16,0.6114,52.729996,9.59,0.85,0.094,8.0,0.0,GAMA,,,,False,True,True
40482,2,3.0,181.4871117,-0.65206419,181.4871117,-0.65206419,17.715,17.795,0.03815,0.03692,-18.33,3.36,22.13,22.9,24.67,0.1962,36.820007,9.01,0.6,0.08,8.0,0.0,GAMA,,,,True,True,True
40491,1,0.5,181.60459572,-0.71793767,181.60459572,-0.71793767,16.854,16.951,0.07851,0.07723,-20.88,2.75,20.62,21.86,23.46,0.284,33.559998,10.46,1.21,0.081,3.0,0.0,GAMA,,,,False,True,True
40765,1,2.5,182.89697399,-0.69958014,182.89697399,-0.69958014,17.323,17.324,0.03634,0.03512,-18.71,0.83,18.38,19.64,21.24,0.4084,107.66,9.04,0.43,0.082,8.0,0.0,GAMA,,,,False,True,True
40916,1,3.0,183.54716272,-0.83157081,183.54716272,-0.83157081,15.061,14.98,0.02616,0.02486,-20.31,11.43,21.64,22.47,24.2,0.4487,170.4,9.82,0.61,0.082,8.0,0.0,GAMA,,,,False,True,True
41059,1,0.0,184.20460114,-0.7417948,184.20460114,-0.7417948,14.828,14.843,0.07205,0.07079,-22.81,5.36,20.38,21.81,23.38,0.1072,33.009995,11.32,1.32,0.086,8.0,0.0,GAMA,,,,False,True,True
41075,1,3.0,184.14764777,-0.70979189,184.14764777,-0.70979189,17.797,17.719,0.02254,0.0209,-17.23,7.23,22.27,22.91,24.79,0.7946,157.16,8.51,0.51,0.083,8.0,0.0,GAMA,,,,False,True,True
41143,1,1.0,,,,,,,,,,,,,,,,,,,,,,,,,False,True,False
41144,4,2.0,184.47038104,-0.65722452,184.47038104,-0.65722452,14.57,14.584,0.03085,0.02964,-21.09,6.85,20.23,21.07,22.8,0.4097,147.15,10.34,0.86,0.108,8.0,0.0,GAMA,,,,True,True,True
41164,4,3.0,184.47820436,-0.74474582,184.47820436,-0.74474582,17.67,17.596,0.02275,0.02115,-17.37,6.37,23.01,23.82,25.57,0.4252,122.83,8.42,0.32,0.109,8.0,0.0,GAMA,,,,True,True,True
41173,1,3.0,184.54417776,-0.74498313,184.54417776,-0.74498313,18.472,18.316,0.02255,0.02092,-16.69,4.72,22.82,23.99,25.61,0.4098,57.320007,8.39,0.59,0.119,8.0,0.0,GAMA,,,,False,True,True
41180,1,0.0,184.53027125,-0.74739265,184.53027125,-0.74739265,17.218,17.189,0.08571,0.08444,-20.84,1.81,20.06,21.65,23.21,0.3112,129.15,10.47,1.26,0.117,3.0,0.0,GAMA,,,,False,True,True
41274,1,0.5,185.12046738,-0.68816312,185.12046738,-0.68816312,16.584,16.586,0.07401,0.07276,-21.13,2.27,20.15,21.56,23.13,0.1289,102.75,10.58,1.25,0.108,3.0,0.0,GAMA,,,,False,True,True
41277,1,1.5,185.19669892,-0.77866738,185.19669892,-0.77866738,17.684,17.713,0.08833,0.08706,-20.44,2.58,21.05,21.96,23.66,0.5017,0.69999695,10.38,1.36,0.101,3.0,0.0,GAMA,,,,False,True,True
41302,1,1.5,185.3985672,-0.70289815,185.3985672,-0.70289815,17.128,17.152,0.04115,0.03994,-19.19,2.58,20.31,20.92,22.82,0.6102,26.019989,9.76,1.1,0.105,8.0,0.0,GAMA,,,,False,True,True
41354,1,3.0,185.62720269,-0.68272529,185.62720269,-0.68272529,16.982,16.999,0.03147,0.03027,-18.71,3.97,20.69,21.25,23.22,0.7119,125.64,9.15,0.56,0.078,8.0,0.0,GAMA,,,,False,True,True
417392,1,3.0,130.39306525,2.18884647,130.39306525,2.18884647,17.336,17.36,0.02971,0.02873,-18.2,2.66,20.78,21.39,23.29,0.5398,161.47,8.88,0.5,0.201,8.0,0.0,GAMA,,,,False,True,True
417424,1,3.0,130.88820363,2.21104155,130.88820363,2.21104155,16.729,16.696,0.03092,0.02992,-18.95,9.65,22.24,23.2,24.88,0.746,24.36,9.3,0.64,0.178,8.0,0.0,GAMA,,,,False,True,True
417433,1,2.0,131.03180623,2.28261373,131.03180623,2.28261373,16.118,16.129,0.05196,0.05094,-20.78,4.09,19.6,20.51,22.21,0.7903,127.56999,10.57,1.35,0.166,8.0,0.0,GAMA,,,,False,True,True
417440,1,0.0,131.12793191,2.29491763,131.12793191,2.29491763,14.416,14.39,0.05164,0.05062,-22.49,4.51,19.72,21.03,22.62,0.0195,77.119995,11.21,1.29,0.175,8.0,0.0,GAMA,,,,False,True,True
417441,1,2.0,131.13327494,2.29648443,131.13327494,2.29648443,17.216,15.523,0.05216,0.05114,-21.39,7.75,20.74,21.72,23.39,0.6861,26.859985,10.78,1.3,0.175,8.0,0.0,GAMA,,,,False,True,True
417453,1,2.0,131.18677554,2.2935429,131.18677554,2.2935429,16.083,16.094,0.0504,0.04938,-20.71,6.4,20.83,21.68,23.41,0.72,23.339996,10.37,1.12,0.188,8.0,0.0,GAMA,,,,False,True,True
417471,1,-9.0,,,,,,,,,,,,,,,,,,,,,,,,,False,True,False
417486,1,0.5,131.32368836,2.2805638,131.32368836,2.2805638,17.036,17.021,0.05106,0.05004,-19.81,2.87,21.31,22.58,24.18,0.012,101.3,10.09,1.22,0.212,8.0,0.0,GAMA,,,,False,True,True
417568,1,3.0,131.87080351,2.27709609,131.87080351,2.27709609,18.394,18.399,0.02939,0.0284,-17.13,2.25,22.0,22.58,24.52,0.198,91.89,8.68,0.78,0.128,8.0,0.0,GAMA,,,,False,True,True
417580,1,0.5,132.10673934,2.28780776,132.10673934,2.28780776,16.788,16.77,0.04062,0.0396,-19.54,3.07,20.96,22.06,23.69,0.1997,125.92,9.93,1.15,0.12,8.0,0.0,GAMA,,,,False,True,True
417678,1,2.5,132.73821727,2.34617275,132.73821727,2.34617275,16.114,16.103,0.04047,0.03944,-20.2,4.33,19.7,19.95,22.84,0.8183,6.279999,10.11,1.02,0.113,8.0,0.0,GAMA,,,,False,True,True
418047,1,3.0,134.6498948,2.56003347,134.6498948,2.56003347,18.774,18.772,0.04041,0.03936,-17.52,2.11,21.68,22.33,24.19,0.5448,6.1399994,8.84,0.74,0.146,3.0,0.0,GAMA,,,,False,True,True
418086,1,1.5,,,,,,,,,,,,,,,,,,,,,,,,,False,True,False
418624,1,2.5,137.09715508,2.54413804,137.09715508,2.54413804,16.627,16.626,0.05583,0.05473,-20.37,3.91,21.21,22.09,23.8,0.3001,96.96001,10.01,0.84,0.103,8.0,0.0,GAMA,,,,False,True,True
418630,1,1.0,137.19225664,2.5334978,137.19225664,2.5334978,16.357,16.357,0.05598,0.05488,-20.69,2.16,18.76,20.13,21.71,0.6861,38.479996,10.41,1.21,0.105,8.0,0.0,GAMA,,,,False,True,True
418693,1,1.5,137.4267795,2.67539833,137.4267795,2.67539833,15.836,15.789,0.05238,0.05128,-21.11,2.85,19.41,20.62,22.22,0.4791,154.38,10.62,1.25,0.145,8.0,0.0,GAMA,,,,False,True,True
418725,2,2.0,137.49655406,2.73347826,137.49655406,2.73347826,15.442,15.454,0.0389,0.03782,-20.75,2.72,19.57,20.5,22.19,0.1168,32.089996,10.28,0.97,0.154,8.0,0.0,GAMA,,,,True,True,True
418737,1,-9.0,,,,,,,,,,,,,,,,,,,,,,,,,False,True,False
418795,1,3.0,137.76469042,2.57228502,137.76469042,2.57228502,17.774,17.79,0.04004,0.03895,-18.44,1.89,20.99,21.73,23.52,0.236,141.2,9.13,0.68,0.141,8.0,0.0,GAMA,,,,False,True,True
418831,1,3.0,137.8744731,2.69486066,137.8744731,2.69486066,15.828,15.761,0.05602,0.05491,-21.26,7.96,22.32,23.44,25.07,0.1106,142.42,10.33,0.8,0.139,8.0,0.0,GAMA,,,,False,True,True
418971,1,3.0,138.25462834,2.72026094,138.25462834,2.72026094,18.722,18.682,0.02658,0.0256,-16.63,2.64,22.16,22.91,24.69,0.4571,22.919998,8.28,0.53,0.116,8.0,0.0,GAMA,,,,False,True,True
419205,1,3.0,139.154221,2.77309701,139.154221,2.77309701,18.406,18.419,0.02679,0.02579,-16.91,2.19,21.99,22.6,24.5,0.1549,96.909996,8.42,0.55,0.108,8.0,0.0,GAMA,,,,False,True,True
419294,1,1.0,139.67800005,2.69147018,139.67800005,2.69147018,16.694,16.707,0.08694,0.08578,-21.4,2.12,19.45,20.76,22.35,0.5585,164.26999,10.7,1.28,0.14,3.0,0.0,GAMA,,,,False,True,True
419299,1,3.0,139.72273048,2.79427487,139.72273048,2.79427487,15.422,15.298,0.02646,0.02546,-20.01,6.6,21.2,21.99,23.75,0.2368,57.160004,9.67,0.56,0.152,8.0,0.0,GAMA,,,,False,True,True
419334,1,3.0,139.75620189,2.70246532,139.75620189,2.70246532,16.599,16.625,0.05573,0.0546,-20.42,7.87,21.22,21.72,23.76,0.8457,74.36,10.14,0.98,0.145,8.0,0.0,GAMA,,,,False,True,True
419335,1,1.0,139.75686615,2.75729364,139.75686615,2.75729364,16.63,16.618,0.05751,0.05638,-20.5,2.8,19.29,20.55,22.15,0.7695,87.640015,10.33,1.2,0.151,8.0,0.0,GAMA,,,,False,True,True
419345,1,1.0,139.85181914,2.70691827,139.85181914,2.70691827,15.374,15.392,0.0378,0.03669,-20.76,4.07,19.84,21.02,22.63,0.421,166.91,10.43,1.16,0.152,8.0,0.0,GAMA,,,,False,True,True
419549,1,2.5,140.48249803,2.76965667,140.48249803,2.76965667,16.895,16.897,0.08535,0.08419,-21.14,3.7,21.24,22.01,23.78,0.4191,139.76,10.4,1.0,0.169,3.0,0.0,GAMA,,,,False,True,True
419632,1,3.0,140.75063621,2.86863429,140.75063621,2.86863429,17.62,17.635,0.02584,0.02484,-17.64,3.29,22.15,22.73,24.66,0.1349,173.69,8.85,0.72,0.194,8.0,0.0,GAMA,,,,False,True,True
422286,1,2.0,130.14867535,2.47704361,130.14867535,2.47704361,15.716,15.763,0.05069,0.04969,-21.04,3.12,19.88,21.32,22.89,0.3692,33.119995,10.47,1.08,0.12,8.0,0.0,GAMA,,,,False,True,True
422289,1,2.5,130.27727795,2.57668398,130.27727795,2.57668398,17.151,17.069,0.03275,0.03176,-18.75,2.77,20.21,21.3,22.94,0.6526,108.33,9.56,1.05,0.114,8.0,0.0,GAMA,,,,False,True,True
422291,1,0.0,130.1433787,2.61132645,130.1433787,2.61132645,14.047,13.867,0.05064,0.04964,-22.96,8.04,20.47,21.73,23.32,0.0106,8.540009,11.39,1.27,0.105,8.0,0.0,GAMA,,,,False,True,True
422292,1,1.0,130.15751857,2.61965909,130.15751857,2.61965909,16.241,16.209,0.05073,0.04973,-20.63,1.67,18.46,19.6,21.22,0.5702,96.649994,10.42,1.25,0.106,8.0,0.0,GAMA,,,,False,True,True
422320,1,3.0,130.31083216,2.58433988,130.31083216,2.58433988,16.276,16.144,0.03241,0.03142,-19.62,9.5,22.14,22.9,24.67,0.6219,166.18001,9.56,0.62,0.115,8.0,0.0,GAMA,,,,False,True,True
422355,1,3.0,130.50503649,2.52837186,130.50503649,2.52837186,16.83,16.798,0.02945,0.02848,-18.77,5.08,22.19,23.19,24.85,0.0426,45.909996,9.26,0.66,0.123,8.0,0.0,GAMA,,,,False,True,True
422359,1,1.5,130.55487715,2.62461209,130.55487715,2.62461209,16.466,16.503,0.05101,0.05,-20.31,2.47,19.85,20.77,22.47,0.4488,86.45999,10.07,0.94,0.113,8.0,0.0,GAMA,,,,False,True,True
422366,1,3.0,130.59559741,2.4973292,130.59559741,2.4973292,15.813,15.784,0.02965,0.02867,-19.79,8.86,21.75,22.64,24.35,0.493,166.33002,9.62,0.62,0.138,8.0,0.0,GAMA,,,,False,True,True
422389,1,0.0,130.68721995,2.58308823,130.68721995,2.58308823,16.199,16.225,0.05185,0.05084,-20.66,3.11,20.68,21.94,23.54,0.0594,120.83,10.43,1.24,0.141,8.0,0.0,GAMA,,,,False,True,True
422406,1,0.0,130.75188586,2.64168892,130.75188586,2.64168892,16.825,16.818,0.05153,0.05052,-20.03,1.2,19.01,20.25,21.85,0.2075,82.45999,10.05,1.08,0.145,8.0,0.0,GAMA,,,,False,True,True
422411,1,-9.0,130.86483826,2.53693921,130.86483826,2.53693921,19.2,19.246,0.02953,0.02855,-16.29,0.83,20.63,21.64,23.3,0.2438,33.04001,8.23,0.63,0.164,8.0,0.0,GAMA,,,,False,True,True
422436,1,1.5,130.96284193,2.7138535,130.96284193,2.7138535,13.899,13.895,0.02677,0.0259,-21.49,8.19,19.52,20.7,22.31,0.5823,141.74,10.81,1.23,0.149,8.0,0.0,GAMA,,,,False,True,True
422443,1,1.5,131.01758554,2.71152712,131.01758554,2.71152712,15.635,15.526,0.02701,0.02613,-19.82,1.94,18.72,19.89,21.51,0.2971,136.92001,10.06,1.12,0.14,8.0,0.0,GAMA,,,,False,True,True
422446,1,1.5,130.89751011,2.66970523,130.89751011,2.66970523,16.389,16.415,0.05131,0.0503,-20.45,4.13,20.11,20.87,22.65,0.7463,179.19,10.36,1.25,0.16,8.0,0.0,GAMA,,,,False,True,True
422464,1,3.0,130.92814509,2.58916639,130.92814509,2.58916639,18.443,18.309,0.02658,0.02571,-16.97,3.71,21.92,22.49,24.43,0.7328,42.229996,8.57,0.72,0.159,8.0,0.0,GAMA,,,,False,True,True
422486,1,3.0,131.17992357333333,2.572460492222222,131.18034024,2.57273827,17.268,17.28,0.02704,0.02615,-18.08,3.76,21.78,22.2,24.41,0.4249,24.559998,8.78,0.42,0.14,8.0,5.0,GAMA,,,,False,True,True
422501,1,3.0,131.20912142,2.56391963,131.20912142,2.56391963,18.148,18.159,0.05086,0.04984,-18.64,1.87,21.43,21.99,23.95,0.185,16.359985,9.43,0.97,0.14,3.0,0.0,GAMA,,,,False,True,True
422610,1,3.0,131.74772787,2.58167268,131.74772787,2.58167268,16.903,16.943,0.02866,0.0277,-18.56,2.37,20.17,20.95,22.72,0.5147,179.07,9.38,0.92,0.163,8.0,0.0,GAMA,,,,False,True,True
422619,1,3.0,131.78174581,2.62180486,131.78174581,2.62180486,16.326,16.256,0.02996,0.02896,-19.36,7.1,22.36,23.08,24.89,0.1411,174.67,9.63,0.84,0.145,8.0,0.0,GAMA,,,,False,True,True
422639,1,3.0,131.65702678,2.61436443,131.65702678,2.61436443,19.0,19.027,0.02935,0.02837,-16.47,3.26,22.86,23.93,25.57,0.4153,119.72,8.32,0.66,0.164,8.0,0.0,GAMA,,,,False,True,True
422649,1,2.0,131.82766801,2.76226338,131.82766801,2.76226338,14.292,14.194,0.02952,0.02853,-21.4,9.76,20.73,22.19,23.76,0.2562,138.39,10.6,1.04,0.124,8.0,0.0,GAMA,,,,False,True,True
422683,1,3.0,131.88075027,2.7356685,131.88075027,2.7356685,18.528,18.465,0.02902,0.02805,-17.03,3.61,23.03,23.63,25.54,0.2378,176.95,8.42,0.52,0.128,8.0,0.0,GAMA,,,,False,True,True
422721,1,3.0,132.13653336,2.63758665,132.13653336,2.63758665,18.5,18.401,0.02967,0.02867,-17.21,3.72,22.79,23.36,25.31,0.4415,151.37,8.69,0.7,0.12,8.0,0.0,GAMA,,,,False,True,True
422761,1,2.0,132.33073636,2.69486934,132.33073636,2.69486934,16.301,16.284,0.07801,0.07695,-21.52,4.3,21.35,22.06,23.87,0.1268,18.380005,10.54,0.97,0.121,3.0,0.0,GAMA,,,,False,True,True
422888,1,3.0,132.75205892,2.83040727,132.75205892,2.83040727,18.865,18.683,0.02875,0.02777,-16.78,2.6,22.72,23.55,25.28,0.1707,33.380005,8.36,0.55,0.119,8.0,0.0,GAMA,,,,False,True,True
422907,1,-9.0,132.85683447,2.8330493,132.85683447,2.8330493,17.715,17.541,0.0295,0.0285,-18.06,31.55,25.57,27.41,28.94,0.4603,13.540009,8.93,0.6,0.122,8.0,0.0,GAMA,,,,False,True,True
422921,1,3.0,132.85921906,2.68172647,132.85921906,2.68172647,18.925,18.86,0.02953,0.02853,-16.69,3.28,22.05,22.48,24.67,0.7471,71.04001,8.29,0.5,0.121,8.0,0.0,GAMA,,,,False,True,True
422933,1,2.0,133.04219615,2.84024338,133.04219615,2.84024338,15.685,15.693,0.03005,0.02903,-19.94,6.38,20.92,21.69,23.46,0.5865,21.419998,10.16,1.19,0.173,8.0,0.0,GAMA,,,,False,True,True
423267,1,1.0,134.62699815,2.92548744,134.62699815,2.92548744,14.116,14.012,0.01371,0.013,-19.87,4.84,18.79,20.15,21.73,0.4781,114.68,10.02,1.05,0.164,8.0,0.0,GAMA,,,,False,True,True
423270,1,2.0,134.71348341,2.91304691,134.71348341,2.91304691,15.771,15.76,0.05565,0.05458,-21.29,7.15,20.57,21.44,23.16,0.7582,13.910004,10.63,1.17,0.172,8.0,0.0,GAMA,,,,False,True,True
423416,1,3.0,135.20781388,2.89070262,135.20781388,2.89070262,16.753,16.787,0.0163,0.0156,-17.44,4.41,21.55,22.4,24.12,0.4392,103.9,8.59,0.49,0.2,8.0,0.0,GAMA,,,,False,True,True
423784,1,1.5,137.7138747,2.97707473,137.7138747,2.97707473,14.2,13.99,0.02728,0.02629,-21.45,12.32,19.84,21.03,22.64,0.7745,34.479996,10.89,1.35,0.193,8.0,0.0,GAMA,,,,False,True,True
457505,1,3.0,213.5166551,-1.99524193,213.5166551,-1.99524193,16.811,16.809,0.03938,0.03849,-19.39,6.51,21.37,22.09,23.9,0.7836,137.7,9.4,0.55,0.256,8.0,0.0,GAMA,,,,False,True,True
457615,1,1.5,213.90091353,-1.98131055,213.90091353,-1.98131055,16.03,16.013,0.04872,0.04782,-20.72,2.58,18.82,20.01,21.62,0.7107,136.17,10.43,1.2,0.235,8.0,0.0,GAMA,,,,False,True,True
460374,1,2.0,212.0354322,-1.70231167,212.0354322,-1.70231167,13.378,13.361,0.02589,0.02495,-21.92,11.4,20.39,21.43,23.08,0.3062,28.809998,10.77,0.96,0.222,8.0,0.0,GAMA,,,,False,True,True
460378,1,2.0,211.93827707,-1.63990866,211.93827707,-1.63990866,15.047,15.035,0.03015,0.02924,-20.6,6.69,20.03,21.04,22.7,0.675,132.46,10.3,1.06,0.206,8.0,0.0,GAMA,,,,False,True,True
460380,1,2.0,211.95848878,-1.65315107,211.95848878,-1.65315107,16.488,16.474,0.0556,0.05467,-20.58,4.24,20.52,21.25,23.05,0.6767,160.20999,10.41,1.25,0.211,8.0,0.0,GAMA,,,,False,True,True
460424,1,3.0,212.21231692,-1.60680387,212.21231692,-1.60680387,17.72,17.648,0.02626,0.02533,-17.66,3.17,21.12,22.03,23.72,0.6827,178.04999,8.87,0.73,0.211,8.0,0.0,GAMA,,,,False,True,True
460756,1,2.0,213.70928095,-1.59707041,213.70928095,-1.59707041,16.074,16.073,0.03813,0.03724,-20.08,4.26,20.42,21.43,23.09,0.546,57.42,10.08,1.06,0.213,8.0,0.0,GAMA,,,,False,True,True
460767,1,1.5,213.79605666,-1.63522686,213.79605666,-1.63522686,16.68,16.613,0.04863,0.04773,-20.11,1.92,18.86,20.21,21.79,0.6842,36.410004,10.15,1.16,0.211,8.0,0.0,GAMA,,,,False,True,True
463119,1,2.5,211.54914668,-1.22789085,211.54914668,-1.22789085,15.86,15.863,0.05438,0.05344,-21.09,4.29,20.79,21.61,23.35,0.2715,18.76001,10.28,0.82,0.221,8.0,0.0,GAMA,,,,False,True,True
463148,1,0.5,211.68702632,-1.33977224,211.68702632,-1.33977224,16.678,16.687,0.05464,0.05371,-20.29,2.45,20.52,21.65,23.28,0.1325,172.45001,10.02,0.91,0.203,8.0,0.0,GAMA,,,,False,True,True
463264,1,2.0,212.3346292,-1.26706084,212.3346292,-1.26706084,16.53,16.545,0.04224,0.04133,-19.84,4.24,20.71,21.8,23.43,0.6141,83.97998,9.81,0.84,0.196,8.0,0.0,GAMA,,,,False,True,True
463288,1,3.0,212.4848106,-1.24004557,212.4848106,-1.24004557,14.511,14.718,0.02563,0.02469,-20.51,7.26,20.73,21.61,23.32,0.3176,133.47,9.74,0.41,0.219,8.0,0.0,GAMA,,,,False,True,True
463317,1,3.0,212.42643159,-1.25674535,212.42643159,-1.25674535,17.789,17.718,0.02535,0.0244,-17.5,6.35,22.03,22.84,24.59,0.8224,103.94,8.61,0.47,0.212,8.0,0.0,GAMA,,,,False,True,True
463367,3,3.0,212.69763014,-1.31421459,212.69763014,-1.31421459,15.708,15.638,0.05542,0.0545,-21.37,6.39,21.0,21.76,23.53,0.5125,162.28,10.4,0.83,0.22,8.0,0.0,GAMA,,,,True,True,True
463434,3,2.5,213.0345456,-1.32676328,213.0345456,-1.32676328,16.073,16.106,0.05465,0.05374,-20.88,3.28,19.78,20.31,22.31,0.6346,112.76001,10.34,1.0,0.24,8.0,0.0,GAMA,,,,True,True,True
463641,1,3.0,213.9552781,-1.31605973,213.9552781,-1.31605973,16.692,16.699,0.05071,0.04982,-20.1,3.94,20.41,20.9,22.96,0.7353,158.41,10.1,1.08,0.173,8.0,0.0,GAMA,,,,False,True,True
463643,1,3.0,213.9640039,-1.30767713,213.9640039,-1.30767713,17.191,17.162,0.04139,0.0405,-19.17,4.64,22.24,22.99,24.78,0.2507,28.64,9.37,0.61,0.17,8.0,0.0,GAMA,,,,False,True,True
463660,1,3.0,213.92313635,-1.15695347,213.92313635,-1.15695347,17.888,17.866,0.03841,0.03753,-18.31,3.87,22.76,23.55,25.31,0.0827,44.45999,9.02,0.62,0.159,8.0,0.0,GAMA,,,,False,True,True
463668,1,2.0,214.02192132,-1.26039627,214.02192132,-1.26039627,16.766,14.642,0.05077,0.04988,-22.19,5.89,20.41,21.21,22.96,0.2543,165.13,10.98,1.11,0.159,8.0,0.0,GAMA,,,,False,True,True
47152,1,0.0,211.56681954,-0.64109919,211.56681954,-0.64109919,15.904,15.811,0.08356,0.0826,-22.2,3.89,20.55,21.98,23.55,0.1847,80.66998,11.06,1.31,0.171,8.0,0.0,GAMA,,,,False,True,True
47224,1,3.0,211.86054777,-0.74540349,211.86054777,-0.74540349,17.561,17.566,0.0362,0.03529,-18.46,1.48,19.98,20.79,22.53,0.4017,101.329994,9.16,0.72,0.162,8.0,0.0,GAMA,,,,False,True,True
47245,1,3.0,211.92121719,-0.71713222,211.92121719,-0.71713222,16.763,16.752,0.02602,0.02508,-18.52,3.87,21.24,21.89,23.75,0.7775,177.51001,9.17,0.68,0.156,8.0,0.0,GAMA,,,,False,True,True
47254,1,0.0,212.00218596,-0.82181131,212.00218596,-0.82181131,14.974,14.933,0.05566,0.05473,-22.12,3.75,19.82,21.02,22.63,0.0529,175.45001,11.03,1.27,0.174,8.0,0.0,GAMA,,,,False,True,True
47258,1,1.5,212.02672651,-0.82122528,212.02672651,-0.82122528,16.655,16.659,0.05292,0.05199,-20.28,3.43,20.35,21.06,22.87,0.6358,99.08,10.28,1.24,0.171,8.0,0.0,GAMA,,,,False,True,True
47286,1,3.0,212.14283282,-0.78980702,212.14283282,-0.78980702,18.297,18.271,0.0264,0.02548,-17.01,2.39,21.04,21.8,23.58,0.6822,51.14,8.51,0.63,0.166,8.0,0.0,GAMA,,,,False,True,True
47293,1,1.0,212.0802501,-0.64825979,212.0802501,-0.64825979,16.731,16.739,0.0535,0.05257,-20.2,2.21,19.85,21.14,22.73,0.4139,178.06,10.17,1.15,0.159,8.0,0.0,GAMA,,,,False,True,True
47342,1,2.5,212.41811693,-0.65577233,212.41811693,-0.65577233,15.238,15.157,0.02478,0.0238,-20.02,6.24,20.32,21.04,22.85,0.5997,155.36,10.09,1.05,0.176,8.0,0.0,GAMA,,,,False,True,True
47460,3,2.0,213.06501067,-0.63302264,213.06501067,-0.63302264,14.507,14.53,0.02655,0.02565,-20.83,10.85,20.49,21.5,23.16,0.7112,86.59,10.46,1.12,0.185,8.0,0.0,GAMA,,,,True,True,True
47493,3,3.0,213.10354599,-0.83202401,213.10354599,-0.83202401,15.713,15.704,0.02683,0.02594,-19.64,2.75,19.66,20.67,22.33,0.303,53.59001,9.61,0.67,0.2,8.0,0.0,GAMA,,,,True,True,True
47500,1,3.0,213.25280325,-0.83100458,213.25280325,-0.83100458,15.917,15.929,0.02698,0.02609,-19.43,2.91,19.79,20.34,22.31,0.4578,150.41,9.49,0.63,0.2,8.0,0.0,GAMA,,,,False,True,True
47535,1,3.0,213.20857533,-0.73428253,213.20857533,-0.73428253,17.966,17.932,0.02718,0.02629,-17.45,4.91,22.63,23.24,25.15,0.5432,34.58,8.58,0.48,0.182,8.0,0.0,GAMA,,,,False,True,True
47652,1,3.0,213.60344456,-0.82934123,213.60344456,-0.82934123,16.62,16.619,0.04051,0.03962,-19.59,3.04,20.96,21.57,23.47,0.143,17.14,9.43,0.52,0.164,8.0,0.0,GAMA,,,,False,True,True
47674,1,1.0,213.75262592,-0.79695438,213.75262592,-0.79695438,14.076,13.977,0.03939,0.0385,-22.28,5.93,19.21,20.54,22.12,0.4696,150.11,11.1,1.23,0.167,8.0,0.0,GAMA,,,,False,True,True
48016,1,2.5,215.48582778,-0.70085917,215.48582778,-0.70085917,16.726,16.754,0.05154,0.05067,-20.12,4.29,20.67,21.51,23.24,0.7108,22.190002,10.28,1.28,0.195,8.0,0.0,GAMA,,,,False,True,True
48049,1,1.5,215.6319114,-0.65529765,215.6319114,-0.65529765,16.064,16.043,0.05601,0.05514,-21.02,3.07,19.93,20.99,22.63,0.4523,79.29999,10.56,1.22,0.184,8.0,0.0,GAMA,,,,False,True,True
48432,1,2.0,217.04387462,-0.68460688,217.04387462,-0.68460688,15.612,15.57,0.05603,0.05518,-21.52,11.17,21.11,22.09,23.76,0.7942,109.93,10.91,1.4,0.166,8.0,0.0,GAMA,,,,False,True,True
48470,1,0.0,217.16033334,-0.8306571,217.16033334,-0.8306571,15.75,15.672,0.08042,0.07956,-22.23,3.53,20.23,21.77,23.32,0.1087,63.36,11.01,1.23,0.161,8.0,0.0,GAMA,,,,False,True,True
484976,1,1.5,213.54593013,-1.8076983,213.54593013,-1.8076983,17.635,17.637,0.03922,0.03833,-18.54,1.54,19.75,20.64,22.35,0.6027,83.91,9.42,1.0,0.23,8.0,0.0,GAMA,,,,False,True,True
485046,1,3.0,213.78632379,-1.81109146,213.78632379,-1.81109146,15.903,15.853,0.04881,0.04791,-20.85,9.3,22.22,23.16,24.84,0.4219,142.65,10.08,0.68,0.212,8.0,0.0,GAMA,,,,False,True,True
485047,1,1.5,213.80041654,-1.89855903,213.80041654,-1.89855903,16.238,16.248,0.04859,0.04769,-20.47,3.15,19.05,20.42,22.0,0.7945,132.73,10.28,1.14,0.22,8.0,0.0,GAMA,,,,False,True,True
48506,1,2.5,217.3447785,-0.82803119,217.3447785,-0.82803119,17.118,16.431,0.04935,0.04851,-20.37,4.99,20.56,21.09,23.1,0.7831,174.07999,10.35,1.24,0.172,8.0,0.0,GAMA,,,,False,True,True
485127,1,2.0,214.20891573,-1.87151119,214.20891573,-1.87151119,16.027,15.978,0.08121,0.08029,-21.98,5.52,20.44,21.78,23.36,0.6766,31.980011,11.04,1.4,0.207,8.0,0.0,GAMA,,,,False,True,True
48548,1,0.5,217.48766749,-0.74742253,217.48766749,-0.74742253,15.88,15.826,0.08367,0.08281,-22.19,3.91,20.46,21.77,23.35,0.2889,43.73999,11.05,1.32,0.169,8.0,0.0,GAMA,,,,False,True,True
485504,1,1.5,216.10103095,-1.76490306,216.10103095,-1.76490306,16.394,16.38,0.057,0.05613,-20.67,5.32,21.72,22.73,24.39,0.2314,31.200012,10.2,0.94,0.177,8.0,0.0,GAMA,,,,False,True,True
485529,1,3.0,216.24764829,-1.86856097,216.24764829,-1.86856097,17.275,17.31,0.03102,0.03018,-18.36,2.78,20.79,22.27,23.84,0.4625,28.839996,9.07,0.65,0.172,8.0,0.0,GAMA,,,,False,True,True
485646,1,3.0,216.76992629,-1.72965526,216.76992629,-1.72965526,17.516,17.424,0.00717,0.00591,-15.03,3.86,21.81,22.42,24.33,0.5171,163.4,7.69,0.54,0.182,8.0,0.0,GAMA,,,,False,True,True
485688,1,2.5,216.9634062,-1.74523516,216.9634062,-1.74523516,16.957,16.952,0.05388,0.05303,-20.04,4.3,20.52,21.21,23.04,0.7941,165.03,10.15,1.19,0.188,8.0,0.0,GAMA,,,,False,True,True
485690,1,2.5,217.0190744,-1.83175578,217.0190744,-1.83175578,16.828,16.708,0.0551,0.05425,-20.3,9.03,21.7,22.36,24.21,0.844,79.349976,10.18,1.11,0.2,8.0,0.0,GAMA,,,,False,True,True
485823,1,3.0,217.47288003,-1.80570366,217.47288003,-1.80570366,18.672,18.586,0.02578,0.02495,-16.66,4.19,23.04,23.59,25.56,0.7141,28.450012,8.32,0.54,0.178,8.0,0.0,GAMA,,,,False,True,True
485833,1,2.0,217.56866771,-1.7569931,217.56866771,-1.7569931,16.047,16.071,0.05675,0.05591,-20.99,5.34,20.84,21.83,23.5,0.5693,148.48999,10.33,0.94,0.179,8.0,0.0,GAMA,,,,False,True,True
485834,1,2.5,217.57878874,-1.7877005,217.57878874,-1.7877005,15.242,15.259,0.05705,0.05621,-21.82,5.19,20.3,21.13,22.87,0.4267,47.26001,10.69,0.98,0.182,8.0,0.0,GAMA,,,,False,True,True
485882,1,2.0,217.73182376,-1.75187183,217.73182376,-1.75187183,16.054,15.975,0.05369,0.05285,-20.96,2.41,19.09,20.48,22.06,0.5252,27.960007,10.46,1.13,0.162,8.0,0.0,GAMA,,,,False,True,True
485883,1,0.5,217.74873843,-1.8231639,217.74873843,-1.8231639,16.07,15.978,0.05575,0.05491,-21.04,3.44,20.2,21.87,23.42,0.278,55.490005,10.54,1.18,0.166,8.0,0.0,GAMA,,,,False,True,True
485885,1,3.0,217.75789616,-1.71721473,217.75789616,-1.71721473,16.226,16.24,0.05586,0.05502,-20.78,5.04,21.64,22.38,24.17,0.1595,74.75,10.25,0.94,0.161,8.0,0.0,GAMA,,,,False,True,True
485919,1,2.0,217.82584397,-1.81536984,217.82584397,-1.81536984,15.582,15.596,0.05279,0.05196,-21.3,5.83,20.94,21.87,23.56,0.3585,161.12,10.5,0.99,0.17,8.0,0.0,GAMA,,,,False,True,True
485921,1,0.0,217.83383718,-1.75091976,217.83383718,-1.75091976,16.051,16.066,0.05609,0.05525,-20.99,2.14,19.6,21.09,22.65,0.0432,79.979996,10.48,1.16,0.164,8.0,0.0,GAMA,,,,False,True,True
485922,1,2.5,217.85033508,-1.82721542,217.85033508,-1.82721542,16.474,16.548,0.05402,0.05319,-20.43,4.22,20.11,20.69,22.62,0.7869,9.730011,10.31,1.21,0.171,8.0,0.0,GAMA,,,,False,True,True
485924,1,2.0,217.93075155,-1.82659531,217.93075155,-1.82659531,15.709,15.709,0.05261,0.05178,-21.18,3.17,20.17,21.42,23.02,0.0589,116.69,10.41,0.94,0.167,8.0,0.0,GAMA,,,,False,True,True
486092,1,3.0,218.40636109,-1.70306576,218.40636109,-1.70306576,18.469,18.032,0.03478,0.03397,-18.01,4.86,23.15,24.21,25.85,0.4609,72.270004,9.14,0.84,0.147,8.0,0.0,GAMA,,,,False,True,True
486213,1,3.0,218.93299179,-1.69280609,218.93299179,-1.69280609,18.125,18.084,0.04087,0.04007,-18.19,3.2,22.2,22.85,24.71,0.4073,156.17001,9.02,0.7,0.154,8.0,0.0,GAMA,,,,False,True,True
486275,1,2.0,219.2921116,-1.68179742,219.2921116,-1.68179742,16.016,16.042,0.05737,0.05656,-21.04,3.8,20.75,21.47,23.28,0.2068,5.01001,10.34,0.93,0.152,8.0,0.0,GAMA,,,,False,True,True
486276,1,2.0,219.30350852,-1.84533521,219.30350852,-1.84533521,16.388,16.404,0.05825,0.05744,-20.75,2.7,19.73,20.88,22.5,0.5481,132.78,10.37,1.14,0.158,8.0,0.0,GAMA,,,,False,True,True
486782,1,3.0,221.41631562,-1.71861716,221.41631562,-1.71861716,16.5,16.485,0.03041,0.02966,-19.14,7.08,21.48,22.18,24.0,0.7208,77.98001,9.3,0.54,0.19,8.0,0.0,GAMA,,,,False,True,True
48681,1,1.0,218.31284355,-0.82461046,218.31284355,-0.82461046,15.881,15.764,0.08978,0.08893,-22.42,3.15,19.72,21.15,22.72,0.4038,31.26001,11.16,1.36,0.173,8.0,0.0,GAMA,,,,False,True,True
486834,1,2.5,221.74482813,-1.78888711,221.74482813,-1.78888711,16.896,16.915,0.04425,0.04349,-19.58,5.99,20.79,21.53,23.32,0.8545,160.37,9.75,0.89,0.207,8.0,0.0,GAMA,,,,False,True,True
486872,1,2.0,221.88822395,-1.64566507,221.88822395,-1.64566507,15.25,15.238,0.04362,0.04287,-21.22,6.32,20.77,21.95,23.56,0.4233,142.75,10.43,0.92,0.217,8.0,0.0,GAMA,,,,False,True,True
486957,1,2.0,222.37246892,-1.77575489,222.37246892,-1.77575489,15.529,15.502,0.08436,0.08358,-22.48,8.01,22.29,23.53,25.13,0.0048,44.51999,10.91,0.97,0.21,8.0,0.0,GAMA,,,,False,True,True
487010,1,3.0,222.5259207,-1.61157261,222.5259207,-1.61157261,18.361,18.275,0.04361,0.04287,-18.16,3.13,22.59,23.32,25.12,0.1947,39.42,9.01,0.67,0.195,8.0,0.0,GAMA,,,,False,True,True
487019,2,2.5,222.67795977,-1.72641162,222.67795977,-1.72641162,15.699,15.514,0.02704,0.02634,-19.89,8.58,21.02,21.76,23.55,0.7623,163.37,10.02,1.04,0.231,8.0,0.0,GAMA,,,,True,True,True
487027,1,3.0,222.67910912,-1.71488347,222.67910912,-1.71488347,14.858,14.595,0.02715,0.02645,-20.78,6.22,20.57,21.15,23.09,0.35,78.5,10.09,0.7,0.231,8.0,0.0,GAMA,,,,False,True,True
487060,2,1.5,222.78153119,-1.61207436,222.78153119,-1.61207436,16.462,16.475,0.08466,0.08389,-21.6,4.1,20.83,22.02,23.63,0.4944,77.57999,10.92,1.46,0.223,8.0,0.0,GAMA,,,,True,True,True
487175,2,3.0,223.33976662,-1.59494721,223.33976662,-1.59494721,16.441,16.46,0.04301,0.04228,-19.94,3.77,21.1,21.84,23.63,0.2798,25.029999,9.73,0.68,0.208,8.0,0.0,GAMA,,,,True,True,True
48740,1,3.0,218.42739216,-0.80048584,218.42739216,-0.80048584,16.679,16.684,0.05703,0.05621,-20.39,2.42,19.94,20.29,22.69,0.5469,17.100006,10.01,0.84,0.16,8.0,0.0,GAMA,,,,False,True,True
48969,1,3.0,219.1974688,-0.75950525,219.1974688,-0.75950525,16.668,16.62,0.03855,0.03775,-19.53,4.89,21.58,22.52,24.21,0.3595,84.890015,9.52,0.62,0.139,8.0,0.0,GAMA,,,,False,True,True
491457,1,1.0,211.73486406,-1.5947255,211.73486406,-1.5947255,14.156,14.143,0.03009,0.02918,-21.49,5.49,19.24,20.15,21.85,0.4882,111.53,10.64,1.03,0.193,8.0,0.0,GAMA,,,,False,True,True
491460,1,3.0,211.69432412,-1.47828313,211.69432412,-1.47828313,17.002,17.013,0.03063,0.02972,-18.63,5.15,21.68,22.32,24.19,0.6056,126.68,9.43,0.95,0.189,8.0,0.0,GAMA,,,,False,True,True
491475,1,3.0,211.72061524,-1.56963457,211.72061524,-1.56963457,18.604,18.531,0.0257,0.02475,-16.78,5.03,23.43,24.09,25.94,0.5225,14.170013,8.39,0.53,0.191,8.0,0.0,GAMA,,,,False,True,True
491508,1,1.0,212.16110627,-1.46876469,212.16110627,-1.46876469,15.599,15.615,0.05585,0.05492,-21.42,3.14,19.73,20.66,22.35,0.3545,4.4000015,10.61,1.07,0.194,8.0,0.0,GAMA,,,,False,True,True
491509,1,2.0,212.16299261,-1.49395349,212.16299261,-1.49395349,16.006,16.031,0.05537,0.05444,-21.02,6.67,20.74,21.6,23.32,0.7545,67.84999,10.6,1.28,0.199,8.0,0.0,GAMA,,,,False,True,True
491552,1,3.0,212.40076956,-1.43278755,212.40076956,-1.43278755,16.998,16.9,0.02544,0.02449,-18.37,6.56,22.17,22.82,24.69,0.5869,96.61,9.09,0.64,0.207,8.0,0.0,GAMA,,,,False,True,True
491608,1,3.0,212.51979756,-1.50799733,212.51979756,-1.50799733,17.449,17.488,0.02552,0.02458,-17.71,3.45,21.75,22.36,24.26,0.5741,99.11,8.49,0.26,0.24,8.0,0.0,GAMA,,,,False,True,True
491743,3,3.0,213.12766413,-1.40597634,213.12766413,-1.40597634,16.258,16.134,0.01872,0.01728,-18.39,4.49,21.13,21.51,23.81,0.4201,5.4400024,9.05,0.58,0.238,8.0,0.0,GAMA,,,,True,True,True
491887,1,2.0,213.77500432,-1.55687512,213.77500432,-1.55687512,14.759,14.774,0.03839,0.0375,-21.41,3.46,19.32,20.63,22.22,0.2984,110.91,10.61,1.05,0.205,8.0,0.0,GAMA,,,,False,True,True
491956,1,3.0,214.0650715,-1.46462571,214.0650715,-1.46462571,16.893,16.301,0.03722,0.03634,-19.81,1.26,20.13,20.13,,0.46,64.840004,9.04,-0.11,0.193,8.0,0.0,GAMA,,,,False,True,True
491960,1,2.0,214.19826727,-1.34911657,214.19826727,-1.34911657,15.13,15.139,0.05016,0.04927,-21.65,7.47,20.91,22.68,24.22,0.2893,92.14,10.71,1.07,0.17,8.0,0.0,GAMA,,,,False,True,True
49204,1,3.0,220.02169794,-0.7225744,220.02169794,-0.7225744,16.925,16.849,0.00745,0.00626,-15.65,5.92,21.58,22.12,24.1,0.6912,97.65,7.79,0.38,0.156,8.0,0.0,GAMA,,,,False,True,True
492384,1,2.0,216.3946087,-1.37611813,216.3946087,-1.37611813,15.974,15.992,0.05629,0.05543,-21.05,3.77,20.29,21.19,22.89,0.454,139.53,10.46,1.07,0.152,8.0,0.0,GAMA,,,,False,True,True
492411,1,0.0,216.47950699,-1.47142353,216.47950699,-1.47142353,15.752,15.697,0.05649,0.05563,-21.37,1.88,19.12,20.55,22.12,0.0419,111.39,10.7,1.23,0.171,8.0,0.0,GAMA,,,,False,True,True
492414,1,3.0,216.50319504,-1.41179581,216.50319504,-1.41179581,16.069,16.066,0.0558,0.05494,-20.94,4.4,21.39,22.02,23.9,0.0237,160.11,10.1,0.67,0.165,8.0,0.0,GAMA,,,,False,True,True
492486,1,0.0,216.89883491,-1.37261003,216.89883491,-1.37261003,17.159,17.106,0.05626,0.05541,-19.95,1.1,19.3,20.65,22.23,0.0884,15.68,10.12,1.22,0.176,8.0,0.0,GAMA,,,,False,True,True
492690,1,0.5,217.91036121,-1.35134352,217.91036121,-1.35134352,15.326,15.256,0.03103,0.03022,-20.44,2.02,18.5,19.89,21.47,0.2411,35.42,10.23,1.05,0.157,8.0,0.0,GAMA,,,,False,True,True
492883,1,1.5,218.72671632,-1.27168377,218.72671632,-1.27168377,15.866,15.883,0.05694,0.05612,-21.24,3.17,19.71,20.74,22.39,0.509,10.059998,10.66,1.24,0.157,8.0,0.0,GAMA,,,,False,True,True
492941,1,0.0,218.85667048,-1.39906755,218.85667048,-1.39906755,16.45,16.463,0.05656,0.05574,-20.6,3.45,20.8,22.37,23.92,0.1773,3.600006,10.35,1.17,0.154,8.0,0.0,GAMA,,,,False,True,True
492957,1,3.0,218.99465123,-1.28708187,218.99465123,-1.28708187,17.323,17.314,0.05727,0.05645,-19.76,4.38,21.91,22.57,24.42,0.4894,62.22,9.6,0.63,0.151,3.0,0.0,GAMA,,,,False,True,True
493028,1,0.5,219.24001988,-1.39849664,219.24001988,-1.39849664,15.344,15.342,0.05112,0.05031,-21.5,5.37,20.78,22.3,23.86,0.129,79.119995,10.72,1.17,0.163,8.0,0.0,GAMA,,,,False,True,True
493621,1,2.5,221.83560804,-1.30298865,221.83560804,-1.30298865,17.104,17.124,0.03023,0.02948,-18.51,5.24,22.51,23.49,25.16,0.2277,87.94,9.03,0.51,0.191,8.0,0.0,GAMA,,,,False,True,True
493702,3,5.0,222.0224095,-1.18269045,222.0224095,-1.18269045,16.774,16.69,0.02811,0.02739,-18.8,0.84,18.23,19.59,21.17,0.1876,134.24,8.53,-0.48,0.207,8.0,0.0,GAMA,,,,True,True,True
493811,1,3.0,222.51844698,-1.17331197,222.51844698,-1.17331197,17.884,17.877,0.02818,0.02747,-17.55,2.24,21.5,22.58,24.21,0.1455,143.54,8.76,0.64,0.173,8.0,0.0,GAMA,,,,False,True,True
493812,1,3.0,222.52657041,-1.16131383,222.52657041,-1.16131383,17.377,17.293,0.04395,0.04321,-19.17,4.87,22.18,22.94,24.72,0.4466,163.15,9.54,0.85,0.172,8.0,0.0,GAMA,,,,False,True,True
493825,1,3.0,222.43912181,-1.17427214,222.43912181,-1.17427214,18.561,18.556,0.02761,0.0269,-16.88,3.26,22.67,23.65,25.32,0.3901,56.25,8.23,0.35,0.18,8.0,0.0,GAMA,,,,False,True,True
493832,1,2.5,222.60427186,-1.17403422,222.60427186,-1.17403422,14.819,14.775,0.0435,0.04276,-21.71,10.13,20.77,21.64,23.36,0.66,123.68,10.86,1.21,0.178,8.0,0.0,GAMA,,,,False,True,True
493838,2,1.0,222.60394384,-1.19465259,222.60394384,-1.19465259,15.917,15.881,0.04395,0.04321,-20.61,2.25,19.18,20.49,22.08,0.3782,28.919998,10.4,1.2,0.178,8.0,0.0,GAMA,,,,True,True,True
49670,3,3.0,222.03871656,-0.69644809,222.03871656,-0.69644809,18.617,18.291,0.02815,0.02743,-17.2,6.09,23.23,24.34,25.97,0.5479,167.9,8.75,0.77,0.176,8.0,0.0,GAMA,,,,True,True,True
49677,3,3.0,221.93920763,-0.67532225,221.93920763,-0.67532225,17.621,17.487,0.0434,0.04265,-18.95,6.12,22.29,23.05,24.83,0.6964,31.100006,9.41,0.78,0.167,8.0,0.0,GAMA,,,,True,True,True
496966,1,3.0,212.5918663,-1.1149946,212.5918663,-1.1149946,16.334,16.362,0.05509,0.05417,-20.65,5.28,20.52,21.15,23.03,0.7671,42.36,10.38,1.16,0.191,8.0,0.0,GAMA,,,,False,True,True
496978,3,3.0,212.90774321,-1.15907496,212.90774321,-1.15907496,13.627,14.727,0.00614,0.00488,-17.37,29.18,22.36,23.49,25.12,0.8216,171.88,8.85,0.81,0.215,8.0,0.0,GAMA,,,,True,True,True
49702,3,2.5,222.08932066,-0.80754179,222.08932066,-0.80754179,15.409,15.397,0.05704,0.05628,-21.68,6.2,20.78,21.48,23.3,0.4687,67.729996,10.61,0.93,0.18,8.0,0.0,GAMA,,,,True,True,True
497035,1,0.5,213.80153129,-1.1285437,213.80153129,-1.1285437,15.367,15.287,0.07776,0.07684,-22.55,4.43,20.05,21.33,22.92,0.3694,25.899994,11.2,1.31,0.154,8.0,0.0,GAMA,,,,False,True,True
49728,3,3.0,222.23498477,-0.72718631,222.23498477,-0.72718631,16.8,16.683,0.0288,0.02808,-18.85,6.58,22.78,23.81,25.46,0.3871,121.73,9.26,0.6,0.187,8.0,0.0,GAMA,,,,True,True,True
49730,1,3.0,222.29648223,-0.70189092,222.29648223,-0.70189092,16.836,16.841,0.04422,0.04347,-19.63,2.43,20.89,21.44,23.41,0.0138,82.76001,9.51,0.58,0.181,8.0,0.0,GAMA,,,,False,True,True
49734,1,1.0,222.31861682,-0.71125477,222.31861682,-0.71125477,15.706,15.693,0.04384,0.0431,-20.8,4.69,19.96,21.14,22.76,0.6444,6.6900024,10.45,1.16,0.18,8.0,0.0,GAMA,,,,False,True,True
49753,1,3.0,222.49248737,-0.63134714,222.49248737,-0.63134714,17.278,17.201,0.02719,0.02649,-18.16,5.68,22.75,23.4,25.26,0.3969,119.05,8.76,0.36,0.184,8.0,0.0,GAMA,,,,False,True,True
49755,1,3.0,222.38983409,-0.78423529,222.38983409,-0.78423529,17.819,17.835,0.02807,0.02736,-17.59,2.45,21.45,22.05,23.96,0.3361,126.89,8.55,0.37,0.172,8.0,0.0,GAMA,,,,False,True,True
49784,1,1.0,222.57312732,-0.65014115,222.57312732,-0.65014115,16.072,16.058,0.04352,0.04278,-20.42,3.06,20.05,21.46,23.03,0.313,122.57001,10.24,1.1,0.178,8.0,0.0,GAMA,,,,False,True,True
49840,1,3.0,222.72006154,-0.67251295,222.72006154,-0.67251295,17.965,17.97,0.04288,0.04214,-18.43,4.54,22.87,23.61,25.4,0.3128,163.19,9.22,0.81,0.18,8.0,0.0,GAMA,,,,False,True,True
49857,1,3.0,222.97283827555555,-0.72344931,222.97228272,-0.72344931,17.172,16.88,0.04451,0.04378,-19.6,3.98,21.68,22.19,24.22,0.554,95.47,9.47,0.54,0.184,8.0,5.0,GAMA,,,,False,True,True
504713,1,2.5,217.04186552,-1.94160551,217.04186552,-1.94160551,15.346,15.294,0.05468,0.05383,-21.69,5.4,19.86,20.63,22.4,0.6729,112.40001,10.47,0.75,0.197,8.0,0.0,GAMA,,,,False,True,True
504730,1,1.0,217.06490912,-1.98251925,217.06490912,-1.98251925,14.981,14.969,0.05536,0.05451,-22.05,4.61,19.63,20.98,22.56,0.4913,118.29,10.95,1.2,0.193,8.0,0.0,GAMA,,,,False,True,True
504877,1,1.0,217.58444442,-1.97651594,217.58444442,-1.97651594,16.736,16.342,0.05545,0.05461,-20.7,2.27,19.59,20.8,22.4,0.5658,123.97,10.4,1.12,0.181,8.0,0.0,GAMA,,,,False,True,True
504879,1,0.5,217.50671387,-1.90315448,217.50671387,-1.90315448,16.221,16.134,0.05502,0.05418,-20.86,1.81,19.43,20.78,22.36,0.0556,39.630005,10.43,1.15,0.19,8.0,0.0,GAMA,,,,False,True,True
504882,1,2.5,217.56358824,-1.93227113,217.56358824,-1.93227113,16.482,16.516,0.05489,0.05405,-20.48,3.8,21.26,22.02,23.8,0.1921,177.72,10.12,0.93,0.184,8.0,0.0,GAMA,,,,False,True,True
504922,1,-9.0,217.77785462,-1.94575806,217.77785462,-1.94575806,17.228,17.244,0.0538,0.05296,-19.7,4.2,20.8,21.43,23.31,0.7838,43.70999,10.02,1.19,0.173,8.0,0.0,GAMA,,,,False,True,True
505316,1,2.0,219.22591307,-1.88200423,219.22591307,-1.88200423,15.684,15.672,0.05515,0.05434,-21.35,3.84,19.86,20.94,22.58,0.5247,94.4,10.63,1.15,0.155,8.0,0.0,GAMA,,,,False,True,True
505341,1,1.0,219.37847319,-1.96418974,219.37847319,-1.96418974,15.672,15.59,0.05119,0.05038,-21.26,3.13,19.56,21.01,22.58,0.3804,128.31,10.65,1.21,0.176,8.0,0.0,GAMA,,,,False,True,True
505765,1,0.0,221.55080574,-1.81456588,221.55080574,-1.81456588,16.093,15.972,0.08124,0.08045,-21.96,2.05,19.45,20.9,22.47,0.1903,112.95,10.91,1.25,0.194,8.0,0.0,GAMA,,,,False,True,True
505788,1,2.0,221.70273928,-1.95864962,221.70273928,-1.95864962,14.366,14.323,0.04355,0.04279,-22.14,7.94,20.57,22.0,23.57,0.2962,11.239998,10.89,1.05,0.228,8.0,0.0,GAMA,,,,False,True,True
505817,1,3.0,221.83412056,-1.92731143,221.83412056,-1.92731143,17.833,17.82,0.0445,0.04374,-18.67,5.28,22.73,23.45,25.26,0.5213,174.61,9.03,0.45,0.221,8.0,0.0,GAMA,,,,False,True,True
505828,1,2.0,221.93166596,-1.90659958,221.93166596,-1.90659958,16.152,16.147,0.0586,0.05783,-20.99,3.48,20.63,21.71,23.35,0.212,30.419998,10.41,1.05,0.217,8.0,0.0,GAMA,,,,False,True,True
505979,1,2.5,222.44774959,-1.91082106,222.44774959,-1.91082106,16.496,16.481,0.04433,0.04358,-20.0,4.96,21.2,21.86,23.72,0.5494,140.31999,9.75,0.68,0.222,8.0,0.0,GAMA,,,,False,True,True
506038,2,3.0,222.84174614,-1.83462017,222.84174614,-1.83462017,17.162,17.171,0.03607,0.03534,-18.84,2.39,20.1,20.75,22.62,0.6511,67.94,9.07,0.42,0.251,8.0,0.0,GAMA,,,,True,True,True
506070,2,3.0,223.04247211,-1.87253842,223.04247211,-1.87253842,16.767,16.735,0.03541,0.03468,-19.22,3.18,20.64,21.67,23.32,0.4891,83.67999,9.22,0.4,0.25,8.0,0.0,GAMA,,,,True,True,True
506119,2,0.0,223.27241783,-1.76928187,223.27241783,-1.76928187,15.837,15.794,0.08438,0.08362,-22.24,3.74,20.43,21.87,23.44,0.1857,84.45,11.07,1.32,0.229,8.0,0.0,GAMA,,,,True,True,True
507721,1,0.0,214.31787488,-1.58923728,214.31787488,-1.58923728,14.852,14.758,0.07813,0.07722,-23.07,5.04,20.26,21.57,23.15,0.0441,127.270004,11.39,1.29,0.218,8.0,0.0,GAMA,,,,False,True,True
508132,1,1.0,216.07692905,-1.60997944,216.07692905,-1.60997944,16.049,15.705,0.09195,0.09106,-22.49,2.03,19.16,20.54,22.12,0.3414,10.130005,11.04,1.15,0.166,8.0,0.0,GAMA,,,,False,True,True
508138,1,1.5,216.07367614,-1.58419191,216.07367614,-1.58419191,16.455,16.476,0.05699,0.05612,-20.64,3.22,19.82,20.83,22.49,0.6875,53.14,10.49,1.33,0.164,8.0,0.0,GAMA,,,,False,True,True
508144,1,1.5,216.12632633,-1.62839152,216.12632633,-1.62839152,16.226,16.142,0.05788,0.05701,-20.96,1.68,18.8,20.12,21.71,0.4037,132.86,10.47,1.14,0.17,8.0,0.0,GAMA,,,,False,True,True
508180,1,0.5,216.1556435,-1.63892988,216.1556435,-1.63892988,14.937,14.865,0.0564,0.05554,-22.21,5.42,20.22,21.63,23.2,0.2984,62.419983,11.06,1.26,0.172,8.0,0.0,GAMA,,,,False,True,True
508184,1,1.5,216.18100643,-1.57032579,216.18100643,-1.57032579,15.332,15.33,0.05802,0.05715,-21.8,5.17,20.48,21.81,23.4,0.2671,37.100006,10.78,1.11,0.167,8.0,0.0,GAMA,,,,False,True,True
508268,1,0.5,216.52017589,-1.53893514,216.52017589,-1.53893514,16.519,16.479,0.0557,0.05484,-20.54,7.58,22.22,23.75,25.31,0.3404,37.270004,10.25,1.07,0.179,8.0,0.0,GAMA,,,,False,True,True
508312,1,1.5,216.59876743,-1.59373578,216.59876743,-1.59373578,16.935,16.891,0.05658,0.05572,-20.19,1.98,19.36,20.51,22.13,0.6444,134.51001,10.19,1.19,0.183,8.0,0.0,GAMA,,,,False,True,True
508315,1,1.5,216.63217869,-1.69090653,216.63217869,-1.69090653,15.756,15.643,0.08293,0.08205,-22.33,2.68,19.4,20.68,22.28,0.3846,153.73,11.07,1.26,0.192,8.0,0.0,GAMA,,,,False,True,True
508351,1,2.0,216.82862746,-1.67845196,216.82862746,-1.67845196,15.114,15.155,0.05465,0.0538,-21.82,5.82,20.45,21.96,23.52,0.4147,31.790009,10.81,1.12,0.184,8.0,0.0,GAMA,,,,False,True,True
508352,1,2.5,216.83235777,-1.67321129,216.83235777,-1.67321129,18.373,15.813,0.05447,0.05362,-21.15,5.27,20.92,21.61,23.44,0.512,90.49,10.34,0.86,0.184,8.0,0.0,GAMA,,,,False,True,True
508412,1,3.0,217.04177091,-1.67681593,217.04177091,-1.67681593,14.956,14.872,0.03132,0.03049,-20.83,4.06,19.04,20.27,21.88,0.5811,17.929993,10.0,0.57,0.197,8.0,0.0,GAMA,,,,False,True,True
508414,1,3.0,217.04101798,-1.67284665,217.04101798,-1.67284665,17.844,15.947,0.03128,0.03045,-19.75,4.46,19.95,20.63,22.47,0.751,6.4799957,9.68,0.71,0.197,8.0,0.0,GAMA,,,,False,True,True
508416,1,3.0,216.93188589,-1.58702011,216.93188589,-1.58702011,15.413,15.396,0.02485,0.02398,-19.78,8.2,20.89,21.6,23.42,0.6721,48.700012,9.65,0.66,0.192,8.0,0.0,GAMA,,,,False,True,True
508421,1,2.0,216.98916253,-1.63118396,216.98916253,-1.63118396,16.139,16.147,0.05619,0.05534,-20.89,3.74,20.79,21.62,23.36,0.2562,4.220001,10.39,1.07,0.192,8.0,0.0,GAMA,,,,False,True,True
508480,1,3.0,217.18223873,-1.6584437,217.18223873,-1.6584437,16.925,16.944,0.03668,0.03585,-19.1,2.75,21.0,21.89,23.6,0.182,139.11,9.62,0.97,0.203,8.0,0.0,GAMA,,,,False,True,True
508481,1,3.0,217.19132189,-1.58182167,217.19132189,-1.58182167,16.89,16.932,0.05664,0.05579,-20.12,3.73,21.74,22.24,24.29,0.1552,57.800003,10.0,0.96,0.2,8.0,0.0,GAMA,,,,False,True,True
508568,1,1.5,217.44603062,-1.57580049,217.44603062,-1.57580049,16.874,16.887,0.05773,0.05689,-20.27,2.77,19.68,21.04,22.62,0.7311,123.41,10.3,1.29,0.186,8.0,0.0,GAMA,,,,False,True,True
508593,1,0.5,217.56786242,-1.59370268,217.56786242,-1.59370268,15.902,15.906,0.05731,0.05647,-21.19,4.09,20.71,22.29,23.84,0.091,164.78,10.58,1.17,0.179,8.0,0.0,GAMA,,,,False,True,True
508632,1,0.5,217.64673016,-1.66712911,217.64673016,-1.66712911,15.902,15.891,0.05756,0.05672,-21.21,4.41,20.9,22.15,23.75,0.2081,3.519989,10.56,1.14,0.173,8.0,0.0,GAMA,,,,False,True,True
508680,1,3.0,217.90221428,-1.59246628,217.90221428,-1.59246628,16.774,16.737,0.03081,0.03,-18.91,5.4,22.3,23.07,24.84,0.2489,78.01,9.25,0.59,0.168,8.0,0.0,GAMA,,,,False,True,True
508682,1,3.0,217.91905618,-1.57813865,217.91905618,-1.57813865,17.8,17.842,0.01428,0.01286,-16.07,3.29,21.43,22.02,23.94,0.6509,158.62,8.04,0.48,0.17,8.0,0.0,GAMA,,,,False,True,True
508751,1,0.5,218.15650774,-1.53012487,218.15650774,-1.53012487,16.582,16.58,0.0531,0.05227,-20.35,1.43,19.07,20.26,21.88,0.2656,34.5,10.23,1.14,0.174,8.0,0.0,GAMA,,,,False,True,True
508906,1,-9.0,218.87838864,-1.51116669,218.87838864,-1.51116669,17.915,17.92,0.02667,0.02589,-17.4,0.91,19.54,20.55,22.21,0.2177,143.51,8.64,0.58,0.159,8.0,0.0,GAMA,,,,False,True,True
508908,1,2.0,218.91786651,-1.49228949,218.91786651,-1.49228949,15.978,16.0,0.05752,0.0567,-21.13,5.7,20.1,20.96,22.68,0.7991,80.96002,10.67,1.29,0.159,8.0,0.0,GAMA,,,,False,True,True
508938,1,3.0,219.08256776,-1.44179326,219.08256776,-1.44179326,16.772,16.408,0.05712,0.05631,-20.66,3.13,20.41,20.87,22.99,0.5954,108.18001,10.03,0.71,0.151,8.0,0.0,GAMA,,,,False,True,True
509012,1,2.5,219.41616795,-1.60076662,219.41616795,-1.60076662,16.721,16.722,0.05688,0.05607,-20.36,8.91,21.41,22.15,23.94,0.853,94.659996,10.22,1.12,0.159,8.0,0.0,GAMA,,,,False,True,True
509075,1,0.0,219.64113368,-1.45839761,219.64113368,-1.45839761,15.911,15.893,0.05121,0.05041,-20.95,4.19,20.78,22.21,23.78,0.1136,151.29,10.52,1.21,0.18,8.0,0.0,GAMA,,,,False,True,True
509080,1,1.0,219.66127927,-1.56506462,219.66127927,-1.56506462,17.167,17.152,0.05806,0.05725,-19.97,1.35,18.74,19.87,21.49,0.6633,179.9,10.11,1.19,0.179,8.0,0.0,GAMA,,,,False,True,True
509397,1,2.0,221.19365524,-1.51910411,221.19365524,-1.51910411,16.204,16.125,0.05672,0.05594,-20.94,5.55,22.57,24.26,25.81,0.1933,47.01001,10.24,0.85,0.187,8.0,0.0,GAMA,,,,False,True,True
509444,1,3.0,221.32078161,-1.56929767,221.32078161,-1.56929767,18.234,18.062,0.03493,0.03417,-17.87,4.9,23.15,23.64,25.71,0.3526,30.459991,9.05,0.84,0.183,8.0,0.0,GAMA,,,,False,True,True
509516,1,3.0,221.65827066,-1.52525524,221.65827066,-1.52525524,17.165,17.102,0.02077,0.01985,-17.67,3.44,20.57,21.65,23.28,0.6992,144.9,8.74,0.57,0.19,8.0,0.0,GAMA,,,,False,True,True
509557,1,3.0,221.96775,-1.57005226,221.96775,-1.57005226,18.088,17.852,0.02732,0.0266,-17.6,0.97,19.57,20.85,22.45,0.3833,62.130005,8.87,0.72,0.197,8.0,0.0,GAMA,,,,False,True,True
509576,1,3.0,221.97271945,-1.37672719,221.97271945,-1.37672719,18.41,18.295,0.02742,0.0267,-17.0,4.68,23.75,24.44,26.27,0.3205,116.009995,8.26,0.3,0.19,8.0,0.0,GAMA,,,,False,True,True
509670,1,3.0,222.347306,-1.55924551,222.347306,-1.55924551,17.137,17.076,0.02728,0.02657,-18.32,7.46,23.07,23.94,25.66,0.4293,124.42,8.95,0.49,0.192,8.0,0.0,GAMA,,,,False,True,True
509726,2,3.0,222.63698813,-1.48525754,222.63698813,-1.48525754,16.565,16.283,0.04416,0.04342,-20.2,3.09,20.73,21.29,23.25,0.2845,88.99999,9.9,0.76,0.208,8.0,0.0,GAMA,,,,True,True,True
509727,1,3.0,222.64368146,-1.49045357,222.64368146,-1.49045357,18.051,17.66,0.04483,0.04409,-18.91,3.47,22.25,22.8,24.78,0.5362,106.68,9.2,0.54,0.207,8.0,0.0,GAMA,,,,False,True,True
509852,2,3.0,223.13291622,-1.34509017,223.13291622,-1.34509017,15.646,15.58,0.04377,0.04304,-20.86,8.19,22.05,23.08,24.73,0.3353,4.649994,10.07,0.66,0.18,8.0,0.0,GAMA,,,,True,True,True
509892,2,3.0,223.32943989,-1.48566666,223.32943989,-1.48566666,17.752,17.467,0.03554,0.03482,-18.46,3.85,21.93,22.45,24.47,0.6432,27.959991,9.01,0.52,0.194,8.0,0.0,GAMA,,,,True,True,True
511456,1,2.5,214.25258341,-1.27679157,214.25258341,-1.27679157,16.362,16.4,0.05014,0.04925,-20.39,5.3,20.38,20.97,22.9,0.8034,4.779999,10.27,1.14,0.174,8.0,0.0,GAMA,,,,False,True,True
511789,1,3.0,215.9924649,-1.12841864,215.9924649,-1.12841864,17.159,17.156,0.03522,0.03437,-18.81,7.44,21.59,22.51,24.21,0.8743,109.700005,9.02,0.36,0.157,8.0,0.0,GAMA,,,,False,True,True
511863,1,2.5,216.28745658,-1.1134688,216.28745658,-1.1134688,14.952,14.931,0.0103,0.0088,-18.31,8.37,20.27,21.14,22.86,0.7133,59.799988,9.36,0.99,0.183,8.0,0.0,GAMA,,,,False,True,True
511864,1,-9.0,216.30761024,-1.09945922,216.30761024,-1.09945922,16.846,16.83,0.05643,0.05557,-20.22,1.08,18.75,19.85,21.48,0.2798,2.8700027,10.02,0.94,0.186,8.0,0.0,GAMA,,,,False,True,True
511867,1,2.5,216.38846073,-1.11394391,216.38846073,-1.11394391,15.071,15.023,0.05609,0.05523,-22.01,6.15,20.56,21.07,23.1,0.4029,27.809998,10.68,0.86,0.177,8.0,0.0,GAMA,,,,False,True,True
511890,1,1.5,216.53658941,-1.20229668,216.53658941,-1.20229668,16.018,16.004,0.05635,0.05549,-21.07,3.86,19.91,21.05,22.67,0.6191,47.83,10.55,1.19,0.148,8.0,0.0,GAMA,,,,False,True,True
511892,1,1.0,216.55726194,-1.19000252,216.55726194,-1.19000252,15.454,15.399,0.05611,0.05525,-21.67,5.99,20.85,22.38,23.94,0.24,119.14,10.86,1.28,0.143,8.0,0.0,GAMA,,,,False,True,True
511921,1,3.0,216.67459892,-1.14927299,216.67459892,-1.14927299,17.213,17.236,0.03149,0.03066,-18.45,1.77,20.12,20.72,22.64,0.3815,159.09,9.16,0.7,0.144,8.0,0.0,GAMA,,,,False,True,True
511923,1,-9.0,216.69280419,-1.11888369,216.69280419,-1.11888369,17.633,17.652,0.03602,0.03518,-18.37,0.92,19.36,20.66,22.25,0.1292,11.899994,9.41,1.07,0.147,8.0,0.0,GAMA,,,,False,True,True
512170,1,2.0,217.93073564,-1.23882698,217.93073564,-1.23882698,15.319,15.2,0.03706,0.03624,-20.92,8.79,20.73,21.84,23.47,0.6813,36.48999,10.55,1.22,0.171,8.0,0.0,GAMA,,,,False,True,True
512197,1,1.5,218.01342148,-1.16767823,218.01342148,-1.16767823,16.572,16.578,0.05556,0.05473,-20.43,4.54,21.46,22.44,24.11,0.356,35.839996,10.23,1.1,0.174,8.0,0.0,GAMA,,,,False,True,True
512204,1,2.0,218.06243064,-1.17294115,218.06243064,-1.17294115,16.441,16.483,0.03689,0.03607,-19.63,9.63,21.0,21.8,23.56,0.8446,167.42,10.06,1.24,0.178,8.0,0.0,GAMA,,,,False,True,True
512254,1,3.0,218.31595764,-1.14014234,218.31595764,-1.14014234,15.91,15.757,0.01514,0.01376,-18.3,12.18,21.58,22.29,24.1,0.7888,167.91,9.03,0.6,0.171,8.0,0.0,GAMA,,,,False,True,True
512312,1,1.0,218.40563782,-1.0858171,218.40563782,-1.0858171,17.237,17.146,0.08211,0.08127,-20.82,1.22,19.12,20.2,21.84,0.46,35.98999,10.52,1.34,0.162,3.0,0.0,GAMA,,,,False,True,True
512524,1,3.0,219.0692726,-1.131196,219.0692726,-1.131196,17.393,17.167,0.04045,0.03965,-19.04,6.32,23.2,24.13,25.82,0.0823,45.84999,9.27,0.57,0.148,8.0,0.0,GAMA,,,,False,True,True
513001,1,3.0,221.3691206,-1.16087748,221.3691206,-1.16087748,18.095,18.118,0.04217,0.04141,-18.26,1.74,20.59,20.83,23.79,0.5676,134.03,9.02,0.64,0.174,8.0,0.0,GAMA,,,,False,True,True
513066,1,3.0,221.58483255,-1.08275864,221.58483255,-1.08275864,16.011,16.184,0.03009,0.02934,-19.41,10.86,22.48,23.3,25.04,0.6131,176.11,9.33,0.45,0.182,8.0,0.0,GAMA,,,,False,True,True
513108,1,3.0,221.71563103,-1.14686014,221.71563103,-1.14686014,17.013,16.781,0.04248,0.04172,-19.62,8.58,23.43,24.49,26.13,0.1383,144.93,9.64,0.73,0.189,8.0,0.0,GAMA,,,,False,True,True
513236,1,3.0,222.56944497,-1.10435972,222.56944497,-1.10435972,16.495,16.489,0.04352,0.04278,-19.98,7.59,21.24,21.81,23.76,0.8036,77.600006,10.04,1.07,0.172,8.0,0.0,GAMA,,,,False,True,True
513267,2,3.0,222.83115671,-1.11744196,222.83115671,-1.11744196,18.981,18.882,0.02673,0.02603,-16.49,1.63,21.8,22.75,24.43,0.2893,125.07001,8.46,0.8,0.168,8.0,0.0,GAMA,,,,True,True,True
514022,1,1.5,214.04671257,-1.26845354,214.04671257,-1.26845354,16.492,16.471,0.05121,0.05032,-20.35,1.25,18.56,19.85,21.44,0.3436,128.31999,10.14,1.02,0.158,8.0,0.0,GAMA,,,,False,True,True
514029,1,2.5,214.13351026,-1.18214626,214.13351026,-1.18214626,15.283,15.286,0.05066,0.04977,-21.51,5.84,20.82,21.52,23.34,0.2966,149.04999,10.49,0.87,0.156,8.0,0.0,GAMA,,,,False,True,True
514212,1,3.0,140.43013169,2.69086086,140.43013169,2.69086086,16.25,16.264,0.02559,0.0246,-18.96,2.71,19.56,20.33,22.11,0.5999,119.84999,9.41,0.75,0.165,8.0,0.0,GAMA,,,,False,True,True
514214,1,0.0,140.48495777,2.6922939,140.48495777,2.6922939,15.564,15.417,0.08728,0.08611,-22.69,9.25,22.03,23.59,25.15,0.1637,25.89,11.26,1.33,0.171,8.0,0.0,GAMA,,,,False,True,True
514218,1,1.0,140.51298619,2.6938978,140.51298619,2.6938978,16.408,16.293,0.08607,0.0849,-21.78,2.38,19.48,20.76,22.35,0.5079,36.869995,10.92,1.36,0.172,8.0,0.0,GAMA,,,,False,True,True
514260,1,3.0,140.94319276,2.75296862,140.94319276,2.75296862,16.23,15.428,0.01778,0.01683,-19.02,21.68,23.51,24.52,26.18,0.629,164.44,9.38,0.6,0.228,8.0,0.0,GAMA,,,,False,True,True
516973,1,2.0,130.12337717,2.37446987,130.12337717,2.37446987,15.28,15.213,0.05107,0.05007,-21.64,4.03,19.91,21.26,22.84,0.2743,4.580002,10.83,1.24,0.134,8.0,0.0,GAMA,,,,False,True,True
517046,1,3.0,130.50556873,2.39787155,130.50556873,2.39787155,18.158,18.108,0.0267,0.02583,-17.21,5.33,22.02,22.51,24.57,0.814,75.57999,8.49,0.5,0.171,8.0,0.0,GAMA,,,,False,True,True
517070,1,3.0,130.64239983,2.42777394,130.64239983,2.42777394,15.955,15.958,0.05197,0.05096,-20.9,5.94,21.55,22.16,24.06,0.277,105.16999,10.16,0.76,0.165,8.0,0.0,GAMA,,,,False,True,True
517130,1,3.0,130.90756441,2.51521928,130.90756441,2.51521928,19.428,19.352,0.02706,0.02617,,1.4,21.49,22.51,24.17,0.4211,116.05,8.28,0.82,0.163,8.0,0.0,GAMA,,,,False,True,True
517164,1,2.0,131.24677756,2.47634811,131.24677756,2.47634811,15.981,15.942,0.05064,0.04962,-20.88,6.76,21.02,22.49,24.06,0.5711,98.2,10.36,1.02,0.154,8.0,0.0,GAMA,,,,False,True,True
517167,1,3.0,131.16137135,2.41098443,131.16137135,2.41098443,16.573,16.567,0.0309,0.0299,-19.08,3.67,21.09,21.64,23.61,0.3091,92.93,9.24,0.5,0.162,8.0,0.0,GAMA,,,,False,True,True
517205,1,0.0,131.38247114,2.4758725,131.38247114,2.4758725,15.311,15.188,0.07756,0.07651,-22.64,6.76,21.1,22.43,24.01,0.214,70.09,11.24,1.31,0.165,8.0,0.0,GAMA,,,,False,True,True
517211,1,1.0,131.34479878,2.52395232,131.34479878,2.52395232,16.128,16.121,0.07745,0.0764,-21.68,3.95,20.23,21.21,22.88,0.5747,137.25,10.79,1.24,0.154,3.0,0.0,GAMA,,,,False,True,True
517212,1,1.0,,,,,,,,,,,,,,,,,,,,,,,,,False,True,False
517244,1,1.5,131.46055278,2.50981418,131.46055278,2.50981418,16.784,16.79,0.07617,0.07512,-20.99,2.11,20.1,20.94,22.67,0.3248,68.42999,10.44,1.1,0.163,3.0,0.0,GAMA,,,,False,True,True
517247,1,2.5,131.51096495,2.53367037,131.51096495,2.53367037,15.341,15.315,0.02892,0.02795,-20.24,12.05,20.99,21.62,23.5,0.8305,24.330002,10.2,1.1,0.16,8.0,0.0,GAMA,,,,False,True,True
517249,1,3.0,131.55101172,2.41047481,131.55101172,2.41047481,16.064,16.026,0.02907,0.0281,-19.49,5.47,21.76,22.51,24.29,0.3849,71.979996,9.4,0.49,0.178,8.0,0.0,GAMA,,,,False,True,True
517256,1,3.0,131.42709697,2.35608399,131.42709697,2.35608399,17.008,16.947,0.03362,0.03261,-18.89,7.15,22.13,22.71,24.65,0.6943,162.61,9.25,0.59,0.2,8.0,0.0,GAMA,,,,False,True,True
517273,1,3.0,131.66885877,2.40802114,131.66885877,2.40802114,15.249,15.177,0.01383,0.01326,-18.71,3.83,19.64,20.76,22.39,0.3965,26.169998,9.16,0.56,0.192,8.0,0.0,GAMA,,,,False,True,True
517278,1,0.5,131.6831757,2.53742151,131.6831757,2.53742151,13.789,13.536,0.0291,0.02813,-22.03,5.31,18.75,20.12,21.7,0.4134,77.45001,11.06,1.29,0.175,8.0,0.0,GAMA,,,,False,True,True
517279,1,0.0,131.6803687,2.53922464,131.6803687,2.53922464,15.188,15.449,0.02976,0.02876,-20.18,9.51,21.73,23.48,25.02,0.0759,16.690002,10.36,1.33,0.175,8.0,0.0,GAMA,,,,False,True,True
517295,1,-9.0,131.62760336,2.54407472,131.62760336,2.54407472,18.15,18.123,0.02941,0.02843,-17.44,3.0,22.35,23.24,24.95,0.2142,134.51,8.94,0.91,0.167,8.0,0.0,GAMA,,,,False,True,True
517302,1,1.5,131.7262154,2.56007097,131.7262154,2.56007097,15.317,15.314,0.02971,0.02871,-20.29,5.31,20.52,21.78,23.38,0.3003,149.66,10.18,1.06,0.172,8.0,0.0,GAMA,,,,False,True,True
517306,1,3.0,131.71343753,2.56970539,131.71343753,2.56970539,16.4,16.342,0.03061,0.0296,-19.29,4.72,21.34,22.11,23.88,0.3657,65.649994,9.38,0.57,0.17,8.0,0.0,GAMA,,,,False,True,True
517307,1,3.0,131.71561266,2.56809196,131.71561266,2.56809196,18.693,18.497,0.02871,0.02775,-16.99,2.16,22.09,22.94,24.67,0.2839,24.309998,8.69,0.84,0.171,8.0,0.0,GAMA,,,,False,True,True
517310,1,3.0,131.73220454,2.40483398,131.73220454,2.40483398,17.473,17.454,0.03616,0.03515,-18.57,3.09,20.97,22.38,23.95,0.5622,52.839996,9.26,0.77,0.182,8.0,0.0,GAMA,,,,False,True,True
517334,1,-9.0,131.74502056,2.38752174,131.74502056,2.38752174,19.062,19.195,0.02874,0.02778,-16.3,2.99,23.3,23.98,25.82,0.2586,67.84,8.32,0.73,0.176,8.0,0.0,GAMA,,,,False,True,True
517465,1,1.0,132.53360618,2.61652557,132.53360618,2.61652557,17.292,17.305,0.05934,0.0583,-19.9,1.61,19.82,21.26,22.83,0.3621,21.050003,10.1,1.22,0.115,8.0,0.0,GAMA,,,,False,True,True
517594,1,3.0,132.99774725,2.54344202,132.99774725,2.54344202,17.327,17.339,0.02952,0.02851,-18.22,3.89,20.92,21.43,23.47,0.7477,88.390015,8.97,0.58,0.115,8.0,0.0,GAMA,,,,False,True,True
517802,1,3.0,133.76902216,2.68481103,133.76902216,2.68481103,17.175,17.196,0.05945,0.05839,-20.02,7.64,21.52,22.35,24.08,0.8597,60.270004,10.04,1.05,0.169,8.0,0.0,GAMA,,,,False,True,True
517868,1,3.0,133.96788446,2.52429075,133.96788446,2.52429075,15.296,15.051,0.01345,0.01277,-18.75,12.02,22.29,23.21,24.9,0.6574,66.31,9.18,0.56,0.185,8.0,0.0,GAMA,,,,False,True,True
517960,1,3.0,134.27689276,2.66458362,134.27689276,2.66458362,17.194,17.03,0.01399,0.0133,-16.87,8.81,23.49,24.33,26.06,0.3883,117.560005,8.3,0.4,0.152,8.0,0.0,GAMA,,,,False,True,True
518026,1,3.0,134.74443584,2.76356951,134.74443584,2.76356951,19.348,18.975,0.04026,0.03921,-17.32,3.66,22.92,23.62,25.44,0.6866,91.38,9.04,1.07,0.172,8.0,0.0,GAMA,,,,False,True,True
518041,1,2.0,,,,,,,,,,,,,,,,,,,,,,,,,False,True,False
518755,1,2.0,137.90994934,2.91661663,137.90994934,2.91661663,15.54,15.52,0.05199,0.05089,-21.36,8.12,21.72,22.9,24.52,0.2564,57.580017,10.67,1.19,0.212,8.0,0.0,GAMA,,,,False,True,True
518782,1,2.0,138.01527721,2.8758561,138.01527721,2.8758561,14.783,14.758,0.02658,0.0256,-20.58,12.29,21.36,22.56,24.17,0.5145,83.95999,10.2,0.93,0.162,8.0,0.0,GAMA,,,,False,True,True
518829,1,0.5,138.22947896,2.93087801,138.22947896,2.93087801,16.672,16.687,0.03952,0.03843,-19.56,1.88,19.5,20.74,22.34,0.3977,146.92,9.93,1.13,0.14,8.0,0.0,GAMA,,,,False,True,True
518870,1,3.0,138.29628555,2.92020823,138.29628555,2.92020823,17.192,17.175,0.02728,0.02628,-18.2,4.58,21.63,22.3,24.15,0.5763,82.42001,8.84,0.44,0.13,8.0,0.0,GAMA,,,,False,True,True
519089,1,3.0,139.35295173,2.87669046,139.35295173,2.87669046,15.896,15.848,0.0266,0.0256,-19.49,9.27,20.94,21.67,23.47,0.8197,51.08,9.5,0.61,0.115,8.0,0.0,GAMA,,,,False,True,True
519141,1,0.5,139.73967597,2.93965013,139.73967597,2.93965013,16.076,16.038,0.08707,0.08591,-22.05,2.79,20.03,21.54,23.1,0.1642,32.899994,10.92,1.22,0.143,8.0,0.0,GAMA,,,,False,True,True
521719,1,3.0,130.53875743,2.89517246,130.53875743,2.89517246,18.254,18.198,0.02556,0.02475,-17.05,2.17,20.98,21.56,23.5,0.6296,131.47,8.48,0.55,0.107,8.0,0.0,GAMA,,,,False,True,True
521736,1,2.5,130.67894037,2.87319427,130.67894037,2.87319427,16.417,16.387,0.05106,0.05005,-20.42,1.55,18.95,20.17,21.77,0.3344,26.929993,9.87,0.63,0.113,3.0,0.0,GAMA,,,,False,True,True
521753,1,3.0,130.858308,2.90583006,130.858308,2.90583006,15.597,15.597,0.02698,0.0261,-19.77,5.82,20.19,20.88,22.71,0.7119,41.679993,9.79,0.82,0.144,8.0,0.0,GAMA,,,,False,True,True
521768,1,2.5,131.07263022,2.88117438,131.07263022,2.88117438,16.057,16.045,0.05148,0.05046,-20.78,4.3,21.01,21.96,23.64,0.2182,77.44,10.19,0.87,0.149,8.0,0.0,GAMA,,,,False,True,True
521794,1,1.0,131.21183174,2.8308294,131.21183174,2.8308294,17.173,17.151,0.07768,0.07664,-20.67,1.91,19.55,20.72,22.34,0.621,52.89,10.4,1.24,0.145,3.0,0.0,GAMA,,,,False,True,True
521823,1,0.0,131.33012371,2.92524828,131.33012371,2.92524828,16.036,15.975,0.07939,0.07834,-21.89,3.21,20.51,21.75,23.35,0.0558,148.01,10.94,1.31,0.119,8.0,0.0,GAMA,,,,False,True,True
521894,1,3.0,131.65458201,2.82702752,131.65458201,2.82702752,16.405,16.399,0.01384,0.01328,-17.48,5.44,21.85,22.57,24.37,0.2577,112.880005,8.77,0.69,0.121,8.0,0.0,GAMA,,,,False,True,True
521898,1,3.0,131.68612207,2.79427531,131.68612207,2.79427531,18.318,18.335,0.02883,0.02787,-17.15,1.95,21.89,22.5,24.4,0.0941,72.41,8.46,0.49,0.126,8.0,0.0,GAMA,,,,False,True,True
521991,1,2.5,131.99036326,2.88992694,131.99036326,2.88992694,16.343,16.333,0.05965,0.05861,-20.84,5.12,21.48,22.18,24.0,0.3125,41.78,10.34,1.04,0.119,8.0,0.0,GAMA,,,,False,True,True
521997,1,2.0,132.02858001,2.83096061,132.02858001,2.83096061,15.679,15.687,0.07785,0.0768,-22.15,7.36,20.84,22.02,23.64,0.6371,171.2,10.94,1.16,0.128,8.0,0.0,GAMA,,,,False,True,True
522033,1,1.0,132.18252005,2.85015716,132.18252005,2.85015716,16.066,15.769,0.06735,0.0663,-21.76,2.37,19.34,20.79,22.36,0.3668,155.01001,10.96,1.33,0.117,8.0,0.0,GAMA,,,,False,True,True
522127,1,3.0,132.68137454,2.9278422,132.68137454,2.9278422,18.84,18.699,0.02887,0.02789,-16.82,2.98,22.35,23.07,24.88,0.5001,40.58,8.42,0.6,0.115,8.0,0.0,GAMA,,,,False,True,True
522166,1,3.0,133.05044818,2.95538004,133.05044818,2.95538004,17.215,17.2,0.02972,0.02871,-18.38,2.66,20.96,21.7,23.49,0.3689,35.47,8.94,0.47,0.176,8.0,0.0,GAMA,,,,False,True,True
527984,1,2.0,140.62888732,-0.85951686,140.62888732,-0.85951686,15.381,15.4,0.05614,0.05499,-21.66,5.3,20.55,22.13,23.68,0.2569,30.420013,10.79,1.2,0.126,8.0,0.0,GAMA,,,,False,True,True
534654,1,2.5,174.35287085,-0.96381693,174.35287085,-0.96381693,15.828,15.794,0.05139,0.05011,-21.02,3.46,20.54,21.41,23.13,0.0276,113.619995,10.31,0.89,0.081,8.0,0.0,GAMA,,,,False,True,True
534655,1,0.5,174.364431,-0.84656847,174.364431,-0.84656847,14.52,14.466,0.04771,0.04644,-22.21,7.81,20.45,21.63,23.24,0.3975,54.53,11.13,1.33,0.071,8.0,0.0,GAMA,,,,False,True,True
534710,1,2.5,174.72129188,-0.94257797,174.72129188,-0.94257797,17.253,17.294,0.02824,0.02698,-18.17,2.69,20.64,21.37,23.17,0.5322,29.419998,9.13,0.81,0.053,8.0,0.0,GAMA,,,,False,True,True
534753,1,2.5,175.02584602,-0.90141518,175.02584602,-0.90141518,14.416,14.385,0.02995,0.0287,-21.22,1.79,19.27,20.22,21.9,0.3269,49.78,10.35,0.8,0.082,8.0,0.0,GAMA,,,,False,True,True
534759,1,3.0,174.93605879,-1.02471637,174.93605879,-1.02471637,17.827,16.977,0.02967,0.02842,-18.55,26.44,24.83,26.31,27.87,0.5422,5.1800003,9.26,0.8,0.075,8.0,0.0,GAMA,,,,False,True,True
534760,3,0.0,174.94844197,-0.84393942,174.94844197,-0.84393942,15.514,15.553,0.05384,0.05256,-21.41,5.07,20.69,22.09,23.66,0.1795,5.029999,10.72,1.23,0.054,8.0,0.0,GAMA,,,,True,True,True
534763,3,1.0,174.97633193,-0.9227117,174.97633193,-0.9227117,17.146,17.138,0.02955,0.0283,-18.43,1.97,19.84,20.87,22.52,0.5248,88.14,9.42,1.03,0.073,8.0,0.0,GAMA,,,,True,True,True
534793,3,5.0,175.06072096,-0.92709228,175.06072096,-0.92709228,19.495,19.516,0.02971,0.02846,-16.04,0.8,20.76,21.84,23.47,0.212,89.22,8.35,0.92,0.085,8.0,0.0,GAMA,,,,True,True,True
534885,3,3.0,175.50774685,-1.04622304,175.50774685,-1.04622304,17.924,17.994,0.02851,0.02726,-17.45,5.41,24.58,25.48,27.18,0.5773,156.33,8.62,0.54,0.07,8.0,0.0,GAMA,,,,True,True,True
534904,1,1.0,175.67756968,-0.95672315,175.67756968,-0.95672315,16.439,16.329,0.05119,0.04992,-20.51,1.37,18.49,19.78,21.37,0.3989,117.99,10.37,1.24,0.072,8.0,0.0,GAMA,,,,False,True,True
535007,1,3.0,176.12553925,-0.98985348,176.12553925,-0.98985348,18.664,18.714,0.02136,0.01955,-16.13,1.94,21.51,22.38,24.09,0.4472,120.96001,8.2,0.66,0.072,8.0,0.0,GAMA,,,,False,True,True
535135,1,1.5,,,,,,,,,,,,,,,,,,,,,,,,,False,True,False
535157,1,3.0,,,,,,,,,,,,,,,,,,,,,,,,,False,True,False
535283,1,3.0,177.25575149,-0.88835186,177.25575149,-0.88835186,17.851,17.788,0.02153,0.01974,-17.06,1.59,20.3,21.2,22.9,0.4971,86.91998,8.5,0.56,0.081,8.0,0.0,GAMA,,,,False,True,True
535387,1,2.0,177.65912753,-0.8907316,177.65912753,-0.8907316,16.009,15.985,0.05268,0.05141,-20.91,3.24,19.98,21.51,23.07,0.3504,97.78,10.37,1.02,0.077,8.0,0.0,GAMA,,,,False,True,True
535417,1,3.0,177.76474895,-0.93749533,177.76474895,-0.93749533,16.98,16.992,0.04103,0.03978,-19.31,1.99,19.15,19.95,21.7,0.7207,96.17,9.49,0.71,0.071,8.0,0.0,GAMA,,,,False,True,True
535429,1,2.0,177.83784015,-0.97051641,177.83784015,-0.97051641,16.375,16.245,0.10725,0.10592,-22.32,3.65,21.08,21.86,23.62,0.0783,40.11,10.96,1.15,0.068,4.0,0.0,GAMA,,,,False,True,True
535974,1,3.0,179.96349789,-0.85869187,179.96349789,-0.85869187,16.799,16.819,0.03693,0.03569,-19.23,2.48,20.31,20.94,22.82,0.3972,110.799995,9.27,0.47,0.088,8.0,0.0,GAMA,,,,False,True,True
536087,1,3.0,180.36759867,-0.89171526,180.36759867,-0.89171526,17.116,17.16,0.02243,0.02077,-17.79,5.5,22.35,22.83,24.91,0.4066,21.100006,9.06,0.88,0.093,8.0,0.0,GAMA,,,,False,True,True
536173,1,3.0,180.92864761,-0.9920858,180.92864761,-0.9920858,18.099,18.104,0.04195,0.04071,-18.24,1.34,20.55,21.3,23.08,0.1845,148.92,9.05,0.68,0.082,8.0,0.0,GAMA,,,,False,True,True
536201,1,3.0,,,,,,,,,,,,,,,,,,,,,,,,,False,True,False
536235,1,0.5,181.21979186,-0.98748129,181.21979186,-0.98748129,15.682,15.63,0.08316,0.08187,-22.35,10.53,21.87,23.5,25.05,0.3859,5.9600067,11.1,1.29,0.077,8.0,0.0,GAMA,,,,False,True,True
536332,1,2.5,,,,,,,,,,,,,,,,,,,,,,,,,False,True,False
536363,1,3.0,182.00765016,-0.9683302,182.00765016,-0.9683302,16.798,16.757,0.02516,0.02379,-18.42,4.42,22.04,22.76,24.57,0.0606,70.06,8.95,0.46,0.084,8.0,0.0,GAMA,,,,False,True,True
536454,1,0.0,182.39681085,-0.91247515,182.39681085,-0.91247515,14.994,14.932,0.06115,0.05989,-22.32,6.69,20.6,22.24,23.78,0.1776,156.1,11.08,1.23,0.07,8.0,0.0,GAMA,,,,False,True,True
536463,1,1.0,182.47688834,-0.91817312,182.47688834,-0.91817312,15.748,15.719,0.08049,0.07921,-22.18,3.2,19.44,20.59,22.21,0.5249,98.65,11.05,1.31,0.074,8.0,0.0,GAMA,,,,False,True,True
536625,1,2.5,132.38664975,-0.083603,132.38664975,-0.083603,15.664,15.665,0.03807,0.03704,-20.48,5.42,20.84,22.04,23.65,0.3124,158.70999,10.18,0.97,0.111,8.0,0.0,GAMA,,,,False,True,True
536626,1,3.0,132.50256798,-0.18230895,132.50256798,-0.18230895,17.627,17.647,0.04156,0.04052,-18.67,5.06,21.78,22.36,24.29,0.7321,101.17999,9.0,0.42,0.106,8.0,0.0,GAMA,,,,False,True,True
536784,1,3.0,134.41428738,-0.14017752,134.41428738,-0.14017752,18.639,18.553,0.02905,0.02803,-17.01,3.59,21.48,22.11,23.99,0.8332,114.17,8.59,0.69,0.112,8.0,0.0,GAMA,,,,False,True,True
536963,1,0.5,183.53869379,-0.93859567,183.53869379,-0.93859567,16.321,16.229,0.08421,0.08293,-21.78,2.57,19.85,21.26,22.83,0.3173,0.63998413,10.92,1.35,0.082,8.0,0.0,GAMA,,,,False,True,True
536994,1,1.0,183.60692971,-0.94774538,183.60692971,-0.94774538,15.424,15.376,0.08318,0.0819,-22.63,8.08,21.07,22.41,23.99,0.4915,102.01,11.22,1.31,0.082,8.0,0.0,GAMA,,,,False,True,True
537084,1,1.0,184.15212569,-0.95595186,184.15212569,-0.95595186,14.299,14.245,0.04134,0.04012,-22.12,8.89,20.22,21.62,23.2,0.4214,53.78,10.95,1.13,0.077,8.0,0.0,GAMA,,,,False,True,True
537163,3,3.0,184.31527006,-0.92657728,184.31527006,-0.92657728,17.586,17.436,0.0222,0.02051,-17.5,4.98,23.47,24.23,26.01,0.2758,171.70001,8.58,0.43,0.093,8.0,0.0,GAMA,,,,True,True,True
537171,4,3.0,184.44149428,-1.00868702,184.44149428,-1.00868702,17.976,17.582,0.04106,0.03984,-18.72,2.48,21.46,21.96,24.01,0.1667,38.190002,9.36,0.83,0.102,8.0,0.0,GAMA,,,,True,True,True
537187,4,3.0,184.46680568,-0.90740488,184.46680568,-0.90740488,16.254,15.97,0.02276,0.02116,-19.01,5.74,21.21,21.78,23.73,0.5495,123.26,9.37,0.68,0.11,8.0,0.0,GAMA,,,,True,True,True
537226,1,2.0,184.53696196,-0.97925459,184.53696196,-0.97925459,15.098,14.772,0.07569,0.07443,-22.94,0.9,16.1,18.35,19.87,0.3192,72.729996,11.09,0.96,0.117,8.0,0.0,GAMA,,,,False,True,True
537240,1,3.0,184.51433388,-0.91305679,184.51433388,-0.91305679,15.667,15.675,0.02267,0.02105,-19.29,5.28,20.52,21.14,23.03,0.6163,97.62,9.51,0.71,0.117,8.0,0.0,GAMA,,,,False,True,True
537317,1,2.5,,,,,,,,,,,,,,,,,,,,,,,,,False,True,False
537361,1,2.0,184.95109817,-0.87544522,184.95109817,-0.87544522,14.311,14.259,0.04086,0.03964,-22.05,7.28,20.16,21.34,22.95,0.3879,92.66,10.83,1.0,0.116,8.0,0.0,GAMA,,,,False,True,True
537365,1,1.0,184.99110773,-0.85600995,184.99110773,-0.85600995,15.704,15.667,0.04115,0.03993,-20.67,2.42,18.35,19.82,21.39,0.6637,174.76001,10.43,1.21,0.116,8.0,0.0,GAMA,,,,False,True,True
537367,4,5.0,184.9611241,-0.87822763,184.9611241,-0.87822763,18.029,18.003,0.04129,0.04007,-18.31,1.11,19.92,20.71,22.47,0.3288,71.45999,9.14,0.77,0.116,8.0,0.0,GAMA,,,,True,True,True
537386,1,3.0,184.92432789,-0.88138229,184.92432789,-0.88138229,18.332,18.426,0.04212,0.0409,-17.95,6.21,22.69,23.55,25.27,0.7953,116.55,9.01,0.77,0.116,8.0,0.0,GAMA,,,,False,True,True
537399,1,3.0,185.08379459,-0.88201597,185.08379459,-0.88201597,16.699,16.717,0.04156,0.04034,-19.63,5.07,21.83,22.61,24.38,0.3216,16.359985,9.63,0.71,0.113,8.0,0.0,GAMA,,,,False,True,True
537417,4,3.0,185.08272944,-0.8491013,185.08272944,-0.8491013,17.167,17.029,0.02571,0.0244,-18.2,7.12,22.86,23.5,25.37,0.3154,167.04001,8.96,0.57,0.114,8.0,0.0,GAMA,,,,True,True,True
537426,1,2.0,185.30393452,-0.86424458,185.30393452,-0.86424458,14.807,14.813,0.0407,0.03949,-21.5,7.14,20.47,21.61,23.23,0.4002,57.820007,10.63,1.03,0.106,8.0,0.0,GAMA,,,,False,True,True
537467,1,1.0,185.38202524,-0.85271616,185.38202524,-0.85271616,14.847,14.745,0.04143,0.04022,-21.61,2.61,18.8,19.8,21.47,0.1196,152.34,10.79,1.19,0.105,8.0,0.0,GAMA,,,,False,True,True
537476,1,3.0,185.3924896,-1.00951455,185.3924896,-1.00951455,17.763,17.753,0.02282,0.02123,-17.2,3.09,22.21,22.82,24.73,0.4243,136.61,8.21,0.17,0.104,8.0,0.0,GAMA,,,,False,True,True
53770,1,3.0,175.0551423,-0.41172485,175.0551423,-0.41172485,15.905,15.944,0.02356,0.02205,-19.06,1.88,18.63,19.83,21.44,0.456,88.05999,9.05,0.28,0.076,8.0,0.0,GAMA,,,,False,True,True
53771,1,3.0,174.96145869,-0.41539941,174.96145869,-0.41539941,18.219,18.287,0.0295,0.02825,-17.26,1.69,21.13,21.94,23.69,0.2788,146.40001,8.49,0.48,0.063,8.0,0.0,GAMA,,,,False,True,True
53809,1,3.0,175.11900742,-0.39364027,175.11900742,-0.39364027,16.923,16.945,0.02841,0.02716,-18.52,2.89,20.67,21.38,23.19,0.4443,11.910004,9.05,0.53,0.079,8.0,0.0,GAMA,,,,False,True,True
53977,1,3.0,176.0183969,-0.2109729,176.0183969,-0.2109729,15.924,15.945,0.0495,0.04823,-20.79,3.79,20.7,21.22,23.23,0.2022,13.809998,10.01,0.62,0.088,8.0,0.0,GAMA,,,,False,True,True
54102,1,3.0,176.75302968,-0.29421653,176.75302968,-0.29421653,14.586,14.526,0.00649,0.00468,-17.7,8.93,20.7,21.54,23.27,0.4824,120.509995,8.89,0.72,0.118,8.0,0.0,GAMA,,,,False,True,True
54198,1,2.0,177.15680273,-0.2340642,177.15680273,-0.2340642,15.487,15.4,0.0491,0.04784,-21.34,9.78,21.09,22.28,23.89,0.7118,119.38,10.55,1.02,0.099,8.0,0.0,GAMA,,,,False,True,True
54202,1,0.0,177.17595931,-0.2787371,177.17595931,-0.2787371,15.74,15.696,0.04843,0.04717,-21.02,3.04,19.9,21.35,22.92,0.1295,127.0,10.58,1.24,0.092,8.0,0.0,GAMA,,,,False,True,True
54270,1,0.0,177.35884385,-0.30503619,177.35884385,-0.30503619,15.334,15.334,0.08475,0.08344,-22.71,4.87,20.65,22.09,23.66,0.066,117.73,11.28,1.36,0.083,8.0,0.0,GAMA,,,,False,True,True
543489,1,0.0,211.79629401,-0.87863989,211.79629401,-0.87863989,15.086,15.006,0.05405,0.05312,-21.98,5.21,20.5,22.0,23.56,0.0767,168.29,10.93,1.2,0.191,8.0,0.0,GAMA,,,,False,True,True
543491,1,3.0,211.82756468,-1.01334781,211.82756468,-1.01334781,17.563,17.616,0.03616,0.03525,-18.4,5.03,21.47,21.89,24.09,0.8202,140.91,9.02,0.55,0.223,8.0,0.0,GAMA,,,,False,True,True
543494,1,3.0,211.75033834,-0.85057849,211.75033834,-0.85057849,16.155,16.109,0.0305,0.02959,-19.53,6.99,21.31,21.98,23.82,0.6547,171.36,9.54,0.64,0.182,8.0,0.0,GAMA,,,,False,True,True
543498,1,2.0,211.8023421,-1.01299839,211.8023421,-1.01299839,15.214,15.206,0.05175,0.05082,-21.63,4.89,20.77,21.42,23.28,0.0189,57.72,10.56,0.89,0.225,8.0,0.0,GAMA,,,,False,True,True
543499,1,1.5,211.80324415,-0.97485035,211.80324415,-0.97485035,16.617,16.631,0.05444,0.05351,-20.34,3.27,21.29,22.27,23.94,0.0233,154.5,10.25,1.18,0.22,8.0,0.0,GAMA,,,,False,True,True
543501,1,1.0,211.81532935,-0.92567656,211.81532935,-0.92567656,16.316,16.279,0.05247,0.05154,-20.64,3.66,20.16,21.44,23.03,0.5936,125.11,10.47,1.3,0.21,8.0,0.0,GAMA,,,,False,True,True
543531,1,0.5,211.9522498,-0.93132633,211.9522498,-0.93132633,16.227,16.235,0.05353,0.0526,-20.71,2.88,20.19,21.48,23.07,0.2558,27.179993,10.41,1.2,0.194,8.0,0.0,GAMA,,,,False,True,True
543536,1,-9.0,211.89550733,-0.97077947,211.89550733,-0.97077947,17.546,17.34,0.05496,0.05403,-19.63,0.53,17.88,19.31,20.88,0.2897,86.45001,10.0,1.22,0.208,8.0,0.0,GAMA,,,,False,True,True
543537,1,0.0,211.91196704,-0.95531749,211.91196704,-0.95531749,14.147,13.945,0.0548,0.05387,-23.05,9.99,20.72,22.0,23.59,0.2685,37.089996,11.42,1.27,0.203,8.0,0.0,GAMA,,,,False,True,True
543552,1,1.5,211.96105941,-0.95037858,211.96105941,-0.95037858,17.082,17.062,0.05287,0.05194,-19.86,2.58,19.97,21.04,22.68,0.6763,142.55,10.1,1.23,0.195,8.0,0.0,GAMA,,,,False,True,True
543553,1,0.5,211.96905029,-0.91519709,211.96905029,-0.91519709,16.503,16.522,0.05571,0.05478,-20.52,3.49,20.87,22.21,23.79,0.2562,34.440002,10.35,1.22,0.19,8.0,0.0,GAMA,,,,False,True,True
543554,1,1.5,211.975783,-0.85625722,211.975783,-0.85625722,17.328,17.307,0.05615,0.05522,-19.74,2.51,20.04,21.01,22.69,0.7121,3.25,10.03,1.21,0.182,8.0,0.0,GAMA,,,,False,True,True
54359,1,2.5,177.74299043,-0.36795035,177.74299043,-0.36795035,15.47,15.465,0.04376,0.0425,-21.0,5.22,20.95,21.46,23.49,0.1328,153.99,10.3,0.87,0.083,8.0,0.0,GAMA,,,,False,True,True
543738,1,3.0,212.59531975,-0.85363756,212.59531975,-0.85363756,18.848,18.779,0.02607,0.02515,-16.44,2.77,22.05,22.91,24.63,0.6361,105.83,8.3,0.66,0.187,8.0,0.0,GAMA,,,,False,True,True
54375,1,2.5,177.91035837,-0.25144236,177.91035837,-0.25144236,15.716,15.65,0.06086,0.05958,-21.56,8.65,21.68,23.2,24.76,0.2927,145.64,10.42,0.76,0.095,3.0,0.0,GAMA,,,,False,True,True
543752,1,3.0,212.6363903,-0.84186283,212.6363903,-0.84186283,17.096,16.986,0.02625,0.02533,-18.3,9.1,23.16,24.08,25.77,0.4731,133.82,8.92,0.46,0.186,8.0,0.0,GAMA,,,,False,True,True
543763,1,3.0,212.75336877,-0.90392577,212.75336877,-0.90392577,17.999,18.026,0.02682,0.02592,-17.3,3.53,22.1,22.78,24.62,0.4911,81.75,8.49,0.45,0.188,8.0,0.0,GAMA,,,,False,True,True
543769,1,3.0,212.80010694,-0.96738293,212.80010694,-0.96738293,17.803,17.842,0.02586,0.02494,-17.42,2.85,20.85,21.45,23.36,0.7448,168.78,8.43,0.31,0.199,8.0,0.0,GAMA,,,,False,True,True
543797,3,2.0,212.93951497,-0.90428696,212.93951497,-0.90428696,16.379,16.282,0.05532,0.05441,-20.77,4.42,20.62,21.57,23.25,0.6242,34.450012,10.52,1.29,0.217,8.0,0.0,GAMA,,,,True,True,True
543812,1,3.0,213.05368979,-0.84636598,213.05368979,-0.84636598,16.435,16.317,0.03347,0.03258,-19.51,5.68,21.78,22.41,24.3,0.5113,26.889984,9.37,0.45,0.202,8.0,0.0,GAMA,,,,False,True,True
54382,1,3.0,177.89815476,-0.3748913,177.89815476,-0.3748913,17.63,17.67,0.02103,0.01916,-17.14,2.29,20.83,21.85,23.51,0.438,123.59,8.54,0.58,0.077,8.0,0.0,GAMA,,,,False,True,True
543859,1,1.5,213.1517401,-1.03641973,213.1517401,-1.03641973,15.433,15.45,0.05476,0.05385,-21.57,7.42,20.2,20.94,22.73,0.8023,157.9,10.73,1.15,0.226,8.0,0.0,GAMA,,,,False,True,True
543860,3,3.0,213.15467314,-1.01222316,213.15467314,-1.01222316,15.862,15.843,0.05464,0.05373,-21.12,4.18,20.86,21.63,23.4,0.1966,97.2,10.01,0.46,0.223,8.0,0.0,GAMA,,,,True,True,True
543895,3,2.5,213.27233631,-0.84623821,213.27233631,-0.84623821,15.427,15.454,0.02662,0.02572,-19.86,1.74,18.61,19.71,21.35,0.1046,30.839996,9.74,0.72,0.201,8.0,0.0,GAMA,,,,True,True,True
543998,1,2.0,213.55488691,-0.89439522,213.55488691,-0.89439522,14.142,14.095,0.03878,0.03789,-22.11,12.21,21.0,22.04,23.69,0.4501,98.1,10.9,1.06,0.168,8.0,0.0,GAMA,,,,False,True,True
544084,1,3.0,213.89591035,-1.03869099,213.89591035,-1.03869099,17.67,17.735,0.03846,0.03758,-18.46,6.23,23.28,24.35,25.99,0.4213,26.220001,9.04,0.54,0.16,8.0,0.0,GAMA,,,,False,True,True
54455,1,3.0,178.22625331,-0.23570615,178.22625331,-0.23570615,17.676,16.68,0.02753,0.02627,-18.71,9.3,22.92,23.85,25.54,0.4866,178.78,9.13,0.53,0.087,8.0,0.0,GAMA,,,,False,True,True
544749,1,1.0,216.88131895,-0.92242981,216.88131895,-0.92242981,13.928,13.825,0.03118,0.03035,-21.89,5.77,19.1,20.5,22.08,0.4067,111.12,10.9,1.16,0.157,8.0,0.0,GAMA,,,,False,True,True
544812,1,3.0,216.98074288,-1.00818025,216.98074288,-1.00818025,16.409,16.377,0.03033,0.0295,-19.22,5.31,21.53,22.23,24.05,0.4081,5.2099915,9.32,0.52,0.158,8.0,0.0,GAMA,,,,False,True,True
544853,1,3.0,217.37900056,-0.88385093,217.37900056,-0.88385093,17.892,17.377,0.03538,0.03456,-18.61,9.68,24.02,25.01,26.67,0.1813,155.5,9.54,0.99,0.173,8.0,0.0,GAMA,,,,False,True,True
544958,1,2.5,217.76735644,-0.91910149,217.76735644,-0.91910149,14.256,14.254,0.02614,0.02533,-21.05,8.67,20.23,20.85,22.74,0.5483,106.92,10.42,0.97,0.184,8.0,0.0,GAMA,,,,False,True,True
54500,1,0.5,178.29135629,-0.39899849,178.29135629,-0.39899849,16.09,16.081,0.08203,0.08073,-21.87,6.67,21.62,23.33,24.88,0.2365,7.2599945,10.93,1.32,0.083,8.0,0.0,GAMA,,,,False,True,True
545157,1,3.0,218.59071442,-1.00786222,218.59071442,-1.00786222,16.552,16.476,0.02626,0.02547,-18.81,7.84,21.99,22.71,24.52,0.6955,142.59,9.03,0.37,0.156,8.0,0.0,GAMA,,,,False,True,True
545306,1,3.0,218.90786507,-1.02942212,218.90786507,-1.02942212,16.256,16.242,0.03919,0.03839,-19.97,4.71,21.48,22.16,23.99,0.1873,3.6899948,9.79,0.75,0.143,8.0,0.0,GAMA,,,,False,True,True
545411,1,3.0,219.37551783,-0.84076937,219.37551783,-0.84076937,16.653,16.644,0.05152,0.05072,-20.18,3.6,21.24,21.68,23.83,0.29,140.26,9.86,0.75,0.152,3.0,0.0,GAMA,,,,False,True,True
545903,3,1.0,221.64347888,-0.8495652,221.64347888,-0.8495652,14.998,14.931,0.04242,0.04166,-21.47,3.83,19.04,20.15,21.78,0.5688,94.15,10.75,1.2,0.165,8.0,0.0,GAMA,,,,True,True,True
545925,3,3.0,221.83194902,-0.957512,221.83194902,-0.957512,14.874,14.792,0.03531,0.03456,-21.16,8.77,21.63,22.54,24.24,0.0938,92.12,10.16,0.61,0.185,8.0,0.0,GAMA,,,,True,True,True
545986,3,3.0,222.28896362,-0.90283527,222.28896362,-0.90283527,15.477,15.408,0.02826,0.02755,-20.05,8.22,22.03,22.85,24.59,0.1128,166.33,9.71,0.59,0.169,8.0,0.0,GAMA,,,,True,True,True
546043,1,3.0,222.74183064,-0.8815369,222.74183064,-0.8815369,16.073,16.05,0.02759,0.02689,-19.36,5.15,21.43,21.99,23.95,0.2516,159.85,9.43,0.59,0.173,8.0,0.0,GAMA,,,,False,True,True
546073,2,3.0,222.95165329,-0.96304993,222.95165329,-0.96304993,17.711,17.67,0.03567,0.03494,-18.32,2.09,21.18,22.19,23.85,0.1071,129.56999,9.06,0.66,0.161,8.0,0.0,GAMA,,,,True,True,True
54848,1,3.0,179.58395816,-0.39917571,179.58395816,-0.39917571,18.267,18.271,0.0225,0.02086,-16.64,1.29,20.63,21.63,23.29,0.2108,83.28001,8.29,0.53,0.112,8.0,0.0,GAMA,,,,False,True,True
54850,1,1.5,,,,,,,,,,,,,,,,,,,,,,,,,False,True,False
548739,1,3.0,129.03177728,-0.48939802,129.03177728,-0.48939802,16.697,16.549,0.05834,0.05733,-20.59,8.22,21.47,22.28,24.03,0.8017,24.470001,10.15,0.89,0.165,8.0,0.0,GAMA,,,,False,True,True
548835,1,0.5,129.38250453,-0.4617983,129.38250453,-0.4617983,16.314,16.244,0.07988,0.07885,-21.63,3.41,20.59,22.23,23.78,0.1825,158.28,10.81,1.29,0.136,3.0,0.0,GAMA,,,,False,True,True
548872,1,1.5,129.41228336,-0.58625457,129.41228336,-0.58625457,17.013,17.001,0.08006,0.07903,-20.92,2.56,19.88,20.97,22.6,0.6698,148.03,10.52,1.29,0.142,3.0,0.0,GAMA,,,,False,True,True
548914,1,2.0,129.59523495,-0.44538265,129.59523495,-0.44538265,16.548,16.589,0.08645,0.08541,-21.49,3.93,20.63,21.29,23.15,0.5971,39.680008,10.7,1.22,0.125,3.0,0.0,GAMA,,,,False,True,True
548946,1,2.0,129.82867229,-0.61208574,129.82867229,-0.61208574,16.471,15.713,0.05149,0.05048,-21.13,3.23,19.75,21.09,22.68,0.3883,72.75,10.42,0.97,0.113,8.0,0.0,GAMA,,,,False,True,True
548947,1,2.5,129.82095935,-0.61351413,129.82095935,-0.61351413,15.286,15.195,0.05191,0.0509,-21.68,7.68,20.52,21.47,23.15,0.6594,52.36,10.67,1.0,0.113,8.0,0.0,GAMA,,,,False,True,True
54895,1,3.0,179.85165558,-0.41096761,179.85165558,-0.41096761,16.677,16.593,0.04868,0.04743,-20.14,12.64,22.04,23.03,24.7,0.8805,115.33,10.03,0.97,0.106,8.0,0.0,GAMA,,,,False,True,True
549070,1,0.5,130.15791303,-0.61422241,130.15791303,-0.61422241,17.114,17.095,0.05319,0.05217,-19.83,0.99,19.02,20.07,21.72,0.1166,151.46,10.07,1.21,0.112,8.0,0.0,GAMA,,,,False,True,True
54918,1,0.0,179.98355796,-0.32311827,179.98355796,-0.32311827,15.758,15.69,0.08447,0.08318,-22.33,4.4,20.64,22.02,23.6,0.1073,94.14,11.18,1.41,0.107,8.0,0.0,GAMA,,,,False,True,True
549180,1,2.5,130.6671153,-0.56315641,130.6671153,-0.56315641,14.353,14.323,0.0315,0.0305,-21.4,10.17,21.03,21.71,23.55,0.3073,23.309998,10.47,0.87,0.105,8.0,0.0,GAMA,,,,False,True,True
549182,1,3.0,130.68272439,-0.48247536,130.68272439,-0.48247536,17.682,16.83,0.05368,0.05266,-20.09,7.86,23.31,24.32,25.98,0.2236,108.93,9.82,0.74,0.101,3.0,0.0,GAMA,,,,False,True,True
54921,1,0.0,179.99837449,-0.29094967,179.99837449,-0.29094967,16.235,16.24,0.09497,0.09366,-22.06,3.3,20.65,21.92,23.52,0.1678,166.83,10.99,1.33,0.107,8.0,0.0,GAMA,,,,False,True,True
549216,1,3.0,130.7609144,-0.46948561,130.7609144,-0.46948561,17.644,17.636,0.05306,0.05204,-19.24,4.21,22.28,23.32,24.97,0.3286,140.27,9.51,0.78,0.103,3.0,0.0,GAMA,,,,False,True,True
549296,1,0.0,131.07139086,-0.42489859,131.07139086,-0.42489859,15.034,15.025,0.0532,0.05217,-21.9,5.0,20.33,21.77,23.34,0.0801,94.47,10.95,1.26,0.106,8.0,0.0,GAMA,,,,False,True,True
549313,1,-9.0,131.07827193,-0.51864822,131.07827193,-0.51864822,17.257,17.229,0.0583,0.05727,-19.88,1.91,20.39,21.65,23.25,0.2389,161.09,9.94,1.0,0.147,3.0,0.0,GAMA,,,,False,True,True
54938,1,3.0,179.94130644,-0.21902178,179.94130644,-0.21902178,18.669,18.686,0.02384,0.02236,-16.43,1.86,21.39,22.33,24.02,0.4418,81.130005,8.29,0.6,0.105,8.0,0.0,GAMA,,,,False,True,True
54957,1,2.0,180.04176946,-0.41524584,180.04176946,-0.41524584,16.95,16.843,0.07697,0.07568,-20.96,2.93,20.24,21.14,22.84,0.5893,1.909996,10.6,1.36,0.11,3.0,0.0,GAMA,,,,False,True,True
550328,1,2.0,135.16742177,-0.48675315,135.16742177,-0.48675315,15.232,15.241,0.04158,0.04051,-21.12,4.83,19.61,20.82,22.43,0.6291,112.86,10.41,0.94,0.135,8.0,0.0,GAMA,,,,False,True,True
550330,1,3.0,135.19463684,-0.56571064,135.19463684,-0.56571064,17.167,17.093,0.04135,0.04028,-19.23,5.51,21.18,21.81,23.69,0.7921,105.25,9.4,0.64,0.128,8.0,0.0,GAMA,,,,False,True,True
550353,1,3.0,135.35502407,-0.45792742,135.35502407,-0.45792742,16.684,16.66,0.02857,0.02755,-18.81,7.96,21.59,22.43,24.16,0.7975,24.960007,9.05,0.39,0.137,8.0,0.0,GAMA,,,,False,True,True
550431,1,3.0,135.55254773,-0.4320722,135.55254773,-0.4320722,18.884,18.875,0.02525,0.02433,-16.34,1.41,21.1,22.09,23.75,0.4501,178.98999,8.24,0.6,0.165,8.0,0.0,GAMA,,,,False,True,True
550582,1,2.5,136.30503681,-0.49663327,136.30503681,-0.49663327,15.475,15.374,0.02869,0.02766,-20.16,13.09,21.18,21.9,23.71,0.8296,39.799988,10.21,1.14,0.128,8.0,0.0,GAMA,,,,False,True,True
550677,1,3.0,136.77411282,-0.54065304,136.77411282,-0.54065304,17.204,17.071,0.02864,0.0276,-18.42,5.4,21.88,22.46,24.4,0.6021,49.910004,8.94,0.46,0.114,8.0,0.0,GAMA,,,,False,True,True
550780,1,2.0,137.42007561,-0.4662267,137.42007561,-0.4662267,15.983,16.007,0.07127,0.07014,-21.6,3.57,20.29,21.15,22.87,0.3799,14.98999,10.6,0.99,0.121,3.0,0.0,GAMA,,,,False,True,True
550781,1,1.0,137.46833747,-0.50464337,137.46833747,-0.50464337,16.362,16.34,0.04942,0.04832,-20.44,2.03,19.16,20.41,22.01,0.4862,48.839996,10.39,1.29,0.124,8.0,0.0,GAMA,,,,False,True,True
550844,1,2.5,137.84849449,-0.42565108,137.84849449,-0.42565108,17.786,17.774,0.08925,0.0881,-20.39,2.42,19.75,20.29,22.28,0.8428,42.549988,10.31,1.29,0.124,3.0,0.0,GAMA,,,,False,True,True
551192,1,3.0,139.33881791,-0.45421294,139.33881791,-0.45421294,16.953,16.955,0.01785,0.01691,-17.48,1.63,19.65,20.7,22.34,0.3164,143.71,8.75,0.66,0.135,8.0,0.0,GAMA,,,,False,True,True
551202,1,3.0,139.37082018,-0.62058503,139.37082018,-0.62058503,14.339,14.309,0.01742,0.01647,-20.1,12.69,20.67,21.3,23.18,0.725,117.61,9.96,0.85,0.133,8.0,0.0,GAMA,,,,False,True,True
55124,1,3.0,180.54377769,-0.2961291,180.54377769,-0.2961291,18.373,18.214,0.02204,0.02033,-16.65,3.67,22.25,22.97,24.77,0.5376,158.44,8.74,1.04,0.091,8.0,0.0,GAMA,,,,False,True,True
551332,1,2.5,139.89952321,-0.45187633,139.89952321,-0.45187633,16.857,16.883,0.05741,0.05627,-20.21,2.08,19.82,20.49,22.33,0.5144,8.190002,10.02,0.94,0.119,8.0,0.0,GAMA,,,,False,True,True
551350,1,3.0,139.97991849,-0.59132666,139.97991849,-0.59132666,16.323,16.451,0.02993,0.02882,-19.11,5.78,22.48,23.05,25.0,0.5129,162.78,9.22,0.45,0.122,8.0,0.0,GAMA,,,,False,True,True
551368,1,5.0,140.01779439,-0.5024815,140.01779439,-0.5024815,17.665,17.663,0.02676,0.02573,-17.66,1.93,21.0,22.33,23.91,0.0385,14.860001,8.88,0.76,0.117,8.0,0.0,GAMA,,,,False,True,True
55143,1,0.0,180.62298164,-0.21242768,180.62298164,-0.21242768,12.951,12.89,0.02214,0.02045,-22.04,9.23,19.68,20.92,22.52,0.0491,21.049988,11.07,1.27,0.09,8.0,0.0,GAMA,,,,False,True,True
551488,1,2.0,140.49162393,-0.59645587,140.49162393,-0.59645587,16.53,16.454,0.05729,0.05614,-20.63,5.13,21.75,22.74,24.41,0.1607,32.23999,10.25,1.0,0.113,8.0,0.0,GAMA,,,,False,True,True
55150,1,3.0,180.75420806,-0.29117679,180.75420806,-0.29117679,15.308,15.336,0.0417,0.04046,-21.03,4.47,20.37,20.91,22.9,0.2074,9.040009,10.12,0.63,0.099,8.0,0.0,GAMA,,,,False,True,True
551505,1,0.5,140.57221887,-0.54692706,140.57221887,-0.54692706,14.474,14.394,0.05742,0.05627,-22.73,7.51,20.32,21.5,23.11,0.3483,18.680008,11.34,1.36,0.12,8.0,0.0,GAMA,,,,False,True,True
551507,1,2.0,140.59439617,-0.488805,140.59439617,-0.488805,15.493,15.412,0.08908,0.0879,-22.72,7.47,21.43,22.32,24.03,0.3251,98.11,11.11,1.11,0.123,8.0,0.0,GAMA,,,,False,True,True
55160,1,3.0,180.63399907444443,-0.38941506,180.63455463,-0.38941506,18.368,18.385,0.02322,0.02167,-16.87,4.99,23.47,24.86,26.44,0.3837,103.729996,8.43,0.53,0.092,8.0,5.0,GAMA,,,,False,True,True
551619,1,0.0,140.82468142,-0.56844663,140.82468142,-0.56844663,17.049,17.007,0.05742,0.05627,-20.09,1.15,19.19,20.72,22.27,0.0688,151.20999,10.19,1.23,0.123,8.0,0.0,GAMA,,,,False,True,True
551655,1,2.0,140.93632263,-0.57024632,140.93632263,-0.57024632,16.071,16.099,0.05482,0.05367,-20.91,3.66,20.24,21.15,22.85,0.4888,68.29999,10.49,1.19,0.127,8.0,0.0,GAMA,,,,False,True,True
551656,1,2.0,140.93663605,-0.51795001,140.93663605,-0.51795001,15.954,15.977,0.05731,0.05616,-21.12,5.18,21.02,21.97,23.65,0.3957,23.600006,10.5,1.1,0.117,8.0,0.0,GAMA,,,,False,True,True
551672,1,3.0,140.97888792,-0.44919538,140.97888792,-0.44919538,18.375,18.007,0.02558,0.02456,-17.22,4.82,23.2,24.04,25.77,0.268,159.70001,8.48,0.46,0.108,8.0,0.0,GAMA,,,,False,True,True
55227,1,3.0,180.94629725,-0.33659583,180.94629725,-0.33659583,17.731,17.994,0.02212,0.02042,-16.96,6.51,23.3,23.94,25.81,0.3326,71.2,8.33,0.39,0.102,8.0,0.0,GAMA,,,,False,True,True
55245,1,2.5,181.07946541,-0.31550504,181.07946541,-0.31550504,15.222,15.189,0.0949,0.0936,-23.06,3.36,19.48,20.97,22.53,0.2487,140.22,11.05,0.88,0.1,8.0,0.0,GAMA,,,,False,True,True
55287,1,3.0,181.36110065,-0.28226126,181.36110065,-0.28226126,17.565,17.571,0.00603,0.00427,-14.48,3.57,22.0,22.75,24.53,0.309,10.959991,7.49,0.58,0.089,8.0,0.0,GAMA,,,,False,True,True
55346,1,3.0,181.69377646,-0.2737468,181.69377646,-0.2737468,17.325,17.299,0.03475,0.03352,-18.61,3.64,21.5,22.29,24.05,0.4456,32.22,9.1,0.55,0.078,8.0,0.0,GAMA,,,,False,True,True
55367,1,3.0,181.79334172,-0.25958967,181.79334172,-0.25958967,18.069,18.219,0.02366,0.02216,-16.84,6.71,23.7,24.62,26.32,0.3037,137.21,8.4,0.51,0.072,8.0,0.0,GAMA,,,,False,True,True
55372,1,3.0,181.8404418,-0.37666426,181.8404418,-0.37666426,16.677,16.702,0.0237,0.0222,-18.37,4.21,20.58,21.13,23.11,0.7015,44.61,9.04,0.59,0.076,8.0,0.0,GAMA,,,,False,True,True
55537,1,2.5,182.69403929,-0.41907645,182.69403929,-0.41907645,16.57,16.567,0.07992,0.07864,-21.32,4.68,21.11,21.64,23.64,0.5562,173.51001,10.54,1.08,0.094,3.0,0.0,GAMA,,,,False,True,True
55648,1,3.0,183.00180063,-0.37211689,183.00180063,-0.37211689,17.676,17.697,0.03662,0.0354,-18.33,2.63,21.27,22.06,23.82,0.41,108.99,8.97,0.54,0.08,3.0,0.0,GAMA,,,,False,True,True
55684,1,3.0,183.11338995,-0.29713974,183.11338995,-0.29713974,16.922,16.942,0.0365,0.03528,-19.11,2.26,19.46,20.01,21.98,0.7128,19.600006,9.51,0.83,0.083,8.0,0.0,GAMA,,,,False,True,True
558861,1,3.0,174.25696862,-0.51196465,174.25696862,-0.51196465,17.593,17.628,0.02117,0.01936,-17.18,5.6,21.93,22.37,24.52,0.8185,96.82,8.64,0.69,0.076,8.0,0.0,GAMA,,,,False,True,True
558887,1,3.0,174.37404378,-0.47339514,174.37404378,-0.47339514,17.618,17.585,0.02986,0.02861,-18.0,3.6,21.86,22.39,24.4,0.4045,28.229996,8.83,0.53,0.072,8.0,0.0,GAMA,,,,False,True,True
55905,1,3.0,183.7988211,-0.40010461,183.7988211,-0.40010461,16.783,16.806,0.02256,0.02093,-18.16,8.42,22.66,23.28,25.17,0.5304,34.089996,8.9,0.52,0.073,8.0,0.0,GAMA,,,,False,True,True
559061,1,3.0,175.3408088,-0.45676643,175.3408088,-0.45676643,16.156,16.161,0.02894,0.02769,-19.36,5.11,20.63,21.18,23.15,0.6496,15.619995,9.53,0.71,0.091,8.0,0.0,GAMA,,,,False,True,True
559250,1,0.5,176.36075931,-0.45320984,176.36075931,-0.45320984,16.278,16.289,0.09349,0.09217,-21.98,4.39,21.12,22.77,24.32,0.0918,0.13000488,10.96,1.33,0.083,8.0,0.0,GAMA,,,,False,True,True
559292,1,3.0,176.41767633,-0.57082486,176.41767633,-0.57082486,17.343,17.322,0.02929,0.02805,-18.2,4.05,21.6,22.79,24.4,0.4747,36.429993,8.71,0.29,0.089,8.0,0.0,GAMA,,,,False,True,True
559300,1,3.0,176.53217798,-0.4579897,176.53217798,-0.4579897,16.852,16.846,0.01538,0.01303,-17.26,3.82,21.52,22.34,24.08,0.2282,151.73001,8.64,0.63,0.096,8.0,0.0,GAMA,,,,False,True,True
559477,1,3.0,177.1511507,-0.52142813,177.1511507,-0.52142813,17.828,17.766,0.02819,0.02694,-17.73,4.76,23.56,24.46,26.16,0.3007,104.990005,8.65,0.4,0.073,8.0,0.0,GAMA,,,,False,True,True
559490,1,0.0,177.30346687,-0.56445992,177.30346687,-0.56445992,16.265,16.241,0.0487,0.04744,-20.48,2.7,20.32,21.43,23.06,0.0758,142.97,10.29,1.15,0.074,8.0,0.0,GAMA,,,,False,True,True
559495,1,3.0,177.34230068,-0.62370978,177.34230068,-0.62370978,17.272,17.262,0.04156,0.0403,-19.06,3.59,21.5,22.06,24.02,0.4272,16.690002,9.05,0.28,0.079,8.0,0.0,GAMA,,,,False,True,True
559574,1,3.0,177.59939991555555,-0.5280761333333334,177.59884436,-0.5284928,16.687,16.513,0.01514,0.01277,-17.61,3.3,20.65,21.47,23.21,0.4947,57.399994,8.6,0.4,0.099,8.0,5.0,GAMA,,,,False,True,True
559584,1,3.0,177.65174851666666,-0.5672373666666666,177.65133185,-0.5668207,15.951,15.942,0.0075,0.00558,-16.56,5.0,21.18,22.01,23.74,0.5456,60.930008,7.98,0.17,0.1,8.0,5.0,GAMA,,,,False,True,True
559609,1,3.0,177.64179412,-0.53782252,177.64179412,-0.53782252,16.742,16.549,0.00797,0.006,-16.12,6.86,21.94,22.61,24.46,0.5596,81.73999,7.89,0.28,0.101,8.0,0.0,GAMA,,,,False,True,True
560206,1,1.5,179.663316,-0.48317319,179.663316,-0.48317319,16.735,16.71,0.08538,0.08408,-21.34,2.03,18.79,20.27,21.83,0.718,100.57,10.7,1.31,0.086,3.0,0.0,GAMA,,,,False,True,True
560208,1,3.0,179.67072035,-0.59719263,179.67072035,-0.59719263,16.289,16.23,0.02296,0.02137,-18.76,8.68,22.3,23.21,24.91,0.3893,94.07,9.2,0.6,0.088,8.0,0.0,GAMA,,,,False,True,True
560238,1,1.5,179.80368593,-0.52382771,179.80368593,-0.52382771,13.644,13.666,0.02295,0.02137,-21.35,8.11,19.77,20.94,22.56,0.2859,24.679993,10.59,1.02,0.106,8.0,0.0,GAMA,,,,False,True,True
560333,1,3.0,179.98442708,-0.54821528,179.98442708,-0.54821528,14.897,14.78,0.02347,0.02195,-20.27,11.12,21.87,22.76,24.47,0.1785,90.630005,9.9,0.71,0.119,8.0,0.0,GAMA,,,,False,True,True
560341,1,1.0,180.02339993,-0.49533155,180.02339993,-0.49533155,15.499,15.45,0.08183,0.08054,-22.5,5.04,20.48,21.93,23.49,0.2826,37.809998,11.18,1.32,0.116,8.0,0.0,GAMA,,,,False,True,True
560405,1,3.0,180.14316671,-0.53138021,180.14316671,-0.53138021,17.512,17.491,0.02282,0.02122,-17.48,3.14,20.64,21.83,23.44,0.7018,94.87,8.68,0.59,0.11,8.0,0.0,GAMA,,,,False,True,True
560407,1,2.5,180.15009646,-0.52691106,180.15009646,-0.52691106,15.679,15.691,0.08422,0.08293,-22.32,4.73,20.03,20.79,22.57,0.6362,17.850006,10.95,1.11,0.111,8.0,0.0,GAMA,,,,False,True,True
56055,1,-9.0,184.37666282,-0.23198852,184.37666282,-0.23198852,17.328,17.354,0.03517,0.03396,-18.6,1.07,19.28,20.31,21.96,0.2097,80.01,9.25,0.75,0.081,8.0,0.0,GAMA,,,,False,True,True
56061,1,3.0,184.42640759,-0.22620158,184.42640759,-0.22620158,17.789,17.822,0.04193,0.04071,-18.51,2.47,21.41,22.09,23.93,0.3087,164.32999,9.13,0.66,0.085,8.0,0.0,GAMA,,,,False,True,True
56064,4,2.0,184.46847924,-0.36212063,184.46847924,-0.36212063,15.326,15.328,0.04158,0.04036,-21.01,6.78,21.0,22.06,23.7,0.3107,173.45999,10.44,1.04,0.084,8.0,0.0,GAMA,,,,True,True,True
560718,1,3.0,181.33290147,-0.48020161,181.33290147,-0.48020161,17.071,16.996,0.0067,0.00481,-15.29,3.56,21.7,22.21,24.25,0.1391,52.37999,7.76,0.5,0.082,8.0,0.0,GAMA,,,,False,True,True
560779,1,3.0,181.75398791,-0.62858555,181.75398791,-0.62858555,18.349,18.447,0.02416,0.02271,-16.69,1.53,20.94,21.87,23.56,0.2984,131.70999,8.47,0.7,0.07,8.0,0.0,GAMA,,,,False,True,True
560883,1,1.5,182.18425615,-0.54084211,182.18425615,-0.54084211,14.775,14.711,0.06392,0.06266,-22.65,7.02,20.83,21.93,23.56,0.1439,145.05,11.21,1.24,0.079,8.0,0.0,GAMA,,,,False,True,True
560946,1,3.0,182.33178944,-0.52747095,182.33178944,-0.52747095,17.612,17.571,0.03636,0.03513,-18.47,4.43,22.4,22.97,24.92,0.3465,90.56,9.19,0.73,0.076,8.0,0.0,GAMA,,,,False,True,True
560982,1,0.5,182.4696995,-0.54747902,182.4696995,-0.54747902,16.413,16.367,0.05177,0.05053,-20.5,1.45,18.85,20.17,21.76,0.2527,150.26,10.31,1.18,0.078,8.0,0.0,GAMA,,,,False,True,True
561020,1,2.0,182.57448698,-0.51789345,182.57448698,-0.51789345,14.487,14.222,0.03612,0.0349,-21.84,13.37,20.72,22.12,23.7,0.5975,170.03,10.88,1.17,0.094,8.0,0.0,GAMA,,,,False,True,True
561143,1,3.0,183.01351063,-0.6068509,183.01351063,-0.6068509,15.914,15.837,0.03627,0.03505,-20.18,5.59,21.65,22.63,24.3,0.4738,30.119995,9.54,0.33,0.079,8.0,0.0,GAMA,,,,False,True,True
56140,4,1.0,184.66762679,-0.25646389,184.66762679,-0.25646389,15.086,15.015,0.08111,0.07985,-22.93,3.06,19.07,20.23,21.85,0.3537,19.86,11.3,1.25,0.101,8.0,0.0,GAMA,,,,True,True,True
561488,1,1.5,183.86994796,-0.4996142,183.86994796,-0.4996142,16.468,16.481,0.02251,0.02087,-18.48,3.12,20.35,21.9,23.46,0.3111,172.09,9.32,0.88,0.075,8.0,0.0,GAMA,,,,False,True,True
56181,1,0.0,184.83688992,-0.2415394,184.83688992,-0.2415394,16.133,16.144,0.05182,0.05059,-20.74,1.86,19.36,20.43,22.07,0.1231,83.20999,10.32,1.05,0.093,8.0,0.0,GAMA,,,,False,True,True
56183,3,3.0,184.85244706,-0.29409913,184.85244706,-0.29409913,16.692,16.541,0.04026,0.03904,-19.72,3.58,21.2,21.71,23.75,0.2303,136.91,9.5,0.52,0.087,8.0,0.0,GAMA,,,,True,True,True
561856,4,2.0,185.08173947,-0.52423688,185.08173947,-0.52423688,15.961,15.951,0.04085,0.03963,-20.35,3.9,20.55,21.71,23.33,0.2617,4.25,10.02,0.84,0.089,8.0,0.0,GAMA,,,,True,True,True
561891,1,3.0,185.29543963,-0.50698146,185.29543963,-0.50698146,17.353,17.329,0.04085,0.03964,-18.95,6.7,22.19,22.84,24.71,0.6951,106.15,9.39,0.75,0.102,8.0,0.0,GAMA,,,,False,True,True
567445,1,1.5,211.68883024,-0.59645122,211.68883024,-0.59645122,17.432,17.441,0.05374,0.05281,-19.53,1.8,19.18,20.08,21.78,0.7786,72.47,10.08,1.36,0.163,8.0,0.0,GAMA,,,,False,True,True
567545,1,2.0,212.10361923,-0.58913876,212.10361923,-0.58913876,15.036,15.025,0.05365,0.05273,-21.93,9.0,21.23,22.4,24.01,0.3671,95.93,10.84,1.11,0.16,8.0,0.0,GAMA,,,,False,True,True
567586,1,3.0,212.2792782,-0.46583467,212.2792782,-0.46583467,18.396,18.266,0.02485,0.02388,-17.0,4.15,23.27,23.9,25.78,0.2946,165.3,8.63,0.71,0.156,8.0,0.0,GAMA,,,,False,True,True
567598,1,2.0,212.43417428,-0.44839094,212.43417428,-0.44839094,15.6,15.615,0.05525,0.05433,-21.42,4.83,20.14,20.94,22.69,0.5917,117.45999,10.67,1.14,0.172,8.0,0.0,GAMA,,,,False,True,True
567624,1,3.0,212.55950089,-0.57853003,212.55950089,-0.57853003,16.242,16.257,0.02669,0.02578,-19.09,6.17,20.7,21.28,23.21,0.7841,66.57001,9.35,0.62,0.171,8.0,0.0,GAMA,,,,False,True,True
567676,1,3.0,212.76660435,-0.54511067,212.76660435,-0.54511067,18.162,18.104,0.0268,0.0259,-17.24,4.26,23.18,23.78,25.7,0.1654,94.229996,8.57,0.56,0.191,8.0,0.0,GAMA,,,,False,True,True
567678,1,2.0,212.83456679,-0.49744635,212.83456679,-0.49744635,17.139,17.149,0.02609,0.02517,-18.16,2.69,20.5,21.45,23.13,0.5582,60.36,9.44,1.18,0.198,8.0,0.0,GAMA,,,,False,True,True
567682,3,3.0,212.88003193,-0.51341459,212.88003193,-0.51341459,18.549,18.553,0.02859,0.02771,-16.92,1.44,20.43,21.39,23.07,0.5999,126.02,8.46,0.6,0.201,8.0,0.0,GAMA,,,,True,True,True
567736,1,3.0,213.05272748,-0.61270201,213.05272748,-0.61270201,17.006,16.796,0.02597,0.02505,-18.45,3.29,20.86,21.35,23.41,0.4719,168.18,8.69,0.13,0.185,8.0,0.0,GAMA,,,,False,True,True
567750,2,3.0,213.04821477,-0.61606001,213.04821477,-0.61606001,18.977,18.836,0.02713,0.02624,-16.58,2.86,22.63,23.36,25.15,0.4348,60.08,8.36,0.6,0.185,8.0,0.0,GAMA,,,,True,True,True
567760,3,3.0,213.07540672,-0.56929881,213.07540672,-0.56929881,17.358,17.752,0.02631,0.0254,-17.54,8.41,23.7,24.56,26.28,0.2759,40.549988,8.46,0.3,0.185,8.0,0.0,GAMA,,,,True,True,True
567876,2,3.0,213.51307307,-0.45986511,213.51307307,-0.45986511,18.971,18.941,0.02656,0.02567,-16.41,1.93,21.68,22.15,24.24,0.5358,33.809998,8.32,0.66,0.167,8.0,0.0,GAMA,,,,True,True,True
567983,2,3.0,213.7196795,-0.42616554,213.7196795,-0.42616554,18.19,18.193,0.0294,0.02853,-17.36,2.95,21.45,21.81,24.19,0.6957,83.17999,8.53,0.47,0.162,8.0,0.0,GAMA,,,,True,True,True
568549,1,2.0,215.4804151,-0.55657928,215.4804151,-0.55657928,15.165,15.152,0.05364,0.05277,-21.79,6.27,20.28,21.3,22.95,0.5629,22.170013,10.69,0.98,0.185,8.0,0.0,GAMA,,,,False,True,True
568817,1,-9.0,216.61774609,-0.57027151,216.61774609,-0.57027151,15.23,15.233,0.07407,0.0732,-22.46,3.84,20.16,21.27,22.9,0.0113,31.170013,10.97,1.04,0.171,8.0,0.0,GAMA,,,,False,True,True
569433,1,3.0,219.18093982,-0.56704862,219.18093982,-0.56704862,16.543,16.534,0.03778,0.03698,-19.59,5.84,21.99,22.8,24.55,0.3085,164.4,9.63,0.73,0.144,8.0,0.0,GAMA,,,,False,True,True
569466,1,2.0,219.23501366,-0.46301599,219.23501366,-0.46301599,15.769,15.711,0.08261,0.08178,-22.28,4.53,20.23,21.58,23.17,0.4732,150.42,11.14,1.39,0.135,8.0,0.0,GAMA,,,,False,True,True
569555,1,1.5,219.4072121,-0.58369517,219.4072121,-0.58369517,15.962,15.944,0.0577,0.05689,-21.17,2.66,19.67,20.5,22.23,0.3926,76.84,10.44,0.98,0.135,8.0,0.0,GAMA,,,,False,True,True
570033,3,3.0,221.65662452,-0.54598677,221.65662452,-0.54598677,16.752,16.146,0.05742,0.05665,-21.12,6.06,20.98,21.57,23.5,0.7965,24.179993,10.99,1.51,0.155,8.0,0.0,GAMA,,,,True,True,True
570090,3,2.5,221.89540658,-0.51579302,221.89540658,-0.51579302,15.886,15.754,0.03522,0.03447,-20.25,12.58,21.23,22.11,23.82,0.8613,59.089996,10.11,0.99,0.169,8.0,0.0,GAMA,,,,True,True,True
570110,3,3.0,222.03274125,-0.45994644,222.03274125,-0.45994644,19.431,18.773,0.02885,0.02813,,1.12,21.75,23.16,24.73,0.4682,34.829994,8.42,0.61,0.177,8.0,0.0,GAMA,,,,True,True,True
570114,3,3.0,222.17074931,-0.58504643,222.17074931,-0.58504643,17.591,17.601,0.04388,0.04313,-18.88,2.77,21.58,22.1,24.11,0.296,142.94,9.21,0.57,0.184,8.0,0.0,GAMA,,,,True,True,True
570119,1,3.0,222.13517915,-0.57530968,222.13517915,-0.57530968,16.609,16.516,0.04392,0.04317,-19.92,5.85,22.15,22.9,24.68,0.4833,34.660004,9.56,0.5,0.186,8.0,0.0,GAMA,,,,False,True,True
570174,1,3.0,222.60503394,-0.46931853,222.60503394,-0.46931853,18.034,17.512,0.04293,0.04219,-19.03,10.68,24.33,25.45,27.07,0.2919,168.45999,9.81,1.14,0.182,8.0,0.0,GAMA,,,,False,True,True
570197,1,2.5,222.66575754,-0.47495826,222.66575754,-0.47495826,16.64,16.65,0.04318,0.04244,-19.79,1.53,18.91,19.72,21.47,0.5189,37.710007,9.66,0.67,0.181,8.0,0.0,GAMA,,,,False,True,True
570203,1,0.5,222.73125024,-0.49237623,222.73125024,-0.49237623,14.998,14.918,0.04335,0.04261,-21.56,5.32,20.25,21.95,23.49,0.1749,107.3,10.78,1.22,0.183,8.0,0.0,GAMA,,,,False,True,True
570206,1,1.5,222.76246336,-0.52708988,222.76246336,-0.52708988,15.52,15.524,0.04381,0.04307,-20.96,5.83,20.6,22.07,23.64,0.4524,6.950012,10.5,1.16,0.183,8.0,0.0,GAMA,,,,False,True,True
570207,1,1.0,222.76628131,-0.46221403,222.76628131,-0.46221403,15.226,15.095,0.04399,0.04325,-21.42,5.64,20.2,21.56,23.14,0.4777,146.66,10.75,1.24,0.193,8.0,0.0,GAMA,,,,False,True,True
570214,1,-9.0,222.74159767,-0.4962494,222.74159767,-0.4962494,18.494,18.297,0.04453,0.04379,-18.19,0.78,19.86,20.98,22.61,0.1752,139.34,9.34,1.1,0.184,8.0,0.0,GAMA,,,,False,True,True
570227,1,2.0,222.80167403,-0.45687693,222.80167403,-0.45687693,15.423,15.383,0.04413,0.04339,-21.14,5.79,20.31,21.46,23.08,0.5744,7.4299927,10.64,1.24,0.199,8.0,0.0,GAMA,,,,False,True,True
570233,1,3.0,222.83078118,-0.41987461,222.83078118,-0.41987461,18.746,18.774,0.04347,0.04274,-17.65,1.63,21.05,21.78,23.58,0.584,9.119995,9.07,1.02,0.202,8.0,0.0,GAMA,,,,False,True,True
570240,1,1.0,222.93824858,-0.51252078,222.93824858,-0.51252078,16.682,16.639,0.0439,0.04317,-19.86,1.86,19.23,20.64,22.21,0.5104,177.93,10.05,1.15,0.194,8.0,0.0,GAMA,,,,False,True,True
570364,1,3.0,223.39814361,-0.43656896,223.39814361,-0.43656896,16.859,16.786,0.04302,0.0423,-19.63,5.75,22.45,23.21,24.99,0.1813,49.820007,9.47,0.52,0.218,8.0,0.0,GAMA,,,,False,True,True
572402,1,2.5,134.44715761,-0.19996073,134.44715761,-0.19996073,14.382,14.372,0.0293,0.02827,-21.18,5.33,19.91,20.95,22.6,0.0913,115.76,10.32,0.79,0.118,8.0,0.0,GAMA,,,,False,True,True
573586,1,2.5,129.1255729,-0.08624264,129.1255729,-0.08624264,16.164,16.18,0.05297,0.05197,-20.7,3.86,20.88,21.61,23.41,0.2369,159.32,10.03,0.71,0.165,8.0,0.0,GAMA,,,,False,True,True
573617,1,1.5,129.27720437,-0.18714711,129.27720437,-0.18714711,17.063,17.027,0.05235,0.05135,-19.86,2.88,20.11,21.41,23.0,0.6764,95.08,10.07,1.17,0.15,8.0,0.0,GAMA,,,,False,True,True
573620,1,3.0,129.29406495,-0.10437752,129.29406495,-0.10437752,17.824,17.827,0.03883,0.03784,-18.37,2.99,20.89,21.47,23.4,0.7394,106.85,9.35,0.99,0.158,8.0,0.0,GAMA,,,,False,True,True
573621,1,2.0,129.32407282,-0.08586238,129.32407282,-0.08586238,16.705,16.705,0.05328,0.05228,-20.23,5.08,20.59,21.64,23.29,0.7819,87.51001,10.22,1.16,0.158,8.0,0.0,GAMA,,,,False,True,True
573625,1,2.0,129.38191751,-0.04488618,129.38191751,-0.04488618,15.496,15.479,0.03601,0.03502,-20.57,7.39,20.98,22.22,23.82,0.5187,156.86,10.28,1.07,0.158,8.0,0.0,GAMA,,,,False,True,True
573736,1,3.0,129.85892654,-0.19714267,129.85892654,-0.19714267,17.389,17.39,0.05205,0.05104,-19.46,2.57,20.82,21.15,23.61,0.5059,169.78,9.44,0.57,0.13,3.0,0.0,GAMA,,,,False,True,True
573756,1,3.0,129.98087125,-0.18774618,129.98087125,-0.18774618,18.133,18.241,0.02518,0.02437,-16.95,7.4,22.68,23.29,25.19,0.8345,146.04,8.55,0.68,0.119,8.0,0.0,GAMA,,,,False,True,True
573776,1,2.5,130.07845067,-0.00295952,130.07845067,-0.00295952,15.723,15.72,0.03859,0.03759,-20.48,8.0,20.68,21.24,23.2,0.7823,175.49,10.27,1.09,0.147,8.0,0.0,GAMA,,,,False,True,True
573872,1,3.0,130.48617572,-0.06020826,130.48617572,-0.06020826,16.981,16.745,0.01081,0.01022,-16.54,6.74,21.96,22.7,24.49,0.6039,171.87,8.2,0.43,0.125,8.0,0.0,GAMA,,,,False,True,True
573915,1,2.5,130.61363005,-0.14516727,130.61363005,-0.14516727,15.39,15.368,0.05293,0.05191,-21.52,5.53,21.01,22.03,23.68,0.078,164.37,10.49,0.86,0.115,8.0,0.0,GAMA,,,,False,True,True
574008,1,3.0,131.02734909,-0.10349761,131.02734909,-0.10349761,15.756,15.547,0.05224,0.05121,-21.31,5.44,21.01,21.93,23.62,0.4689,57.300003,10.18,0.58,0.131,8.0,0.0,GAMA,,,,False,True,True
574029,1,3.0,131.07729226,-0.0492133,131.07729226,-0.0492133,16.017,16.022,0.05247,0.05144,-20.85,2.8,20.09,21.04,22.72,0.2321,62.579987,10.04,0.64,0.154,8.0,0.0,GAMA,,,,False,True,True
574193,1,3.0,134.4343734,-0.04480745,134.4343734,-0.04480745,18.334,18.356,0.04475,0.04369,-18.14,5.22,23.69,24.47,26.24,0.1848,49.22,8.73,0.35,0.105,3.0,0.0,GAMA,,,,False,True,True
574200,1,3.0,134.52337257,-0.02114556,134.52337257,-0.02114556,16.346,16.36,0.0296,0.02856,-19.21,4.74,20.08,20.86,22.63,0.7916,168.61,9.37,0.59,0.102,8.0,0.0,GAMA,,,,False,True,True
574285,1,2.0,134.94532974,-0.00561173,134.94532974,-0.00561173,15.087,15.072,0.05381,0.05273,-21.9,6.5,20.17,21.61,23.18,0.5399,64.39,10.92,1.24,0.121,8.0,0.0,GAMA,,,,False,True,True
574313,1,3.0,135.22169082,-0.05522798,135.22169082,-0.05522798,18.731,18.72,0.04303,0.04196,-17.69,2.06,21.44,22.2,23.98,0.5857,44.61,8.89,0.77,0.136,3.0,0.0,GAMA,,,,False,True,True
574423,1,0.5,135.75994021,-0.20038809,135.75994021,-0.20038809,15.643,15.588,0.05469,0.0536,-21.41,4.38,20.39,21.87,23.43,0.2613,153.81,10.74,1.25,0.152,8.0,0.0,GAMA,,,,False,True,True
574572,1,3.0,136.33632961,-0.03699691,136.33632961,-0.03699691,16.706,16.737,0.01987,0.01909,-17.93,1.88,20.12,20.84,22.64,0.0824,15.619995,8.76,0.46,0.158,8.0,0.0,GAMA,,,,False,True,True
574617,1,2.0,136.43827158,-0.19325484,136.43827158,-0.19325484,16.638,16.666,0.07754,0.07642,-21.12,2.42,20.49,21.32,23.05,0.1477,131.92001,10.33,0.9,0.156,3.0,0.0,GAMA,,,,False,True,True
574692,1,3.0,136.73746951,-0.12355013,136.73746951,-0.12355013,15.632,15.606,0.01966,0.01886,-19.05,4.39,20.51,21.26,23.05,0.3653,156.92,9.31,0.59,0.129,8.0,0.0,GAMA,,,,False,True,True
574934,1,3.0,,,,,,,,,,,,,,,,,,,,,,,,,False,True,False
575097,1,3.0,138.47469528,-0.04402759,138.47469528,-0.04402759,17.61,17.57,0.0561,0.05498,-19.48,3.2,20.35,20.92,22.87,0.8212,26.360016,9.89,1.14,0.099,3.0,0.0,GAMA,,,,False,True,True
575339,1,0.0,139.48490435,-0.10136639,139.48490435,-0.10136639,16.391,16.41,0.05873,0.05759,-20.74,1.66,19.41,20.87,22.43,0.014,70.07001,10.41,1.18,0.11,8.0,0.0,GAMA,,,,False,True,True
575532,1,2.0,140.35453114,-0.06211584,140.35453114,-0.06211584,16.027,16.036,0.08894,0.08776,-22.11,4.43,20.5,21.82,23.4,0.4508,13.279999,11.03,1.34,0.098,8.0,0.0,GAMA,,,,False,True,True
575579,1,3.0,140.57272926,-0.1925925,140.57272926,-0.1925925,18.439,17.939,0.05412,0.05298,-19.09,1.79,20.6,21.23,23.11,0.6757,73.42,10.13,1.55,0.105,8.0,0.0,GAMA,,,,False,True,True
575623,1,3.0,140.70824598,-0.15078249,140.70824598,-0.15078249,18.185,18.17,0.02134,0.02038,-16.67,1.6,20.62,21.66,23.31,0.4008,68.67,8.38,0.62,0.101,8.0,0.0,GAMA,,,,False,True,True
575625,1,2.0,140.73143347,-0.06198592,140.73143347,-0.06198592,16.624,16.608,0.05583,0.05468,-20.44,4.35,20.84,21.73,23.43,0.5939,85.73999,10.24,1.1,0.097,8.0,0.0,GAMA,,,,False,True,True
575670,1,2.5,140.93491239,-0.18723847,140.93491239,-0.18723847,16.659,16.648,0.05716,0.05601,-20.46,5.62,20.99,21.72,23.51,0.7531,173.78,10.43,1.33,0.103,8.0,0.0,GAMA,,,,False,True,True
583427,1,2.0,174.76387764,-0.20600145,174.76387764,-0.20600145,13.754,13.727,0.02005,0.01809,-21.01,16.83,20.04,20.97,22.66,0.815,130.97,10.6,1.19,0.093,8.0,0.0,GAMA,,,,False,True,True
583443,1,3.0,174.88167563,-0.15989866,174.88167563,-0.15989866,17.599,17.606,0.0297,0.02845,-17.96,3.16,21.98,22.65,24.5,0.1535,126.7,8.93,0.66,0.085,8.0,0.0,GAMA,,,,False,True,True
583479,1,3.0,,,,,,,,,,,,,,,,,,,,,,,,,False,True,False
583508,1,3.0,175.30472873,-0.20120733,175.30472873,-0.20120733,17.429,17.429,0.0292,0.02795,-18.08,4.43,21.97,22.51,24.49,0.5041,132.5,8.92,0.59,0.087,8.0,0.0,GAMA,,,,False,True,True
583551,1,3.0,175.47167078,-0.16605334,175.47167078,-0.16605334,18.107,18.145,0.04121,0.03995,-18.17,5.11,21.3,22.23,23.92,0.892,31.190002,8.98,0.64,0.092,3.0,0.0,GAMA,,,,False,True,True
583637,1,2.0,175.82494029,-0.18160958,175.82494029,-0.18160958,16.605,16.589,0.05771,0.05643,-20.49,3.28,21.15,21.94,23.7,0.054,141.84,10.01,0.78,0.089,8.0,0.0,GAMA,,,,False,True,True
583716,1,3.0,176.23359094,-0.05397312,176.23359094,-0.05397312,18.709,18.676,0.02034,0.01839,-16.11,3.47,22.84,23.91,25.55,0.3809,168.14,8.23,0.69,0.081,8.0,0.0,GAMA,,,,False,True,True
583723,1,0.0,176.31667533,-0.19882604,176.31667533,-0.19882604,15.722,15.697,0.09456,0.09324,-22.59,7.1,21.5,23.17,24.72,0.1144,6.7099915,11.2,1.33,0.077,8.0,0.0,GAMA,,,,False,True,True
583744,1,3.0,176.40711697,-0.07212981,176.40711697,-0.07212981,18.508,18.501,0.02144,0.01966,-16.36,1.11,20.06,21.1,22.75,0.4841,164.73999,8.26,0.62,0.079,8.0,0.0,GAMA,,,,False,True,True
584013,1,2.0,177.87897771,-0.0777587,177.87897771,-0.0777587,15.37,15.351,0.04896,0.0477,-21.37,3.59,19.81,20.76,22.44,0.2946,5.0999985,10.46,0.9,0.105,8.0,0.0,GAMA,,,,False,True,True
584682,1,1.0,180.12030499,-0.12357536,180.12030499,-0.12357536,15.094,14.943,0.08256,0.08127,-23.04,9.49,21.16,22.56,24.13,0.3967,61.34999,11.4,1.33,0.09,8.0,0.0,GAMA,,,,False,True,True
584731,1,3.0,180.19870788,-0.02333457,180.19870788,-0.02333457,17.538,15.152,0.00852,0.00644,-17.67,29.4,24.33,25.47,27.1,0.1947,50.740005,8.84,0.64,0.094,8.0,0.0,GAMA,,,,False,True,True
585035,1,3.0,180.89627079,-0.04035679,180.89627079,-0.04035679,17.213,17.17,0.03786,0.03663,-18.93,4.96,21.52,22.4,24.11,0.6835,179.45999,9.09,0.37,0.082,8.0,0.0,GAMA,,,,False,True,True
585121,1,3.0,181.19287684,-0.01537926,181.19287684,-0.01537926,16.992,17.007,0.04169,0.04045,-19.33,3.0,21.07,21.89,23.63,0.2723,169.93,9.55,0.77,0.088,8.0,0.0,GAMA,,,,False,True,True
585196,1,0.5,181.62186524,-0.17240429,181.62186524,-0.17240429,17.248,17.247,0.09362,0.09232,-21.02,1.98,20.4,21.6,23.21,0.2273,153.8,10.55,1.31,0.081,3.0,0.0,GAMA,,,,False,True,True
585215,1,0.0,181.67924097,-0.2038787,181.67924097,-0.2038787,16.222,16.19,0.09408,0.09278,-22.1,3.1,20.38,21.74,23.32,0.1342,116.85,11.03,1.36,0.078,8.0,0.0,GAMA,,,,False,True,True
585226,1,3.0,181.85331407,-0.15831819,181.85331407,-0.15831819,15.281,15.4,0.02285,0.02125,-19.6,7.42,21.49,22.37,24.08,0.3394,170.48001,9.62,0.69,0.076,8.0,0.0,GAMA,,,,False,True,True
585231,1,3.0,181.78147416,-0.0201867,181.78147416,-0.0201867,17.083,17.015,0.02257,0.02094,-17.92,4.52,22.01,22.73,24.53,0.4066,87.83002,8.76,0.46,0.075,8.0,0.0,GAMA,,,,False,True,True
585314,1,3.0,182.23166335,-0.0925008,182.23166335,-0.0925008,17.44,17.44,0.04178,0.04055,-18.9,3.11,20.6,21.37,23.14,0.7105,47.100006,9.18,0.53,0.08,8.0,0.0,GAMA,,,,False,True,True
585359,1,2.5,182.47119622,-0.0160222,182.47119622,-0.0160222,15.294,15.287,0.03648,0.03526,-20.77,6.48,20.84,21.65,23.4,0.5596,177.94,10.32,1.0,0.089,8.0,0.0,GAMA,,,,False,True,True
585386,1,2.0,182.64824873,-0.17149543,182.64824873,-0.17149543,15.008,14.907,0.05166,0.05042,-21.94,5.87,20.52,21.67,23.29,0.2606,91.049995,10.68,0.89,0.098,8.0,0.0,GAMA,,,,False,True,True
585420,1,3.0,182.8216225,-0.09641319,182.8216225,-0.09641319,18.571,18.368,0.02207,0.02037,-16.53,28.8,24.79,26.09,27.68,0.7732,25.390015,8.5,0.81,0.088,8.0,0.0,GAMA,,,,False,True,True
585422,1,3.0,182.67624829,-0.15891999,182.67624829,-0.15891999,16.324,16.317,0.05158,0.05034,-20.52,3.87,20.57,21.15,23.08,0.5073,25.089996,10.02,0.77,0.096,8.0,0.0,GAMA,,,,False,True,True
585561,1,-9.0,183.36181934,-0.09670388,183.36181934,-0.09670388,15.976,15.975,0.02262,0.021,-19.01,4.32,20.96,22.07,23.7,0.1152,137.81,9.63,1.01,0.075,8.0,0.0,GAMA,,,,False,True,True
585659,1,3.0,183.87770471,-0.04940701,183.87770471,-0.04940701,16.787,16.708,0.02613,0.02484,-18.58,5.87,21.87,22.66,24.41,0.5375,6.919998,9.23,0.71,0.078,8.0,0.0,GAMA,,,,False,True,True
585694,1,3.0,184.09470302,-0.13518803,184.09470302,-0.13518803,18.323,18.287,0.02606,0.02476,-16.99,1.65,20.98,21.66,23.5,0.4006,26.970001,8.56,0.68,0.083,8.0,0.0,GAMA,,,,False,True,True
585755,1,2.0,184.18922747,-0.10349214,184.18922747,-0.10349214,16.634,16.633,0.04149,0.04027,-19.7,5.09,21.09,22.09,23.75,0.6259,93.75,9.7,0.77,0.091,8.0,0.0,GAMA,,,,False,True,True
586326,1,3.0,184.51375147,-0.0104746,184.51375147,-0.0104746,17.154,17.163,0.03512,0.03391,-18.78,9.43,22.62,23.63,25.29,0.7437,161.49,9.18,0.56,0.102,8.0,0.0,GAMA,,,,False,True,True
586330,1,1.0,184.5454927,-0.16369758,184.5454927,-0.16369758,16.207,16.154,0.03961,0.03839,-20.1,1.94,18.74,19.97,21.57,0.5546,131.95001,10.18,1.18,0.09,8.0,0.0,GAMA,,,,False,True,True
586494,1,3.0,185.16542261,-0.02581702,185.16542261,-0.02581702,16.068,16.068,0.03072,0.02952,-19.58,9.28,21.07,21.86,23.62,0.8249,150.82,9.53,0.61,0.094,8.0,0.0,GAMA,,,,False,True,True
592216,1,2.5,212.10443629,-0.10648979,212.10443629,-0.10648979,17.105,17.109,0.05219,0.05127,-19.78,7.09,21.52,22.01,24.07,0.8351,132.71,10.03,1.15,0.146,8.0,0.0,GAMA,,,,False,True,True
592294,1,1.0,212.46547776,-0.08301355,212.46547776,-0.08301355,16.053,16.02,0.05559,0.05467,-21.01,2.15,18.9,20.24,21.83,0.5316,13.869995,10.55,1.21,0.153,8.0,0.0,GAMA,,,,False,True,True
592401,2,3.0,212.89295342,-0.11122683,212.89295342,-0.11122683,18.421,18.429,0.02651,0.02561,-16.86,2.47,22.22,22.83,24.73,0.2241,158.99,8.29,0.42,0.168,8.0,0.0,GAMA,,,,True,True,True
592419,1,1.0,212.96504762,-0.05089975,212.96504762,-0.05089975,17.346,17.324,0.05586,0.05495,-19.73,2.17,19.66,20.85,22.46,0.727,54.649994,10.11,1.31,0.172,8.0,0.0,GAMA,,,,False,True,True
592421,2,2.0,212.97421896,-0.03418646,212.97421896,-0.03418646,14.795,14.799,0.05398,0.05307,-22.16,7.14,20.76,21.67,23.37,0.283,100.53001,10.85,1.01,0.174,8.0,0.0,GAMA,,,,True,True,True
592466,2,3.0,213.07908644,-0.12268602,213.07908644,-0.12268602,17.201,17.146,0.01892,0.01749,-17.4,4.27,20.74,21.29,23.27,0.792,138.37,8.47,0.36,0.167,8.0,0.0,GAMA,,,,True,True,True
592542,2,3.0,213.37638152,-0.12570045,213.37638152,-0.12570045,18.354,18.388,0.02682,0.02593,-16.94,2.54,21.93,22.71,24.47,0.3966,177.06,8.31,0.41,0.169,8.0,0.0,GAMA,,,,True,True,True
592835,1,3.0,214.25931319,-0.16361749,214.25931319,-0.16361749,15.679,15.683,0.05241,0.05152,-21.2,4.26,20.1,20.86,22.64,0.548,111.69,10.36,0.87,0.143,8.0,0.0,GAMA,,,,False,True,True
592858,1,1.5,214.28213325,-0.01523894,214.28213325,-0.01523894,15.981,15.901,0.05368,0.05279,-21.08,4.15,19.51,20.79,22.38,0.743,152.93,10.69,1.36,0.136,8.0,0.0,GAMA,,,,False,True,True
592863,1,3.0,214.33856074,-0.16909769,214.33856074,-0.16909769,17.093,17.087,0.0445,0.04362,-19.41,6.33,22.9,23.73,25.47,0.1394,30.720001,9.46,0.63,0.15,8.0,0.0,GAMA,,,,False,True,True
592999,1,2.5,215.06155881,-0.07937635,215.06155881,-0.07937635,16.03,16.038,0.05366,0.05278,-20.89,4.24,20.56,21.4,23.13,0.473,129.15,10.26,0.89,0.161,8.0,0.0,GAMA,,,,False,True,True
593117,1,2.5,215.54899169,-0.13128474,215.54899169,-0.13128474,16.667,16.67,0.05487,0.054,-20.3,2.93,19.99,20.81,22.55,0.6294,70.97,10.02,0.88,0.127,8.0,0.0,GAMA,,,,False,True,True
593526,2,3.0,216.81878226,-0.09007587,216.81878226,-0.09007587,16.801,16.815,0.0314,0.03057,-18.89,2.45,20.14,21.04,22.74,0.4938,137.19,9.32,0.69,0.151,8.0,0.0,GAMA,,,,True,True,True
593642,3,1.5,217.36247155,-0.20891587,217.36247155,-0.20891587,17.088,17.072,0.03607,0.03525,-18.97,3.4,20.87,22.21,23.8,0.5103,13.209991,9.65,1.06,0.159,8.0,0.0,GAMA,,,,True,True,True
593645,1,3.0,217.39416377,-0.01822877,217.39416377,-0.01822877,14.104,16.232,0.00635,0.00516,-15.92,11.65,21.7,22.43,24.23,0.3935,107.0,8.0,0.5,0.166,8.0,0.0,GAMA,,,,False,True,True
593680,1,3.0,217.44190016,-0.15238661,217.44190016,-0.15238661,15.154,15.141,0.03082,0.03,-20.55,11.53,20.55,21.25,23.07,0.841,114.840004,10.41,1.2,0.164,8.0,0.0,GAMA,,,,False,True,True
593682,1,3.0,217.44974061,-0.2074116,217.44974061,-0.2074116,17.358,17.199,0.03111,0.03029,-18.46,6.91,22.01,22.97,24.65,0.7485,140.29001,9.04,0.55,0.163,8.0,0.0,GAMA,,,,False,True,True
593813,1,1.0,217.90934792,-0.17476242,217.90934792,-0.17476242,16.308,16.253,0.09308,0.09222,-22.02,2.29,19.41,20.62,22.22,0.5244,48.58,10.99,1.35,0.156,8.0,0.0,GAMA,,,,False,True,True
594049,1,0.0,218.93554344,-0.01336915,218.93554344,-0.01336915,13.912,13.39,0.03026,0.02947,-22.26,28.64,21.81,23.52,25.06,0.3352,21.169998,11.07,1.18,0.155,8.0,0.0,GAMA,,,,False,True,True
594053,1,1.5,218.99785448,-0.12303721,218.99785448,-0.12303721,16.045,15.913,0.0568,0.05599,-21.17,2.24,19.42,20.97,22.52,0.1719,55.83,10.54,1.14,0.156,8.0,0.0,GAMA,,,,False,True,True
594059,1,3.0,218.90932512,-0.09702248,218.90932512,-0.09702248,16.474,16.435,0.03025,0.02946,-19.17,7.7,22.48,23.32,25.05,0.3119,138.38,9.48,0.74,0.159,8.0,0.0,GAMA,,,,False,True,True
594265,1,3.0,219.60495986,-0.18893489,219.60495986,-0.18893489,17.191,17.153,0.0344,0.03362,-18.75,2.37,20.56,21.41,23.14,0.3878,169.54999,9.02,0.39,0.144,8.0,0.0,GAMA,,,,False,True,True
594313,1,2.0,219.67910606,-0.00774326,219.67910606,-0.00774326,15.009,15.01,0.03439,0.03361,-20.92,8.11,20.17,21.11,22.79,0.7391,166.87,10.51,1.15,0.167,8.0,0.0,GAMA,,,,False,True,True
594364,1,3.0,219.83213233,-0.15888068,219.83213233,-0.15888068,17.908,17.91,0.03847,0.03769,-18.26,4.54,21.48,22.02,24.01,0.8163,84.09,9.19,0.85,0.147,8.0,0.0,GAMA,,,,False,True,True
594674,1,3.0,221.02720314444443,-0.0058916,221.0277587,-0.0058916,17.195,17.158,0.03506,0.0343,-18.81,3.74,21.97,22.61,24.48,0.1793,122.31999,9.15,0.5,0.157,8.0,5.0,GAMA,,,,False,True,True
594723,1,3.0,221.31587273,-0.15953353,221.31587273,-0.15953353,15.034,14.89,0.00655,0.00548,-17.35,10.73,21.7,22.46,24.23,0.3286,144.18,8.78,0.74,0.143,8.0,0.0,GAMA,,,,False,True,True
594731,1,3.0,221.38717824,-0.19267434,221.38717824,-0.19267434,17.372,17.371,0.04071,0.03995,-18.92,2.41,21.03,21.61,23.55,0.2708,170.95,9.31,0.68,0.14,8.0,0.0,GAMA,,,,False,True,True
594785,1,3.0,221.63487234,-0.20003009,221.63487234,-0.20003009,18.839,18.797,0.02847,0.02774,-16.68,1.7,21.35,22.14,23.9,0.4944,15.550003,8.35,0.56,0.15,8.0,0.0,GAMA,,,,False,True,True
594834,1,2.0,221.89589117,-0.12207094,221.89589117,-0.12207094,16.224,16.203,0.05728,0.05652,-20.89,2.54,19.73,20.73,22.39,0.3923,167.18,10.45,1.14,0.161,8.0,0.0,GAMA,,,,False,True,True
594906,1,3.0,222.36207929,-0.16420126,222.36207929,-0.16420126,16.394,16.371,0.0417,0.04096,-19.98,1.86,19.47,20.1,21.98,0.3057,36.79001,9.77,0.71,0.167,8.0,0.0,GAMA,,,,False,True,True
594918,1,3.0,222.48808604,-0.17587134,222.48808604,-0.17587134,17.695,17.699,0.04401,0.04327,-18.78,2.68,21.77,22.47,24.29,0.1323,7.26001,9.38,0.84,0.169,8.0,0.0,GAMA,,,,False,True,True
594946,1,0.5,222.62918004,-0.12903176,222.62918004,-0.12903176,17.183,17.185,0.04464,0.0439,-19.34,2.53,20.91,21.84,23.53,0.2762,144.25,9.88,1.19,0.169,8.0,0.0,GAMA,,,,False,True,True
594964,1,3.0,222.66109306,-0.12232234,222.66109306,-0.12232234,18.268,18.215,0.0431,0.04236,-18.16,3.22,21.47,21.84,24.16,0.7314,66.54999,8.92,0.57,0.171,3.0,0.0,GAMA,,,,False,True,True
594967,1,3.0,222.75896089,-0.13985383,222.75896089,-0.13985383,18.259,18.239,0.04228,0.04155,-18.14,2.18,21.39,21.9,23.94,0.4737,40.059998,9.02,0.7,0.176,8.0,0.0,GAMA,,,,False,True,True
594970,1,3.0,222.79037163,-0.12452477,222.79037163,-0.12452477,18.602,18.583,0.04481,0.04407,-17.93,1.97,21.35,21.99,23.86,0.5434,13.809998,9.08,0.88,0.178,8.0,0.0,GAMA,,,,False,True,True
594986,1,3.0,222.81599449,-0.16326804,222.81599449,-0.16326804,16.637,16.519,0.04349,0.04276,-20.01,5.09,20.79,21.57,23.34,0.7415,4.2900085,10.23,1.25,0.184,8.0,0.0,GAMA,,,,False,True,True
594990,1,1.5,222.80149312,-0.06084918,222.80149312,-0.06084918,15.922,15.92,0.04428,0.04355,-20.59,3.91,20.64,21.8,23.41,0.2571,61.639984,10.34,1.14,0.178,8.0,0.0,GAMA,,,,False,True,True
594992,1,5.0,222.80352156,-0.03154069,222.80352156,-0.03154069,18.24,18.2,0.04305,0.04232,-18.18,1.28,20.57,21.86,23.45,0.2305,159.7,9.35,1.08,0.177,8.0,0.0,GAMA,,,,False,True,True
595027,1,3.0,223.1331309,-0.16634394,223.1331309,-0.16634394,16.498,16.479,0.0432,0.04247,-19.97,7.16,21.24,21.62,23.91,0.794,115.909996,9.88,0.86,0.197,8.0,0.0,GAMA,,,,False,True,True
595060,1,2.0,223.37383729,-0.2084369,223.37383729,-0.2084369,15.58,15.544,0.04515,0.04442,-20.99,4.23,20.59,21.71,23.34,0.0821,80.95999,10.29,0.87,0.207,8.0,0.0,GAMA,,,,False,True,True
595088,1,3.0,223.42668937,-0.01272791,223.42668937,-0.01272791,16.328,16.332,0.04376,0.04304,-20.11,3.73,20.69,21.36,23.2,0.4325,151.89,9.72,0.6,0.187,8.0,0.0,GAMA,,,,False,True,True
598911,1,3.0,129.30130306,0.38743001,129.30130306,0.38743001,17.239,17.145,0.04269,0.0417,-19.24,7.51,23.23,24.07,25.8,0.2079,104.19,9.39,0.6,0.151,8.0,0.0,GAMA,,,,False,True,True
598968,1,3.0,129.56040312,0.352079,129.56040312,0.352079,15.634,15.56,0.04278,0.04178,-20.84,7.35,22.16,23.08,24.77,0.1988,68.610016,10.06,0.65,0.159,8.0,0.0,GAMA,,,,False,True,True
598999,1,2.0,129.70201131,0.38917733,129.70201131,0.38917733,16.394,16.404,0.07876,0.07773,-21.42,3.07,20.52,21.5,23.17,0.304,176.72,10.52,1.0,0.156,3.0,0.0,GAMA,,,,False,True,True
599095,1,3.0,130.13598673,0.26200573,130.13598673,0.26200573,17.229,17.203,0.03571,0.03471,-18.79,3.57,21.67,22.17,24.22,0.3391,70.25,9.44,0.89,0.161,8.0,0.0,GAMA,,,,False,True,True
599134,1,3.0,130.26050226,0.39589784,130.26050226,0.39589784,17.474,17.5,0.03837,0.03737,-18.62,2.7,21.27,22.15,23.86,0.3757,104.170006,9.09,0.55,0.164,8.0,0.0,GAMA,,,,False,True,True
599310,1,2.0,130.9724596,0.35243157,130.9724596,0.35243157,14.849,14.848,0.05113,0.05011,-22.0,6.3,20.2,21.4,23.01,0.4616,125.78,10.88,1.12,0.126,8.0,0.0,GAMA,,,,False,True,True
599329,1,3.0,131.10371408,0.34288565,131.10371408,0.34288565,17.163,17.165,0.01508,0.0145,-16.87,2.23,20.51,21.64,23.26,0.3299,151.83,8.4,0.54,0.131,8.0,0.0,GAMA,,,,False,True,True
599582,1,2.5,132.19011347,0.29151858,132.19011347,0.29151858,15.125,14.997,0.05406,0.05302,-21.97,9.6,21.71,22.7,24.36,0.3224,138.11,10.79,1.01,0.15,8.0,0.0,GAMA,,,,False,True,True
599689,1,0.5,132.50669626,0.22577093,132.50669626,0.22577093,15.585,15.552,0.05238,0.05134,-21.34,9.23,22.04,23.36,24.95,0.1171,101.41,10.58,1.08,0.152,8.0,0.0,GAMA,,,,False,True,True
599761,1,2.0,132.63206755,0.31906756,132.63206755,0.31906756,15.011,14.979,0.05438,0.05333,-22.01,6.68,20.97,22.0,23.65,0.1314,169.60999,10.88,1.12,0.15,8.0,0.0,GAMA,,,,False,True,True
599834,1,0.0,132.71125636,0.37329313,132.71125636,0.37329313,14.396,14.307,0.05315,0.0521,-22.63,5.96,20.17,21.57,23.15,0.0704,44.930008,11.21,1.23,0.152,8.0,0.0,GAMA,,,,False,True,True
599838,1,0.0,132.79081214,0.25359158,132.79081214,0.25359158,14.135,13.937,0.04195,0.04091,-22.45,5.63,19.65,21.13,22.7,0.1478,14.529999,11.15,1.2,0.137,8.0,0.0,GAMA,,,,False,True,True
599839,1,3.0,132.79670885,0.26435071,132.79670885,0.26435071,17.389,16.99,0.04333,0.04229,-19.47,4.68,21.22,21.71,23.76,0.784,65.95999,9.93,1.15,0.139,8.0,0.0,GAMA,,,,False,True,True
599846,1,2.5,132.8101457,0.30373603,132.8101457,0.30373603,16.581,16.6,0.05333,0.05228,-20.33,4.05,20.19,21.0,22.75,0.7514,80.73999,10.24,1.15,0.141,8.0,0.0,GAMA,,,,False,True,True
599862,1,3.0,132.74012473,0.23892114,132.74012473,0.23892114,17.992,18.042,0.04222,0.04118,-18.3,5.11,23.47,24.33,26.05,0.1388,11.020004,9.04,0.66,0.139,8.0,0.0,GAMA,,,,False,True,True
599873,1,3.0,132.83514444,0.37266322,132.83514444,0.37266322,18.499,18.041,0.03733,0.0363,-18.07,2.01,20.5,20.96,23.07,0.6834,140.31,9.0,0.69,0.141,8.0,0.0,GAMA,,,,False,True,True
599877,1,2.0,132.90223376,0.27313863,132.90223376,0.27313863,16.463,16.429,0.05353,0.05248,-20.53,3.35,20.66,21.92,23.52,0.3334,96.62,10.3,1.14,0.127,8.0,0.0,GAMA,,,,False,True,True
600014,1,3.0,133.4734842,0.30423107,133.4734842,0.30423107,16.818,16.644,0.02934,0.02833,-18.92,6.03,21.78,22.64,24.36,0.6488,96.58,9.17,0.48,0.174,8.0,0.0,GAMA,,,,False,True,True
600026,1,2.5,133.48520203,0.21556504,133.48520203,0.21556504,15.843,15.639,0.0519,0.05084,-21.21,4.46,20.87,21.31,23.48,0.276,80.06999,10.28,0.76,0.166,8.0,0.0,GAMA,,,,False,True,True
600030,1,2.0,133.49452449,0.35004214,133.49452449,0.35004214,15.13,15.099,0.02917,0.02816,-20.47,8.27,20.65,21.55,23.25,0.6497,171.27,10.25,1.06,0.182,8.0,0.0,GAMA,,,,False,True,True
600312,1,3.0,134.81540785,0.39164241,134.81540785,0.39164241,15.69,15.658,0.01208,0.0113,-17.91,3.02,19.83,20.83,22.49,0.2482,144.59,8.86,0.58,0.117,8.0,0.0,GAMA,,,,False,True,True
600417,1,2.0,135.47317726,0.39555262,135.47317726,0.39555262,16.184,16.217,0.05378,0.0527,-20.75,8.48,21.31,21.95,23.82,0.7937,65.020004,10.42,1.15,0.161,8.0,0.0,GAMA,,,,False,True,True
600595,1,-9.0,136.49972041,0.29377253,136.49972041,0.29377253,17.366,17.356,0.02824,0.02722,-18.12,1.94,20.29,21.37,23.01,0.3974,108.91,9.03,0.7,0.14,8.0,0.0,GAMA,,,,False,True,True
600743,1,0.5,137.29664701,0.39853315,137.29664701,0.39853315,15.706,15.632,0.07077,0.06965,-21.98,3.2,19.77,21.18,22.76,0.3014,143.44,10.96,1.29,0.141,8.0,0.0,GAMA,,,,False,True,True
600882,1,0.5,137.88052466,0.40190318,137.88052466,0.40190318,16.617,16.624,0.0553,0.05419,-20.39,1.4,18.89,20.02,21.65,0.3613,8.0,10.28,1.19,0.091,8.0,0.0,GAMA,,,,False,True,True
600915,1,1.0,137.99953855,0.33900255,137.99953855,0.33900255,15.337,15.315,0.05527,0.05416,-21.7,3.78,19.44,20.78,22.36,0.4734,178.70999,10.8,1.19,0.092,8.0,0.0,GAMA,,,,False,True,True
600916,1,2.5,138.02881498,0.33686043,138.02881498,0.33686043,17.169,17.15,0.0549,0.05379,-19.89,5.5,20.74,21.48,23.27,0.8676,179.37,10.08,1.18,0.095,8.0,0.0,GAMA,,,,False,True,True
600929,1,1.0,138.06173143,0.31179163,138.06173143,0.31179163,15.679,15.625,0.0546,0.05349,-21.37,4.89,20.8,22.12,23.71,0.219,28.990005,10.64,1.15,0.098,8.0,0.0,GAMA,,,,False,True,True
600973,1,0.5,138.11366903,0.30372017,138.11366903,0.30372017,16.263,16.174,0.05515,0.05403,-20.83,2.1,19.14,20.73,22.28,0.4341,132.76,10.38,1.1,0.101,8.0,0.0,GAMA,,,,False,True,True
600974,1,3.0,138.11825958,0.2462879,138.11825958,0.2462879,16.317,16.322,0.05564,0.05452,-20.68,2.52,20.28,20.89,22.79,0.1433,86.46001,10.03,0.71,0.097,8.0,0.0,GAMA,,,,False,True,True
600977,1,2.0,138.15123729,0.30950285,138.15123729,0.30950285,15.568,15.547,0.05558,0.05446,-21.48,4.66,20.54,21.66,23.29,0.3043,68.979996,10.62,1.06,0.101,8.0,0.0,GAMA,,,,False,True,True
601013,1,1.0,138.28557299,0.23791485,138.28557299,0.23791485,15.246,15.282,0.05406,0.05294,-21.7,4.66,19.85,21.1,22.7,0.4809,19.149994,10.87,1.27,0.1,8.0,0.0,GAMA,,,,False,True,True
601018,1,1.5,138.34208727,0.26760372,138.34208727,0.26760372,17.596,17.599,0.05414,0.05302,-19.35,1.56,20.3,21.46,23.08,0.2605,62.64,9.72,0.99,0.099,3.0,0.0,GAMA,,,,False,True,True
601095,1,0.5,,,,,,,,,,,,,,,,,,,,,,,,,False,True,False
601102,1,1.5,138.57992351,0.38487442,138.57992351,0.38487442,16.921,16.907,0.05392,0.0528,-20.08,3.53,20.3,21.37,23.01,0.7017,129.87,10.35,1.41,0.098,8.0,0.0,GAMA,,,,False,True,True
601105,1,1.5,138.60367266,0.3630371,138.60367266,0.3630371,17.279,17.281,0.08911,0.08795,-20.88,1.32,18.66,19.85,21.46,0.681,125.3,10.53,1.34,0.1,3.0,0.0,GAMA,,,,False,True,True
601157,1,3.0,,,,,,,,,,,,,,,,,,,,,,,,,False,True,False
601210,1,1.0,138.89056126,0.3173079,138.89056126,0.3173079,15.567,15.56,0.07051,0.06937,-22.05,4.67,20.47,21.82,23.4,0.2614,115.28,11.01,1.31,0.104,8.0,0.0,GAMA,,,,False,True,True
601255,1,2.0,139.03809283,0.2965282,139.03809283,0.2965282,15.128,15.126,0.05775,0.05662,-22.01,7.64,20.75,21.95,23.56,0.4625,176.14,10.91,1.17,0.092,8.0,0.0,GAMA,,,,False,True,True
601283,1,0.0,139.23478732,0.28596923,139.23478732,0.28596923,16.945,16.882,0.05744,0.05631,-20.22,5.42,22.1,23.61,25.17,0.2447,131.83,10.17,1.14,0.124,8.0,0.0,GAMA,,,,False,True,True
601323,1,2.0,139.3414636,0.32191469,139.3414636,0.32191469,15.171,15.178,0.05516,0.05403,-21.83,6.97,21.42,22.6,24.22,0.308,53.78,10.73,1.01,0.15,8.0,0.0,GAMA,,,,False,True,True
601395,1,-9.0,139.5685111,0.38503294,139.5685111,0.38503294,17.015,16.966,0.01801,0.01708,-17.47,23.24,24.56,26.46,27.99,0.2582,55.190002,8.91,0.86,0.147,8.0,0.0,GAMA,,,,False,True,True
609307,1,2.5,174.92471695,0.32271896,174.92471695,0.32271896,16.243,16.19,0.02819,0.02694,-19.3,5.72,21.23,21.89,23.75,0.6985,48.619995,9.78,1.04,0.086,8.0,0.0,GAMA,,,,False,True,True
609330,1,1.0,175.14833621,0.30695163,175.14833621,0.30695163,16.694,16.675,0.10749,0.10615,-21.93,3.06,20.56,21.88,23.47,0.3568,160.73,10.91,1.32,0.1,4.0,0.0,GAMA,,,,False,True,True
609358,1,1.5,175.45675018,0.21600652,175.45675018,0.21600652,16.382,16.196,0.09358,0.09226,-22.08,1.91,18.62,19.97,21.55,0.7024,160.03,10.95,1.27,0.1,8.0,0.0,GAMA,,,,False,True,True
609396,1,2.5,175.55091572,0.33447039,175.55091572,0.33447039,13.757,13.66,0.02019,0.01824,-21.0,2.95,18.33,19.27,20.95,0.2219,83.899994,9.91,0.38,0.094,8.0,0.0,GAMA,,,,False,True,True
609433,1,3.0,175.6871286,0.28226324,175.6871286,0.28226324,16.838,16.842,0.02028,0.01834,-17.88,5.0,21.4,22.11,23.92,0.6044,88.53998,8.84,0.58,0.099,8.0,0.0,GAMA,,,,False,True,True
609571,1,3.0,176.24825782,0.33719564,176.24825782,0.33719564,16.267,16.281,0.02952,0.02828,-19.23,4.88,21.07,22.17,23.81,0.4623,5.9799957,9.52,0.74,0.11,8.0,0.0,GAMA,,,,False,True,True
609598,1,3.0,176.53111048,0.30792954,176.53111048,0.30792954,18.592,18.56,0.02818,0.02693,-16.87,1.55,20.85,21.86,23.52,0.464,173.70001,8.44,0.6,0.121,8.0,0.0,GAMA,,,,False,True,True
609912,1,2.0,177.76899892,0.24835203,177.76899892,0.24835203,16.254,16.252,0.04833,0.04707,-20.47,4.54,20.62,21.16,23.14,0.5939,155.72,10.3,1.14,0.089,8.0,0.0,GAMA,,,,False,True,True
609948,1,1.5,178.00212038,0.2849577,178.00212038,0.2849577,16.127,16.053,0.08307,0.08177,-21.96,4.03,20.53,21.98,23.54,0.3171,5.119995,10.9,1.22,0.076,8.0,0.0,GAMA,,,,False,True,True
610054,1,2.5,178.44283234,0.32962604,178.44283234,0.32962604,15.952,15.967,0.04907,0.04781,-20.77,3.99,20.17,21.07,22.77,0.5357,112.9,10.32,1.02,0.085,8.0,0.0,GAMA,,,,False,True,True
610396,1,1.5,180.0492761,0.39769832,180.0492761,0.39769832,16.84,16.842,0.08791,0.08661,-21.29,3.38,20.78,22.37,23.92,0.3812,20.429993,10.69,1.34,0.113,3.0,0.0,GAMA,,,,False,True,True
610398,1,3.0,180.07499179,0.29499894,180.07499179,0.29499894,14.587,14.46,0.02231,0.02064,-20.49,13.21,21.12,22.13,23.79,0.5707,17.809998,10.21,0.97,0.133,8.0,0.0,GAMA,,,,False,True,True
610404,1,1.0,180.12999639,0.37469065,180.12999639,0.37469065,16.742,16.731,0.08232,0.08103,-21.23,2.41,19.78,21.1,22.69,0.5479,173.08,10.67,1.31,0.126,3.0,0.0,GAMA,,,,False,True,True
610474,1,2.0,180.39355802,0.34747847,180.39355802,0.34747847,15.823,15.82,0.03985,0.03861,-20.43,2.82,19.78,20.85,22.49,0.2424,152.39,10.01,0.79,0.111,8.0,0.0,GAMA,,,,False,True,True
610545,1,2.0,180.69380072,0.36766966,180.69380072,0.36766966,15.194,15.184,0.07877,0.07749,-22.68,6.28,20.57,21.76,23.37,0.4434,37.949997,11.3,1.37,0.092,8.0,0.0,GAMA,,,,False,True,True
610700,1,3.0,181.41440627,0.40847358,181.41440627,0.40847358,17.506,17.486,0.02272,0.02111,-17.45,5.33,22.39,23.09,24.91,0.5053,172.91,8.63,0.55,0.093,8.0,0.0,GAMA,,,,False,True,True
610816,1,3.0,181.91694684,0.24643629,181.91694684,0.24643629,17.944,17.911,0.02275,0.02114,-17.07,4.43,22.55,23.25,25.07,0.4741,118.45,8.62,0.71,0.081,8.0,0.0,GAMA,,,,False,True,True
610846,1,2.0,182.01605441,0.37879953,182.01605441,0.37879953,15.234,15.237,0.04184,0.04061,-21.15,4.33,20.31,21.5,23.12,0.1573,175.51999,10.56,1.13,0.087,8.0,0.0,GAMA,,,,False,True,True
610893,1,3.0,182.35566604,0.30819031,182.35566604,0.30819031,17.177,17.14,0.02184,0.0201,-17.76,8.09,22.65,23.5,25.23,0.5997,90.93001,8.91,0.73,0.095,8.0,0.0,GAMA,,,,False,True,True
610997,1,3.0,182.86904161,0.37864827,182.86904161,0.37864827,16.076,16.062,0.02206,0.02036,-18.85,5.48,21.54,22.23,24.06,0.2191,148.34,9.32,0.7,0.103,8.0,0.0,GAMA,,,,False,True,True
611002,1,3.0,182.90434211,0.32250372,182.90434211,0.32250372,17.473,17.452,0.02216,0.02047,-17.46,2.8,21.15,22.57,24.14,0.3369,4.7900085,8.68,0.59,0.1,8.0,0.0,GAMA,,,,False,True,True
611051,1,3.0,183.09076325,0.29640826,183.09076325,0.29640826,18.052,17.942,0.02242,0.02077,-17.01,4.55,22.42,22.96,24.94,0.6233,15.820007,8.43,0.52,0.105,8.0,0.0,GAMA,,,,False,True,True
611094,1,3.0,183.19351129,0.40907154,183.19351129,0.40907154,16.593,16.449,0.02161,0.01984,-18.4,7.41,22.9,23.71,25.45,0.5663,137.51001,8.96,0.47,0.106,8.0,0.0,GAMA,,,,False,True,True
611220,1,2.0,183.9687494,0.40069608,183.9687494,0.40069608,13.771,13.73,0.02267,0.02106,-21.26,14.8,20.95,22.23,23.83,0.3924,164.20001,10.51,0.97,0.093,8.0,0.0,GAMA,,,,False,True,True
611223,1,3.0,183.97681836,0.26494592,183.97681836,0.26494592,18.323,18.318,0.04201,0.04079,-18.07,1.41,20.48,21.13,22.99,0.4514,141.58,9.11,0.83,0.08,8.0,0.0,GAMA,,,,False,True,True
611629,1,2.5,185.50337831,0.31503508,185.50337831,0.31503508,16.947,16.937,0.03471,0.03351,-19.0,1.86,19.9,20.86,22.54,0.3284,140.38,9.46,0.8,0.106,8.0,0.0,GAMA,,,,False,True,True
611647,1,3.0,185.43290564,0.40885175,185.43290564,0.40885175,16.696,16.643,0.03085,0.02965,-19.01,10.48,22.68,23.74,25.38,0.717,149.69,9.24,0.53,0.096,8.0,0.0,GAMA,,,,False,True,True
617655,1,3.0,212.63505623,0.22418271,212.63505623,0.22418271,17.312,17.284,0.03003,0.02914,-18.3,5.08,22.72,23.37,25.23,0.1428,70.75,9.07,0.66,0.141,8.0,0.0,GAMA,,,,False,True,True
617665,1,-9.0,212.78124351,0.28610465,212.78124351,0.28610465,18.111,18.095,0.04076,0.03986,-18.2,1.12,19.99,21.36,22.94,0.2881,167.76001,9.05,0.71,0.155,8.0,0.0,GAMA,,,,False,True,True
617945,1,3.0,213.72344654,0.40730461,213.72344654,0.40730461,18.261,18.265,0.02897,0.0281,-17.24,1.48,20.97,21.68,23.49,0.219,162.73,8.47,0.45,0.146,8.0,0.0,GAMA,,,,False,True,True
617989,1,1.5,213.86801164,0.22734304,213.86801164,0.22734304,16.11,16.104,0.05484,0.05394,-20.89,2.27,18.85,20.13,21.72,0.6231,52.619995,10.45,1.16,0.153,8.0,0.0,GAMA,,,,False,True,True
618071,1,3.0,214.01853552,0.21626385,214.01853552,0.21626385,17.202,17.06,0.02673,0.02585,-18.28,9.07,23.4,24.29,26.0,0.3653,158.2,8.94,0.5,0.145,8.0,0.0,GAMA,,,,False,True,True
618100,1,1.0,214.37772185,0.35053146,214.37772185,0.35053146,14.739,14.657,0.05442,0.05353,-22.33,9.24,20.94,22.45,24.01,0.2979,158.1,11.07,1.21,0.139,8.0,0.0,GAMA,,,,False,True,True
618108,1,2.0,214.33452106,0.4034267,214.33452106,0.4034267,16.202,16.172,0.04894,0.04806,-20.59,3.17,19.49,20.43,22.12,0.6894,144.8,10.43,1.27,0.135,8.0,0.0,GAMA,,,,False,True,True
618116,1,2.0,214.40554601,0.32909915,214.40554601,0.32909915,15.583,15.554,0.052,0.05112,-21.29,5.76,21.11,21.94,23.67,0.2688,95.740005,10.25,0.68,0.142,8.0,0.0,GAMA,,,,False,True,True
618142,1,1.0,214.45978462,0.32792869,214.45978462,0.32792869,16.559,16.517,0.05107,0.05019,-20.32,3.04,20.39,21.83,23.4,0.3537,32.54001,10.2,1.12,0.145,8.0,0.0,GAMA,,,,False,True,True
618143,1,1.5,214.46360194,0.31950998,214.46360194,0.31950998,15.944,15.895,0.05352,0.05264,-21.06,3.06,18.84,20.19,21.77,0.7439,109.93001,10.62,1.27,0.145,8.0,0.0,GAMA,,,,False,True,True
618144,1,1.0,214.46514624,0.2333641,214.46514624,0.2333641,16.663,16.651,0.05419,0.0533,-20.33,2.6,19.54,20.8,22.39,0.6616,109.64,10.23,1.17,0.14,8.0,0.0,GAMA,,,,False,True,True
618151,1,0.0,214.51701336,0.27382789,214.51701336,0.27382789,16.009,15.908,0.05121,0.05033,-20.93,2.26,19.6,21.03,22.6,0.0662,169.97,10.52,1.21,0.146,8.0,0.0,GAMA,,,,False,True,True
618152,1,3.0,214.52287281,0.22739177,214.52287281,0.22739177,16.793,16.772,0.05432,0.05344,-20.2,3.56,21.25,21.91,23.76,0.2923,175.61,10.01,0.93,0.145,8.0,0.0,GAMA,,,,False,True,True
618220,1,2.0,214.73902522,0.36560737,214.73902522,0.36560737,15.631,15.608,0.05419,0.05331,-21.36,4.9,20.93,21.92,23.59,0.1714,169.20999,10.59,1.08,0.145,8.0,0.0,GAMA,,,,False,True,True
618904,2,1.5,217.35135627,0.25382046,217.35135627,0.25382046,16.997,16.958,0.05614,0.0553,-20.09,1.46,18.54,19.9,21.48,0.6881,88.73999,10.14,1.17,0.153,8.0,0.0,GAMA,,,,True,True,True
618906,1,1.5,217.35941965,0.39756421,217.35941965,0.39756421,16.177,16.189,0.05734,0.0565,-20.93,4.67,19.85,20.92,22.56,0.792,119.19,10.57,1.27,0.143,8.0,0.0,GAMA,,,,False,True,True
618912,1,0.5,217.40256029,0.33493844,217.40256029,0.33493844,16.612,16.621,0.05662,0.05578,-20.43,2.49,20.29,21.45,23.06,0.2709,162.94,10.34,1.25,0.147,8.0,0.0,GAMA,,,,False,True,True
618929,1,0.0,217.41929641,0.36639871,217.41929641,0.36639871,14.406,14.282,0.0566,0.05576,-22.81,4.35,19.54,20.95,22.53,0.0039,111.81,11.33,1.3,0.145,8.0,0.0,GAMA,,,,False,True,True
618930,2,0.5,217.41311753,0.37773579,217.41311753,0.37773579,16.511,16.327,0.05647,0.05563,-20.75,1.33,18.74,20.09,21.67,0.3011,117.240005,10.49,1.27,0.144,8.0,0.0,GAMA,,,,True,True,True
618931,1,0.0,217.42431079,0.36902069,217.42431079,0.36902069,17.365,16.945,0.0546,0.05376,-20.06,1.35,19.94,21.08,22.7,0.1829,51.689995,10.18,1.22,0.144,8.0,0.0,GAMA,,,,False,True,True
618935,1,3.0,217.55201758,0.33357014,217.55201758,0.33357014,15.994,16.003,0.03528,0.03446,-19.96,4.56,20.36,21.34,23.01,0.5996,129.39,9.77,0.72,0.142,8.0,0.0,GAMA,,,,False,True,True
618937,2,0.5,217.43699711,0.23373281,217.43699711,0.23373281,16.644,16.617,0.05631,0.05547,-20.44,2.74,20.53,21.9,23.47,0.1979,32.440002,10.29,1.17,0.149,8.0,0.0,GAMA,,,,True,True,True
618938,1,1.0,217.43825051,0.25304866,217.43825051,0.25304866,16.125,15.992,0.0572,0.05636,-21.11,2.48,19.29,20.63,22.22,0.4876,69.490005,10.64,1.28,0.148,8.0,0.0,GAMA,,,,False,True,True
618941,2,1.0,217.44293711,0.30191457,217.44293711,0.30191457,16.019,16.016,0.05569,0.05485,-21.03,3.69,20.1,21.32,22.93,0.4815,157.3,10.56,1.22,0.147,8.0,0.0,GAMA,,,,True,True,True
618942,1,0.0,217.45103002,0.28289426,217.45103002,0.28289426,16.05,16.043,0.05662,0.05578,-21.04,3.58,20.58,21.86,23.45,0.1392,91.09,10.56,1.22,0.146,8.0,0.0,GAMA,,,,False,True,True
618947,1,0.5,217.46263822,0.34892349,217.46263822,0.34892349,16.066,16.053,0.05676,0.05592,-21.04,2.29,19.51,20.87,22.45,0.2437,178.64,10.59,1.25,0.144,8.0,0.0,GAMA,,,,False,True,True
618952,1,1.5,217.55209582,0.23411258,217.55209582,0.23411258,15.498,15.512,0.05535,0.05452,-21.53,4.93,20.05,21.23,22.84,0.5591,137.44,10.76,1.23,0.141,8.0,0.0,GAMA,,,,False,True,True
618976,1,1.0,217.6960076,0.21345221,217.6960076,0.21345221,15.058,15.007,0.03548,0.03466,-21.0,3.3,19.06,20.38,21.97,0.4436,136.54999,10.54,1.17,0.139,8.0,0.0,GAMA,,,,False,True,True
618988,1,1.0,217.62064833,0.30644734,217.62064833,0.30644734,17.213,17.201,0.05673,0.0559,-19.88,1.62,19.8,21.01,22.62,0.352,38.0,10.04,1.15,0.14,8.0,0.0,GAMA,,,,False,True,True
618992,1,2.0,217.67933956,0.25287565,217.67933956,0.25287565,16.611,15.159,0.05569,0.05486,-21.91,4.23,19.6,20.68,22.32,0.5722,157.34,10.81,1.07,0.137,8.0,0.0,GAMA,,,,False,True,True
618993,1,2.0,217.69176084,0.24767839,217.69176084,0.24767839,15.065,14.836,0.05525,0.05442,-22.2,8.8,20.87,22.15,23.74,0.5728,5.580002,10.91,1.05,0.138,8.0,0.0,GAMA,,,,False,True,True
619046,1,3.0,217.84484558,0.29538283,217.84484558,0.29538283,17.688,17.616,0.03615,0.03534,-18.44,6.59,20.94,21.89,23.57,0.9245,26.179993,9.12,0.66,0.142,8.0,0.0,GAMA,,,,False,True,True
619094,1,3.0,218.06745022,0.3801501033333333,218.06745022,0.38056677,15.821,16.332,0.03591,0.0351,-19.68,6.03,21.39,22.53,24.15,0.5263,20.599998,9.63,0.67,0.142,8.0,5.0,GAMA,,,,False,True,True
619095,1,2.5,218.0350205,0.41114336,218.0350205,0.41114336,15.676,15.674,0.05349,0.05267,-21.25,3.19,19.89,20.64,22.42,0.3224,94.149994,10.47,0.98,0.14,8.0,0.0,GAMA,,,,False,True,True
619097,1,2.0,218.04676726,0.40048763,218.04676726,0.40048763,16.136,16.153,0.03545,0.03464,-19.86,3.6,20.15,21.06,22.76,0.5407,170.34,9.97,1.01,0.141,8.0,0.0,GAMA,,,,False,True,True
619098,1,3.0,218.05118084,0.22324505,218.05118084,0.22324505,16.791,16.777,0.03637,0.03556,-19.27,8.02,22.31,23.01,24.83,0.594,87.609985,9.35,0.54,0.138,8.0,0.0,GAMA,,,,False,True,True
619104,1,3.0,218.11877877,0.29401958,218.11877877,0.29401958,13.644,13.54,0.00681,0.00558,-18.79,22.44,20.88,21.65,23.42,0.7754,117.47,9.39,0.79,0.147,8.0,0.0,GAMA,,,,False,True,True
619105,1,3.0,218.12682562,0.27469683,218.12682562,0.27469683,15.653,15.466,0.02675,0.02596,-19.9,12.47,21.99,23.14,24.76,0.5526,45.139984,9.68,0.62,0.144,8.0,0.0,GAMA,,,,False,True,True
619220,1,3.0,218.88184613,0.34229563,218.88184613,0.34229563,16.587,16.321,0.03545,0.03465,-19.64,5.09,21.0,21.45,23.59,0.6372,86.71001,9.34,0.35,0.148,8.0,0.0,GAMA,,,,False,True,True
619224,1,3.0,218.87499219,0.41368003,218.87499219,0.41368003,17.111,17.116,0.03609,0.03529,-18.89,3.1,21.02,21.82,23.57,0.4283,2.3299866,9.1,0.41,0.151,8.0,0.0,GAMA,,,,False,True,True
619258,1,0.0,218.99219375,0.4010384,218.99219375,0.4010384,17.239,17.225,0.05792,0.05711,-19.9,1.61,20.1,21.61,23.17,0.0775,86.149994,10.07,1.18,0.148,8.0,0.0,GAMA,,,,False,True,True
619553,1,3.0,220.38654101,0.3240292,220.38654101,0.3240292,18.686,18.691,0.02976,0.029,-16.85,5.52,24.72,24.75,,0.7555,154.14,8.22,0.35,0.179,8.0,0.0,GAMA,,,,False,True,True
619737,1,3.0,221.21717671,0.36580037,221.21717671,0.36580037,15.242,15.189,0.03787,0.03711,-20.95,10.34,21.24,22.03,23.79,0.6545,139.11,10.25,0.83,0.182,8.0,0.0,GAMA,,,,False,True,True
619989,3,2.5,222.5996479,0.34824567,222.5996479,0.34824567,16.755,16.774,0.04056,0.03983,-19.52,3.17,20.64,21.37,23.17,0.4981,166.67,9.7,0.87,0.169,8.0,0.0,GAMA,,,,True,True,True
619995,3,3.0,222.51809396,0.28827767,222.51809396,0.28827767,17.921,17.907,0.04487,0.04413,-18.55,5.44,23.1,23.92,25.66,0.3724,170.23999,9.09,0.61,0.182,8.0,0.0,GAMA,,,,True,True,True
620034,1,2.5,222.94282914,0.2898279,222.94282914,0.2898279,15.835,15.733,0.04342,0.04269,-20.72,8.58,21.13,21.7,23.66,0.7236,86.899994,10.22,0.91,0.173,8.0,0.0,GAMA,,,,False,True,True
620087,1,3.0,223.16616006,0.39447445,223.16616006,0.39447445,17.506,17.127,0.04391,0.04318,-19.34,5.57,21.68,22.14,24.25,0.7264,21.910004,9.37,0.53,0.171,8.0,0.0,GAMA,,,,False,True,True
620091,3,-9.0,223.22753175,0.38326904,223.22753175,0.38326904,17.914,17.903,0.02788,0.02719,-17.52,1.23,19.9,21.09,22.7,0.3764,21.490005,8.71,0.62,0.171,8.0,0.0,GAMA,,,,True,True,True
620092,3,2.5,223.22713097,0.29122896,223.22713097,0.29122896,16.751,16.165,0.04424,0.04351,-20.37,877.98,28.62,30.56,32.09,0.7376,137.08,10.14,0.94,0.183,8.0,0.0,GAMA,,,,True,True,True
620098,1,2.5,223.20893061,0.2779555,223.20893061,0.2779555,17.08,16.918,0.02863,0.02793,-18.56,8.61,22.51,24.01,25.57,0.5988,5.6600037,9.03,0.49,0.181,8.0,0.0,GAMA,,,,False,True,True
62145,1,3.0,211.50593527,-0.31055397,211.50593527,-0.31055397,14.332,14.281,0.02553,0.02457,-20.95,10.46,21.4,22.33,24.02,0.107,114.59,10.19,0.74,0.191,8.0,0.0,GAMA,,,,False,True,True
621988,1,2.0,129.8529669,0.68918937,129.8529669,0.68918937,15.55,15.402,0.07894,0.07791,-22.43,7.27,21.58,22.95,24.53,0.108,64.95001,10.96,1.05,0.161,8.0,0.0,GAMA,,,,False,True,True
622084,1,3.0,130.74313207,0.64404862,130.74313207,0.64404862,15.903,15.783,0.03556,0.03456,-20.19,8.57,22.16,23.46,25.05,0.4339,74.240005,9.83,0.67,0.134,8.0,0.0,GAMA,,,,False,True,True
622228,1,2.0,131.94986973,0.65372118,131.94986973,0.65372118,15.205,15.167,0.05921,0.05817,-21.99,5.36,20.65,21.93,23.53,0.1681,159.26001,10.93,1.18,0.158,8.0,0.0,GAMA,,,,False,True,True
622305,1,2.0,132.55158534,0.65682959,132.55158534,0.65682959,15.171,15.074,0.04367,0.04263,-21.4,4.6,20.08,21.15,22.79,0.2965,146.87,10.62,1.09,0.152,8.0,0.0,GAMA,,,,False,True,True
622333,1,3.0,132.56179461,0.7598804,132.56179461,0.7598804,19.339,18.952,0.04365,0.04261,-17.62,3.86,23.85,24.86,26.52,0.2423,53.20999,9.03,0.87,0.126,8.0,0.0,GAMA,,,,False,True,True
622350,1,0.0,132.76091171,0.65270512,132.76091171,0.65270512,15.907,15.855,0.08841,0.08733,-22.29,4.89,21.09,22.63,24.19,0.0825,108.08,11.1,1.33,0.139,8.0,0.0,GAMA,,,,False,True,True
62239,1,0.0,211.97225913,-0.32437332,211.97225913,-0.32437332,15.082,15.062,0.05408,0.05315,-21.91,7.53,21.14,22.62,24.18,0.0823,24.790009,10.89,1.19,0.144,8.0,0.0,GAMA,,,,False,True,True
622394,1,3.0,133.06978172,0.68110274,133.06978172,0.68110274,17.449,17.4,0.04213,0.04109,-18.95,3.51,21.83,22.69,24.41,0.2822,177.07,9.22,0.56,0.123,8.0,0.0,GAMA,,,,False,True,True
622429,1,1.5,133.40601033,0.73602372,133.40601033,0.73602372,15.562,15.574,0.04196,0.04092,-20.81,4.36,20.13,21.21,22.85,0.4809,135.55,10.51,1.22,0.174,8.0,0.0,GAMA,,,,False,True,True
622434,1,2.0,133.41364991,0.75817393,133.41364991,0.75817393,14.934,14.946,0.0422,0.04116,-21.46,6.83,20.52,21.81,23.4,0.3761,16.36,10.66,1.11,0.174,8.0,0.0,GAMA,,,,False,True,True
62244,1,0.0,212.00660742,-0.22560787,212.00660742,-0.22560787,17.045,17.024,0.05422,0.05329,-19.96,1.11,18.97,20.43,22.0,0.2358,160.14,10.15,1.24,0.142,8.0,0.0,GAMA,,,,False,True,True
622534,1,3.0,133.76179264,0.76103057,133.76179264,0.76103057,17.833,17.842,0.0424,0.04135,-18.53,4.12,21.89,22.63,24.42,0.642,120.03,9.09,0.6,0.174,8.0,0.0,GAMA,,,,False,True,True
622588,1,3.0,133.90545542,0.74195958,133.90545542,0.74195958,18.599,18.407,0.0297,0.02867,-17.14,3.55,22.41,23.09,24.93,0.5613,66.06,8.31,0.29,0.18,8.0,0.0,GAMA,,,,False,True,True
622596,1,2.0,134.1522024,0.77845413,134.1522024,0.77845413,16.038,16.012,0.0534,0.05233,-20.92,3.1,20.28,21.56,23.15,0.1699,147.67001,10.42,1.07,0.177,8.0,0.0,GAMA,,,,False,True,True
622694,1,2.0,134.61916831,0.63711334,134.61916831,0.63711334,15.118,15.094,0.05343,0.05236,-21.84,4.73,20.3,21.39,23.02,0.2182,34.660004,10.74,1.02,0.129,8.0,0.0,GAMA,,,,False,True,True
622744,1,3.0,134.82995023,0.79776379,134.82995023,0.79776379,15.091,15.078,0.01398,0.01323,-18.8,5.39,20.38,21.21,22.94,0.4586,49.880005,9.16,0.51,0.16,8.0,0.0,GAMA,,,,False,True,True
622770,1,1.5,134.98662232,0.78816347,134.98662232,0.78816347,17.066,17.089,0.05333,0.05225,-19.85,2.05,20.01,20.63,22.52,0.4831,146.94,10.01,1.11,0.139,8.0,0.0,GAMA,,,,False,True,True
622787,1,1.0,135.14110197,0.76015664,135.14110197,0.76015664,15.84,15.754,0.07173,0.07063,-21.88,3.21,19.43,20.84,22.42,0.5527,133.06999,10.92,1.28,0.133,8.0,0.0,GAMA,,,,False,True,True
622858,1,3.0,135.62112465,0.70960738,135.62112465,0.70960738,17.761,17.743,0.03774,0.03667,-18.36,4.91,21.69,22.27,24.21,0.7764,38.960007,9.09,0.68,0.148,8.0,0.0,GAMA,,,,False,True,True
622982,1,3.0,136.2109597,0.7433842,136.2109597,0.7433842,17.146,17.158,0.01358,0.01275,-16.67,2.16,20.67,21.71,23.36,0.1703,122.55,8.36,0.58,0.146,8.0,0.0,GAMA,,,,False,True,True
623017,1,0.5,136.37987776,0.82638928,136.37987776,0.82638928,15.925,15.92,0.07107,0.06996,-21.71,4.65,21.07,22.45,24.02,0.0801,10.2599945,10.85,1.28,0.132,3.0,0.0,GAMA,,,,False,True,True
623043,1,1.0,136.47491827,0.66916355,136.47491827,0.66916355,16.185,16.132,0.0544,0.05331,-20.85,2.26,19.24,20.51,22.1,0.4701,118.99,10.49,1.22,0.137,8.0,0.0,GAMA,,,,False,True,True
623143,1,1.5,137.24586788,0.63397379,137.24586788,0.63397379,16.256,16.181,0.05455,0.05345,-20.8,7.18,21.62,23.49,25.03,0.3606,82.91998,10.38,1.11,0.136,8.0,0.0,GAMA,,,,False,True,True
623144,1,2.0,137.29794097,0.83544075,137.29794097,0.83544075,15.014,14.967,0.04047,0.03938,-21.32,7.41,21.22,22.07,23.79,0.0884,34.809998,10.48,0.93,0.131,8.0,0.0,GAMA,,,,False,True,True
623161,1,2.0,137.33519086,0.73874682,137.33519086,0.73874682,16.384,16.396,0.05474,0.05364,-20.58,3.61,20.51,21.96,23.53,0.3913,167.83,10.18,0.95,0.125,8.0,0.0,GAMA,,,,False,True,True
623272,1,2.0,138.03333831,0.78489864,138.03333831,0.78489864,15.564,15.574,0.04028,0.03918,-20.7,2.9,19.57,20.37,22.12,0.2959,168.42001,10.25,0.95,0.132,8.0,0.0,GAMA,,,,False,True,True
623366,1,2.5,138.54711076,0.8182101,138.54711076,0.8182101,15.917,15.833,0.05621,0.05509,-21.21,5.51,21.63,22.49,24.21,0.0579,136.04999,10.42,0.93,0.087,8.0,0.0,GAMA,,,,False,True,True
623432,1,2.0,139.05733185,0.70065425,139.05733185,0.70065425,14.823,14.777,0.03919,0.03808,-21.44,8.57,21.25,22.54,24.14,0.182,36.460007,10.51,0.9,0.117,8.0,0.0,GAMA,,,,False,True,True
623620,1,3.0,139.71219156,0.63996425,139.71219156,0.63996425,16.1,16.051,0.05781,0.05668,-21.05,8.19,21.24,21.72,23.8,0.7444,4.5899963,10.25,0.81,0.129,8.0,0.0,GAMA,,,,False,True,True
623641,1,3.0,139.77630112,0.67763715,139.77630112,0.67763715,16.446,16.207,0.01872,0.0178,-18.38,12.55,23.05,23.92,25.63,0.4201,57.199997,9.31,0.88,0.12,8.0,0.0,GAMA,,,,False,True,True
623679,1,2.5,139.98309553,0.64128869,139.98309553,0.64128869,16.604,16.501,0.05755,0.05641,-20.6,6.08,21.01,21.67,23.53,0.7647,103.99,10.23,1.0,0.12,8.0,0.0,GAMA,,,,False,True,True
623712,1,3.0,140.13867311,0.72105987,140.13867311,0.72105987,16.496,16.407,0.01821,0.01727,-18.08,7.37,22.75,23.46,25.27,0.0847,123.920006,9.16,0.87,0.128,8.0,0.0,GAMA,,,,False,True,True
623722,1,3.0,140.15506294,0.82273186,140.15506294,0.82273186,17.136,17.127,0.01875,0.01782,-17.42,6.61,21.66,22.24,24.18,0.7866,70.48001,8.86,0.84,0.131,8.0,0.0,GAMA,,,,False,True,True
623726,1,3.0,140.09157464,0.82339506,140.09157464,0.82339506,18.095,17.175,0.01879,0.01786,-17.38,6.63,22.8,23.41,25.32,0.6779,161.26999,8.64,0.58,0.122,8.0,0.0,GAMA,,,,False,True,True
62412,1,3.0,212.79318485,-0.28606372,212.79318485,-0.28606372,16.966,16.926,0.02674,0.02584,-18.42,8.49,21.68,22.23,24.21,0.8637,59.990005,9.29,0.88,0.183,8.0,0.0,GAMA,,,,False,True,True
62435,1,3.0,212.84806572,-0.30050955,212.84806572,-0.30050955,16.77,16.784,0.02689,0.02599,-18.54,2.95,20.96,21.89,23.58,0.1819,40.64,9.0,0.46,0.18,8.0,0.0,GAMA,,,,False,True,True
62593,2,3.0,213.49005082,-0.23277555,213.49005082,-0.23277555,16.883,16.553,0.03959,0.0387,-19.71,4.26,20.96,21.72,23.5,0.7434,45.5,10.03,1.15,0.17,8.0,0.0,GAMA,,,,True,True,True
62718,2,3.0,213.67436607,-0.28404463,213.67436607,-0.28404463,16.669,16.537,0.0396,0.03871,-19.69,3.19,20.94,22.01,23.65,0.2128,16.729996,9.59,0.64,0.177,8.0,0.0,GAMA,,,,True,True,True
63027,1,1.5,214.26884742,-0.25236454,214.26884742,-0.25236454,16.799,16.738,0.04454,0.04366,-19.77,2.65,20.44,21.48,23.13,0.3322,113.42,9.97,1.09,0.146,8.0,0.0,GAMA,,,,False,True,True
63210,1,1.5,215.01945868,-0.31480316,215.01945868,-0.31480316,16.746,16.727,0.0523,0.05142,-20.2,2.58,20.28,21.31,22.97,0.4345,8.869995,10.3,1.29,0.165,8.0,0.0,GAMA,,,,False,True,True
63276,1,2.0,215.29853977,-0.37269961,215.29853977,-0.37269961,16.468,16.391,0.05407,0.0532,-20.58,3.97,20.81,21.88,23.52,0.423,164.76001,10.36,1.19,0.15,8.0,0.0,GAMA,,,,False,True,True
63302,1,2.5,215.37927941,-0.21312303,215.37927941,-0.21312303,16.404,16.297,0.05296,0.05209,-20.65,4.93,20.83,21.45,23.34,0.71,5.26001,10.47,1.28,0.144,8.0,0.0,GAMA,,,,False,True,True
63305,1,1.5,215.42310838,-0.33770681,215.42310838,-0.33770681,15.47,15.462,0.05277,0.0519,-21.45,2.71,18.92,20.03,21.66,0.5146,19.329987,10.74,1.23,0.137,8.0,0.0,GAMA,,,,False,True,True
63389,1,2.5,215.75063207,-0.25453806,215.75063207,-0.25453806,16.438,16.409,0.05576,0.05489,-20.61,4.52,21.2,21.77,23.72,0.4206,142.08,10.07,0.8,0.144,8.0,0.0,GAMA,,,,False,True,True
63777,1,2.5,216.88216861,-0.29013127,216.88216861,-0.29013127,15.437,15.412,0.05457,0.05372,-21.54,6.39,21.45,22.13,23.96,0.0369,130.42001,10.45,0.81,0.167,8.0,0.0,GAMA,,,,False,True,True
63779,2,2.5,216.89578889,-0.27756493,216.89578889,-0.27756493,16.565,16.559,0.05377,0.05292,-20.4,6.34,21.02,21.59,23.55,0.7878,121.70999,10.16,1.03,0.166,8.0,0.0,GAMA,,,,True,True,True
63780,1,1.5,216.89610735,-0.40702228,216.89610735,-0.40702228,16.332,16.33,0.05366,0.05281,-20.62,2.4,20.22,21.36,22.98,0.0502,145.13,10.32,1.13,0.171,8.0,0.0,GAMA,,,,False,True,True
63855,1,3.0,217.29079067,-0.351682,217.29079067,-0.351682,16.045,15.966,0.03584,0.03501,-20.02,6.75,22.18,23.08,24.78,0.1295,112.619995,9.56,0.44,0.159,8.0,0.0,GAMA,,,,False,True,True
63997,1,2.0,217.74366722,-0.30306246,217.74366722,-0.30306246,15.722,15.703,0.0942,0.09334,-22.57,5.01,20.99,22.21,23.82,0.1901,37.339996,11.06,1.15,0.174,8.0,0.0,GAMA,,,,False,True,True
64087,1,2.5,218.09195955,-0.22670848,218.09195955,-0.22670848,16.314,16.33,0.05626,0.05543,-20.73,2.78,19.94,20.64,22.46,0.4871,21.919998,10.37,1.11,0.166,8.0,0.0,GAMA,,,,False,True,True
64553,1,3.0,219.47224798,-0.39887631,219.47224798,-0.39887631,12.543,12.252,0.00748,0.00626,-20.27,19.76,20.35,21.35,23.01,0.4107,99.47,9.87,0.66,0.141,8.0,0.0,GAMA,,,,False,True,True
64646,1,1.5,219.56876764,-0.34974671,219.56876764,-0.34974671,14.29,14.252,0.03776,0.03697,-21.89,9.73,20.3,21.61,23.2,0.5144,60.670013,10.83,1.08,0.147,8.0,0.0,GAMA,,,,False,True,True
64758,1,3.0,219.92011923,-0.30265869,219.92011923,-0.30265869,16.404,16.155,0.00705,0.00588,-16.25,28.42,24.37,25.25,26.96,0.4621,96.53001,8.22,0.6,0.148,8.0,0.0,GAMA,,,,False,True,True
65237,1,3.0,222.0865717,-0.32651235,222.0865717,-0.32651235,17.771,17.704,0.04441,0.04366,-18.76,5.48,22.92,23.66,25.45,0.3007,24.679993,9.15,0.55,0.177,8.0,0.0,GAMA,,,,False,True,True
65278,1,3.0,222.43723397,-0.24123242,222.43723397,-0.24123242,17.959,17.859,0.04365,0.04291,-18.56,4.43,22.09,22.74,24.6,0.6531,55.58,9.12,0.62,0.172,8.0,0.0,GAMA,,,,False,True,True
65355,1,3.0,222.72888595,-0.36901112,222.72888595,-0.36901112,17.505,17.469,0.02756,0.02686,-17.97,5.82,21.42,22.12,23.94,0.8373,153.32,8.92,0.65,0.197,8.0,0.0,GAMA,,,,False,True,True
65359,1,3.0,222.8148519,-0.37214961,222.8148519,-0.37214961,16.648,16.624,0.04417,0.04343,-19.85,4.89,21.0,21.83,23.57,0.6699,155.47,9.63,0.61,0.202,8.0,0.0,GAMA,,,,False,True,True
65384,1,2.0,222.84263733,-0.37558728,222.84263733,-0.37558728,16.783,16.688,0.04416,0.04343,-19.8,2.12,19.62,20.89,22.49,0.5061,32.179993,9.97,1.07,0.201,8.0,0.0,GAMA,,,,False,True,True
65395,1,2.5,222.91869764,-0.30735352,222.91869764,-0.30735352,17.273,17.255,0.08418,0.08342,-20.8,3.57,21.38,21.81,24.0,0.6392,35.39,10.44,1.22,0.195,3.0,0.0,GAMA,,,,False,True,True
65406,1,2.0,223.04597024,-0.25610106,223.04597024,-0.25610106,14.281,14.283,0.04398,0.04325,-22.22,8.16,20.78,21.98,23.59,0.1509,82.89,11.0,1.16,0.197,8.0,0.0,GAMA,,,,False,True,True
65408,1,0.0,223.06693011,-0.29362259,223.06693011,-0.29362259,14.561,14.536,0.04414,0.04341,-21.95,5.29,20.0,21.35,22.93,0.1226,98.58,10.92,1.18,0.202,8.0,0.0,GAMA,,,,False,True,True
65410,1,0.5,223.08090459,-0.26920906,223.08090459,-0.26920906,16.432,16.425,0.04432,0.04359,-20.07,2.17,19.84,20.85,22.51,0.3003,70.92999,10.05,1.04,0.202,8.0,0.0,GAMA,,,,False,True,True
663440,1,0.5,140.6379418,-0.97045501,140.6379418,-0.97045501,15.342,15.321,0.02406,0.02307,-19.79,2.36,19.03,20.33,21.92,0.1309,24.26001,9.95,1.02,0.124,8.0,0.0,GAMA,,,,False,True,True
6821,1,3.0,174.15315328,0.8154385533333334,174.15315328,0.81585522,14.659,15.807,0.00443,0.00375,-15.55,6.21,21.81,23.51,25.06,0.1558,23.36,7.42,-0.01,0.094,8.0,5.0,GAMA,,,,False,True,True
6837,1,3.0,,,,,,,,,,,,,,,,,,,,,,,,,False,True,False
69462,1,3.0,174.87367209,0.11655102,174.87367209,0.11655102,16.095,16.101,0.02141,0.01964,-18.74,1.9,19.47,20.31,22.04,0.077,78.25,9.29,0.7,0.088,8.0,0.0,GAMA,,,,False,True,True
69513,1,3.0,175.15947417,0.15131145,175.15947417,0.15131145,16.162,16.132,0.0434,0.04214,-20.3,9.18,22.24,22.96,24.77,0.4652,136.99,9.87,0.67,0.099,8.0,0.0,GAMA,,,,False,True,True
69535,1,3.0,175.3114198,0.14294637,175.3114198,0.14294637,16.052,16.063,0.0296,0.02836,-19.51,9.81,21.61,22.39,24.15,0.724,176.81,9.6,0.72,0.103,8.0,0.0,GAMA,,,,False,True,True
695871,1,3.0,217.15766534,0.55305834,217.15766534,0.55305834,18.966,14.526,0.00651,0.00527,,,,,,,,8.8,0.61,0.141,8.0,0.0,GAMA,,,,False,True,True
69620,1,3.0,175.72472733,0.16188838,175.72472733,0.16188838,15.412,15.42,0.02037,0.01843,-19.31,4.45,20.43,21.25,22.99,0.2507,34.89,9.3,0.44,0.104,8.0,0.0,GAMA,,,,False,True,True
69653,1,3.0,175.85484663,0.01404033,175.85484663,0.01404033,16.894,16.951,0.02037,0.01843,-17.8,6.61,22.4,23.23,24.96,0.3965,161.47,8.64,0.37,0.091,8.0,0.0,GAMA,,,,False,True,True
69740,1,-9.0,176.35955907,0.00402301,176.35955907,0.00402301,14.811,14.807,0.01554,0.01321,-19.32,5.51,19.57,20.66,22.3,0.58,35.51001,9.59,0.78,0.087,8.0,0.0,GAMA,,,,False,True,True
69752,1,2.0,176.39835362,0.0190483,176.39835362,0.0190483,16.328,16.352,0.05963,0.05835,-20.85,2.56,19.85,21.13,22.72,0.3609,164.57,10.37,1.06,0.088,8.0,0.0,GAMA,,,,False,True,True
69822,1,2.0,176.75512855,0.18389176,176.75512855,0.18389176,15.905,15.899,0.11277,0.11143,-22.82,5.21,21.26,22.34,23.98,0.1522,124.52999,11.2,1.24,0.114,4.0,0.0,GAMA,,,,False,True,True
69844,1,3.0,176.96200594,0.20343703,176.96200594,0.20343703,17.911,18.055,0.02831,0.02706,-17.43,3.83,21.14,21.84,23.66,0.8352,31.880005,8.66,0.6,0.104,8.0,0.0,GAMA,,,,False,True,True
69864,1,3.0,177.15736038,0.02469156,177.15736038,0.02469156,17.149,17.156,0.02073,0.01882,-17.63,5.74,21.78,22.4,24.29,0.686,154.20999,8.7,0.53,0.105,8.0,0.0,GAMA,,,,False,True,True
69986,1,2.0,177.8443261,0.11732258,177.8443261,0.11732258,14.986,14.891,0.0486,0.04734,-21.85,5.63,20.26,21.8,23.35,0.2152,99.61,10.89,1.21,0.087,8.0,0.0,GAMA,,,,False,True,True
70022,1,0.5,178.02230766,0.07408833,178.02230766,0.07408833,15.544,15.463,0.06116,0.05989,-21.79,4.09,20.39,21.92,23.48,0.0519,147.05,10.94,1.34,0.088,8.0,0.0,GAMA,,,,False,True,True
70107,1,3.0,178.52649568,0.03292719,178.52649568,0.03292719,18.279,18.309,0.02787,0.02662,-17.12,3.21,21.94,22.46,24.47,0.6028,169.20999,8.39,0.42,0.077,8.0,0.0,GAMA,,,,False,True,True
70114,1,0.0,178.55112438,0.13663055,178.55112438,0.13663055,13.258,13.265,0.00445,0.0038,-18.11,8.76,19.75,21.15,22.72,0.0734,13.73999,9.03,0.67,0.079,8.0,0.0,GAMA,,,,False,True,True
70403,1,2.0,179.79046175,0.00186237,179.79046175,0.00186237,15.331,14.789,0.04859,0.04734,-21.97,4.21,20.28,21.29,22.95,0.1478,57.859985,10.91,1.11,0.113,8.0,0.0,GAMA,,,,False,True,True
70532,1,1.5,180.27080337,0.11376862,180.27080337,0.11376862,14.744,14.688,0.02235,0.02069,-20.28,4.74,18.98,20.15,21.77,0.6304,136.37,10.21,1.08,0.093,8.0,0.0,GAMA,,,,False,True,True
70640,1,0.5,180.74268937,0.0302337,180.74268937,0.0302337,16.041,16.184,0.08106,0.07977,-21.78,5.63,21.36,22.68,24.27,0.2344,143.84,10.91,1.34,0.089,8.0,0.0,GAMA,,,,False,True,True
70670,1,0.0,180.86818789,0.0601291,180.86818789,0.0601291,15.467,15.535,0.08325,0.08196,-22.47,5.59,20.83,22.26,23.83,0.1341,84.02002,11.21,1.39,0.085,8.0,0.0,GAMA,,,,False,True,True
70719,1,2.5,181.17213736,0.01329533,181.17213736,0.01329533,18.296,18.316,0.02243,0.02078,-16.64,1.87,21.04,22.27,23.87,0.4434,6.9599915,8.47,0.73,0.085,8.0,0.0,GAMA,,,,False,True,True
70777,1,3.0,181.38328571,0.03929124,181.38328571,0.03929124,17.346,17.294,0.02321,0.02166,-17.76,7.72,22.3,23.02,24.82,0.7311,166.16,8.74,0.51,0.081,8.0,0.0,GAMA,,,,False,True,True
70802,1,0.0,181.52724765,0.08866597,181.52724765,0.08866597,14.922,14.988,0.0622,0.06094,-22.33,3.49,19.43,20.77,22.36,0.1826,151.16,11.1,1.27,0.083,8.0,0.0,GAMA,,,,False,True,True
70808,1,0.0,181.62542091,0.18181518,181.62542091,0.18181518,16.437,16.505,0.0419,0.04067,-19.86,2.6,20.43,21.77,23.35,0.0165,106.520004,10.08,1.17,0.086,8.0,0.0,GAMA,,,,False,True,True
70929,1,2.5,182.13044121,0.13650366,182.13044121,0.13650366,14.51,14.461,0.0361,0.03487,-21.57,12.78,21.41,22.34,24.03,0.4062,111.44,10.57,0.91,0.087,8.0,0.0,GAMA,,,,False,True,True
71099,1,3.0,183.0613768,0.07229682,183.0613768,0.07229682,15.573,15.571,0.00991,0.00767,-17.57,3.55,20.08,20.96,22.67,0.2282,48.28,8.46,0.27,0.091,8.0,0.0,GAMA,,,,False,True,True
71117,1,3.0,183.1437812,0.1860966,183.1437812,0.1860966,17.756,17.757,0.02137,0.01955,-17.06,3.6,21.44,22.02,23.95,0.6681,49.550003,8.44,0.51,0.097,8.0,0.0,GAMA,,,,False,True,True
71146,1,3.0,183.25124564,0.04376154,183.25124564,0.04376154,16.18,16.126,0.0226,0.02097,-18.84,8.47,22.36,23.09,24.89,0.3223,38.440002,9.15,0.49,0.082,8.0,0.0,GAMA,,,,False,True,True
71178,1,0.5,183.42229892,0.19650743,183.42229892,0.19650743,15.67,15.678,0.07591,0.07465,-22.11,4.46,20.59,22.01,23.58,0.249,26.289993,11.0,1.27,0.079,8.0,0.0,GAMA,,,,False,True,True
71269,1,3.0,183.97349338,0.08162207,183.97349338,0.08162207,17.456,17.472,0.04173,0.04051,-18.87,2.59,20.92,21.4,23.47,0.4795,152.45999,9.09,0.41,0.08,8.0,0.0,GAMA,,,,False,True,True
71352,1,0.0,184.46034839,0.13467986,184.46034839,0.13467986,18.236,18.219,0.03762,0.03641,-17.89,2.28,21.75,22.67,24.37,0.2138,101.92,9.32,1.2,0.115,8.0,0.0,GAMA,,,,False,True,True
71382,1,3.0,184.62741364,0.01323412,184.62741364,0.01323412,16.926,16.944,0.02288,0.0213,-18.06,3.93,21.72,22.2,24.27,0.1909,34.449997,8.95,0.64,0.097,8.0,0.0,GAMA,,,,False,True,True
7139,1,1.0,175.82830466,0.74788117,175.82830466,0.74788117,16.959,16.831,0.07697,0.07567,-20.98,1.23,18.73,20.03,21.62,0.4654,89.29,10.63,1.36,0.102,3.0,0.0,GAMA,,,,False,True,True
718921,1,2.5,217.2773885,1.28502947,217.2773885,1.28502947,14.457,14.172,0.08733,0.08647,-23.91,0.09,10.94,13.11,14.63,0.1403,55.800003,11.19,0.48,0.121,8.0,0.0,GAMA,,,,False,True,True
7206,1,2.0,176.16409281,0.7495694,176.16409281,0.7495694,16.704,16.689,0.09471,0.09339,-21.55,3.33,20.89,21.78,23.49,0.3271,114.59,10.48,0.91,0.123,3.0,0.0,GAMA,,,,False,True,True
7289,1,0.5,176.77502491,0.63568906,176.77502491,0.63568906,15.784,15.757,0.08813,0.08682,-22.37,4.96,20.72,22.17,23.74,0.2661,103.68,11.12,1.32,0.105,8.0,0.0,GAMA,,,,False,True,True
751043,1,3.0,182.83896619,1.06356593,182.83896619,1.06356593,18.797,16.099,0.04823,0.047,,,,,,,,10.07,0.8,0.107,8.0,0.0,GAMA,,,,False,True,True
760733,1,3.0,183.976149,0.08568213,183.976149,0.08568213,19.867,18.41,0.04171,0.04049,,1.71,21.08,21.08,,0.5538,172.21,9.15,0.97,0.08,8.0,0.0,GAMA,,,,False,True,True
7715,1,0.5,179.22873399,0.72391972,179.22873399,0.72391972,15.966,15.82,0.07927,0.07798,-22.06,4.28,20.9,22.34,23.9,0.2308,164.41,10.99,1.29,0.073,8.0,0.0,GAMA,,,,False,True,True
77226,1,1.5,212.37280091,0.14367008,212.37280091,0.14367008,16.583,16.589,0.05503,0.05411,-20.43,3.69,20.93,21.69,23.47,0.4243,73.869995,10.32,1.21,0.14,8.0,0.0,GAMA,,,,False,True,True
77227,1,2.0,212.44165993,0.06230278,212.44165993,0.06230278,16.697,16.703,0.05533,0.05441,-20.33,1.85,19.31,20.58,22.18,0.5078,159.55,10.29,1.23,0.134,8.0,0.0,GAMA,,,,False,True,True
77373,1,3.0,212.98003351,0.07655211,212.98003351,0.07655211,17.979,17.873,0.04041,0.03951,-18.41,5.5,23.07,23.78,25.59,0.4991,3.880005,9.0,0.53,0.173,8.0,0.0,GAMA,,,,False,True,True
77445,2,3.0,213.27491584,0.03486992,213.27491584,0.03486992,17.871,17.828,0.02706,0.02617,-17.54,3.2,22.39,23.19,24.94,0.0828,5.529999,8.68,0.56,0.166,8.0,0.0,GAMA,,,,True,True,True
77446,1,2.0,213.26064353,0.14637573,213.26064353,0.14637573,15.806,15.764,0.05553,0.05462,-21.26,4.87,21.16,22.21,23.85,0.1604,43.789993,10.33,0.8,0.164,8.0,0.0,GAMA,,,,False,True,True
77452,2,3.0,213.37499518,0.18584768,213.37499518,0.18584768,15.473,15.484,0.02673,0.02584,-19.86,6.54,20.28,20.97,22.8,0.711,38.069992,9.77,0.76,0.153,8.0,0.0,GAMA,,,,True,True,True
77710,1,1.5,214.39621924,0.1590901,214.39621924,0.1590901,16.341,16.36,0.05525,0.05436,-20.66,3.11,19.43,20.5,22.14,0.7312,120.689995,10.38,1.18,0.133,8.0,0.0,GAMA,,,,False,True,True
77754,1,2.0,214.64774986,0.15771696,214.64774986,0.15771696,15.342,15.274,0.05399,0.05311,-21.67,7.03,20.95,21.89,23.57,0.4378,171.17,10.48,0.78,0.161,8.0,0.0,GAMA,,,,False,True,True
77845,1,3.0,215.19415642,0.0828774,215.19415642,0.0828774,18.651,18.063,0.05541,0.05454,-19.12,3.01,21.85,22.63,24.4,0.667,95.28,10.11,1.42,0.143,8.0,0.0,GAMA,,,,False,True,True
77967,1,3.0,215.61509409666667,0.05905104,215.61467743,0.05905104,14.872,15.004,0.03254,0.03169,-20.8,5.17,19.91,20.66,22.44,0.5294,171.53,10.37,1.03,0.13,8.0,5.0,GAMA,,,,False,True,True
78355,2,1.5,216.65211529,0.04193028,216.65211529,0.04193028,15.938,15.959,0.0561,0.05525,-21.11,3.89,19.62,20.68,22.33,0.7037,173.28,10.62,1.26,0.126,8.0,0.0,GAMA,,,,True,True,True
7839,1,0.5,179.61542288,0.71790602,179.61542288,0.71790602,15.003,14.641,0.04874,0.04749,-22.1,6.95,20.5,21.92,23.5,0.2481,44.72,11.05,1.28,0.085,8.0,0.0,GAMA,,,,False,True,True
78406,2,3.0,216.9871444,0.02258596,216.9871444,0.02258596,17.13,17.086,0.02469,0.02382,-18.08,5.92,22.85,23.46,25.36,0.1499,29.019989,8.99,0.67,0.138,8.0,0.0,GAMA,,,,True,True,True
7841,1,1.5,179.60882677,0.713106,179.60882677,0.713106,15.477,15.8,0.07981,0.07852,-22.07,2.74,18.99,19.99,21.65,0.6845,152.06,10.96,1.24,0.085,8.0,0.0,GAMA,,,,False,True,True
78425,2,2.5,217.06864514,0.00231127,217.06864514,0.00231127,16.901,16.918,0.05388,0.05304,-20.07,2.14,20.15,21.13,22.8,0.365,176.88,10.05,1.01,0.144,8.0,0.0,GAMA,,,,True,True,True
78523,1,2.5,217.50188872,0.2072006,217.50188872,0.2072006,17.175,17.117,0.05686,0.05602,-19.97,3.15,20.14,21.11,22.79,0.7645,162.04,10.12,1.2,0.144,8.0,0.0,GAMA,,,,False,True,True
78530,1,0.5,217.58210206,0.1191366,217.58210206,0.1191366,15.316,15.276,0.05711,0.05627,-21.84,3.78,19.93,21.12,22.73,0.2189,98.15,10.86,1.2,0.147,8.0,0.0,GAMA,,,,False,True,True
78531,1,2.0,217.59157793,0.12183097,217.59157793,0.12183097,16.917,15.571,0.05627,0.05543,-21.51,3.55,20.2,21.2,22.86,0.3342,55.72,10.73,1.18,0.147,8.0,0.0,GAMA,,,,False,True,True
78634,1,1.0,218.03268234,0.1651945,218.03268234,0.1651945,16.489,16.514,0.05633,0.0555,-20.56,2.49,19.06,20.27,21.87,0.7382,16.040009,10.37,1.23,0.141,8.0,0.0,GAMA,,,,False,True,True
78667,1,3.0,218.0908189,0.17811976,218.0908189,0.17811976,15.966,15.929,0.05562,0.05479,-21.06,6.85,21.84,22.69,24.41,0.2246,109.72,10.16,0.69,0.138,8.0,0.0,GAMA,,,,False,True,True
78791,1,3.0,218.64908598,0.07552206,218.64908598,0.07552206,16.854,16.821,0.0274,0.02662,-18.59,2.94,20.01,20.94,22.63,0.6899,81.380005,9.27,0.76,0.152,8.0,0.0,GAMA,,,,False,True,True
78827,1,1.5,218.91698909,0.20493912,218.91698909,0.20493912,15.08,15.058,0.03005,0.02926,-20.56,3.37,19.52,21.04,22.6,0.2183,72.20001,10.3,1.07,0.145,8.0,0.0,GAMA,,,,False,True,True
78921,1,3.0,219.16094755,0.11739914,219.16094755,0.11739914,17.43,16.422,0.03061,0.02982,-19.21,8.88,22.69,23.49,25.24,0.452,72.70001,9.44,0.67,0.153,8.0,0.0,GAMA,,,,False,True,True
79098,1,3.0,220.06365229,0.2067817,220.06365229,0.2067817,16.114,16.033,0.00745,0.00624,-16.49,7.31,21.79,22.54,24.33,0.4241,37.729996,8.27,0.54,0.172,8.0,0.0,GAMA,,,,False,True,True
79329,1,3.0,221.04454300666663,0.18345177,221.04537634,0.18345177,17.784,17.518,0.02962,0.02887,-18.05,3.2,22.22,22.94,24.74,0.4928,130.29,8.84,0.49,0.182,8.0,5.0,GAMA,,,,False,True,True
79335,1,3.0,221.07642123,0.04394733,221.07642123,0.04394733,18.613,14.63,0.02898,0.02824,-20.9,10.45,21.09,21.93,23.66,0.5834,49.58,10.05,0.59,0.162,8.0,0.0,GAMA,,,,False,True,True
79444,1,2.5,221.37368885,0.13027051,221.37368885,0.13027051,17.82,17.855,0.03841,0.03765,-18.29,4.61,22.38,23.79,25.37,0.4253,18.330002,9.21,0.86,0.169,8.0,0.0,GAMA,,,,False,True,True
7946,1,2.0,179.93476301,0.63536903,179.93476301,0.63536903,16.429,16.443,0.10427,0.10295,-22.09,2.86,20.4,21.57,23.19,0.1931,85.07001,10.92,1.24,0.079,4.0,0.0,GAMA,,,,False,True,True
79529,1,3.0,221.83670457,0.01074715,221.83670457,0.01074715,17.6,17.494,0.02413,0.02337,-17.62,5.68,22.89,23.82,25.51,0.3808,43.930008,8.62,0.44,0.158,8.0,0.0,GAMA,,,,False,True,True
79601,1,3.0,222.34769221,0.04231198,222.34769221,0.04231198,18.012,17.863,0.0444,0.04366,-18.62,2.32,21.7,22.28,24.22,0.0932,124.75,9.05,0.51,0.167,8.0,0.0,GAMA,,,,False,True,True
79635,1,2.5,222.51551376,0.09749601,222.51551376,0.09749601,14.962,14.914,0.0408,0.04006,-21.39,9.13,21.3,21.94,23.82,0.4036,135.94,10.46,0.87,0.179,8.0,0.0,GAMA,,,,False,True,True
79670,1,3.0,222.60204552,0.10402328,222.60204552,0.10402328,17.484,17.504,0.04232,0.04158,-18.88,3.11,20.68,21.21,23.21,0.7334,68.33,9.45,0.86,0.171,8.0,0.0,GAMA,,,,False,True,True
79689,1,-9.0,222.7124885,0.09534785,222.7124885,0.09534785,19.026,18.922,0.04359,0.04285,-17.54,0.61,20.17,21.09,22.78,0.0931,26.490005,9.18,1.2,0.169,8.0,0.0,GAMA,,,,False,True,True
7969,1,0.5,180.03364558,0.67385043,180.03364558,0.67385043,16.037,15.976,0.08683,0.08554,-22.12,5.17,21.03,22.6,24.15,0.1772,161.03,11.02,1.32,0.091,8.0,0.0,GAMA,,,,False,True,True
79690,1,3.0,222.71231211,0.09259411,222.71231211,0.09259411,18.184,17.901,0.04479,0.04405,-18.65,3.63,22.19,23.08,24.79,0.515,151.73001,9.51,1.04,0.169,8.0,0.0,GAMA,,,,False,True,True
79693,1,1.5,222.72741926,0.02766595,222.72741926,0.02766595,16.697,16.656,0.04384,0.0431,-19.82,4.4,20.71,21.2,23.26,0.7099,15.0,10.07,1.18,0.174,8.0,0.0,GAMA,,,,False,True,True
79706,3,0.0,222.70255859,0.09371126,222.70255859,0.09371126,18.765,18.703,0.04409,0.04335,-17.8,0.62,19.66,20.87,22.47,0.1104,100.39001,9.3,1.22,0.169,8.0,0.0,GAMA,,,,True,True,True
79710,1,3.0,222.7419792,0.09218814,222.7419792,0.09218814,18.752,18.508,0.04267,0.04194,-17.94,3.04,22.68,23.31,25.2,0.3955,129.2,9.18,0.96,0.169,8.0,0.0,GAMA,,,,False,True,True
79711,1,1.0,222.7537345,0.07608834,222.7537345,0.07608834,16.095,16.053,0.04414,0.0434,-20.42,2.54,19.1,20.4,21.99,0.6047,40.62001,10.32,1.19,0.171,8.0,0.0,GAMA,,,,False,True,True
79712,1,3.0,222.8070120644444,0.0279597,222.80756762,0.0279597,18.274,18.04,0.024,0.02326,-16.99,1.95,22.68,24.01,25.6,0.275,103.84999,8.57,0.7,0.173,8.0,5.0,GAMA,,,,False,True,True
79733,1,0.5,222.8475741,0.00707868,222.8475741,0.00707868,14.956,14.79,0.02393,0.02319,-20.32,4.86,20.03,21.44,23.02,0.2469,17.929993,10.23,1.09,0.173,8.0,0.0,GAMA,,,,False,True,True
79734,3,3.0,222.86609801,0.00115967,222.86609801,0.00115967,17.029,17.043,0.04336,0.04263,-19.38,1.41,19.3,19.93,21.81,0.4362,72.3,9.27,0.4,0.174,8.0,0.0,GAMA,,,,True,True,True
79750,1,0.0,222.91686943,0.04639488,222.91686943,0.04639488,16.255,16.186,0.10049,0.09972,-22.22,3.4,20.43,21.99,23.55,0.2541,136.9,10.98,1.23,0.171,4.0,0.0,GAMA,,,,False,True,True
79771,1,3.0,222.86892118,0.08145201,222.86892118,0.08145201,18.451,17.722,0.04325,0.04252,-18.69,4.6,23.14,23.95,25.69,0.2966,39.22,9.02,0.43,0.166,8.0,0.0,GAMA,,,,False,True,True
79810,3,0.0,223.26107295,0.20313785,223.26107295,0.20313785,16.527,16.517,0.04393,0.0432,-19.96,1.46,19.21,20.57,22.15,0.1149,92.24999,10.0,1.03,0.175,8.0,0.0,GAMA,,,,True,True,True
79850,1,-9.0,223.42968901,0.03930508,223.42968901,0.03930508,17.394,17.386,0.04472,0.044,-19.15,3.6,20.9,21.65,23.43,0.7302,94.44,9.82,1.2,0.188,8.0,0.0,GAMA,,,,False,True,True
79866,1,0.0,223.45444216,0.08965906,223.45444216,0.08965906,15.391,15.384,0.04465,0.04393,-21.16,3.43,19.7,21.27,22.82,0.2657,97.0,10.64,1.23,0.185,8.0,0.0,GAMA,,,,False,True,True
7992,1,1.0,180.22123209,0.81384911,180.22123209,0.81384911,16.177,16.079,0.08293,0.08164,-21.91,3.15,20.07,21.49,23.06,0.3437,40.360016,10.95,1.33,0.08,8.0,0.0,GAMA,,,,False,True,True
8319,1,3.0,181.73802382,0.66292676,181.73802382,0.66292676,17.476,17.629,0.00639,0.00447,-14.63,11.72,24.51,25.45,27.14,0.2865,178.23001,7.49,0.49,0.098,8.0,0.0,GAMA,,,,False,True,True
8353,1,3.0,182.01648727,0.69760629,182.01648727,0.69760629,15.618,15.44,0.02147,0.01967,-19.41,5.37,20.9,21.43,23.42,0.3726,148.9,9.44,0.56,0.093,8.0,0.0,GAMA,,,,False,True,True
8391,1,-9.0,182.12924688,0.75259506,182.12924688,0.75259506,17.927,17.928,0.02205,0.02035,-16.98,1.64,20.79,21.81,23.47,0.1988,136.22,8.81,0.99,0.095,8.0,0.0,GAMA,,,,False,True,True
8404,1,3.0,182.22071426,0.70556895,182.22071426,0.70556895,17.907,17.852,0.02077,0.01885,-16.92,4.07,22.62,23.5,25.21,0.1941,161.29999,8.75,0.94,0.094,8.0,0.0,GAMA,,,,False,True,True
84048,1,3.0,175.78879408,0.55889885,175.78879408,0.55889885,17.269,17.297,0.02053,0.01861,-17.47,4.84,22.3,23.1,24.85,0.3345,25.980011,8.66,0.56,0.095,8.0,0.0,GAMA,,,,False,True,True
84073,1,1.5,,,,,,,,,,,,,,,,,,,,,,,,,False,True,False
84106,1,0.5,175.98676023,0.52227376,175.98676023,0.52227376,16.164,16.229,0.02918,0.02794,-19.42,2.68,20.19,21.01,22.75,0.0638,87.64,9.93,1.13,0.104,8.0,0.0,GAMA,,,,False,True,True
84107,1,2.5,175.99842988,0.42801347,175.99842988,0.42801347,15.351,15.345,0.02994,0.0287,-20.25,5.05,20.64,21.34,23.16,0.2314,167.65,9.71,0.5,0.108,8.0,0.0,GAMA,,,,False,True,True
84209,1,0.0,176.63164942,0.42550114,176.63164942,0.42550114,16.399,16.374,0.10531,0.10398,-22.21,3.06,20.64,21.97,23.56,0.1226,131.81,11.06,1.38,0.123,4.0,0.0,GAMA,,,,False,True,True
84677,1,2.0,179.34596529,0.48719841,179.34596529,0.48719841,15.32,15.319,0.04846,0.04721,-21.38,5.99,20.33,21.38,23.03,0.5356,151.94,10.56,1.0,0.08,8.0,0.0,GAMA,,,,False,True,True
84680,1,1.0,179.37502334,0.60255069,179.37502334,0.60255069,15.89,15.916,0.04842,0.04717,-20.79,3.57,20.03,21.24,22.84,0.4169,92.64,10.51,1.26,0.074,8.0,0.0,GAMA,,,,False,True,True
84734,1,0.5,179.5974736,0.55192471,179.5974736,0.55192471,15.5,15.502,0.07768,0.07639,-22.32,5.87,20.86,22.37,23.93,0.2226,6.380005,11.07,1.25,0.075,8.0,0.0,GAMA,,,,False,True,True
8485,1,3.0,182.55137407,0.75402737,182.55137407,0.75402737,16.87,16.868,0.02133,0.01951,-18.0,6.17,21.48,22.31,24.05,0.7339,0.6100006,9.21,0.97,0.109,8.0,0.0,GAMA,,,,False,True,True
8487,1,0.5,182.63585758,0.67750104,182.63585758,0.67750104,14.068,13.801,0.02196,0.02024,-21.13,8.0,20.2,21.74,23.3,0.2416,79.20001,10.59,1.13,0.107,8.0,0.0,GAMA,,,,False,True,True
8488,1,0.0,182.62970446,0.67277654,182.62970446,0.67277654,16.811,16.533,0.02171,0.01996,-18.36,1.42,19.28,20.69,22.27,0.0642,65.130005,9.51,1.17,0.108,8.0,0.0,GAMA,,,,False,True,True
8490,1,-9.0,182.64151656,0.67148036,182.64151656,0.67148036,18.158,17.511,0.02173,0.01998,-17.42,2.42,21.95,22.67,24.48,0.2819,66.0,9.05,1.05,0.107,8.0,0.0,GAMA,,,,False,True,True
84900,1,2.0,180.09965191,0.49066872,180.09965191,0.49066872,14.547,14.568,0.027,0.02573,-20.82,6.51,19.78,20.62,22.35,0.553,172.39,10.44,1.11,0.107,8.0,0.0,GAMA,,,,False,True,True
85205,1,0.0,181.45545795,0.54021916,181.45545795,0.54021916,16.581,16.62,0.05061,0.04937,-20.18,2.4,20.52,21.77,23.37,0.0206,25.020004,10.21,1.18,0.094,8.0,0.0,GAMA,,,,False,True,True
85239,1,1.5,181.52448394,0.46386349,181.52448394,0.46386349,16.192,16.154,0.0621,0.06084,-21.13,2.5,19.88,21.09,22.7,0.2214,77.29999,10.67,1.31,0.101,3.0,0.0,GAMA,,,,False,True,True
85280,1,2.0,181.79707744,0.4326249,181.79707744,0.4326249,15.811,15.794,0.06551,0.06425,-21.62,5.26,20.45,21.35,23.05,0.5758,129.77,10.66,1.07,0.088,3.0,0.0,GAMA,,,,False,True,True
85416,1,2.0,182.3693747,0.53326638,182.3693747,0.53326638,14.713,14.691,0.02126,0.01943,-20.15,5.85,19.41,19.99,21.93,0.6649,80.16998,10.21,1.14,0.108,8.0,0.0,GAMA,,,,False,True,True
85418,1,2.0,182.40451716,0.53611309,182.40451716,0.53611309,17.685,17.717,0.02232,0.02066,-17.21,2.05,20.87,21.91,23.56,0.3222,170.53,8.83,0.9,0.11,8.0,0.0,GAMA,,,,False,True,True
85423,1,3.0,182.27831961,0.4732831,182.27831961,0.4732831,17.509,17.512,0.02152,0.01973,-17.35,3.56,22.11,22.66,24.63,0.1767,123.350006,8.63,0.59,0.104,8.0,0.0,GAMA,,,,False,True,True
85464,1,3.0,182.53076373,0.42617556,182.53076373,0.42617556,18.366,18.357,0.02166,0.0199,-16.53,3.75,22.54,23.48,25.17,0.4713,136.71,8.53,0.85,0.108,8.0,0.0,GAMA,,,,False,True,True
85474,1,3.0,182.56935892,0.62658322,182.56935892,0.62658322,15.255,15.199,0.02235,0.02069,-19.76,9.73,20.79,21.32,23.33,0.7406,61.26999,10.0,1.07,0.113,8.0,0.0,GAMA,,,,False,True,True
85479,1,2.5,182.68472641,0.62587804,182.68472641,0.62587804,16.439,16.445,0.02257,0.02094,-18.52,6.27,21.25,22.01,23.79,0.6758,24.050003,9.37,0.91,0.107,8.0,0.0,GAMA,,,,False,True,True
85481,1,3.0,182.70962171,0.5959107,182.70962171,0.5959107,16.823,16.829,0.02172,0.01997,-18.05,4.34,21.51,22.2,24.03,0.4085,41.809998,9.02,0.7,0.104,8.0,0.0,GAMA,,,,False,True,True
85505,1,2.0,182.74171769,0.6039239,182.74171769,0.6039239,15.597,15.606,0.07914,0.07787,-22.29,6.87,20.65,21.62,23.29,0.639,51.90001,11.06,1.25,0.106,8.0,0.0,GAMA,,,,False,True,True
85507,1,3.0,182.76407921,0.62410422,182.76407921,0.62410422,17.076,17.115,0.02181,0.02007,-17.78,2.47,19.68,20.73,22.38,0.736,117.68,9.02,0.85,0.108,8.0,0.0,GAMA,,,,False,True,True
85559,1,0.0,182.95308783,0.61465616,182.95308783,0.61465616,16.462,16.435,0.07984,0.07857,-21.44,3.75,21.06,22.59,24.15,0.1058,101.399994,10.65,1.16,0.103,3.0,0.0,GAMA,,,,False,True,True
8562,1,3.0,182.79066959,0.78576049,182.79066959,0.78576049,18.262,18.174,0.02167,0.01991,-16.73,4.57,23.24,23.89,25.75,0.2816,29.330017,8.42,0.62,0.101,8.0,0.0,GAMA,,,,False,True,True
85667,1,0.0,183.51920665,0.44638424,183.51920665,0.44638424,15.596,15.525,0.07596,0.0747,-22.25,3.35,19.99,21.43,23.0,0.0949,41.47,11.0,1.21,0.082,8.0,0.0,GAMA,,,,False,True,True
8570,1,3.0,182.83285894,0.8041979244444445,182.83285894,0.80475348,16.583,16.282,0.02237,0.02072,-18.67,4.8,23.51,24.26,26.05,0.3522,31.709991,9.27,0.7,0.103,8.0,5.0,GAMA,,,,False,True,True
85707,1,1.5,183.76445058,0.48851121,183.76445058,0.48851121,15.814,15.816,0.08359,0.08232,-22.17,6.24,21.11,22.09,23.76,0.4338,77.16998,10.89,1.1,0.089,3.0,0.0,GAMA,,,,False,True,True
85919,1,3.0,184.56949029,0.55197079,184.56949029,0.55197079,17.775,17.797,0.02274,0.02114,-17.17,1.55,20.2,20.91,22.72,0.4327,90.11,8.58,0.61,0.081,8.0,0.0,GAMA,,,,False,True,True
86115,1,3.0,185.27385231,0.55283142,185.27385231,0.55283142,15.505,15.413,0.0094,0.00719,-17.62,13.5,21.86,22.87,24.53,0.7004,172.93,8.63,0.44,0.084,8.0,0.0,GAMA,,,,False,True,True
86116,1,3.0,185.27933717,0.46133529,185.27933717,0.46133529,17.207,17.224,0.00881,0.00666,-15.64,2.78,20.99,21.65,23.51,0.3767,31.11,7.69,0.26,0.09,8.0,0.0,GAMA,,,,False,True,True
8703,1,2.0,183.62176665,0.83011375,183.62176665,0.83011375,14.142,14.139,0.02213,0.02044,-20.79,8.39,19.9,20.87,22.54,0.5779,133.38,10.36,1.01,0.123,8.0,0.0,GAMA,,,,False,True,True
8706,1,2.0,183.68935606,0.74353151,183.68935606,0.74353151,14.813,14.803,0.02243,0.02079,-20.15,41.19,23.45,25.34,26.87,0.5565,53.600006,10.0,0.88,0.112,8.0,0.0,GAMA,,,,False,True,True
8865,1,0.0,184.03133471,0.65632281,184.03133471,0.65632281,16.685,16.556,0.0744,0.07314,-21.16,2.5,20.28,21.96,23.5,0.1,23.950012,10.66,1.32,0.098,3.0,0.0,GAMA,,,,False,True,True
8913,1,3.0,184.2203975,0.76586734,184.2203975,0.76586734,17.81,17.83,0.02998,0.02878,-17.78,2.79,21.48,22.36,24.07,0.4537,57.149994,8.79,0.58,0.096,8.0,0.0,GAMA,,,,False,True,True
9008500001,1,0.0,10.4602114396463,-9.30318352091331,,,18.311832,13.235982,,0.05538463,-23.762243,21.041311,21.322361,22.194613,23.909332,0.24938725,145.80807,11.73324,1.2998418,,7.0,0.0,Cluster,0.0,0.14900017,1.0,False,True,True
9008500002,1,0.0,10.4601582692453,-9.30364509318335,,,19.049625,13.236085,,0.05538463,-23.76214,21.361086,21.339363,22.220806,23.931208,0.25148314,145.64214,11.733201,1.2998447,,7.0,0.0,Cluster,0.0007378297,0.14900017,1.0,False,True,True
9008500004,1,1.5,10.456779119272,-9.2953036441189,,,14.436473,15.730292,,0.050102174,-21.263493,44.093357,25.201817,26.886974,28.431923,0.23541267,225.52527,10.639072,1.2141476,,7.0,0.0,Cluster,0.013623019,-1.3523643,1.0,False,True,True
9008500007,2,0.0,10.4509525837683,-9.28421645589635,,,15.367635,15.118814,,0.05296855,-21.877182,3.103812,19.315823,20.561842,22.161436,0.29508016,255.12617,10.939993,1.2553253,,7.0,0.0,Cluster,0.033438817,-0.53675973,1.0,True,True,True
9008500018,1,0.5,10.4898030298337,-9.28199628840183,,,17.260296,17.240927,,0.057177767,-19.757118,0.930207,18.843412,20.182903,21.766287,0.20064019,153.2526,10.028619,1.1877613,,7.0,0.0,Cluster,0.05730406,0.6569353,1.0,False,True,True
9008500020,1,0.0,10.4221174966649,-9.31587249604061,,,16.205622,15.442443,,0.04770943,-21.548409,5.972856,21.230108,22.480024,24.078875,0.09054717,142.33698,10.89495,1.3049784,,7.0,0.0,Cluster,0.063017145,-2.034892,1.0,False,True,True
9008500022,1,0.5,10.4366799954873,-9.33816317963635,,,16.882706,16.887665,,0.046343207,-20.102259,1.6411687,19.86181,21.249514,22.825735,0.025009587,74.053665,10.140078,1.1462822,,7.0,0.0,Cluster,0.06668506,-2.4252965,1.0,False,True,True
9008500024,1,0.5,10.4172392524443,-9.30426745407099,,,15.70752,15.65803,,0.056014862,-21.341162,2.9372146,19.53479,20.90403,22.482908,0.3295579,221.40587,10.753547,1.3033934,,7.0,0.0,Cluster,0.06737665,0.32762235,1.0,False,True,True
9008500034,1,1.0,10.4701910086027,-9.35839301030114,,,16.817778,16.816359,,0.061140932,-20.1859,1.9633735,19.538282,20.80274,22.398869,0.5012325,206.11385,10.199323,1.2078857,,7.0,0.0,Cluster,0.08907213,1.7764977,1.0,False,True,True
9008500042,1,0.0,10.4008963073197,-9.32508429188939,,,16.312153,16.261543,,0.05451584,-20.736303,1.7948344,19.392773,20.710413,22.297297,0.09365919,230.98563,10.522638,1.3119345,,7.0,0.0,Cluster,0.09926203,-0.09740933,1.0,False,True,True
9008500043,1,3.0,10.4269723201751,-9.35717906573432,,,17.957108,17.780148,,0.04908104,-19.207333,1.8351475,20.830374,21.683937,23.407778,0.27305079,86.07144,9.63168,0.9587307,,3.0,0.0,Cluster,0.10034299,-1.6434541,1.0,False,True,True
9008500059,1,0.0,10.394658653985,-9.35004750330196,,,15.959802,15.909942,,0.057958335,-21.090816,3.8551602,20.546385,22.171244,23.721094,0.07975418,189.47629,10.612209,1.2645597,,7.0,0.0,Cluster,0.1268697,0.87777334,1.0,False,True,True
9008500062,1,2.0,10.3830303738387,-9.33398371608278,,,15.426273,15.434363,,0.046061862,-21.55389,4.315786,19.849512,20.651968,22.40331,0.5581574,93.16112,10.627398,1.0346918,,8.0,0.0,Cluster,0.13048525,-2.5057545,1.0,False,True,True
9008500064,1,0.0,10.4847735629504,-9.38239037931209,,,17.335201,17.197182,,0.059343014,-19.801918,1.4964529,19.933628,21.802141,23.335337,0.000152802,120.39932,10.01447,1.1582489,,7.0,0.0,Cluster,0.13156033,1.2691236,1.0,False,True,True
9008500067,1,1.0,10.4449727227559,-9.38691332035567,,,15.956871,15.940451,,0.059015535,-21.061174,3.3309271,19.534887,20.680885,22.302006,0.61613667,219.33484,10.620266,1.2835197,,7.0,0.0,Cluster,0.13511407,1.1766151,1.0,False,True,True
9008500068,1,0.0,10.3956156739468,-9.36066023636977,,,17.072,16.90894,,0.05697498,-20.089985,2.0018082,20.316736,21.571623,23.169533,0.10291277,174.0629,10.189114,1.2244703,,7.0,8.0,Cluster,0.13631974,0.5995362,1.0,False,True,True
9008500069,1,1.0,10.395380811494,-9.36403854985805,,,15.159124,15.111054,,0.04748951,-21.880186,4.0651035,19.432478,20.767944,22.35196,0.48267788,264.26233,10.901254,1.2051201,,7.0,0.0,Cluster,0.14023584,-2.097702,1.0,False,True,True
9008500070,1,1.0,10.388634237302,-9.24904563116976,,,15.870532,15.841162,,0.058666002,-21.159697,3.3418436,19.470547,20.703878,22.305943,0.5894528,172.70447,10.627803,1.2457361,,7.0,0.0,Cluster,0.14135842,1.077845,1.0,False,True,True
9008500074,1,3.0,10.376239595784,-9.26274070051165,,,14.486799,14.43703,,0.04488264,-22.54045,8.974388,20.812368,21.775612,23.451872,0.36644974,181.06596,10.726944,0.6337901,,8.0,0.0,Cluster,0.14646232,-2.843215,1.0,False,True,True
9008500077,1,0.0,10.5541064743967,-9.29742097468969,,,15.773389,15.546458,,0.066114955,-21.459278,4.590606,20.685057,22.19196,23.753317,0.034845762,237.24767,10.764045,1.2653217,,7.0,0.0,Cluster,0.14745538,3.1756434,0.0,False,True,True
9008500080,1,1.5,10.5307068973571,-9.23846719308626,,,17.11494,17.116539,,0.05563253,-19.881706,3.11499,20.797783,22.012527,23.618338,0.5057702,235.83487,10.086249,1.2105675,,7.0,0.0,Cluster,0.15091862,0.2192742,1.0,False,True,True
9008500082,1,1.0,10.4049453382274,-9.22099311100663,,,16.45238,16.38682,,0.058694754,-20.613266,4.3784127,21.090752,22.55896,24.124743,0.29450908,91.44705,10.354014,1.1852112,,7.0,0.0,Cluster,0.15667367,1.0859708,1.0,False,True,True
9008500083,1,1.0,10.3769654407501,-9.35906216053447,,,16.70187,16.65435,,0.054470547,-20.342226,2.7884705,19.629368,20.975101,22.557516,0.67749876,225.75414,10.275592,1.2011852,,7.0,0.0,Cluster,0.15779403,-0.110260814,1.0,False,True,True
9008500084,1,2.5,10.3943420481587,-9.37869940308599,,,17.973303,17.963121,,0.059374407,-19.029783,2.6126423,20.923388,21.704786,23.468676,0.672027,166.06245,9.554407,0.9761371,,3.0,0.0,Cluster,0.1582488,1.2779902,1.0,False,True,True
9008500089,1,1.0,10.3767974300376,-9.23519897770353,,,15.252736,15.117376,,0.054810703,-21.880756,3.6687543,18.799835,20.199463,21.774025,0.64524287,185.07973,10.987204,1.3206567,,7.0,0.0,Cluster,0.16957726,-0.013756076,1.0,False,True,True
9008500093,1,1.0,10.5022545865853,-9.20073321589394,,,16.93248,16.8666,,0.05969162,-20.131664,2.8066816,20.341095,21.823322,23.38746,0.45194325,152.75255,10.112042,1.1188812,,7.0,0.0,Cluster,0.17556085,1.3675683,1.0,False,True,True
9008500096,1,0.0,10.3701016116481,-9.23295198285023,,,15.342994,15.066584,,0.046795055,-21.923738,5.947524,20.56707,22.008698,23.577732,0.18225464,134.07072,10.90576,1.181571,,7.0,0.0,Cluster,0.17998616,-2.2961235,1.0,False,True,True
9008500099,1,-9.0,10.5559438085483,-9.37134946951966,,,17.954865,17.461065,,0.056072123,-19.53583,6.257895,22.542055,24.341553,25.878681,0.4398468,95.132286,10.246384,1.4597397,,7.0,0.0,Cluster,0.18501945,0.34384623,1.0,False,True,True
9008500100,1,1.5,10.3663532531904,-9.22976079749181,,,15.840938,16.418459,,0.046825085,-20.56901,3.3399608,19.798994,21.081083,22.674026,0.7091771,101.00491,10.229788,1.016304,,8.0,8.0,Cluster,0.18773948,-2.2875407,1.0,False,True,True
9008500103,1,2.0,10.4142949157241,-9.41457318807378,,,16.205421,16.23662,,0.060075134,-20.764448,8.655777,22.386972,23.96937,25.523046,0.088399224,219.64896,10.499727,1.2644577,,7.0,0.0,Cluster,0.1909923,1.4758334,1.0,False,True,True
9008500105,1,1.0,10.3406016415034,-9.32861822085751,,,17.030842,17.036942,,0.054352883,-19.959494,1.1030023,18.290813,19.62977,21.213238,0.62705964,98.39721,10.105977,1.1852646,,7.0,0.0,Cluster,0.19177233,-0.14364997,1.0,False,True,True
9008500107,1,2.5,10.3628671170926,-9.22846585390328,,,16.071182,15.670021,,0.04728918,-21.31467,2.64871,19.715788,20.603874,22.311218,0.21555796,192.58138,10.439729,0.9051666,,8.0,0.0,Cluster,0.19330809,-2.1549268,1.0,False,True,True
9008500110,1,1.0,10.5781644749178,-9.25791152429374,,,15.633891,15.578901,,0.055697262,-21.419098,4.8129697,20.416988,21.95,23.508566,0.33443272,125.96088,10.750234,1.250124,,7.0,0.0,Cluster,0.19838007,0.2376209,1.0,False,True,True
9008500114,1,0.0,10.4590605363319,-9.42984286373696,,,14.71912,14.73321,,0.05778922,-22.267447,8.146433,20.836718,22.39656,23.95241,0.16959777,100.958824,11.131812,1.3097601,,7.0,0.0,Cluster,0.20117894,0.82994175,1.0,False,True,True
9008500117,1,2.5,10.3660976620714,-9.39154819079998,,,17.375061,17.367823,,0.04931452,-19.618113,3.0625331,20.843384,22.179298,23.763245,0.56000644,126.863075,9.746698,0.8990135,,3.0,0.0,Cluster,0.2035985,-1.5768716,1.0,False,True,True
9008500118,1,0.0,10.4000248590084,-9.18731114063918,,,16.506325,16.502064,,0.055625483,-20.496445,3.1181042,20.683172,22.136293,23.7039,0.11466547,250.5108,10.358594,1.2400894,,7.0,0.0,Cluster,0.20681481,0.21727642,1.0,False,True,True
9008500120,1,-9.0,10.4772921293583,-9.43274555519235,,,17.718557,15.978318,,0.057240143,-21.011856,0.24554676,23.818348,24.620186,26.371885,0.014532562,90.67452,10.254978,0.8763695,,8.0,0.0,Cluster,0.20751466,0.67458874,1.0,False,True,True
9008500122,1,0.5,10.5831860421119,-9.35523053114265,,,16.670055,16.635084,,0.056426346,-20.363594,2.260992,20.019907,21.39272,22.971075,0.2708687,117.87183,10.288573,1.2171268,,7.0,0.0,Cluster,0.20971449,0.44418857,1.0,False,True,True
9008500128,1,1.5,10.418123526165,-9.17167541934617,,,16.572096,16.576567,,0.05464135,-20.420763,4.0928435,21.296934,22.571945,24.166151,0.16853346,207.36682,10.306923,1.2114773,,7.0,0.0,Cluster,0.21904586,-0.06179846,1.0,False,True,True
9008500130,1,0.5,10.4276260663291,-9.43771115340031,,,15.615879,16.30449,,0.053946137,-20.691612,1.4091293,19.518051,20.803759,22.396063,0.43983546,303.28583,10.38785,1.1742669,,7.0,8.0,Cluster,0.2196852,-0.25910035,1.0,False,True,True
9008500134,1,0.5,10.3319430198895,-9.24537859896209,,,16.917273,16.890682,,0.051158488,-20.103214,1.0425718,18.715694,20.065487,21.647278,0.22053069,159.3034,10.170749,1.1852169,,7.0,0.0,Cluster,0.22103375,-1.0515417,1.0,False,True,True
9008500135,1,0.5,10.4291868501229,-9.43942508561192,,,14.427889,14.54641,,0.05623618,-22.451832,27.826975,22.511625,24.062752,25.619467,0.28096104,132.43681,11.141962,1.2290182,,7.0,0.0,Cluster,0.22178473,0.3903239,1.0,False,True,True
9008500137,1,1.5,10.4410573744021,-9.44298642951742,,,17.832836,17.311066,,0.05320723,-19.683588,2.6581478,20.725002,21.890013,23.506657,0.6446794,222.46596,10.045049,1.2159195,,7.0,0.0,Cluster,0.22406618,-0.46894506,1.0,False,True,True
9008500138,1,0.0,10.4224456631099,-9.43929794159098,,,17.38921,16.3775,,0.054311275,-20.616693,1.0772312,19.333235,20.584938,22.183449,0.097489685,158.45723,10.378108,1.1686611,,7.0,0.0,Cluster,0.22414266,-0.15545784,1.0,False,True,True
9008500139,1,0.0,10.441051743033,-9.16242459675567,,,16.158176,16.156736,,0.051665194,-20.837872,2.163436,19.779593,21.034206,22.632168,0.00088756956,190.07356,10.479002,1.2049999,,7.0,0.0,Cluster,0.22557391,-0.9073455,1.0,False,True,True
9008500141,1,2.5,10.6009449511156,-9.2712583435562,,,16.261564,16.262203,,0.060607277,-20.73024,2.7912993,20.432743,21.214678,22.978237,0.062469825,109.83533,10.201669,0.9425306,,8.0,0.0,Cluster,0.22634688,1.6259905,1.0,False,True,True
9008500145,1,0.0,10.5800159410338,-9.38770974940007,,,16.494162,16.418592,,0.058078952,-20.579838,11.886668,23.27442,24.789797,26.350231,0.011551045,183.07797,10.368532,1.1966953,,7.0,0.0,Cluster,0.2308166,0.91188383,1.0,False,True,True
9008500158,1,1.5,10.3326639193257,-9.39085073790495,,,16.562162,16.559263,,0.049173295,-20.428595,2.4841187,19.7729,20.640182,22.35728,0.5367208,205.76437,10.146747,0.9861507,,8.0,0.0,Cluster,0.24360791,-1.6171434,1.0,False,True,True
9008500160,1,0.5,10.4503219949085,-9.45844587249463,,,17.053707,16.995956,,0.05739462,-20.00343,2.1761875,19.927576,20.960442,22.612768,0.5186842,210.42477,10.113081,1.18948,,7.0,0.0,Cluster,0.24708703,0.7183037,1.0,False,True,True
9008500161,1,3.0,10.32919915197,-9.38985122817612,,,17.322184,17.285225,,0.049822234,-19.695335,2.9037359,21.518229,22.481493,24.157745,0.08243312,183.80096,9.623854,0.7086144,,3.0,0.0,Cluster,0.2471956,-1.4321376,1.0,False,True,True
9008500166,1,1.5,10.4151303101143,-9.45866845624096,,,16.298239,16.18737,,0.055591792,-20.808735,3.0438352,19.984276,20.782244,22.536198,0.4860365,250.1364,10.412521,1.1429759,,7.0,0.0,Cluster,0.25685978,0.20772667,1.0,False,True,True
9008500169,1,0.0,10.3892318142731,-9.15650249316038,,,15.612171,15.565381,,0.060641617,-21.435072,4.2828174,20.347692,21.8245,23.389267,0.19984001,76.20117,10.709361,1.2024975,,7.0,0.0,Cluster,0.2581821,1.6356776,1.0,False,True,True
9008500171,1,1.0,10.5104085794387,-9.14456959146457,,,17.121626,17.117476,,0.05597974,-19.880686,2.4284365,19.829449,20.95495,22.581123,0.6834445,178.69652,10.066037,1.1872349,,7.0,0.0,Cluster,0.2639293,0.3176708,1.0,False,True,True
9008500172,1,1.0,10.4468058635909,-9.13706423909676,,,16.551077,16.528696,,0.055526298,-20.469975,2.0880828,19.304811,20.42884,22.055387,0.5544786,176.1593,10.395231,1.2899456,,7.0,0.0,Cluster,0.2646803,0.18916164,1.0,False,True,True
9008500175,1,1.5,,,,,,,,,,,,,,,,,,,,,,,,,False,True,False
9008500181,2,3.0,10.5829015717712,-9.42430855166777,,,17.318895,17.324846,,0.05108638,-19.659773,2.166699,20.562304,21.42441,23.144024,0.37060603,197.86826,9.711386,0.8376179,,3.0,0.0,Cluster,0.27198893,-1.072067,1.0,True,True,True
9008500182,1,0.0,10.3314638827008,-9.41907572997829,,,16.28247,16.243752,,0.05480179,-20.753191,2.966546,20.144434,21.654446,23.215462,0.25660712,120.61597,10.435489,1.1992989,,7.0,0.0,Cluster,0.2731129,-0.01628482,1.0,False,True,True
9008500185,1,3.0,10.2932029074486,-9.25035169543611,,,17.818985,17.807104,,0.061145633,-19.176935,2.445048,21.368992,21.958454,23.884064,0.3624603,96.84061,9.546434,0.8620968,,3.0,0.0,Cluster,0.27490765,1.7778233,1.0,False,True,True
9008500190,1,0.0,10.5136335931057,-9.47106096169307,,,15.939662,15.857781,,0.05224929,-21.136917,14.184086,22.817524,24.615583,26.1528,0.1817585,159.70084,10.562917,1.1670208,,7.0,0.0,Cluster,0.27946922,-0.74121195,1.0,False,True,True
9008500193,1,0.5,10.5489884794695,-9.45911102436925,,,17.31498,17.30562,,0.05703896,-19.694584,1.1990981,19.188068,20.540434,22.121832,0.38315693,255.28722,10.055423,1.2742691,,7.0,0.0,Cluster,0.28405535,0.6176465,1.0,False,True,True
9008500196,1,1.0,10.2771965421587,-9.29694790158553,,,15.900646,15.839836,,0.058217116,-21.160194,2.8562992,19.453781,20.850521,22.42548,0.4336398,210.4479,10.615159,1.2266712,,7.0,0.0,Cluster,0.28703007,0.9509515,1.0,False,True,True
9008500197,1,0.5,10.454659526801,-9.48409493949341,,,16.874779,16.882269,,0.061265714,-20.11946,2.262533,20.278477,21.775751,23.338177,0.21723445,85.97552,10.167349,1.1969261,,7.0,0.0,Cluster,0.2874702,1.8116792,1.0,False,True,True
9008500204,1,1.5,10.5317530288132,-9.47654021827822,,,16.884182,16.872112,,0.056865193,-20.126127,2.2343895,19.349274,20.4022,22.04836,0.7015628,258.25748,10.153932,1.1716614,,7.0,0.0,Cluster,0.29728675,0.5684559,1.0,False,True,True
9008500205,1,3.0,10.4719188438107,-9.49180109848698,,,16.12798,15.995021,,0.05253968,-20.98184,2.6708047,20.348886,21.283207,22.970715,0.000100301724,228.87361,10.028908,0.5567599,,8.0,8.0,Cluster,0.30013922,-0.6586508,1.0,False,True,True
9008500208,1,0.5,10.4781053375402,-9.1114956707242,,,16.2948,16.23471,,0.05296664,-20.761435,2.113636,19.532167,21.019482,22.583035,0.19573128,330.02414,10.476342,1.2434435,,7.0,0.0,Cluster,0.30574444,-0.5373028,1.0,False,True,True
9008500209,1,2.0,10.4729417255884,-9.49553030830903,,,15.107425,15.132224,,0.050899208,-21.860266,7.1704416,20.222166,21.019138,22.773674,0.6791376,176.2118,10.807641,1.1072617,,8.0,0.0,Cluster,0.30615166,-1.1253531,1.0,False,True,True
9008500210,1,1.0,10.6141803657842,-9.42463845470283,,,16.960947,16.936438,,0.056916714,-20.063583,1.8094438,19.141611,20.353174,21.959642,0.64994335,262.54764,10.208399,1.274803,,7.0,0.0,Cluster,0.30892023,0.5830415,1.0,False,True,True
9008500220,1,1.0,10.4673522085826,-9.50412622995671,,,14.6419325,14.615453,,0.05736136,-22.384665,12.151511,21.15827,21.789557,23.67069,0.7032627,245.90155,11.139909,1.2697525,,7.0,0.0,Cluster,0.31934994,0.7088922,1.0,False,True,True
9008500221,1,1.5,10.4287885599545,-9.10424475161477,,,17.24549,17.25119,,0.053508915,-19.74435,2.525218,20.237549,21.443094,23.050817,0.6130861,222.66583,10.00045,1.1625595,,7.0,0.0,Cluster,0.3197889,-0.3832508,1.0,False,True,True
9008500224,1,1.0,10.6633531432755,-9.3352887722044,,,17.216208,17.212337,,0.05362407,-19.783625,2.7309854,20.043526,21.118498,22.758219,0.7240977,198.60896,10.003879,1.1565189,,7.0,0.0,Cluster,0.32244512,-0.3505469,1.0,False,True,True
9008500225,1,0.0,10.3009121752371,-9.16952512920515,,,15.219673,15.1296835,,0.056104586,-21.869188,3.4707906,19.633064,21.080845,22.64911,0.10533998,93.3743,10.922438,1.253417,,7.0,0.0,Cluster,0.32776853,0.35304335,1.0,False,True,True
9008500227,1,1.0,10.2985975353331,-9.17143297157634,,,16.219923,16.010921,,0.05374133,-20.985235,2.7647564,19.735228,21.104916,22.683727,0.4222606,183.92464,10.533237,1.2025166,,7.0,8.0,Cluster,0.32860318,-0.31724998,1.0,False,True,True
9008500228,1,2.0,10.571986356381,-9.47996017308961,,,16.470434,16.487965,,0.052781034,-20.49931,2.81514,20.076591,21.062923,22.73078,0.46489343,140.6121,10.062268,0.8709717,,8.0,0.0,Cluster,0.33092308,-0.59004843,1.0,False,True,True
9008500234,1,0.0,10.2731582338786,-9.19210878844818,,,15.223858,15.180858,,0.055719316,-21.817497,5.88177,20.625767,22.053015,23.623888,0.23176292,168.86665,10.911675,1.2577848,,7.0,0.0,Cluster,0.3422115,0.24387136,1.0,False,True,True
9008500236,1,1.0,10.6425474587829,-9.18140367149273,,,16.812332,16.709501,,0.054621596,-20.286049,1.3654118,18.451105,19.631544,21.244696,0.6313843,174.37375,10.198046,1.1375294,,7.0,0.0,Cluster,0.345133,-0.067403205,1.0,False,True,True
9008500237,1,1.0,10.3037842354564,-9.15011486062905,,,15.949008,15.858528,,0.0531886,-21.137547,4.302293,20.262516,21.932709,23.478819,0.4405406,181.14969,10.582174,1.1971998,,7.0,0.0,Cluster,0.345321,-0.4742378,1.0,False,True,True
9008500239,2,1.0,10.6410879673391,-9.17792148554547,,,15.194573,15.184234,,0.056227837,-21.814825,4.3407216,20.009647,21.41718,22.990664,0.22989732,103.20754,10.918744,1.271825,,7.0,0.0,Cluster,0.34638837,0.38796005,1.0,True,True,True
9008500240,1,0.5,10.4712554769746,-9.52117851675089,,,16.869892,16.889853,,0.057109505,-20.108534,2.7811937,20.544031,22.166332,23.716402,0.2981094,155.99962,10.137318,1.163023,,7.0,0.0,Cluster,0.34666988,0.6376147,1.0,False,True,True
9008500245,1,0.5,10.2578203550933,-9.20920861837042,,,15.359399,15.313938,,0.05388241,-21.682932,6.7712054,20.967632,22.570711,24.122482,0.22397876,261.98203,10.855087,1.2529535,,7.0,0.0,Cluster,0.350625,-0.27719304,1.0,False,True,True
9008500246,1,1.0,10.5460653649291,-9.50839360199117,,,16.504616,16.509787,,0.054660134,-20.487688,2.306692,19.962597,21.201183,22.802216,0.2531539,146.36748,10.324481,1.2057247,,7.0,0.0,Cluster,0.35260293,-0.056469668,1.0,False,True,True
9008500249,1,0.5,10.3266504496479,-9.48658020655629,,,16.648266,16.650986,,0.05816776,-20.349035,4.004406,21.262707,22.887806,24.437634,0.12929593,145.65648,10.26167,1.200634,,7.0,0.0,Cluster,0.3586764,0.93699586,1.0,False,True,True
9008500251,2,1.0,10.5903025592273,-9.11667252535254,,,16.103115,16.095444,,0.052474134,-20.898624,3.094746,19.40496,20.60688,22.215368,0.65403885,163.45036,10.433571,1.125454,,7.0,0.0,Cluster,0.35965565,-0.6772844,1.0,True,True,True
9008500256,1,1.0,10.4663133734832,-9.53289326064425,,,16.693867,16.690117,,0.055820104,-20.308691,1.9097483,19.28887,20.614187,22.199823,0.5134356,89.423996,10.2852545,1.2454243,,7.0,0.0,Cluster,0.3649693,0.27243495,1.0,False,True,True
9008500264,1,2.5,10.6412648905991,-9.14620487457421,,,16.417887,16.383457,,0.055642627,-20.60826,4.2986226,20.874928,21.559593,23.392492,0.49739304,220.20932,10.2289505,1.0120678,,8.0,0.0,Cluster,0.37779823,0.22213566,1.0,False,True,True
9008500268,1,2.0,10.5209393280288,-9.53443863417246,,,15.066681,15.056181,,0.052849617,-21.929173,10.000725,21.715982,22.343632,24.22838,0.32618845,192.85657,10.652794,0.8726873,,8.0,0.0,Cluster,0.37942347,-0.5705574,1.0,False,True,True
9008500282,1,1.0,10.4051875165633,-9.54819325327309,,,16.592817,16.534426,,0.05929226,-20.466465,1.3537375,18.585379,19.907642,21.49377,0.45910302,151.16756,10.3110075,1.2046909,,7.0,0.0,Cluster,0.39858064,1.2547883,1.0,False,True,True
9008500292,1,1.0,10.2100661275599,-9.22311961282392,,,16.497965,16.438974,,0.053861573,-20.557158,3.0133836,19.842901,21.198996,22.779829,0.5898596,136.3191,10.3840275,1.2208405,,7.0,0.0,Cluster,0.41222522,-0.28310853,1.0,False,True,True
9008500296,1,1.0,10.4822367659678,-9.04299037305988,,,16.625782,16.45288,,0.05799968,-20.545513,3.8455904,20.638773,22.023735,23.600344,0.49451277,158.72804,10.461699,1.293725,,7.0,0.0,Cluster,0.41470093,0.88946664,1.0,False,True,True
9008500302,1,1.0,10.5663091667784,-9.54779579412309,,,15.588274,15.573673,,0.05911065,-21.427624,4.030137,19.885906,21.267466,22.844559,0.4435707,265.94986,10.749374,1.2607737,,7.0,0.0,Cluster,0.42258453,1.2034866,1.0,False,True,True
9008500303,1,0.0,10.5244379465798,-9.04463846653921,,,15.590071,15.525461,,0.055677857,-21.472805,4.3442903,20.419031,22.070808,23.618397,0.0919913,275.2282,10.7504,1.2354736,,7.0,0.0,Cluster,0.42281073,0.23212102,1.0,False,True,True
9008500307,1,0.0,10.3415602089195,-9.05869793737703,,,16.935453,16.942993,,0.05491132,-20.053556,2.4631667,20.506369,21.813902,23.40246,0.28378576,246.95221,10.161242,1.198204,,7.0,0.0,Cluster,0.4305771,0.014783536,1.0,False,True,True
9008500314,1,1.0,10.3780726409304,-9.03747433716655,,,16.040981,15.95827,,0.050765753,-21.035093,7.972522,21.74697,23.433558,24.978395,0.28355107,156.17517,10.519088,1.1584635,,7.0,0.0,Cluster,0.44123653,-1.1633518,1.0,False,True,True
9008500316,1,2.0,10.3033190761138,-9.53436699030842,,,15.576679,15.614249,,0.05724784,-21.378832,5.663051,20.975801,21.631798,23.489534,0.38844538,104.2047,10.540434,1.0221595,,8.0,0.0,Cluster,0.4418792,0.67676693,1.0,False,True,True
9008500318,1,2.5,10.1843372268945,-9.3730847630718,,,16.761436,16.782677,,0.057243615,-20.212519,3.1008294,19.728403,20.513405,22.275091,0.76903427,114.796005,10.096706,1.0586185,,8.0,0.0,Cluster,0.4463871,0.6755714,1.0,False,True,True
9008500323,1,1.5,10.369033237567,-9.57410856330411,,,15.421764,15.449855,,0.05366028,-21.54683,6.0363097,20.510221,21.830261,23.416752,0.50846726,263.61145,10.779801,1.2336969,,7.0,0.0,Cluster,0.45339933,-0.3402642,1.0,False,True,True
9008500326,1,1.5,10.4889479749721,-9.58994183604966,,,16.554483,16.522802,,0.05316374,-20.464981,5.6755667,21.325941,22.635592,24.223795,0.52097565,248.949,10.089391,0.9115009,,8.0,0.0,Cluster,0.45767322,-0.4813002,1.0,False,True,True
9008500328,1,0.0,10.1835948162129,-9.39968299057854,,,15.981649,15.84715,,0.05858351,-21.153057,3.0138872,19.898348,21.39935,22.961357,0.20367214,168.39165,10.616604,1.229845,,7.0,0.0,Cluster,0.45980397,1.0545295,1.0,False,True,True
9008500333,1,0.0,10.6647853285747,-9.51492566246306,,,15.988489,15.933079,,0.057497293,-21.067047,2.534863,19.772057,21.056297,22.648859,0.14466135,209.85689,10.626745,1.2803869,,7.0,0.0,Cluster,0.46460068,0.7473552,1.0,False,True,True
9008500339,1,0.5,10.3954778185272,-9.01312510171239,,,16.525846,16.479967,,0.0584602,-20.5195,5.0285,21.61587,22.944153,24.52931,0.15460502,127.46023,10.279981,1.1467075,,7.0,0.0,Cluster,0.47174478,1.0196741,1.0,False,True,True
9008500347,1,0.0,10.3293147028279,-9.57330576179402,,,16.6636,16.663221,,0.05827972,-20.336834,1.8135566,19.928778,21.211555,22.804377,0.0005665232,137.13727,10.257658,1.2009201,,7.0,0.0,Cluster,0.47552907,0.96865183,1.0,False,True,True
9008500351,1,0.5,10.6486777820318,-9.06341922688407,,,16.13607,16.13486,,0.05465781,-20.861794,2.4356058,19.548456,20.938751,22.51461,0.35111895,217.65196,10.453451,1.173398,,7.0,0.0,Cluster,0.48201618,-0.057129156,1.0,False,True,True
9008500356,1,2.0,10.5250777646317,-9.60176238993652,,,16.325445,16.344446,,0.05285188,-20.650757,3.742524,20.705067,21.642584,23.328806,0.35926813,223.10957,10.38186,1.1808748,,7.0,0.0,Cluster,0.48499477,-0.56991374,1.0,False,True,True
9008500359,1,0.5,10.3038814263812,-9.03814754350423,,,16.73241,16.6571,,0.05531848,-20.340437,1.9267074,19.749344,21.318617,22.873545,0.2267578,142.41022,10.237981,1.1736736,,7.0,0.0,Cluster,0.48712012,0.1302456,1.0,False,True,True
9008500362,1,1.0,10.2235761782378,-9.10203681331202,,,17.152937,17.136057,,0.056951005,-19.861528,2.485576,19.741373,20.745634,22.407295,0.73570246,119.25799,10.040257,1.1569233,,7.0,0.0,Cluster,0.489604,0.592749,1.0,False,True,True
9008500365,1,0.0,10.6860259075949,-9.51742773441894,,,15.904042,15.896241,,0.056873072,-21.1033,3.3291323,20.271553,21.786245,23.346754,0.055493686,112.229324,10.606868,1.2468863,,7.0,0.0,Cluster,0.49090376,0.57068646,1.0,False,True,True
9008500376,1,2.0,10.4008701614086,-8.99297334859934,,,16.039137,16.070297,,0.059909016,-20.926939,25.300777,23.719667,25.48702,27.026173,0.37805402,110.17994,10.379381,1.0644588,,8.0,0.0,Cluster,0.5014117,1.4289436,1.0,False,True,True
9008500391,1,1.0,10.175886795415,-9.4780960199251,,,15.926192,15.898173,,0.05372138,-21.098288,3.1231256,19.857626,21.142233,22.734732,0.35377955,226.38936,10.579218,1.2087421,,7.0,0.0,Cluster,0.5250538,-0.32291454,1.0,False,True,True
9008500394,1,1.0,10.7720052139108,-9.42579771185958,,,16.049465,15.922963,,0.054189485,-21.074583,2.7472367,19.026073,20.487936,22.054478,0.6443247,243.7191,10.532922,1.197918,,7.0,0.0,Cluster,0.5259963,-0.19002356,1.0,False,True,True
9008500398,1,1.5,10.1318987049794,-9.22222248242411,,,16.482037,16.474506,,0.051402226,-20.5158,5.8741484,21.220964,22.331972,23.961868,0.6296214,136.4687,10.204299,1.0223598,,8.0,0.0,Cluster,0.5304758,-0.9821711,1.0,False,True,True
9008500405,1,1.0,10.6861674313201,-9.55452359227362,,,15.198733,15.0597925,,0.054540295,-21.937893,4.9601507,19.838497,21.408459,22.96332,0.40494785,161.93097,10.9712515,1.2739487,,7.0,0.0,Cluster,0.5335721,-0.090470105,1.0,False,True,True
9008500450,1,1.5,10.1950202100496,-9.55041676338264,,,17.038712,17.01003,,0.057393394,-19.988888,4.4902086,21.73578,23.017326,24.610365,0.3296156,121.81967,10.133665,1.2073994,,7.0,0.0,Cluster,0.5717027,0.7179569,1.0,False,True,True
9008500454,1,3.0,10.7015352056357,-9.57794004004981,,,17.09216,16.965038,,0.059750758,-20.020857,6.5279264,22.379274,23.426277,25.074228,0.43889788,142.78276,9.831386,0.8244419,,3.0,0.0,Cluster,0.5774042,1.3842655,1.0,False,True,True
9008500461,1,3.0,10.5769089239366,-9.65337253682754,,,17.696198,17.487038,,0.051412165,-19.489923,2.6443763,21.055868,21.805449,23.58983,0.45334548,168.92409,9.583411,0.6916142,,3.0,0.0,Cluster,0.5854741,-0.9793427,1.0,False,True,True
9008500463,1,1.5,10.2462214849354,-8.99950151610506,,,16.80718,16.775242,,0.056655172,-20.223627,1.1627002,17.74698,19.106262,20.686617,0.72489905,156.04477,10.222789,1.2087727,,7.0,0.0,Cluster,0.5875708,0.5089912,1.0,False,True,True
9008500472,1,3.0,10.4393813797032,-9.67585596147815,,,16.948002,16.962622,,0.05698987,-20.019201,3.5668418,21.432829,22.184225,23.967384,0.24879265,245.91013,9.818075,0.7828655,,3.0,0.0,Cluster,0.5928081,0.60375124,1.0,False,True,True
9008500477,1,1.5,10.391164384978,-8.9323365606595,,,16.16681,16.162458,,0.056350026,-20.83615,5.7268314,21.241661,22.474436,24.076609,0.44446644,185.14708,10.511457,1.2475672,,7.0,0.0,Cluster,0.5988803,0.4225719,1.0,False,True,True
9008500492,1,1.5,10.5428779305565,-8.93099705576378,,,16.437283,16.401821,,0.058956604,-20.594473,4.1278887,20.937391,22.043285,23.674524,0.3855906,219.11566,10.257589,1.0699768,,8.0,0.0,Cluster,0.6051857,1.159965,1.0,False,True,True
9008500500,1,2.5,10.7673425677919,-9.54525010335437,,,16.473694,16.436495,,0.052702624,-20.555761,6.484002,21.007973,21.615648,23.521078,0.7781759,102.77406,10.239671,1.0534095,,8.0,0.0,Cluster,0.6159514,-0.6123339,1.0,False,True,True
9008500511,1,1.5,10.6448918952592,-9.65505214446154,,,14.629429,14.649109,,0.054550298,-22.346914,10.15623,20.51973,21.785757,23.381598,0.63426787,93.2819,11.040866,1.1601458,,8.0,0.0,Cluster,0.6293152,-0.08763209,1.0,False,True,True
9008500516,1,1.5,10.3802214165817,-9.69752448956141,,,15.677368,15.726738,,0.05580013,-21.271606,5.8986864,21.275595,22.60309,24.188375,0.11781847,124.72261,10.646516,1.2140694,,7.0,0.0,Cluster,0.63873655,0.26677418,1.0,False,True,True
9008500524,1,1.0,10.7933513643207,-9.05689817290297,,,15.453159,15.4135895,,0.057896554,-21.584045,9.247848,21.176847,22.836163,24.383139,0.5245427,206.25833,10.688792,1.1162252,,8.0,0.0,Cluster,0.6525768,0.8603005,1.0,False,True,True
9008500533,1,0.5,10.4518719998374,-8.89047733200159,,,17.190483,17.195744,,0.05585483,-19.801086,1.4234184,19.520645,20.745232,22.34904,0.34027913,182.00574,10.005469,1.145502,,7.0,0.0,Cluster,0.65562487,0.28227612,1.0,False,True,True
9008500535,1,2.0,10.6728732233191,-8.94691113939058,,,15.701033,15.709883,,0.050429337,-21.274988,6.8401194,21.02939,21.880697,23.60567,0.5590862,227.37569,10.415134,0.892807,,8.0,0.0,Cluster,0.6568225,-1.2591611,1.0,False,True,True
9008500542,1,0.5,10.2422005098658,-8.94651657786019,,,17.120998,17.12686,,0.053679664,-19.867079,2.512651,20.857044,22.02448,23.640566,0.22205247,151.5728,10.040476,1.1347429,,7.0,0.0,Cluster,0.66165817,-0.33476013,1.0,False,True,True
9008500586,1,1.0,10.1679021976198,-8.9889329280971,,,17.295258,17.224876,,0.058626965,-19.77517,3.2496846,20.514643,22.063955,23.620852,0.642686,175.69469,10.063623,1.2259388,,7.0,0.0,Cluster,0.6776579,1.0668118,1.0,False,True,True
9008500615,1,1.5,10.6761060464246,-8.9244783517544,,,15.639684,15.647074,,0.05660908,-21.350653,3.7588968,20.054714,21.420647,23.000011,0.30640882,191.52748,10.627842,1.1530876,,7.0,0.0,Cluster,0.6902335,0.49593896,1.0,False,True,True
9008500624,1,3.0,10.4898635167221,-8.86560698747015,,,17.374012,17.416323,,0.05788698,-19.572195,4.0216875,21.883324,22.83412,24.515118,0.38483563,199.85347,9.780771,0.9574051,,3.0,0.0,Cluster,0.69654965,0.85759264,1.0,False,True,True
9008500631,1,0.5,10.1814100359114,-8.95758171762049,,,16.496254,16.461815,,0.05442814,-20.53479,1.8884467,19.230486,20.563139,22.1476,0.43242103,104.80971,10.328973,1.1805668,,7.0,0.0,Cluster,0.7017508,-0.122293584,1.0,False,True,True
9008500643,1,1.5,10.8653903302464,-9.50947716199816,,,16.42075,16.41469,,0.063586734,-20.589014,2.8703198,19.14203,20.11267,21.786186,0.7764318,195.5322,10.359236,1.2074947,,7.0,0.0,Cluster,0.7144475,2.46531,0.0,False,True,True
9008500646,1,2.0,10.9012897108841,-9.42996454561469,,,15.507704,15.516704,,0.050276417,-21.47347,2.578959,19.345917,20.241772,21.945612,0.24752083,133.25256,10.650841,1.0829544,,8.0,0.0,Cluster,0.71994954,-1.3027217,1.0,False,True,True
9008500663,1,0.5,10.1205520228866,-9.62499194953875,,,17.038252,17.044662,,0.05632534,-19.953283,1.7855377,19.945774,21.309748,22.889402,0.2501879,196.14694,10.113906,1.1984311,,7.0,0.0,Cluster,0.7378423,0.41557917,1.0,False,True,True
9008500673,1,2.0,10.7983557051314,-9.63779051440229,,,14.9679785,15.007468,,0.054276843,-21.983309,6.909457,21.053675,21.951385,23.6544,0.1968361,203.9471,10.771184,1.000432,,8.0,0.0,Cluster,0.7503814,-0.16522989,1.0,False,True,True
9008500679,1,1.5,10.7199912803386,-9.70377056741455,,,16.504208,16.487757,,0.049464528,-20.504026,2.512221,19.753206,20.965443,22.57177,0.4893397,173.76103,10.277967,1.1207256,,7.0,0.0,Cluster,0.7552539,-1.534102,1.0,False,True,True
9008500681,1,3.0,9.99624994340957,-9.43438694800617,,,17.443419,17.43159,,0.05644147,-19.548994,3.5634527,21.419687,22.341988,24.034422,0.53954977,132.09564,9.554323,0.7036858,,3.0,0.0,Cluster,0.75634694,0.44847226,1.0,False,True,True
9008500688,1,0.0,10.3561204415341,-9.77188072143247,,,17.10215,17.064629,,0.054106317,-19.931467,1.3549963,19.58669,21.204403,22.754873,0.057506792,84.98446,10.081089,1.1703129,,7.0,0.0,Cluster,0.762069,-0.21362968,1.0,False,True,True
9008500689,1,3.0,10.8851058809778,-9.07002218802735,,,17.70773,17.68039,,0.06550423,-19.301311,2.2617083,20.289185,21.0233,22.81837,0.69520706,103.523834,9.53594,0.8007202,,3.0,0.0,Cluster,0.76220626,3.0042107,0.0,False,True,True
9008500690,1,1.0,10.6680918327116,-9.73801298636085,,,16.389942,16.355213,,0.056152176,-20.64204,5.2443423,21.391973,22.387558,24.052183,0.423722,150.54308,10.354514,1.1598577,,7.0,0.0,Cluster,0.7635469,0.3665261,1.0,False,True,True
9008500701,1,2.0,10.6829135788037,-9.73915015029539,,,16.17306,16.172329,,0.05094526,-20.820704,5.5946994,21.216908,22.078396,23.798311,0.49838072,183.42834,10.430888,1.1495104,,7.0,0.0,Cluster,0.7753453,-1.1122417,1.0,False,True,True
9008500716,1,1.5,10.9285608081844,-9.12542754197721,,,16.182945,16.175005,,0.05470608,-20.819832,2.996702,19.377014,20.60468,22.207869,0.6506844,195.83882,10.38052,1.1016006,,8.0,0.0,Cluster,0.7866789,-0.043434497,1.0,False,True,True
9008500717,1,3.0,10.9115126743657,-9.52243221346047,,,16.719461,16.658232,,0.049940053,-20.319122,4.695936,21.552338,22.538881,24.206663,0.35088807,95.00629,9.664439,0.4379806,,3.0,0.0,Cluster,0.78823423,-1.3985605,1.0,False,True,True
9008500722,1,1.5,9.9544684073296,-9.24805768926321,,,16.694445,16.673834,,0.054784566,-20.321632,3.4902558,19.826374,20.855238,22.508831,0.7689771,170.18819,10.191547,1.1169205,,7.0,0.0,Cluster,0.7975807,-0.02117012,1.0,False,True,True
9008500723,1,1.5,10.0203598384684,-9.05072593212074,,,15.506386,15.508256,,0.05569249,-21.490444,8.173217,21.30841,22.987524,24.532936,0.34235623,107.43462,10.790132,1.2744398,,7.0,0.0,Cluster,0.79775983,0.23626837,1.0,False,True,True
9008500724,1,1.5,10.7953955648409,-9.68169041612859,,,14.966011,14.910701,,0.054955557,-22.0845,6.7047553,20.864105,21.782024,23.476295,0.2534108,191.45175,10.892039,1.1091404,,8.0,0.0,Cluster,0.79819655,0.027330637,1.0,False,True,True
9008500730,1,1.5,9.95169567376297,-9.24361889031232,,,16.977446,16.977495,,0.05780403,-20.018366,3.6611626,20.730574,21.602707,23.317484,0.6477214,205.25166,10.035435,1.0771713,,7.0,0.0,Cluster,0.80270624,0.8341303,1.0,False,True,True
9008500731,1,1.0,10.3459355084466,-9.79653634123711,,,15.684615,15.514455,,0.056727923,-21.484814,3.8155937,20.110657,21.661293,23.218056,0.19202904,209.70522,10.740974,1.2269602,,7.0,0.0,Cluster,0.80376625,0.5295911,1.0,False,True,True
9008500735,1,1.0,10.5746161784533,-8.808864782944,,,16.44492,16.36169,,0.056649443,-20.636532,1.9488797,18.820107,20.20243,21.779417,0.60662335,225.73521,10.374859,1.1882077,,7.0,0.0,Cluster,0.80536306,0.5073688,1.0,False,True,True
9008500744,1,1.0,10.3963988368932,-9.81024075645135,,,16.979858,16.966549,,0.055316146,-20.030842,1.5950809,18.932423,20.125793,21.736109,0.6323163,242.919,10.115624,1.1729012,,7.0,0.0,Cluster,0.8115285,0.1295844,1.0,False,True,True
9008500748,1,3.0,10.9041890475056,-9.57376268716295,,,17.10087,17.08939,,0.057947036,-19.910597,3.7077162,21.894653,22.688858,24.445026,0.06551097,120.71025,10.057036,1.1756,,7.0,0.0,Cluster,0.8176614,0.8745779,1.0,False,True,True
9008500751,1,-9.0,10.368261908168,-9.81129462540582,,,16.948763,16.966661,,0.053777013,-20.026834,3.0607438,20.446243,21.244612,22.99833,0.60688835,253.53685,10.057393,1.087385,,7.0,0.0,Cluster,0.81977344,-0.30711758,1.0,False,True,True
9008500753,1,0.5,10.1893064973207,-8.86085464122393,,,17.176256,17.172016,,0.059532534,-19.827831,2.7277894,21.095114,22.322725,23.925926,0.14482684,98.2874,10.007386,1.1483974,,7.0,0.0,Cluster,0.8210296,1.3226473,1.0,False,True,True
9008500759,1,1.0,10.7314961391534,-9.74868455569834,,,16.613028,16.52213,,0.051574916,-20.47231,1.4453002,18.776978,20.18343,21.75706,0.44031513,170.3333,10.305779,1.1784306,,7.0,0.0,Cluster,0.82537305,-0.9330315,1.0,False,True,True
9008500777,1,1.0,10.5969839305624,-9.812965513888,,,15.994217,15.985367,,0.0552438,-21.012875,2.280752,18.601767,19.827982,21.431461,0.66438437,238.23593,10.569563,1.2448797,,7.0,0.0,Cluster,0.8375365,0.109072015,1.0,False,True,True
9008500783,1,2.5,10.5027017659868,-9.83444486068269,,,15.445835,15.412615,,0.052099474,-21.581366,9.6900835,20.332653,21.07048,22.86294,0.855841,235.20335,10.725147,1.1438923,,7.0,0.0,Cluster,0.8464135,-0.7838152,1.0,False,True,True
9008500795,1,1.5,10.1147042877004,-9.72010340301328,,,15.856062,15.852462,,0.05764509,-21.147058,6.542269,21.34435,22.859722,24.420158,0.277066,181.16841,10.594065,1.210433,,7.0,0.0,Cluster,0.85522413,0.78916985,1.0,False,True,True
9008500805,1,3.0,10.618299019684,-9.8272781654225,,,17.691616,17.688147,,0.050116874,-19.297638,3.2641447,21.673359,22.949072,24.543152,0.35764065,236.42358,9.695022,0.965437,,3.0,0.0,Cluster,0.86845326,-1.3481759,1.0,False,True,True
9008500829,1,0.0,10.7583808994751,-9.77784690404392,,,16.436209,16.412868,,0.04897179,-20.579037,1.5073853,19.079548,20.54214,22.108595,0.12553534,234.06352,10.317806,1.1369247,,7.0,0.0,Cluster,0.88683575,-1.6746134,1.0,False,True,True
9008500848,1,1.0,10.7160931237066,-9.80777745420941,,,15.835886,15.815916,,0.05522861,-21.18234,2.2178056,18.744362,20.193844,21.7619,0.49615988,91.46989,10.671626,1.2767249,,7.0,0.0,Cluster,0.89605856,0.10476445,1.0,False,True,True
9008500857,1,3.0,10.7571384464482,-9.79285376427897,,,16.905546,16.577457,,0.05027619,-20.402822,5.3263054,22.053167,22.68383,24.565582,0.39375484,255.76495,9.910721,0.7091446,,3.0,0.0,Cluster,0.90617925,-1.3027865,1.0,False,True,True
9008500862,1,1.0,10.5301209585645,-9.87277463332775,,,15.826878,15.804037,,0.05693613,-21.195744,2.4594877,18.896515,20.224709,21.80988,0.53222895,101.94632,10.673769,1.2782068,,7.0,0.0,Cluster,0.91127276,0.58853805,1.0,False,True,True
9008500868,1,0.0,10.3477809453833,-9.86848943308123,,,17.320837,17.244537,,0.054453783,-19.75287,0.94420147,18.80718,20.303535,21.866064,0.23549321,237.3429,10.072604,1.2458382,,7.0,0.0,Cluster,0.914968,-0.11501763,1.0,False,True,True
9008500890,1,1.5,10.5496473250504,-9.88190243546723,,,15.9989,16.047281,,0.05432141,-20.945887,7.417496,21.495876,22.55058,24.196207,0.5329462,123.7642,10.374965,1.0369776,,8.0,0.0,Cluster,0.9297795,-0.1525822,1.0,False,True,True
9008500892,1,0.0,10.344068654262,-9.8782084629983,,,16.474325,16.904495,,0.053758495,-20.092552,2.8231492,21.106157,23.356989,24.8758,0.28222886,201.76808,10.177375,1.2238483,,7.0,0.0,Cluster,0.93123835,-0.31237572,1.0,False,True,True
9008500893,1,0.5,10.3419644905873,-9.87803523881652,,,14.888382,14.9368725,,0.05468504,-22.060621,60.426723,24.265926,26.187267,27.71779,0.32855695,74.60805,10.994367,1.2426348,,7.0,0.0,Cluster,0.931618,-0.049403507,1.0,False,True,True
9008500897,1,0.5,10.6020199990398,-9.87362479980222,,,16.594818,16.604538,,0.05779857,-20.3947,2.0692613,19.748343,21.171787,22.743156,0.2718431,156.73628,10.300367,1.2122612,,7.0,0.0,Cluster,0.93284386,0.8325856,1.0,False,True,True
9008500907,1,2.5,10.8770633180939,-9.73315559511792,,,16.152925,16.140036,,0.05045598,-20.844677,2.0399468,19.66539,20.511759,22.239239,0.12212238,223.77577,10.200437,0.8527956,,8.0,0.0,Cluster,0.9448468,-1.2515721,1.0,False,True,True
9008500938,1,2.0,10.7841373891386,-9.82706081203952,,,16.525225,16.533113,,0.050711747,-20.4601,2.3199372,19.882015,20.75929,22.471636,0.39164943,122.666534,10.335156,1.1983567,,7.0,0.0,Cluster,0.9745346,-1.1787302,1.0,False,True,True
9008500939,1,1.5,10.7749915286364,-9.83739724531441,,,15.850773,15.848493,,0.049126923,-21.142488,4.520539,20.434004,21.150984,22.958504,0.50853276,116.828636,10.536277,1.1149148,,7.0,0.0,Cluster,0.98131084,-1.630368,1.0,False,True,True
9008500951,1,1.0,10.6444489120166,-9.89894788667892,,,16.145115,16.046766,,0.058343694,-20.951735,3.9578183,20.247934,21.586344,23.169897,0.5064814,262.39438,10.492844,1.1739264,,7.0,0.0,Cluster,0.98925173,0.9867387,1.0,False,True,True
9008500968,1,0.0,10.6416390460867,-9.91172519119011,,,15.140696,14.929056,,0.05858896,-22.071808,15.138369,22.176579,24.03357,25.567387,0.09290238,210.29427,11.00893,1.2614403,,2.0,0.0,Cluster,1.0074294,1.05607,1.0,False,True,True
9008501016,1,1.5,11.0766805780437,-9.04855487843659,,,16.462055,16.427105,,0.057120357,-20.571836,3.5257938,19.842432,21.029207,22.640959,0.6940274,117.71849,10.387881,1.2289085,,2.0,0.0,Cluster,1.0477914,0.6406862,1.0,False,True,True
9008501024,1,-9.0,10.9795709256519,-9.72876844847273,,,16.310463,16.218773,,0.05591489,-20.778118,2.0737576,19.446802,21.110405,22.657038,0.21375425,275.36044,10.407127,1.1556654,,2.0,0.0,Cluster,1.0577093,0.29929522,1.0,False,True,True
9008501028,1,1.0,10.8502084331635,-9.84868502348509,,,16.148232,16.074072,,0.059287116,-20.927164,2.2801497,18.929354,20.422644,21.985518,0.5709576,254.07587,10.529473,1.2402315,,2.0,0.0,Cluster,1.0600632,1.2533352,1.0,False,True,True
9008501058,1,0.5,10.8492633179716,-9.86486495857702,,,17.087976,17.076557,,0.04974548,-19.91566,1.1045872,18.47812,19.565401,21.201672,0.57375276,108.317604,10.052617,1.133749,,2.0,0.0,Cluster,1.0803245,-1.454013,1.0,False,True,True
9008501077,1,0.0,11.0094619302391,-9.72628978199288,,,16.815565,16.758955,,0.056317993,-20.236023,3.5430038,21.154549,22.558323,24.132317,0.19150998,156.79634,10.110109,1.0632229,,2.0,0.0,Cluster,1.0917064,0.41349828,1.0,False,True,True
9008501098,1,1.5,10.7672749944505,-8.66784825388227,,,16.780977,16.763638,,0.056612495,-20.23218,4.34534,21.261232,22.381083,24.008692,0.44328016,207.80037,10.144365,1.1018447,,2.0,0.0,Cluster,1.1181759,0.49690634,1.0,False,True,True
9008501218,1,1.5,10.356045869162,-10.0554695991969,,,16.2273,16.112732,,0.06477666,-20.89261,2.7873113,19.313328,20.549118,22.150698,0.634691,132.73969,10.520005,1.2522335,,2.0,0.0,Cluster,1.2059222,2.7998476,0.0,False,True,True
9011900001,1,0.0,14.0671544540651,-1.25536934215829,,,12.986222,13.169163,,0.04452117,-23.33175,63.775894,22.915201,24.42576,25.986717,0.20853871,217.45499,11.5877,1.3198166,,7.0,0.0,Cluster,6.697878e-06,0.11110196,1.0,False,True,True
9011900002,1,0.0,14.0740338479429,-1.26032983309023,,,16.286343,16.306042,,0.03911899,-20.190361,1.387755,19.107248,20.176815,21.818083,0.072153755,275.84613,10.15713,1.1202059,,7.0,8.0,Cluster,0.01305153,-1.7402956,1.0,False,True,True
9011900003,2,1.5,14.0745767980926,-1.26213395249889,,,15.871767,16.268087,,0.03849665,-20.227768,,,,,,,10.205531,1.1498327,,7.0,0.0,Cluster,0.015452894,-1.9541932,1.0,True,True,True
9011900005,1,1.0,14.0537852533633,-1.26329011523927,,,18.609417,17.308725,,0.03778281,-19.185982,,,,,,,9.887663,1.262867,,7.0,0.0,Cluster,0.023897447,-2.199696,1.0,False,True,True
9011900006,1,0.0,14.0756150589043,-1.24184017010364,,,15.212702,15.001332,,0.04361263,-21.498928,2.6059005,19.021425,20.363825,21.946754,0.052937705,169.88126,10.841409,1.2993641,,7.0,0.0,Cluster,0.024552945,-0.19959885,1.0,False,True,True
9011900009,1,0.5,14.0534865822132,-1.26942390078162,,,15.902063,15.652073,,0.045034066,-20.849602,2.5547311,19.301964,20.665499,22.245218,0.29823938,223.73413,10.533861,1.2527571,,7.0,0.0,Cluster,0.030153474,0.28638074,1.0,False,True,True
9011900012,1,0.5,14.0846518816389,-1.24254014993571,,,16.9606,16.94523,,0.042267334,-19.553968,8.574883,22.46589,24.497694,26.023443,0.25192127,168.96593,9.969811,1.1927376,,7.0,0.0,Cluster,0.033382054,-0.6601557,1.0,False,True,True
9011900013,1,0.5,14.0427316106223,-1.26768646829129,,,16.096497,16.087168,,0.04569421,-20.415071,2.0341873,19.16185,20.405502,22.005552,0.30814984,115.39799,10.37608,1.2726784,,7.0,0.0,Cluster,0.042069037,0.51185447,1.0,False,True,True
9011900014,1,2.5,14.0496583268366,-1.27778174199599,,,17.384745,17.248835,,0.04795502,-19.254208,6.5908327,22.018393,23.306,24.89797,0.58223933,118.36045,9.794188,1.1301193,,7.0,0.0,Cluster,0.04373609,1.282959,1.0,False,True,True
9011900017,1,-9.0,14.035177471932,-1.25447720211237,,,17.923298,17.771927,,0.04365552,-18.728207,2.1527653,20.668825,21.590899,23.28343,0.5258712,246.13504,9.575955,1.1247559,,7.0,0.0,Cluster,0.04919846,-0.18492562,1.0,False,True,True
9011900019,1,-9.0,14.081987296111,-1.28626862128207,,,18.012878,18.02793,,0.04356998,-18.472425,0.8012876,19.313261,20.377289,22.020163,0.24815811,136.27505,9.553915,1.2216167,,7.0,0.0,Cluster,0.052732922,-0.21419111,1.0,False,True,True
9011900020,1,2.5,14.0873790388321,-1.22585799047703,,,17.937412,17.87651,,0.036599126,-18.617653,4.1025453,21.539532,22.748575,24.355566,0.63658094,205.79399,9.501628,1.0849686,,7.0,0.0,Cluster,0.05504387,-2.6071541,1.0,False,True,True
9011900024,1,0.0,14.1066191825652,-1.26247164501506,,,13.447802,13.393762,,0.038231876,-23.101175,14.154416,20.742153,22.202436,23.76917,0.14158277,122.804115,11.460869,1.2745686,,7.0,0.0,Cluster,0.061685305,-2.0452347,1.0,False,True,True
9011900025,1,1.0,14.0735016341419,-1.29539913330802,,,17.394276,17.396564,,0.0472295,-19.107056,1.975591,20.279413,21.600061,23.186451,0.37979275,125.814476,9.805207,1.221386,,7.0,0.0,Cluster,0.06235633,1.0356842,1.0,False,True,True
9011900026,1,1.0,14.102856099287,-1.27846422839776,,,17.45619,16.57982,,0.03740503,-19.914854,3.164202,21.195738,22.227749,23.880344,0.29454967,245.385,10.112734,1.1572647,,7.0,0.0,Cluster,0.065412894,-2.3296893,1.0,False,True,True
9011900030,1,2.0,14.0951743265695,-1.20975048810049,,,13.802969,13.829848,,0.049786303,-22.674923,7.165518,19.471252,20.627943,22.246521,0.45158967,116.5305,11.178338,1.1535511,,8.0,0.0,Cluster,0.08236754,1.906335,1.0,False,True,True
9011900034,1,0.5,14.1217149303365,-1.22675009611771,,,16.439993,16.128483,,0.03815352,-20.366999,,,,,,,10.291659,1.1864595,,7.0,0.0,Cluster,0.09477962,-2.0721807,1.0,False,True,True
9011900037,1,1.5,14.0356972647295,-1.20019078621456,,,17.68626,17.66484,,0.037788566,-18.830372,1.2058346,19.38077,20.43559,22.081184,0.51050615,202.46881,9.636428,1.1340885,,7.0,0.0,Cluster,0.09771312,-2.1977158,1.0,False,True,True
9011900038,2,-9.0,14.0044289421945,-1.23912740177965,,,17.894125,17.855524,,0.04461171,-18.644579,2.9342797,21.148596,22.02816,23.739435,0.6641265,187.41843,9.506463,1.0763685,,7.0,0.0,Cluster,0.099659935,0.14204958,1.0,True,True,True
9011900044,1,-9.0,14.0462034237683,-1.32835204988117,,,17.625732,17.551512,,0.037302848,-18.942713,1.4749354,20.09907,21.043139,22.72676,0.3111614,224.80875,9.605449,1.0370007,,7.0,0.0,Cluster,0.11681654,-2.3648574,1.0,False,True,True
9011900045,1,0.5,13.99137156215,-1.23989317635675,,,16.755444,16.714882,,0.04455142,-19.786306,1.7934108,19.776571,20.94124,22.557962,0.20654333,151.62665,10.043321,1.1791267,,7.0,0.0,Cluster,0.11896777,0.12144191,1.0,False,True,True
9011900048,1,1.0,14.0874983969279,-1.17663772140593,,,14.749536,14.744415,,0.039110404,-21.751873,5.52308,19.675196,20.793314,22.42137,0.5239581,210.13667,10.890302,1.2332134,,7.0,0.0,Cluster,0.12511094,-1.743246,1.0,False,True,True
9011900049,1,1.0,14.1486419384503,-1.26553151730749,,,16.55273,16.43032,,0.044254817,-20.070494,4.686948,21.110422,22.471125,24.051266,0.41088912,105.575775,10.159362,1.1745796,,7.0,0.0,Cluster,0.12631899,0.020042786,1.0,False,True,True
9011900051,1,0.0,13.9962126740417,-1.30043579962424,,,15.545835,15.503294,,0.04872503,-21.001677,3.0859733,19.584635,20.90075,22.487883,0.25487778,252.66154,10.581162,1.2430887,,7.0,0.0,Cluster,0.12927866,1.5452074,1.0,False,True,True
9011900054,1,0.5,13.9900886522788,-1.29054047183726,,,16.48917,16.50143,,0.050709747,-20.00296,13.402693,23.392298,25.274046,26.806545,0.08379134,191.92012,10.041541,1.0796719,,7.0,0.0,Cluster,0.13029958,2.2202625,1.0,False,True,True
9011900057,1,1.0,13.9819692061225,-1.24719596288707,,,14.369579,14.195179,,0.04069311,-22.302422,4.2612762,18.549997,19.752754,21.361065,0.5697016,272.05716,11.12023,1.2520189,,7.0,0.0,Cluster,0.13162485,-1.1998372,1.0,False,True,True
9011900060,1,0.5,13.9792576343111,-1.24684871441938,,,16.175915,15.821805,,0.04522017,-20.68005,2.286708,19.599243,20.671257,22.311821,0.42807627,113.005035,10.437518,1.2221613,,7.0,8.0,Cluster,0.13582775,0.34995958,1.0,False,True,True
9011900068,1,-9.0,13.9831387943909,-1.2973197831752,,,17.543917,17.535187,,0.045983512,-18.96716,2.2598004,20.901247,22.201334,23.79115,0.27217135,162.20526,9.685364,1.1512336,,7.0,0.0,Cluster,0.14444377,0.6106214,1.0,False,True,True
9011900072,1,1.5,14.0295765895374,-1.34331167341611,,,15.425984,15.349905,,0.04620725,-21.152842,5.885584,20.560564,21.977112,23.549387,0.35230437,98.89072,10.645508,1.2443428,,7.0,0.0,Cluster,0.14712767,0.6869858,1.0,False,True,True
9011900073,1,0.0,14.1351169598402,-1.18747523066132,,,16.399101,16.367311,,0.03859032,-20.12846,0.9771018,18.292383,19.59214,21.182013,0.054935496,132.07376,10.217698,1.2127314,,7.0,0.0,Cluster,0.14778838,-1.9219913,1.0,False,True,True
9011900074,1,0.0,14.0112292544339,-1.33438480068325,,,14.210192,14.166082,,0.04278983,-22.333414,6.3446355,20.08106,21.431826,23.013468,0.04206126,161.16327,11.154631,1.2787819,,7.0,0.0,Cluster,0.14891954,-0.48121008,1.0,False,True,True
9011900082,1,1.0,14.1279804846512,-1.17287783556346,,,15.255657,15.150428,,0.042158056,-21.348635,4.362662,19.716206,21.155727,22.725029,0.4137453,185.38487,10.679285,1.180604,,7.0,0.0,Cluster,0.15768035,-0.69759256,1.0,False,True,True
9011900084,1,2.0,14.16253310651,-1.29509954671485,,,14.814039,14.7994795,,0.050326977,-21.701195,6.7258296,20.002632,20.714483,22.52586,0.6432465,101.74915,10.658336,0.9873304,,8.0,0.0,Cluster,0.15893792,2.0901728,1.0,False,True,True
9011900086,2,0.5,14.1129302378979,-1.34834402255415,,,17.009783,16.936884,,0.049984407,-19.568558,1.502967,19.20121,20.567293,22.146635,0.41192713,99.79756,9.940234,1.1668777,,7.0,0.0,Cluster,0.1594365,1.9737045,1.0,True,True,True
9011900087,1,3.0,13.9649272819421,-1.23447400511692,,,16.536968,16.351078,,0.03855744,-20.144104,5.2203918,21.792786,22.75404,24.431047,0.08479353,197.50386,10.186275,1.1297159,,7.0,0.0,Cluster,0.16048948,-1.9332944,1.0,False,True,True
9011900091,1,1.0,14.0597069562241,-1.14434613994375,,,16.121931,16.082392,,0.044955246,-20.419127,3.5489285,19.914042,21.020178,22.651354,0.58029926,155.84564,10.266267,1.1514864,,7.0,0.0,Cluster,0.17119756,0.25945014,1.0,False,True,True
9011900096,1,1.0,13.9965846599021,-1.16350415371817,,,17.005995,16.999695,,0.04594328,-19.502542,2.9520538,20.485023,21.621502,23.24494,0.5510031,136.98897,9.9015665,1.1503296,,7.0,0.0,Cluster,0.17820877,0.5968876,1.0,False,True,True
9011900097,2,1.0,14.1709484403845,-1.30734338532248,,,17.19755,17.16252,,0.046673775,-19.340168,1.2456899,19.054188,20.201277,21.822136,0.45455775,155.95132,9.843629,1.1538008,,7.0,0.0,Cluster,0.17856261,0.8461643,1.0,True,True,True
9011900100,1,2.0,14.0436037847755,-1.14018139775835,,,15.874672,15.845272,,0.048277084,-20.65895,2.7644145,19.440926,20.453362,22.112288,0.4670971,148.11113,10.375867,1.1668644,,7.0,0.0,Cluster,0.18088509,1.3926699,1.0,False,True,True
9011900101,1,2.5,14.1026055610503,-1.1429285764416,,,15.033468,15.050899,,0.043048248,-21.447395,7.1920133,19.199654,19.959599,21.737091,0.8893194,225.41658,10.607017,1.0432348,,8.0,0.0,Cluster,0.18138827,-0.39274058,1.0,False,True,True
9011900103,1,1.5,14.0767309755829,-1.13452627187454,,,16.076202,16.050444,,0.036755264,-20.443827,2.818618,19.29692,20.613058,22.200188,0.59300846,179.07608,10.32576,1.1817913,,7.0,0.0,Cluster,0.18650569,-2.5533807,1.0,False,True,True
9011900113,1,2.5,14.1575036429589,-1.34477002638892,,,17.844881,17.84748,,0.041353703,-18.65055,1.8835601,20.126038,20.987692,22.707527,0.66341174,145.45258,9.599499,1.1627007,,7.0,0.0,Cluster,0.1955329,-0.97327185,1.0,False,True,True
9011900115,2,-9.0,14.0206721514828,-1.13594033184973,,,17.274103,17.252413,,0.044962496,-19.248613,3.4194536,21.711878,22.783789,24.424383,0.1518493,192.34155,9.780833,1.1198311,,7.0,0.0,Cluster,0.19716518,0.26192716,1.0,True,True,True
9011900117,1,3.0,,,,,,,,,,,,,,,,,,,,,,,,,False,True,False
9011900118,1,1.0,14.1881559318236,-1.29999295962006,,,17.02966,17.03831,,0.046292152,-19.463762,3.281054,20.76067,21.81381,23.459906,0.5591759,164.47417,9.847,1.104269,,7.0,0.0,Cluster,0.19838372,0.71596,1.0,False,True,True
9011900121,1,1.5,14.0712243972469,-1.38525124341212,,,16.887299,16.908678,,0.04289305,-19.590937,2.322651,19.573933,20.63418,22.278164,0.67463875,118.2533,9.928964,1.1348553,,7.0,0.0,Cluster,0.19992524,-0.44587094,1.0,False,True,True
9011900123,1,1.0,14.1611426806924,-1.35180087071184,,,16.399715,16.376335,,0.044617474,-20.124723,1.7624207,18.70105,19.952168,21.55079,0.5736427,145.96158,10.17018,1.1631536,,7.0,0.0,Cluster,0.2071543,0.14401938,1.0,False,True,True
9011900125,1,2.0,13.963050634135,-1.16472866960443,,,15.51798,15.517859,,0.047675494,-20.986212,3.9245424,19.852978,20.99813,22.619455,0.4555658,160.91103,10.5898075,1.2620907,,7.0,0.0,Cluster,0.21233878,1.1877102,1.0,False,True,True
9011900127,1,0.5,14.044466028421,-1.11691752659314,,,14.513607,14.4380665,,0.041749552,-22.060516,8.976684,20.603382,22.026674,23.598063,0.3279763,235.86963,11.049059,1.2775679,,7.0,0.0,Cluster,0.21585311,-0.8375743,1.0,False,True,True
9011900128,1,3.0,14.1150922955264,-1.38755322108974,,,17.18926,17.193611,,0.042473137,-19.298958,3.1219697,21.177765,21.802216,23.69018,0.40949392,208.42592,9.547616,0.7885475,,8.0,0.0,Cluster,0.21632516,-0.5896612,1.0,False,True,True
9011900137,1,1.0,13.938870046724,-1.32459270790024,,,15.969647,15.931607,,0.04588637,-20.570843,2.2919922,19.126682,20.422888,22.013369,0.43301708,156.15611,10.433659,1.2652044,,7.0,0.0,Cluster,0.22422138,0.57746094,1.0,False,True,True
9011900138,1,1.5,14.2145679155223,-1.27249826983344,,,14.51837,14.49469,,0.04111345,-22.00349,5.6438327,18.805391,20.026554,21.631052,0.75137234,90.431015,10.941558,1.1834011,,7.0,0.0,Cluster,0.22827864,-1.0556552,1.0,False,True,True
9011900144,1,2.5,13.9403797206439,-1.16331001104596,,,16.73124,16.70476,,0.04276648,-19.794458,5.2416654,21.068413,22.181326,23.810726,0.6694324,143.90047,9.972035,1.0897255,,7.0,0.0,Cluster,0.24100876,-0.48920512,1.0,False,True,True
9011900147,1,2.0,13.9194862596954,-1.31214547553653,,,14.510132,14.512312,,0.043571375,-21.986885,7.5609317,20.704063,21.65486,23.335857,0.20568171,268.85672,10.839615,1.0685577,,8.0,0.0,Cluster,0.24334726,-0.21371315,1.0,False,True,True
9011900150,1,2.0,14.1601065064299,-1.12598733440809,,,16.137064,16.116915,,0.045282565,-20.384964,3.6578257,19.829426,21.006468,22.620377,0.64678514,238.12785,10.283888,1.1854429,,7.0,0.0,Cluster,0.2450915,0.371273,1.0,False,True,True
9011900152,2,3.0,13.9094434741456,-1.27946372942866,,,16.593176,16.592657,,0.04419724,-19.89859,4.902653,21.671644,22.960041,24.551874,0.20842299,256.30276,9.703406,0.6888752,,8.0,0.0,Cluster,0.24539404,0.00035574008,1.0,True,True,True
9011900156,1,0.5,14.1606650520239,-1.39054478983117,,,15.192124,15.212355,,0.044169135,-21.288553,5.2091393,20.517632,22.101173,23.654741,0.03307027,84.56374,10.693269,1.2331057,,7.0,0.0,Cluster,0.2528663,-0.009254326,1.0,False,True,True
9011900157,1,0.5,14.1222152513529,-1.09908839327125,,,17.420355,17.393295,,0.04212071,-19.10528,1.8579507,20.494911,21.679508,23.291739,0.21972448,119.61284,9.709981,1.097372,,7.0,0.0,Cluster,0.2549278,-0.7103876,1.0,False,True,True
9011900161,1,-9.0,13.9721654079719,-1.11654056010526,,,17.366854,17.339664,,0.045454387,-19.16163,2.7781358,21.563423,22.513481,24.194765,0.018462926,107.62499,9.722659,1.0969847,,7.0,0.0,Cluster,0.2587846,0.42995882,1.0,False,True,True
9011900163,1,1.5,13.8982164826045,-1.23554297852263,,,17.041124,16.990255,,0.041062918,-19.5075,3.4607008,21.066011,22.119778,23.765686,0.4279661,111.60816,9.899929,1.1225204,,7.0,0.0,Cluster,0.26163355,-1.0729859,1.0,False,True,True
9011900165,1,1.0,13.9093296960378,-1.18341326356847,,,17.0843,17.08807,,0.040397268,-19.409468,2.6964734,20.606976,21.880678,23.47512,0.4220611,156.57083,9.8699465,1.1479149,,7.0,0.0,Cluster,0.26680982,-1.3013502,1.0,False,True,True
9011900166,1,3.0,14.2371066712426,-1.21185063162824,,,14.478201,14.458411,,0.050021525,-22.035418,9.506497,21.28446,22.00776,23.810612,0.15445335,235.6344,10.623631,0.773592,,8.0,0.0,Cluster,0.26986203,1.9863261,1.0,False,True,True
9011900168,1,0.5,14.2440199853116,-1.2568858515511,,,16.191511,16.17119,,0.044621002,-20.329998,2.6337173,20.164242,21.372496,22.97965,0.07438793,215.0127,10.276308,1.1900282,,7.0,0.0,Cluster,0.27206534,0.14522518,1.0,False,True,True
9011900170,1,1.0,14.1250668756476,-1.08702782777093,,,16.906527,16.893616,,0.04800878,-19.609842,1.9996977,19.775352,21.121286,22.70367,0.41863754,204.49965,9.912812,1.1151924,,7.0,0.0,Cluster,0.27389425,1.3012747,1.0,False,True,True
9011900174,1,-9.0,14.1799066011338,-1.39593751945746,,,17.483356,17.491127,,0.04565568,-19.007032,1.4553665,19.987143,20.748087,22.524925,0.31508192,191.69821,9.523592,0.926958,,8.0,0.0,Cluster,0.27722034,0.49869815,1.0,False,True,True
9011900175,1,0.5,14.2196501610932,-1.159170212797,,,15.464143,15.4018135,,0.04577066,-21.1004,3.9398851,20.08489,21.543709,23.110619,0.18688865,159.08145,10.569044,1.1803712,,7.0,0.0,Cluster,0.27736506,0.5379571,1.0,False,True,True
9011900183,1,0.0,14.1164503173078,-1.43529571004066,,,15.788057,15.730488,,0.04506117,-20.770947,2.6013644,19.539494,20.953262,22.52591,0.1675161,94.37562,10.43958,1.1741123,,7.0,0.0,Cluster,0.28702024,0.2956414,1.0,False,True,True
9011900186,1,1.0,13.8846006557668,-1.21108105897017,,,16.368725,16.340496,,0.04589949,-20.1614,4.012146,20.703978,21.693512,23.36024,0.46822014,111.37179,10.142353,1.1212949,,7.0,0.0,Cluster,0.28894347,0.58194,1.0,False,True,True
9011900189,1,0.0,13.8796596621666,-1.22344988980089,,,16.539656,16.505884,,0.043020178,-19.993498,4.7924614,21.804855,22.910181,24.54157,0.012734736,146.86401,10.077732,1.1127605,,7.0,0.0,Cluster,0.29254502,-0.40234938,1.0,False,True,True
9011900196,1,1.5,13.9394500428021,-1.39972372611392,,,16.995588,17.022728,,0.04506361,-19.478811,2.099448,20.547361,21.668869,23.296057,0.06315629,180.88387,9.903426,1.1604193,,7.0,0.0,Cluster,0.29648894,0.29647505,1.0,False,True,True
9011900198,1,0.5,13.8785115416531,-1.29714558210139,,,16.887257,16.889828,,0.04605186,-19.612654,3.6908588,21.304325,22.691332,24.267653,0.24277921,275.41583,9.997012,1.2029667,,7.0,0.0,Cluster,0.29718876,0.6339512,1.0,False,True,True
9011900201,1,1.0,14.0909943758564,-1.44943384143062,,,16.67222,16.648659,,0.046205297,-19.853403,2.5663254,19.751083,21.139717,22.715807,0.5587111,176.67134,10.025073,1.1255018,,7.0,0.0,Cluster,0.3008183,0.68631965,1.0,False,True,True
9011900202,1,1.0,14.2197149334061,-1.13124609102938,,,16.736078,16.722248,,0.047979586,-19.781364,4.8688407,21.592577,23.150433,24.706478,0.29005536,105.28599,10.034747,1.1668644,,7.0,0.0,Cluster,0.30255887,1.2913281,1.0,False,True,True
9011900208,1,2.5,14.2409768915176,-1.15804859773619,,,17.583279,17.536978,,0.048020866,-18.964603,2.8357112,21.197048,22.190668,23.855974,0.5076271,117.834,9.60291,1.0415325,,7.0,0.0,Cluster,0.30645004,1.3053917,1.0,False,True,True
9011900210,1,1.5,14.1650538415704,-1.07849530025548,,,17.39303,17.37955,,0.04447511,-19.121563,3.065284,20.905338,22.04375,23.666714,0.6091427,247.75014,9.75946,1.1621246,,7.0,0.0,Cluster,0.31101972,0.0953559,1.0,False,True,True
9011900211,1,1.5,14.0250373279512,-1.05711973289502,,,16.426243,16.369974,,0.043176945,-20.129526,3.6567178,20.291576,21.445198,23.064499,0.68203765,117.525604,10.16206,1.1399775,,7.0,0.0,Cluster,0.31181827,-0.34868872,1.0,False,True,True
9011900216,1,0.0,14.0027462029505,-1.45089494085262,,,17.24825,17.23408,,0.04495895,-19.267012,1.2455049,19.637278,20.93214,22.52285,0.07868851,166.25157,9.78694,1.1203327,,7.0,0.0,Cluster,0.31671268,0.2607154,1.0,False,True,True
9011900217,1,1.0,13.9566309482556,-1.08168385993166,,,16.394014,16.336884,,0.04462412,-20.164396,1.6603447,18.527477,19.853401,21.438936,0.5825986,163.56763,10.218373,1.20294,,7.0,0.0,Cluster,0.31671542,0.14629093,1.0,False,True,True
9011900218,1,1.5,13.8624928779336,-1.22311759544403,,,17.367378,17.33994,,0.04347191,-19.160196,1.8682791,19.458479,20.338425,22.049522,0.70584255,239.56651,9.758819,1.1393642,,7.0,0.0,Cluster,0.3186859,-0.24774577,1.0,False,True,True
9011900222,1,1.0,13.8686223026521,-1.32377012257115,,,17.690895,17.680685,,0.039594978,-18.815994,1.5742042,20.198465,21.195343,22.859522,0.3772427,211.57654,9.569715,1.0763016,,7.0,0.0,Cluster,0.3229897,-1.5767845,1.0,False,True,True
9011900225,1,3.0,13.9402409640268,-1.08427763107061,,,16.935183,16.929653,,0.042256873,-19.567152,3.780762,20.604767,21.2861,23.121767,0.7095991,207.59283,9.823764,0.9987698,,8.0,0.0,Cluster,0.32771844,-0.6637392,1.0,False,True,True
9011900228,1,2.5,14.2624709098793,-1.3450606784397,,,17.0782,17.05852,,0.03863759,-19.436932,3.5340574,20.862253,21.808565,23.491308,0.6132535,236.60904,9.786595,1.0297832,,7.0,0.0,Cluster,0.3306063,-1.9057416,1.0,False,True,True
9011900232,1,1.5,14.2377065878968,-1.38888619425319,,,15.677137,15.706967,,0.043496758,-20.793186,6.87261,20.28755,21.501411,23.107405,0.76527965,234.9855,10.419224,1.1457577,,7.0,0.0,Cluster,0.33319378,-0.23924369,1.0,False,True,True
9011900233,1,0.5,13.8553290674142,-1.30889329670232,,,14.814117,14.793787,,0.041511957,-21.704681,13.303133,21.868093,23.720287,25.254366,0.08512597,258.56387,10.868855,1.2375069,,7.0,0.0,Cluster,0.33605817,-0.91901606,1.0,False,True,True
9011900238,1,-9.0,13.9790752732347,-1.04964274647599,,,17.75348,17.698631,,0.041726142,-18.799402,2.9153605,21.583412,22.857763,24.45209,0.26535112,210.37479,9.54484,1.0520287,,7.0,0.0,Cluster,0.34429458,-0.84559774,1.0,False,True,True
9011900241,1,-9.0,14.2671747700862,-1.15194138241605,,,17.315292,17.309341,,0.04875785,-19.19423,2.9583259,21.733606,22.660093,24.350796,0.00055835437,93.84365,9.717278,1.0826607,,7.0,0.0,Cluster,0.34639177,1.5563807,1.0,False,True,True
9011900242,1,2.0,13.845674349621,-1.21122028573456,,,15.805704,15.788465,,0.041773867,-20.710232,5.099615,20.931114,21.843792,23.540285,0.3569509,246.79303,10.409188,1.1640091,,7.0,0.0,Cluster,0.34737548,-0.8292408,1.0,False,True,True
9011900245,1,-9.0,14.2934751774921,-1.29229385936261,,,17.596756,17.609377,,0.039801903,-18.886919,2.2465649,21.045855,21.931822,23.640137,0.29248288,250.2629,9.598429,1.059124,,7.0,0.0,Cluster,0.35272804,-1.5057249,1.0,False,True,True
9011900247,1,1.5,13.8730087494815,-1.1327814166897,,,15.327696,15.164876,,0.039605524,-21.331831,3.706923,18.743105,20.066332,21.652304,0.71786183,92.87851,10.700006,1.215972,,7.0,0.0,Cluster,0.35320204,-1.5731624,1.0,False,True,True
9011900250,1,1.0,14.1154425496897,-1.02403378811293,,,16.555813,16.505653,,0.04639718,-19.996595,2.2155454,19.135962,20.380108,21.980062,0.6402881,106.8626,10.083936,1.1280575,,7.0,0.0,Cluster,0.36358872,0.75179857,1.0,False,True,True
9011900251,1,0.5,13.939929663257,-1.05483238483225,,,17.114885,17.086706,,0.044032596,-19.413797,3.8791451,21.540518,22.925713,24.502289,0.24107006,165.26114,9.856388,1.133009,,7.0,0.0,Cluster,0.36536208,-0.055946153,1.0,False,True,True
9011900254,1,0.0,13.8285183175178,-1.27717029566239,,,13.758838,13.626788,,0.044888865,-22.874771,11.838482,20.50113,22.080217,23.634207,0.18684743,271.1386,11.338645,1.2437553,,7.0,0.0,Cluster,0.36858332,0.23676796,1.0,False,True,True
9011900261,1,0.5,14.1703401146999,-1.03452037095126,,,15.584435,15.499295,,0.04428264,-21.00172,3.3948977,19.694098,21.26196,22.817024,0.25393128,222.35606,10.568536,1.2222548,,7.0,0.0,Cluster,0.37503222,0.029556187,1.0,False,True,True
9011900263,1,0.5,13.8246168050592,-1.28625893106004,,,16.574314,16.371202,,0.04532706,-20.13075,1.7963008,19.426336,20.486448,22.130472,0.3117703,196.3748,10.231358,1.2359924,,7.0,0.0,Cluster,0.37606943,0.3864712,1.0,False,True,True
9011900264,1,1.5,13.8227078133819,-1.23234497958409,,,17.808895,17.860096,,0.0439618,-18.640053,2.8149967,21.029646,22.009327,23.679554,0.6080069,115.833595,9.560537,1.1368752,,7.0,0.0,Cluster,0.3776599,-0.08015819,1.0,False,True,True
9011900265,1,1.5,14.3109445776211,-1.28577369082357,,,15.171361,15.102681,,0.043227453,-21.397211,5.822969,20.386343,21.603306,23.20866,0.3801695,201.82199,10.67285,1.1546154,,7.0,0.0,Cluster,0.3779007,-0.331402,1.0,False,True,True
9011900271,1,3.0,14.0097168954472,-1.49619228896308,,,16.72514,16.6548,,0.04117491,-19.834467,4.552574,21.042242,21.950539,23.648914,0.5784171,209.26146,9.562724,0.5502892,,8.0,0.0,Cluster,0.38089898,-1.0345786,1.0,False,True,True
9011900272,1,0.5,13.8771512679547,-1.41424309391645,,,15.3938465,15.346746,,0.043065038,-21.153177,2.92074,19.420912,20.835543,22.408075,0.19077227,227.3385,10.6401205,1.2271633,,7.0,0.0,Cluster,0.38098776,-0.38699326,1.0,False,True,True
9011900273,1,1.5,13.8390765142516,-1.35237843222433,,,15.129884,15.031274,,0.041290246,-21.466866,3.9559724,19.218359,20.33293,21.961899,0.5485518,181.03886,10.776105,1.2449884,,7.0,0.0,Cluster,0.38123822,-0.99502957,1.0,False,True,True
9011900274,1,1.0,13.8271345548998,-1.31807082114962,,,16.277987,16.262297,,0.047666557,-20.241604,1.4342785,18.286396,19.42631,21.048904,0.53052205,208.82378,10.234484,1.1949015,,7.0,0.0,Cluster,0.38157505,1.1846645,1.0,False,True,True
9011900279,1,1.0,14.27896953085,-1.39740226188563,,,15.004216,15.012556,,0.048623506,-21.492054,6.70004,20.706684,22.040487,23.624765,0.30208465,231.76274,10.753651,1.2106667,,7.0,0.0,Cluster,0.39230135,1.5106412,1.0,False,True,True
9011900281,1,0.5,14.2903824963196,-1.38030953296239,,,15.481437,15.469707,,0.040083166,-21.027378,3.6095524,19.7965,21.15015,22.731354,0.30519766,147.31688,10.594828,1.2348022,,7.0,0.0,Cluster,0.3935052,-1.4091594,1.0,False,True,True
9011900285,1,1.0,14.1068620358508,-1.51137213695958,,,17.110952,17.083382,,0.046327062,-19.418625,2.1280947,19.868505,21.1494,22.742556,0.5394597,126.860146,9.863637,1.1339092,,7.0,0.0,Cluster,0.3985766,0.7278727,1.0,False,True,True
9011900287,1,0.5,13.9298698885626,-1.03373441104989,,,15.66691,15.68992,,0.04220918,-20.80917,4.8613925,20.912344,22.084215,23.699291,0.13347316,182.54512,10.430638,1.1497087,,7.0,0.0,Cluster,0.40108517,-0.6800784,1.0,False,True,True
9011900288,1,2.5,14.2964756503598,-1.3801181603224,,,16.238808,16.239819,,0.04882711,-20.260553,4.9351225,20.521872,21.182617,23.036076,0.71287614,204.06198,10.027175,0.9394836,,8.0,0.0,Cluster,0.40156823,1.5799592,1.0,False,True,True
9011900298,1,0.5,14.0981053784898,-0.986897497806227,,,14.997808,14.854098,,0.044029556,-21.646242,6.026561,20.09866,21.631105,23.18973,0.4054316,155.66428,10.809507,1.2271681,,7.0,0.0,Cluster,0.41579032,-0.056985743,1.0,False,True,True
9011900302,2,1.5,13.9650088130803,-1.50647268621418,,,16.872326,16.764227,,0.04461712,-19.736362,3.41381,20.913494,22.194199,23.787388,0.33835053,98.9939,10.003169,1.14011,,7.0,0.0,Cluster,0.41705215,0.14389841,1.0,True,True,True
9011900304,1,0.5,14.0471364580488,-1.52651858414814,,,17.76045,17.625092,,0.04732094,-18.877672,1.5184771,20.374374,21.53642,23.15375,0.2580409,92.17946,9.618164,1.1092892,,7.0,0.0,Cluster,0.4183061,1.0668589,1.0,False,True,True
9011900309,1,-9.0,14.2029015083947,-1.49228034638775,,,17.96004,17.94012,,0.049768765,-18.5653,2.5851076,21.910564,23.019371,24.649843,0.05696696,160.55263,9.538408,1.1691589,,7.0,0.0,Cluster,0.42006364,1.90037,1.0,False,True,True
9011900312,2,0.0,14.0472813133251,-1.53127902447304,,,15.892151,15.8686905,,0.048947193,-20.635296,4.8656945,21.036814,22.620167,24.173754,0.031634983,250.22934,10.351956,1.1400242,,7.0,0.0,Cluster,0.42559466,1.6208346,1.0,True,True,True
9011900314,1,0.5,13.9163054764255,-1.48903670254614,,,15.98999,15.784991,,0.042798195,-20.7145,7.1777806,21.255547,23.134426,24.667076,0.3604504,173.4609,10.42077,1.1711693,,7.0,0.0,Cluster,0.42787123,-0.47834653,1.0,False,True,True
9011900321,2,1.0,14.1267906703042,-1.5340209119296,,,15.571989,15.570119,,0.048185337,-20.933723,4.885924,20.517864,21.717323,23.326334,0.3485343,133.01936,10.496003,1.1689014,,7.0,0.0,Cluster,0.43841866,1.3614199,1.0,True,True,True
9011900322,1,1.5,14.0472753149207,-0.970197974543786,,,17.103613,17.098354,,0.04620111,-19.404043,2.2201548,20.479916,21.482414,23.14467,0.29015413,162.46393,9.85348,1.1413002,,7.0,0.0,Cluster,0.43981147,0.6848906,1.0,False,True,True
9011900325,1,0.0,14.0682426392983,-1.54318190948234,,,15.7002535,15.695363,,0.043897033,-20.804913,6.6189256,21.497944,22.980585,24.544674,0.0091611035,246.89272,10.437087,1.1511087,,7.0,0.0,Cluster,0.4428123,-0.10231025,1.0,False,True,True
9011900328,1,0.0,13.9985730476824,-1.53576482828759,,,16.750048,16.708286,,0.044560593,-19.792591,4.945224,21.750349,23.012775,24.609278,0.21887,149.05489,10.020392,1.1434917,,7.0,0.0,Cluster,0.44410506,0.12457693,1.0,False,True,True
9011900329,1,0.5,14.214968976315,-1.00719748500307,,,16.758286,16.741566,,0.047908388,-19.76178,2.6491845,20.42043,21.665577,23.265339,0.3218987,214.2528,9.993079,1.1320248,,7.0,0.0,Cluster,0.44439867,1.2670705,1.0,False,True,True
9011900330,1,2.5,13.8896750739347,-1.48360964251934,,,17.667402,17.673952,,0.04439454,-18.82701,2.4339302,20.952372,22.128584,23.74268,0.4686661,180.32384,9.611798,1.1306629,,7.0,0.0,Cluster,0.4447746,0.067813575,1.0,False,True,True
9011900338,1,1.5,13.77311429239,-1.23380164165114,,,15.862404,15.852843,,0.044587452,-20.648186,4.3988767,19.387064,20.47699,22.112532,0.7915541,268.04654,10.348133,1.1345139,,7.0,0.0,Cluster,0.45349383,0.13375776,1.0,False,True,True
9011900340,1,1.5,13.7710921383661,-1.25258915454807,,,15.229574,15.242574,,0.043289483,-21.257545,4.3788543,20.359821,21.771212,23.344177,0.076392196,153.76923,10.667952,1.2131996,,7.0,0.0,Cluster,0.45540702,-0.3101728,1.0,False,True,True
9011900342,1,1.5,13.9201756696875,-0.997225814518251,,,16.978321,16.982462,,0.0446995,-19.517843,2.739765,19.968035,20.969444,22.632072,0.68509823,185.0765,9.86282,1.0853882,,7.0,0.0,Cluster,0.4570037,0.1720549,1.0,False,True,True
9011900343,1,1.5,14.1549694385233,-1.54000317964296,,,16.390081,16.392242,,0.04381698,-20.10833,2.3031676,19.651651,20.76965,22.397734,0.4103986,136.49599,10.204885,1.2092716,,7.0,0.0,Cluster,0.45827645,-0.12969196,1.0,False,True,True
9011900347,1,2.0,14.0080515265925,-1.5497661820694,,,15.771995,15.742515,,0.042607125,-20.756756,7.1386347,21.350878,22.817236,24.38324,0.35491598,268.2812,10.397512,1.1319847,,7.0,0.0,Cluster,0.46197012,-0.54377353,1.0,False,True,True
9011900348,1,3.0,14.2823559161398,-1.46518964416763,,,17.575787,17.570047,,0.044780977,-18.928944,3.0395646,21.773758,22.696323,24.388649,0.1942697,115.60566,9.565745,1.008667,,7.0,0.0,Cluster,0.46235943,0.19989982,1.0,False,True,True
9011900351,1,1.5,13.7635867274251,-1.26601071209527,,,16.301832,16.262962,,0.04560752,-20.238972,2.5026782,19.913332,21.147913,22.749731,0.2781194,208.62929,10.208089,1.1597309,,7.0,0.0,Cluster,0.4672172,0.48225302,1.0,False,True,True
9011900353,1,1.5,14.3594730909202,-1.3434692787534,,,15.939896,15.936584,,0.043450058,-20.563658,2.8169498,19.64738,20.765926,22.393871,0.40413806,224.60356,10.357874,1.181344,,7.0,0.0,Cluster,0.4696198,-0.25522318,1.0,False,True,True
9011900364,1,3.0,13.7866983217916,-1.39678010196149,,,17.236053,17.223555,,0.045825034,-19.277788,3.4550066,20.975933,21.964888,23.63182,0.6071479,133.09883,9.755319,1.0806046,,7.0,0.0,Cluster,0.4831295,0.55652106,1.0,False,True,True
9011900365,1,0.5,14.1919720558172,-1.5441655603039,,,15.870952,15.817612,,0.04036459,-20.679846,6.05651,21.23921,22.80092,24.356585,0.21349458,139.63457,10.4140625,1.1745996,,7.0,0.0,Cluster,0.48402575,-1.312565,1.0,False,True,True
9011900367,1,2.0,13.8067433638639,-1.07604482375159,,,14.972344,15.0047245,,0.047624134,-21.498968,8.903163,20.624327,21.549904,23.24098,0.6635338,191.12181,10.775964,1.2240123,,7.0,0.0,Cluster,0.4863846,1.1702062,1.0,False,True,True
9011900371,1,1.5,14.3750661490027,-1.34403369396902,,,17.025482,17.012722,,0.042873714,-19.48553,4.40612,21.469915,22.450638,24.120493,0.48878655,192.76979,9.787008,1.0123653,,8.0,0.0,Cluster,0.49287164,-0.4524903,1.0,False,True,True
9011900376,1,1.5,14.2853884559312,-1.49403747079139,,,16.5916,16.57961,,0.044590846,-19.920502,4.741935,21.215204,22.750233,24.30859,0.40372053,148.75682,10.028207,1.0870781,,7.0,0.0,Cluster,0.49750343,0.13491777,1.0,False,True,True
9011900383,1,1.0,14.2944826479846,-1.01877639199162,,,15.228005,15.188725,,0.041224428,-21.309555,6.15242,20.340422,21.868206,23.427319,0.4634406,240.11066,10.668077,1.189436,,7.0,0.0,Cluster,0.5047624,-1.0175985,1.0,False,True,True
9011900392,1,-9.0,14.1637638759641,-1.57745887704601,,,17.46451,17.47184,,0.04493108,-19.029137,3.4980397,21.69283,22.862381,24.477983,0.35413817,152.54443,9.673485,1.1014786,,7.0,0.0,Cluster,0.51734585,0.25119287,1.0,False,True,True
9011900404,1,1.5,14.2393452117301,-0.959641557357615,,,17.732246,17.726816,,0.03751788,-18.767975,1.5904845,20.426262,21.346285,23.039673,0.28711298,243.64484,9.569591,1.0821762,,7.0,0.0,Cluster,0.52647483,-2.290853,1.0,False,True,True
9011900407,1,0.5,13.9759939940639,-0.922549822671979,,,15.190357,15.821978,,0.044271052,-20.678175,1.461469,19.053984,20.116014,21.759474,0.2577744,216.80675,10.368644,1.1870157,,7.0,8.0,Cluster,0.5309081,0.025593681,1.0,False,True,True
9011900413,1,0.5,13.9772544060016,-0.920661600578013,,,14.059271,13.926961,,0.044977106,-22.574577,16.405638,20.993736,22.508366,24.068882,0.41688353,189.22781,11.259835,1.2913036,,7.0,0.0,Cluster,0.5332045,0.26691934,1.0,False,True,True
9011900418,1,0.0,13.7873331460466,-1.04647242188125,,,14.090858,14.032878,,0.04571029,-22.469067,46.64449,23.325882,25.112608,26.650524,0.22306952,256.75235,11.085149,1.1440343,,8.0,0.0,Cluster,0.5371764,0.51734555,1.0,False,True,True
9011900421,1,0.5,13.7275056554865,-1.34074057317927,,,17.044716,16.969486,,0.046605837,-19.53091,8.097419,22.937042,24.367262,25.937752,0.20420137,186.37392,9.826851,1.0332985,,8.0,0.0,Cluster,0.53867954,0.8229883,1.0,False,True,True
9011900422,1,0.5,13.936756062515,-1.58055445380652,,,17.36718,17.32338,,0.04874522,-19.180471,1.7617949,20.23397,21.525293,23.116615,0.25718984,171.89389,9.764031,1.1344852,,7.0,0.0,Cluster,0.53900856,1.5520802,1.0,False,True,True
9011900429,1,0.5,14.2354813423903,-0.943639945996434,,,15.796199,15.810769,,0.042545393,-20.688648,5.4683614,21.117441,22.480724,24.060482,0.21583158,180.67824,10.435576,1.201168,,7.0,0.0,Cluster,0.5450428,-0.5649145,1.0,False,True,True
9011900430,1,0.0,14.395399865115,-1.39100530699299,,,13.433127,13.537937,,0.04519241,-22.963894,10.565818,20.56125,21.695772,23.319693,0.03982337,104.380394,11.389562,1.2599239,,7.0,0.0,Cluster,0.5463155,0.34047636,1.0,False,True,True
9011900438,1,0.0,14.1976021221588,-0.920046310579038,,,16.50499,16.484468,,0.0417958,-20.014297,3.4111428,20.888035,22.358889,23.924358,0.096858196,161.28503,10.157401,1.2030678,,7.0,0.0,Cluster,0.5535601,-0.8217233,1.0,False,True,True
9011900440,1,1.0,13.9090708774163,-1.57951418112378,,,14.999165,14.856384,,0.049453758,-21.649178,7.6454816,20.49197,22.05351,23.609192,0.43423483,94.45709,10.830612,1.2335005,,7.0,0.0,Cluster,0.5548192,1.7932167,1.0,False,True,True
9011900441,1,2.0,14.4233387365988,-1.3122683330426,,,15.465999,15.457378,,0.047100082,-21.044569,6.411256,20.785841,21.54987,23.324707,0.5299439,184.7806,10.491172,1.1039314,,7.0,0.0,Cluster,0.5548212,0.991558,1.0,False,True,True
9011900450,1,2.0,14.1307655101047,-1.6163242735842,,,15.946159,15.92531,,0.0448431,-20.57594,6.041674,20.93847,21.71961,23.48366,0.5793542,204.17952,10.34807,1.1613579,,7.0,0.0,Cluster,0.5638948,0.22112928,1.0,False,True,True
9011900451,1,1.0,13.9732590473925,-0.901063608572917,,,15.991609,15.900358,,0.044129446,-20.600435,2.6050208,19.216219,20.723656,22.284954,0.48062536,265.9621,10.372318,1.1794443,,7.0,0.0,Cluster,0.5639222,-0.022826072,1.0,False,True,True
9011900453,1,1.5,13.9852231403229,-1.61307748463726,,,16.97436,16.97832,,0.04185859,-19.52038,2.9196165,20.549677,21.388325,23.11979,0.50718296,254.42874,9.8765335,1.1089554,,7.0,0.0,Cluster,0.5645872,-0.8002046,1.0,False,True,True
9011900459,1,0.5,14.1928522401555,-1.60389182619675,,,17.235704,17.232655,,0.041224137,-19.26541,2.604621,20.886314,22.243652,23.824299,0.26105323,168.62193,9.819076,1.1434822,,7.0,0.0,Cluster,0.57000357,-1.0176982,1.0,False,True,True
9011900460,1,1.5,14.0753318252852,-1.62581447982203,,,16.296364,16.285414,,0.044742458,-20.215849,5.2187767,21.265022,22.224268,23.902033,0.42352888,161.23178,10.223298,1.1822548,,7.0,0.0,Cluster,0.57008123,0.1867358,1.0,False,True,True
9011900462,1,1.0,14.1104489654089,-1.62598226810059,,,15.678672,15.668852,,0.04586455,-20.833563,2.7519188,19.076084,20.352406,21.946377,0.50576526,119.1204,10.546989,1.2746067,,7.0,0.0,Cluster,0.57407624,0.57001096,1.0,False,True,True
9011900475,1,0.0,14.4403813122382,-1.33559082555154,,,16.879618,16.86835,,0.046146844,-19.631245,2.4842565,20.668514,21.72907,23.372963,0.14759012,182.71838,9.852388,1.0129375,,8.0,0.0,Cluster,0.5872005,0.6663702,1.0,False,True,True
9011900476,2,-9.0,13.9406279703047,-1.61636322761609,,,17.485533,17.461653,,0.048122987,-19.040913,3.0000925,21.708672,22.736977,24.390747,0.09855646,103.59868,9.664803,1.0817184,,7.0,0.0,Cluster,0.5885055,1.340181,1.0,True,True,True
9011900479,1,1.0,13.7059742180302,-1.38863276268126,,,15.462204,15.4909935,,0.04679076,-21.012144,4.3880873,19.985191,21.259104,22.853508,0.46283978,248.16846,10.564501,1.212447,,7.0,0.0,Cluster,0.59216166,0.8860685,1.0,False,True,True
9011900492,1,0.5,14.2704896782829,-0.919155985196978,,,15.722269,15.718319,,0.04461844,-20.78261,2.0858104,18.902021,20.091087,21.702337,0.3171135,212.75261,10.548814,1.3046255,,7.0,0.0,Cluster,0.6044938,0.14434916,1.0,False,True,True
9011900498,1,0.5,14.1856052992935,-0.874825000450809,,,15.797086,15.805796,,0.046787973,-20.696814,4.1540904,20.596802,21.851229,23.449224,0.20631938,150.91385,10.37744,1.1420441,,7.0,0.0,Cluster,0.61318207,0.88511807,1.0,False,True,True
9011900500,1,1.0,14.19621689087,-0.878081320281265,,,15.83549,15.81912,,0.04365568,-20.68123,2.4657538,18.767742,20.183048,21.75549,0.5857607,98.06913,10.391408,1.164485,,7.0,0.0,Cluster,0.61348677,-0.18487082,1.0,False,True,True
9011900511,1,3.0,13.9154010358174,-0.876653800039035,,,16.44182,16.41771,,0.047940798,-20.072155,4.7598605,21.698088,22.421564,24.224287,0.1508674,107.7485,9.601107,0.4705429,,8.0,0.0,Cluster,0.6276884,1.278113,1.0,False,True,True
9011900519,1,2.0,13.6749968890035,-1.12353693988448,,,15.489701,15.497392,,0.05325542,-21.000582,4.8236465,21.055246,21.970728,23.666029,0.00010186874,206.76698,10.31398,0.9024019,,8.0,0.0,Cluster,0.63639975,3.0842266,0.0,False,True,True
9011900520,1,-9.0,13.6612493251769,-1.16963917001607,,,17.047047,17.048847,,0.039877016,-19.447584,1.4354839,19.626934,20.988367,22.5684,0.14959851,131.51273,9.803154,1.0435106,,7.0,0.0,Cluster,0.6381337,-1.479934,1.0,False,True,True
9011900521,1,2.0,14.4654414426536,-1.1360116567815,,,14.700327,14.788816,,0.043210756,-21.710135,15.625758,22.126022,23.257284,24.882015,0.42727208,128.59717,10.748957,1.0864162,,8.0,0.0,Cluster,0.63958216,-0.33711654,1.0,False,True,True
9011900529,1,1.5,13.8203429633245,-0.917948087303887,,,14.745778,14.674308,,0.044104636,-21.825972,7.6829257,19.879068,20.869148,22.535686,0.70137006,100.40655,10.798438,1.1045637,,8.0,0.0,Cluster,0.64314735,-0.031310268,1.0,False,True,True
9011900535,1,1.0,13.711056580507,-1.47934231361681,,,15.765485,15.773425,,0.04629536,-20.7284,4.311755,19.977974,21.13901,22.756573,0.58429796,267.69666,10.368544,1.1136618,,7.0,0.0,Cluster,0.6470892,0.7170546,1.0,False,True,True
9011900538,1,1.0,14.2582328142653,-0.879719378143715,,,15.2405405,15.332901,,0.046388593,-21.169817,8.971725,21.262474,23.064053,24.601055,0.4537249,26.758894,10.621757,1.2032566,,7.0,0.0,Cluster,0.6484036,0.74886864,1.0,False,True,True
9011900539,1,1.5,14.0533046668547,-0.83378137765497,,,16.44924,16.43166,,0.04391248,-20.068777,3.9292452,21.032072,22.139833,23.77058,0.23505698,191.85722,10.086242,1.1048412,,7.0,0.0,Cluster,0.64897907,-0.097026296,1.0,False,True,True
9011900547,1,0.0,14.2585403462785,-0.875188276838173,,,13.443541,13.38941,,0.044160094,-23.111313,16.273212,20.81023,22.277824,23.84368,0.18596274,215.75726,11.466611,1.2845736,,7.0,0.0,Cluster,0.65483767,-0.012345948,1.0,False,True,True
9011900554,1,0.5,14.2626983164118,-0.873570283032657,,,16.609373,15.932645,,0.04642277,-20.570168,1.7138611,19.324015,20.586428,22.182932,0.27969638,50.43177,10.420086,1.2634821,,7.0,8.0,Cluster,0.6599529,0.7605298,1.0,False,True,True
9011900557,1,1.0,14.0139412606829,-0.828080512651493,,,15.051291,15.041832,,0.04444487,-21.459232,4.0628057,19.112455,20.268734,21.88741,0.5952278,137.61166,10.713531,1.1779022,,7.0,0.0,Cluster,0.6624763,0.08501902,1.0,False,True,True
9011900558,1,2.5,14.2982369153371,-1.61961235945019,,,16.535034,16.517553,,0.043933727,-19.98287,4.8196945,20.541027,21.251335,23.063885,0.7429006,140.06705,10.120892,1.166296,,7.0,0.0,Cluster,0.66360664,-0.08975988,1.0,False,True,True
9011900584,1,2.0,13.6244345689725,-1.17128491019028,,,16.958986,16.962366,,0.043778643,-19.537764,5.33607,21.942795,23.22696,24.819534,0.35211524,240.85321,9.924975,1.1446953,,7.0,0.0,Cluster,0.69316053,-0.14280573,1.0,False,True,True
9011900590,1,0.5,13.9632431012274,-0.813831491597789,,,16.665829,16.502369,,0.04112535,-19.995636,3.0627365,20.440332,21.79204,23.373539,0.3221046,278.43494,10.081767,1.1177082,,7.0,0.0,Cluster,0.69787407,-1.0515747,1.0,False,True,True
9011900592,1,1.5,14.382772461442,-0.927821029677849,,,16.080296,15.956644,,0.04501975,-20.544981,2.4418027,18.924755,20.33009,21.903872,0.5845978,129.88602,10.360465,1.1944857,,7.0,0.0,Cluster,0.6997709,0.2814894,1.0,False,True,True
9011900599,1,2.0,13.6756560104885,-1.48927850533249,,,14.735405,14.769925,,0.039655495,-21.725945,9.32379,20.502563,21.577894,23.217512,0.6444051,187.6324,10.764705,1.0793171,,8.0,0.0,Cluster,0.7014996,-1.556001,1.0,False,True,True
9011900609,1,1.5,14.4530745276952,-1.00404697497214,,,15.992244,15.994483,,0.043004088,-20.50538,3.0735173,19.955355,21.498919,23.056396,0.2718424,80.45694,10.326349,1.175168,,7.0,0.0,Cluster,0.7084669,-0.4078572,1.0,False,True,True
9011900614,1,3.0,14.4995320103445,-1.41923806444619,,,16.79711,16.80065,,0.043721914,-19.693123,7.2965956,21.341959,21.694075,24.087042,0.8296963,91.25241,9.787011,0.8738231,,8.0,0.0,Cluster,0.7112381,-0.16221154,1.0,False,True,True
9011900617,1,1.0,13.9490689198512,-1.70272134260799,,,15.906837,15.899878,,0.04314374,-20.599882,3.7833881,20.258562,21.568811,23.156916,0.35777447,165.28452,10.353411,1.1515177,,7.0,0.0,Cluster,0.7118238,-0.36005342,1.0,False,True,True
9011900622,1,1.0,14.1142878052407,-0.792424594605993,,,15.887205,15.866675,,0.043905113,-20.633862,4.1018515,20.289797,21.70862,23.280596,0.3756384,103.00745,10.397062,1.1859665,,7.0,0.0,Cluster,0.71593994,-0.09954658,1.0,False,True,True
9011900630,1,1.5,13.7225268012544,-1.57645732568678,,,14.734956,14.737926,,0.047190867,-21.765694,7.7317777,19.707676,20.505745,22.259638,0.76257116,116.1238,10.898009,1.2507066,,7.0,0.0,Cluster,0.7245665,1.022513,1.0,False,True,True
9011900671,1,2.5,14.3146317974379,-0.825155931051868,,,17.360191,17.392334,,0.047615852,-19.105835,2.886891,21.420528,22.342955,24.035337,0.221511,250.07518,9.526315,0.8863354,,8.0,0.0,Cluster,0.76357126,1.1673838,1.0,False,True,True
9011900680,1,1.0,13.5663649893291,-1.23935219327456,,,14.849876,14.8576765,,0.04502115,-21.643959,9.749038,21.408875,22.948013,24.505945,0.2021699,234.55574,10.829175,1.2216015,,7.0,0.0,Cluster,0.7706877,0.28196797,1.0,False,True,True
9011900684,1,-9.0,13.8111605438312,-0.82219730487695,,,16.77807,16.805721,,0.045989748,-19.69475,5.0975695,21.393707,22.317276,24.009186,0.58306897,207.59743,9.915297,1.0592594,,7.0,0.0,Cluster,0.77409554,0.6127501,1.0,False,True,True
9011900691,1,2.5,14.5639131185017,-1.15750274821129,,,17.606653,17.601923,,0.05274591,-18.90637,2.962698,20.917263,21.557964,23.429953,0.6838706,209.62633,9.7649145,1.2659187,,7.0,0.0,Cluster,0.77881265,2.9114757,0.0,False,True,True
9011900696,1,-9.0,13.6708450513875,-1.57472880818233,,,15.63937,15.66094,,0.041653227,-20.837292,3.4681954,20.05234,21.55522,23.117022,0.19335896,315.5285,10.404633,1.0990362,,7.0,0.0,Cluster,0.7829194,-0.87058985,1.0,False,True,True
9011900708,2,1.5,13.6615935943943,-1.57412235722697,,,15.320308,15.306727,,0.042293258,-21.192173,4.2979217,20.009789,21.4661,23.033318,0.32106945,158.10716,10.568552,1.1247063,,7.0,0.0,Cluster,0.793471,-0.65127504,1.0,True,True,True
9011900711,1,0.0,14.5749087179516,-1.14885650467776,,,15.447701,15.423762,,0.051982686,-21.084187,6.3229737,21.0292,22.811108,24.349327,0.11117897,166.7219,10.636561,1.2754278,,7.0,0.0,Cluster,0.7980399,2.6525447,0.0,False,True,True
9011900714,1,2.0,13.796803103767,-0.81017231354481,,,15.623482,15.665992,,0.045569874,-20.835104,5.69455,20.845657,21.891832,23.540035,0.4408487,105.007515,10.375808,1.0769463,,8.0,0.0,Cluster,0.8013167,0.46939835,1.0,False,True,True
9011900735,1,3.0,13.6631498262834,-1.60064085804879,,,17.08901,17.13363,,0.042181056,-19.357632,4.910283,21.924673,23.086155,24.703613,0.40263465,160.80734,9.540265,0.7427788,,8.0,0.0,Cluster,0.81749195,-0.68971276,1.0,False,True,True
9011900752,1,3.0,13.9269009084512,-1.77984217659541,,,17.637321,17.6165,,0.043982033,-18.883484,2.0332625,20.494839,21.584057,23.219793,0.4847868,164.23543,9.632451,1.1097432,,7.0,0.0,Cluster,0.8352524,-0.073238656,1.0,False,True,True
9011900757,1,0.5,13.5506547627394,-1.42838484103322,,,14.804137,14.8117075,,0.04375378,-21.68883,5.491578,20.322447,21.361902,23.01217,0.16635159,184.14253,10.866962,1.243536,,7.0,0.0,Cluster,0.8378388,-0.15131061,1.0,False,True,True
9011900759,1,2.5,14.1965280673541,-1.7859699187137,,,16.525324,16.518503,,0.040894046,-19.974161,2.7007182,19.941864,20.886026,22.569613,0.52846074,167.49625,9.820666,0.7990475,,8.0,0.0,Cluster,0.840248,-1.1309067,1.0,False,True,True
9011900772,1,3.0,14.6025313665667,-1.39468572518846,,,15.814382,15.673761,,0.051645134,-20.816729,3.3322778,20.225887,20.872108,22.738869,0.19346526,164.05113,10.033112,0.6421032,,8.0,0.0,Cluster,0.85092133,2.5379658,0.0,False,True,True
9011900774,1,3.0,14.6031974188223,-1.39435699857711,,,18.327168,15.674197,,0.05168632,-20.816288,3.3323872,20.247936,20.900358,22.76136,0.17630257,167.48044,10.033061,0.6422253,,8.0,0.0,Cluster,0.8517857,2.5519483,0.0,False,True,True
9011900776,1,2.0,13.8576422432537,-0.742155888519311,,,15.978403,15.913513,,0.044772297,-20.587942,3.9006207,20.312927,21.482279,23.097927,0.39594,89.87523,10.388289,1.210169,,7.0,0.0,Cluster,0.85283875,0.1969335,1.0,False,True,True
9011900783,1,3.0,13.9332860123121,-1.79668640025246,,,16.845783,16.831272,,0.0441928,-19.66965,3.9773848,20.5089,21.312243,23.063072,0.7250093,182.10054,10.044276,1.2333565,,7.0,0.0,Cluster,0.8579051,-0.0011629874,1.0,False,True,True
9011900785,1,0.5,13.8603217604768,-1.77416308474958,,,16.793913,16.758823,,0.048498705,-19.7442,6.677485,22.15948,23.953293,25.49077,0.21840592,157.64488,9.969177,1.1059494,,7.0,0.0,Cluster,0.85923374,1.4681458,1.0,False,True,True
9011900789,1,1.5,14.1060092128583,-1.81376046653232,,,15.562385,15.598445,,0.046278343,-20.903923,5.4547915,20.683409,21.54185,23.263264,0.46301728,198.29642,10.47979,1.1627388,,7.0,0.0,Cluster,0.86118037,0.7112475,1.0,False,True,True
9011900793,1,1.5,13.6090259917409,-0.928245738510135,,,15.668194,15.682264,,0.04225965,-20.815872,6.735412,20.668922,21.796728,23.422321,0.64228123,218.37975,10.340521,1.0366106,,8.0,0.0,Cluster,0.86598045,-0.66278845,1.0,False,True,True
9011900807,1,1.5,13.4963212570171,-1.26826790905695,,,15.424093,15.423743,,0.053460192,-21.084414,3.0317261,19.205807,20.304031,21.937317,0.46130115,135.15625,10.605994,1.2271223,,7.0,0.0,Cluster,0.87825227,3.153631,0.0,False,True,True
9011900816,1,1.5,13.5153396297647,-1.09170990459959,,,17.122978,17.10146,,0.042744942,-19.39761,3.3744004,21.250574,22.561796,24.149738,0.31381586,156.89537,9.828166,1.0996628,,7.0,0.0,Cluster,0.8853626,-0.49658045,1.0,False,True,True
9011900837,1,2.5,14.6126442453237,-1.05075785287227,,,17.090034,17.071074,,0.046903525,-19.431828,2.4453747,20.72592,21.434355,23.248337,0.29631335,129.03345,9.884188,1.158432,,7.0,0.0,Cluster,0.8962014,0.9245288,1.0,False,True,True
9011900859,1,2.0,14.189955270465,-0.67542371193574,,,16.57851,16.45656,,0.04662145,-20.038559,2.0514417,19.59244,20.68332,22.318598,0.35698846,215.93378,9.939997,0.8948288,,8.0,0.0,Cluster,0.9120478,0.8283144,1.0,False,True,True
9011900865,2,2.5,13.6267933695797,-1.65593082064981,,,17.087534,17.096973,,0.045084786,-19.403622,3.8905957,20.981333,21.894602,23.590843,0.6439013,162.18279,9.880249,1.1433239,,7.0,0.0,Cluster,0.91570336,0.3037093,1.0,True,True,True
9011900874,1,0.0,14.4737123645596,-0.814677290290452,,,14.878879,14.765629,,0.041878037,-21.73313,3.63104,19.46729,20.924524,22.491629,0.023153476,183.6553,10.902478,1.2611465,,7.0,0.0,Cluster,0.9224141,-0.7935405,1.0,False,True,True
9011900885,1,1.5,13.4960126984509,-1.45285245344271,,,15.695424,15.694715,,0.04369669,-20.805725,4.976267,20.285042,21.3924,23.023254,0.5675385,116.807365,10.456133,1.181489,,7.0,0.0,Cluster,0.9295292,-0.1708405,1.0,False,True,True
9011900934,1,1.5,14.4370328875578,-0.745973349965526,,,17.268875,17.283195,,0.04486707,-19.217978,1.9164134,19.67249,20.70251,22.355736,0.6197431,140.69183,9.780722,1.1364765,,7.0,0.0,Cluster,0.96849084,0.2293198,1.0,False,True,True
9016800001,1,0.0,18.739974118087,0.430806769669402,,,13.466736,13.493587,,0.044836815,-23.043924,23.538727,21.758163,23.253756,24.81637,0.12198695,155.11876,11.44393,1.2796707,,7.0,0.0,Cluster,0.552757,-0.041373115,1.0,False,True,True
9016800002,1,0.0,18.7350032253457,0.439602396046418,,,16.594635,16.985094,,0.044924825,-19.551313,0.8128698,18.81131,19.85683,21.505232,0.024521254,134.42375,10.054094,1.3173275,,7.0,0.0,Cluster,0.57665,0.0048435163,1.0,False,True,True
9016800008,1,2.0,18.765161318729,0.405230635001952,,,14.496692,14.449752,,0.044638395,-22.086927,9.994364,20.658085,22.149118,23.712248,0.46290883,111.61052,10.909587,1.1110287,,8.0,0.0,Cluster,0.4762688,-0.14558364,1.0,False,True,True
9016800009,1,0.5,18.7750333856605,0.415359972937466,,,17.121836,17.031286,,0.045187987,-19.506506,0.97725844,18.773369,20.060741,21.652754,0.16634127,85.5943,9.997855,1.2567616,,7.0,0.0,Cluster,0.4945975,0.14301439,1.0,False,True,True
9016800010,1,0.5,18.7337948195774,0.391523569389437,,,16.383858,16.386007,,0.044367924,-20.151083,2.0429513,19.88358,21.091042,22.698362,0.04056514,269.44247,10.210162,1.203619,,7.0,0.0,Cluster,0.47072875,-0.28766724,1.0,False,True,True
9016800013,1,1.5,18.7297641283334,0.475642577014093,,,16.99261,16.989931,,0.045099657,-19.547546,2.3187234,19.871805,20.927568,22.572882,0.59639007,132.97203,9.919879,1.1469154,,7.0,0.0,Cluster,0.6626176,0.09664119,1.0,False,True,True
9016800014,2,1.0,18.7805799138574,0.465796164660279,,,15.052162,15.056882,,0.042493444,-21.478533,5.469956,19.964705,21.099813,22.723589,0.49849096,202.75803,10.758653,1.2160721,,7.0,0.0,Cluster,0.6118174,-1.2733781,1.0,True,True,True
9016800024,1,1.0,18.7259105476852,0.507393943909817,,,15.258233,15.181873,,0.043973695,-21.354866,3.6724784,19.268847,20.563805,22.1545,0.4991409,128.29204,10.708789,1.2189178,,7.0,0.0,Cluster,0.73810905,-0.4948291,1.0,False,True,True
9016800037,1,0.0,18.6471189916583,0.473785852411872,,,17.29606,17.29655,,0.043526165,-19.239647,2.6483343,21.286161,22.414751,24.040148,0.05341082,139.41234,9.77479,1.1256427,,7.0,0.0,Cluster,0.7448878,-0.7300948,1.0,False,True,True
9016800038,2,0.0,18.7371846067077,0.533651954537656,,,17.008102,16.967482,,0.044011816,-19.569174,2.181085,20.51849,21.810951,23.402077,0.107942425,101.18547,9.949556,1.167713,,7.0,0.0,Cluster,0.79174,-0.47479367,1.0,True,True,True
9016800039,1,1.0,18.6955931633977,0.524678331503582,,,15.103409,14.960218,,0.045508567,-21.577848,3.943858,19.035217,20.254797,21.859617,0.6108423,162.80717,10.840575,1.2719268,,7.0,0.0,Cluster,0.8011596,0.311285,1.0,False,True,True
9016800041,1,0.5,18.8037145739918,0.342305174451195,,,15.393809,15.356939,,0.045064956,-21.180737,3.8742707,20.043653,21.491611,23.059856,0.0958293,278.58914,10.6192,1.1991043,,7.0,0.0,Cluster,0.31072596,0.078422144,1.0,False,True,True
9016800047,1,1.0,18.7728786332031,0.322203738558731,,,15.3202915,15.246962,,0.041871235,-21.287897,3.7068856,19.278532,20.526575,22.125784,0.52249086,255.28555,10.661856,1.1949167,,7.0,0.0,Cluster,0.28068742,-1.6009623,1.0,False,True,True
9016800056,1,1.0,18.7598125056134,0.307437473187963,,,16.195974,16.186005,,0.04641888,-20.352436,2.966283,19.135298,20.147602,21.806572,0.7393804,110.95469,10.227052,1.1327276,,7.0,0.0,Cluster,0.26263073,0.7888212,1.0,False,True,True
9016800061,1,0.5,18.7260634400915,0.303283392979436,,,14.669665,14.665646,,0.04425397,-21.871134,5.677158,20.13714,21.407377,23.002449,0.19914807,127.15259,10.983491,1.2975931,,7.0,0.0,Cluster,0.3048423,-0.3475399,1.0,False,True,True
9016800063,1,-9.0,18.6439332196391,0.342841079592927,,,17.685972,17.699663,,0.046062764,-18.838207,2.9640377,21.878042,23.03254,24.651634,0.088782735,197.60854,9.580909,1.0888958,,7.0,0.0,Cluster,0.51655406,0.6020579,1.0,False,True,True
9016800065,1,2.0,18.8375807001983,0.342956758330064,,,16.610699,16.621729,,0.04952094,-19.913212,3.111841,21.0359,21.812666,23.57942,0.09999659,151.66446,9.8431425,0.8829213,,8.0,0.0,Cluster,0.3153159,2.412989,1.0,False,True,True
9016800069,1,1.5,18.7850368058919,0.303626114242158,,,15.878763,15.863303,,0.046561215,-20.67516,3.923748,20.00111,21.161657,22.779335,0.5602822,128.6307,10.375878,1.1486826,,7.0,0.0,Cluster,0.22872241,0.8634508,1.0,False,True,True
9016800071,1,0.5,18.6028591897968,0.408055843149091,,,15.858352,15.8666725,,0.04661329,-20.672426,3.2078314,19.904827,21.322214,22.894379,0.31278127,110.25058,10.444716,1.2423878,,7.0,0.0,Cluster,0.69268847,0.89075273,1.0,False,True,True
9016800072,1,1.0,18.734092437058,0.291400974953654,,,16.94742,16.94722,,0.047277898,-19.590233,2.44632,20.310286,21.398981,23.03486,0.43242025,234.1008,9.82713,1.0209846,,8.0,0.0,Cluster,0.27110454,1.2390677,1.0,False,True,True
9016800074,1,3.0,18.7866927938095,0.296969927527432,,,16.056374,16.053802,,0.045908935,-20.479343,4.7947087,20.606821,21.355473,23.140484,0.58338886,211.30684,10.12526,0.9261465,,8.0,0.0,Cluster,0.21231335,0.5213635,1.0,False,True,True
9016800079,1,1.5,18.6001176018818,0.470008790047395,,,16.472271,16.45697,,0.04699327,-20.081692,3.9458754,21.129757,22.370884,23.971422,0.20424728,152.44225,10.138523,1.1465282,,7.0,0.0,Cluster,0.80484796,1.0899241,1.0,False,True,True
9016800080,1,1.0,18.6343701332342,0.532048815487266,,,15.949787,15.866258,,0.04776261,-20.672905,3.182187,18.974085,20.405106,21.97549,0.7210645,95.05267,10.358017,1.1307964,,7.0,0.0,Cluster,0.8804093,1.4929615,1.0,False,True,True
9016800084,1,1.0,18.6259949889274,0.528908917583855,,,16.312374,16.289413,,0.046642173,-20.249367,3.1450312,20.242867,21.287153,22.935932,0.42247328,111.51849,10.224446,1.1722668,,7.0,0.0,Cluster,0.8840638,0.9058943,1.0,False,True,True
9016800087,2,1.0,18.7863903646778,0.575989449422801,,,15.038758,14.879408,,0.045306757,-21.6584,3.144891,18.702494,19.992052,21.583681,0.47368675,264.2092,10.873647,1.2759848,,7.0,0.0,Cluster,0.87344754,0.20536198,1.0,True,True,True
9016800089,1,2.0,18.6283513723298,0.324534863952087,,,14.540859,14.55898,,0.043598726,-21.976538,8.354793,21.25514,22.06883,23.813784,0.051865097,190.32239,10.849724,1.0871935,,8.0,0.0,Cluster,0.52319485,-0.6919427,1.0,False,True,True
9016800092,2,2.5,18.8702016374335,0.514853056374023,,,15.931578,15.950157,,0.04393832,-20.578562,2.8540416,20.138493,20.943865,22.69353,0.13169503,112.47998,10.047128,0.7747937,,8.0,0.0,Cluster,0.7354731,-0.5134222,1.0,True,True,True
9016800093,1,2.0,18.6827575975227,0.286029828924826,,,15.321283,15.332063,,0.04530309,-21.20032,7.1461387,21.212204,21.77894,23.731686,0.38563445,114.78994,10.420961,0.9265842,,8.0,0.0,Cluster,0.36387655,0.20343779,1.0,False,True,True
9016800094,1,0.5,18.7972351681489,0.576754384702706,,,17.47744,17.43294,,0.044519305,-19.103699,1.1141502,19.450129,20.538,22.174107,0.20733339,128.66461,9.711685,1.1078587,,7.0,0.0,Cluster,0.8735645,-0.20813943,1.0,False,True,True
9016800095,1,2.5,18.8080100563185,0.289318175326075,,,16.34533,16.341969,,0.045949113,-20.19201,4.6085606,21.173016,22.039803,23.757141,0.37713,245.11565,10.014639,0.9389916,,8.0,0.0,Cluster,0.18307114,0.5424406,1.0,False,True,True
9016800105,2,3.0,18.8736786761253,0.331025112577243,,,17.470104,17.447893,,0.042884786,-19.084173,2.8812978,21.495842,22.474993,24.14541,0.2519,216.399,9.530929,0.8941651,,8.0,0.0,Cluster,0.31467435,-1.067442,1.0,True,True,True
9016800106,1,0.0,18.7436904439851,0.263287162947415,,,17.349922,17.197832,,0.045194887,-19.339336,1.2049551,19.26403,20.679394,22.251827,0.29442847,248.52545,9.811342,1.1139507,,7.0,0.0,Cluster,0.21041836,0.1466363,1.0,False,True,True
9016800109,1,2.5,18.6070185746345,0.536088810056737,,,14.860961,14.8262205,,0.04102362,-21.700865,9.225653,21.397287,21.872292,23.962753,0.28946844,167.57231,10.463356,0.7312822,,8.0,0.0,Cluster,0.92282665,-2.0475326,1.0,False,True,True
9016800110,1,2.0,18.7866262091999,0.265812951461036,,,15.479474,15.482855,,0.042879373,-21.050797,3.987917,20.064583,20.828382,22.603367,0.38904858,89.903854,10.447974,1.0341702,,8.0,0.0,Cluster,0.14385252,-1.0702899,1.0,False,True,True
9016800113,1,1.5,18.5785973408888,0.37044198726524,,,18.867916,16.815176,,0.04288588,-19.719675,3.152962,21.832645,22.444342,24.34549,0.05237352,116.88474,9.942033,1.0787868,,7.0,0.0,Cluster,0.68303674,-1.0668658,1.0,False,True,True
9016800123,1,2.5,18.8787553229059,0.312896371561686,,,16.53644,16.55936,,0.048647646,-19.98021,3.2528715,20.211819,20.98859,22.75534,0.632836,174.26936,10.062983,1.1119366,,7.0,0.0,Cluster,0.28262132,1.9562414,1.0,False,True,True
9016800130,1,1.0,18.8536215366876,0.281799059347046,,,15.599543,15.506383,,0.046853844,-21.032787,3.8950016,20.01091,21.381659,22.960316,0.32014155,180.6088,10.558069,1.1981325,,7.0,0.0,Cluster,0.18755361,1.0168504,1.0,False,True,True
9016800131,1,1.5,18.7473013539712,0.618418230859399,,,17.039484,17.026634,,0.04255177,-19.505745,1.7171582,19.793615,20.559025,22.332972,0.35278237,277.9697,9.777576,0.9709683,,8.0,0.0,Cluster,0.98629516,-1.2426798,1.0,False,True,True
9016800138,1,0.5,18.8799201894903,0.299236934962232,,,14.937149,14.90733,,0.04679518,-21.631842,5.115042,20.014032,21.562933,23.119873,0.19953229,215.0472,10.872604,1.2891732,,7.0,0.0,Cluster,0.25717935,0.98610044,1.0,False,True,True
9016800143,2,-9.0,18.7294664819088,0.624573793414202,,,17.480045,17.411495,,0.04762937,-19.128136,1.0191747,19.136532,20.435495,22.025503,0.28977075,255.36125,9.733519,1.1367397,,7.0,0.0,Cluster,1.0087969,1.4231824,1.0,True,True,True
9016800144,1,3.0,18.6798353600356,0.246022145346985,,,17.42644,17.4176,,0.048761237,-19.118658,3.6759627,21.066414,21.838636,23.60824,0.68886286,232.87718,9.569041,0.9372597,,8.0,0.0,Cluster,0.3356966,2.0156734,1.0,False,True,True
9016800147,1,2.0,18.8369372578139,0.25930546078571,,,15.042708,14.976109,,0.04326711,-21.559626,5.8518596,20.16102,21.390547,22.993364,0.456451,113.85651,10.730368,1.1410962,,7.0,0.0,Cluster,0.121207416,-0.8663263,1.0,False,True,True
9016800153,1,1.5,18.8834125673984,0.289797892546503,,,15.505188,15.512208,,0.046698887,-21.025465,4.294927,20.411394,21.686472,23.280666,0.17067532,238.28033,10.442877,1.0664635,,8.0,0.0,Cluster,0.24489315,0.9356254,1.0,False,True,True
9016800156,1,0.0,18.8091702447686,0.240085314936523,,,17.413185,17.350086,,0.043361038,-19.185633,1.2718452,19.687908,20.814047,22.440062,0.20025386,203.68126,9.762263,1.1219406,,7.0,0.0,Cluster,0.0658211,-0.8169272,1.0,False,True,True
9016800160,1,1.5,18.7030040748999,0.229974171692385,,,15.585221,15.572092,,0.04624915,-20.96639,3.1671152,19.822645,21.145441,22.731483,0.16509408,172.04921,10.505381,1.1670389,,7.0,0.0,Cluster,0.27371374,0.699816,1.0,False,True,True
9016800163,1,3.0,18.6967815582829,0.632109452177449,,,17.324575,17.275724,,0.047188506,-19.259073,7.352621,23.10697,24.284689,25.898445,0.26688838,143.07498,9.62191,0.9251633,,8.0,0.0,Cluster,1.0451962,1.1922309,1.0,False,True,True
9016800167,1,2.0,18.7842644101088,0.227090606952086,,,15.815185,15.837154,,0.043874256,-20.693548,4.769992,20.85876,22.075266,23.680714,0.27669245,91.85352,10.187272,0.8844309,,8.0,0.0,Cluster,0.08243133,-0.54709536,1.0,False,True,True
9016800171,2,1.5,18.9490283243011,0.409129708518793,,,17.517683,17.461023,,0.04646613,-19.075842,1.7037998,19.916782,21.075972,22.693964,0.4941337,259.18698,9.58667,0.9875507,,8.0,0.0,Cluster,0.5684861,0.8135973,1.0,True,True,True
9016800185,1,3.0,18.9363120413209,0.332404325795034,,,15.650736,15.650066,,0.04470326,-20.879112,5.833736,20.99775,21.379822,23.680618,0.42494908,184.0978,10.15541,0.7677889,,8.0,0.0,Cluster,0.4066453,-0.11151441,1.0,False,True,True
9016800186,1,3.0,18.5239333420359,0.383094013413285,,,17.3276,17.25619,,0.048324965,-19.27901,6.51697,21.526169,22.050102,24.060787,0.81890863,256.48322,9.694265,0.9836292,,8.0,0.0,Cluster,0.81065357,1.7873768,1.0,False,True,True
9016800187,1,0.5,18.6371117963274,0.233783902676134,,,16.364487,16.358387,,0.045049243,-20.17914,2.251955,19.880623,21.244051,22.823786,0.15354726,263.85144,10.185539,1.1620283,,7.0,0.0,Cluster,0.43184102,0.070172034,1.0,False,True,True
9016800197,1,0.0,18.8157541405619,0.213455953222443,,,14.533401,14.43779,,0.0451042,-22.09995,7.850471,20.702244,22.172754,23.738264,0.06404547,168.7942,11.020671,1.2328806,,7.0,0.0,Cluster,9.1261565e-05,0.09902536,1.0,False,True,True
9016800216,1,2.5,18.6244003524325,0.215201723726597,,,15.771721,15.678001,,0.046306185,-20.860027,4.9850254,20.014399,20.732597,22.539211,0.7088422,143.45209,10.448316,1.141882,,7.0,0.0,Cluster,0.4596274,0.7297263,1.0,False,True,True
9016800219,1,3.0,18.5216608570077,0.542556045569405,,,17.721506,17.734245,,0.04479185,-18.80207,3.5334754,20.915556,21.692465,23.459131,0.7806346,264.4199,9.561369,1.0706825,,7.0,0.0,Cluster,1.059944,-0.06498667,1.0,False,True,True
9016800222,1,1.0,18.8602424757492,0.214251824048546,,,16.898413,16.859041,,0.046569254,-19.679615,1.5711055,19.39541,20.446272,22.093054,0.36364177,225.08498,10.055046,1.2233791,,7.0,0.0,Cluster,0.10680434,0.86766565,1.0,False,True,True
9016800228,1,1.5,18.6241257548023,0.204455108677097,,,17.008307,16.898466,,0.04510529,-19.636059,2.917009,20.854918,21.609093,23.390394,0.3069401,120.27795,9.8440075,0.9963322,,8.0,0.0,Cluster,0.46077934,0.09959842,1.0,False,True,True
9016800229,1,1.0,18.8184404724822,0.188735414775762,,,16.689573,16.438673,,0.045000337,-20.098871,1.5296909,19.028313,20.49041,22.056923,0.33041167,180.3234,10.184414,1.192564,,7.0,8.0,Cluster,0.059785616,0.044493794,1.0,False,True,True
9016800231,2,-9.0,18.7896375905277,0.681426821962324,,,16.529999,16.474329,,0.0431807,-20.060707,9.317841,22.621937,24.227228,25.778801,0.26631528,244.16504,10.074238,1.0747929,,7.0,0.0,Cluster,1.1255634,-0.9117737,1.0,True,True,True
9016800232,1,3.0,18.5161319728278,0.307590177279012,,,17.652838,17.651608,,0.045828454,-18.885906,3.5985115,20.95209,21.688772,23.482033,0.76548564,269.33585,9.626851,1.1092587,,7.0,0.0,Cluster,0.75427717,0.47914043,1.0,False,True,True
9016800234,1,1.5,18.8608843852518,0.205311303870673,,,16.431858,16.386099,,0.043455057,-20.144592,2.8299894,20.069277,21.192366,22.81915,0.41426355,106.75437,9.949007,0.8689366,,8.0,0.0,Cluster,0.11009496,-0.7674855,1.0,False,True,True
9016800236,1,0.0,18.8198933845067,0.185668263756798,,,14.963133,14.847353,,0.04490169,-21.690199,4.365632,19.77036,20.982847,22.589123,0.24367312,110.29177,10.825523,1.203001,,7.0,0.0,Cluster,0.067536026,-0.007304479,1.0,False,True,True
9016800241,1,1.5,18.488256395986,0.371420735279593,,,15.696263,15.710643,,0.045410424,-20.826077,3.263581,19.811243,20.776987,22.452312,0.34838048,260.24664,10.378116,1.0773745,,8.0,0.0,Cluster,0.873243,0.25977588,1.0,False,True,True
9016800245,1,3.0,18.481086780434,0.411948110600119,,,16.158213,16.126463,,0.04638498,-20.405296,5.533327,21.829582,22.304026,24.3955,0.14349061,109.12538,9.992801,0.8168822,,8.0,0.0,Cluster,0.93447423,0.77104515,1.0,False,True,True
9016800246,1,2.5,18.6324186518232,0.66717701803663,,,17.55058,17.488089,,0.046588052,-19.04997,4.382415,21.452372,22.11572,23.966862,0.71217585,215.40938,9.721532,1.1363602,,7.0,0.0,Cluster,1.175204,0.8775209,1.0,False,True,True
9016800259,2,1.0,18.7075652339763,0.69763271130472,,,17.124516,17.121737,,0.046278156,-19.416311,1.6114199,19.746134,20.871918,22.49802,0.32590955,187.9459,9.850292,1.1240425,,7.0,0.0,Cluster,1.191419,0.7150273,1.0,True,True,True
9016800263,1,2.5,18.9384291577621,0.245719400715764,,,16.314577,16.327187,,0.043127287,-20.208061,3.6360087,19.747673,20.452898,22.269352,0.749015,159.40671,10.160607,1.1048375,,7.0,0.0,Cluster,0.30456308,-0.93986887,1.0,False,True,True
9016800266,2,3.0,19.0079036537804,0.372726631369237,,,17.499083,17.476353,,0.04740763,-19.063135,4.107781,21.104538,21.617786,23.644533,0.76802355,122.79906,9.812347,1.2324371,,7.0,0.0,Cluster,0.59929335,1.3070339,1.0,True,True,True
9016800272,1,1.0,18.592181080898,0.196922525952044,,,17.617668,17.618988,,0.043378912,-18.916086,2.4724581,20.885115,22.028603,23.65033,0.45322502,194.81317,9.616094,1.0727539,,7.0,0.0,Cluster,0.53845835,-0.8075275,1.0,False,True,True
9016800274,1,3.0,19.0159983625461,0.400582555218612,,,17.378403,17.229843,,0.047159936,-19.307383,3.888483,21.669184,22.520962,24.245699,0.45961538,227.58606,9.7845335,1.0827541,,7.0,0.0,Cluster,0.65811384,1.1772614,1.0,False,True,True
9016800275,1,0.0,18.8231859736781,0.165273824594812,,,16.140917,16.109608,,0.045190375,-20.428215,2.124692,19.572914,20.872908,22.46274,0.13180315,209.77585,10.350059,1.2387991,,7.0,0.0,Cluster,0.1171473,0.14426798,1.0,False,True,True
9016800276,1,1.5,18.9368673367813,0.233316280088854,,,15.8749,15.882529,,0.04455861,-20.654112,4.2570534,19.669308,20.688116,22.344948,0.72792137,180.68626,10.390971,1.1608381,,7.0,0.0,Cluster,0.29468393,-0.18749218,1.0,False,True,True
9016800287,1,3.0,18.9498071750112,0.241045473508218,,,15.437702,15.442642,,0.045187764,-21.08834,6.4518385,21.31542,21.694433,24.003963,0.29441774,248.25554,10.339099,0.8779316,,8.0,0.0,Cluster,0.32862055,0.14289704,1.0,False,True,True
9016800303,1,0.0,18.5897603409216,0.179709232701888,,,14.568568,14.494247,,0.044257533,-22.042706,7.1518216,20.52452,21.977806,23.545393,0.09987858,188.41885,10.986324,1.21632,,7.0,0.0,Cluster,0.5488289,-0.3456686,1.0,False,True,True
9016800304,1,1.5,18.8735285448005,0.169605242035887,,,17.049326,16.968706,,0.043691073,-19.56777,2.386963,19.70092,20.961468,22.55832,0.6489193,190.1266,9.943204,1.1692373,,7.0,0.0,Cluster,0.17419198,-0.6433916,1.0,False,True,True
9016800308,1,1.5,18.7079364886567,0.724537469353746,,,16.42187,16.37086,,0.045522213,-20.166931,3.1760163,20.589514,22.038813,23.60689,0.16655475,225.00435,10.184313,1.1617012,,7.0,0.0,Cluster,1.2543727,0.31844643,1.0,False,True,True
9016800314,1,3.0,18.5903431656072,0.689800764229191,,,16.916195,16.899784,,0.04472038,-19.635584,4.623042,21.36998,22.357538,24.024963,0.5604186,253.8857,9.890432,1.0523396,,7.0,0.0,Cluster,1.265566,-0.10252199,1.0,False,True,True
9016800317,1,1.5,18.9154602917632,0.18745302428259,,,16.639048,16.571346,,0.045504726,-19.965736,3.2244678,19.837965,21.251268,22.823977,0.67656523,225.37564,10.021555,1.0714378,,7.0,0.0,Cluster,0.24742916,0.3092693,1.0,False,True,True
9016800318,1,2.5,18.7344378723916,0.130685816704439,,,14.770593,14.798283,,0.041591313,-21.734932,5.606541,20.165215,21.246319,22.884308,0.36069065,133.54619,10.744804,1.0602512,,8.0,0.0,Cluster,0.2787517,-1.7484006,1.0,False,True,True
9016800321,1,2.0,18.541962297127,0.201718679491077,,,15.747012,15.776672,,0.043957647,-20.75968,4.547673,20.383854,21.685612,23.275143,0.4423692,119.355385,10.410836,1.1444769,,7.0,0.0,Cluster,0.65819913,-0.503264,1.0,False,True,True
9016800323,1,2.0,18.6761148419323,0.132733657544121,,,16.428701,16.431002,,0.041185237,-20.103245,4.237521,21.214266,22.626083,24.19899,0.21409257,267.3333,10.167283,1.1701984,,7.0,0.0,Cluster,0.3874442,-1.9623554,1.0,False,True,True
9016800343,1,2.0,18.443021099189,0.305732318745158,,,14.6485615,14.594202,,0.044321157,-21.94164,10.515325,20.923868,21.881353,23.559786,0.5478255,85.9974,10.844286,1.0921278,,8.0,0.0,Cluster,0.92221063,-0.31223875,1.0,False,True,True
9016800346,1,-9.0,18.5537430396078,0.163217502870657,,,17.702148,17.65268,,0.04517208,-18.882483,1.7506878,20.104498,20.716082,22.61735,0.5507464,197.65303,9.561749,1.0213776,,7.0,0.0,Cluster,0.6407758,0.13466355,1.0,False,True,True
9016800351,1,2.5,18.4065924324717,0.423751440293568,,,16.605463,16.636583,,0.04656428,-19.902489,6.176029,20.749426,21.592886,23.321857,0.8239075,256.08228,10.174526,1.2734584,,7.0,0.0,Cluster,1.1048406,0.86505824,1.0,False,True,True
9016800356,1,3.0,18.9071834301888,0.13887432929409,,,17.148815,17.020025,,0.04645611,-19.510275,3.9800594,21.932869,22.632376,24.453297,0.10041643,110.39858,9.650047,0.8151379,,8.0,0.0,Cluster,0.2833705,0.80834293,1.0,False,True,True
9016800358,2,2.5,18.9813924605507,0.667075216512978,,,17.784899,17.717848,,0.04673466,-18.81803,2.9880018,20.713781,21.484669,23.255116,0.735761,244.61795,9.532333,1.0177099,,7.0,0.0,Cluster,1.1596818,0.9543783,1.0,True,True,True
9016800385,2,3.0,18.9234235391319,0.731265175801464,,,17.060339,17.07028,,0.04356887,-19.456518,2.907546,21.064432,21.738298,23.58028,0.31058377,79.69549,9.522345,0.6790505,,8.0,0.0,Cluster,1.2700915,-0.70764154,1.0,True,True,True
9016800386,1,3.0,19.0060062851467,0.198037015449879,,,17.310324,17.320475,,0.045602858,-19.211676,4.022464,21.425749,22.43783,24.096872,0.5386968,107.58579,9.5984335,0.8985386,,8.0,0.0,Cluster,0.45835873,0.3607679,1.0,False,True,True
9016800393,1,2.0,18.3877428162723,0.496673096641279,,,15.517704,15.562084,,0.044063512,-20.97466,8.414201,20.723467,21.66026,23.346773,0.75713074,265.01743,10.633718,1.2990761,,7.0,0.0,Cluster,1.2325687,-0.44762474,1.0,False,True,True
9016800396,1,2.5,18.9638849398097,0.146977012516255,,,15.893664,15.874094,,0.0393518,-20.6576,7.319538,20.515245,21.062613,23.040386,0.8092018,253.9324,10.554544,1.3470793,,7.0,0.0,Cluster,0.38991493,-2.9293976,0.0,False,True,True
9016800412,1,1.0,18.9133332457434,0.103060267095105,,,16.020775,15.804074,,0.044157956,-20.732624,4.7697086,20.5194,22.056023,23.614212,0.40100098,242.6687,10.454427,1.2001829,,7.0,0.0,Cluster,0.35387027,-0.39799312,1.0,False,True,True
9016800416,1,1.0,18.4452223466568,0.202037282126929,,,15.279668,15.155818,,0.04510655,-21.381876,4.5209665,19.629995,21.278664,22.826506,0.4476807,155.76141,10.718145,1.2147245,,7.0,0.0,Cluster,0.8903471,0.1002595,1.0,False,True,True
9016800424,1,3.0,18.9066418126885,0.0928020968588718,,,17.5353,17.526989,,0.043674268,-19.00687,3.500088,21.468708,22.524635,24.169899,0.49630877,129.08731,9.516495,0.9280034,,8.0,0.0,Cluster,0.36280328,-0.6522264,1.0,False,True,True
9016800425,1,2.5,18.5657918678388,0.765338144464475,,,14.487022,14.485672,,0.04251078,-22.042933,9.446788,21.580784,21.973885,24.244362,0.033212297,224.17365,10.679517,0.8198643,,8.0,0.0,Cluster,1.4549644,-1.2642529,1.0,False,True,True
9016800428,1,2.0,18.8561772657237,0.0716573474253958,,,16.099525,16.094145,,0.04258007,-20.441256,3.1200633,20.091341,21.188675,22.8222,0.34650102,194.44572,10.2840185,1.1501312,,7.0,0.0,Cluster,0.35416806,-1.2277852,1.0,False,True,True
9016800440,1,1.5,18.8862986244048,0.0726261656384409,,,17.243927,17.251488,,0.04684603,-19.286827,2.501932,20.044142,20.995878,22.676514,0.6856703,100.0509,9.801353,1.1244183,,7.0,0.0,Cluster,0.37831998,1.0127538,1.0,False,True,True
9016800559,1,2.0,18.3633916800572,0.15247908723726,,,14.726936,14.718786,,0.043374326,-21.81323,12.116698,22.259789,22.698513,24.860153,0.11749458,151.36662,10.67207,0.935812,,2.0,0.0,Cluster,1.0962832,-0.8099391,1.0,False,True,True
9032,1,0.5,184.68921379,0.77289916,184.68921379,0.77289916,17.35,17.063,0.06513,0.06389,-20.33,2.82,20.95,22.09,23.71,0.2277,8.400009,10.3,1.27,0.078,3.0,0.0,GAMA,,,,False,True,True
9044200001,1,0.0,6.3809843,-33.0462036,,,13.849258,13.731104,,0.049816966,-23.04251,28.514044,22.344927,23.736399,25.312092,0.2623458,24.588741,11.443716,1.2807618,,7.0,0.0,Cluster,0.0011103718,-0.005306398,1.0,False,True,True
9044200004,1,0.5,6.3843665,-33.0308151,,,14.800958,14.573464,,0.05000233,-22.20044,5.670246,20.130041,21.551943,23.123512,0.14546789,187.6704,11.016754,1.2042637,,7.0,0.0,Cluster,0.039947644,0.08548239,1.0,False,True,True
9044200007,1,0.0,6.3714652,-33.0649414,,,15.555558,15.32122,,0.05145475,-21.453344,2.6451468,19.017607,20.514288,22.076778,0.29013854,67.6136,10.786874,1.2554407,,7.0,0.0,Cluster,0.049586985,0.796307,1.0,False,True,True
9044200015,1,1.0,6.4297886,-33.0273323,,,15.219431,15.221705,,0.048509087,-21.550858,4.8382545,19.841873,21.037178,22.647076,0.46599877,24.401562,10.83034,1.2660351,,7.0,0.0,Cluster,0.113066904,-0.6463468,1.0,False,True,True
9044200025,1,0.0,6.4407101,-33.086834,,,14.316311,14.228847,,0.050935462,-22.545506,10.049345,20.722652,22.085684,23.665478,0.25927794,91.9126,11.228232,1.2626848,,7.0,0.0,Cluster,0.16032909,0.5422774,1.0,False,True,True
9044200027,1,0.5,6.3399973,-33.105278,,,14.434391,13.060658,,0.048244115,-23.700144,33.13739,23.888243,25.717842,27.253191,0.42701182,109.68979,11.070837,0.5667543,,8.0,0.0,Cluster,0.16891773,-0.776317,1.0,False,True,True
9044200028,1,1.5,6.3922844,-32.9773178,,,15.380671,15.349786,,0.04794839,-21.42233,11.366599,21.585976,23.217846,24.767094,0.4468379,17.088442,10.762429,1.2527723,,7.0,0.0,Cluster,0.1740044,-0.92140996,1.0,False,True,True
9044200032,1,0.5,6.400003,-33.1179352,,,15.563883,15.452556,,0.052123357,-21.322855,5.657017,20.664717,22.409132,23.949806,0.19027346,72.8075,10.69248,1.2243948,,7.0,0.0,Cluster,0.18208234,1.1231976,1.0,False,True,True
9044200042,1,2.0,6.32546,-33.1196556,,,15.745033,15.712487,,0.054702435,-21.065859,5.579399,20.958748,22.282904,23.868725,0.19596854,48.521984,10.615635,1.28477,,7.0,0.0,Cluster,0.21522756,2.3821864,1.0,False,True,True
9044200047,1,2.5,6.3831511,-33.136322,,,14.768645,14.66926,,0.05138109,-22.094847,12.2610655,21.879473,23.002346,24.629187,0.08516488,75.18011,10.752869,0.8902798,,8.0,0.0,Cluster,0.22337915,0.7602809,1.0,False,True,True
9044200057,1,1.0,6.2625155,-33.0601234,,,16.404823,16.388935,,0.053439833,-20.386032,3.0398972,20.02726,21.174036,22.79497,0.4624139,93.20778,10.276079,1.1678047,,7.0,0.0,Cluster,0.2487293,1.7662295,1.0,False,True,True
9044200061,1,0.0,6.2697597,-33.1035461,,,15.032518,14.958736,,0.04728957,-21.812405,4.183742,19.85838,21.262608,22.83654,0.061604097,32.968655,10.897346,1.2162313,,7.0,0.0,Cluster,0.2712613,-1.2447976,1.0,False,True,True
9044200062,1,0.5,6.2494626,-33.0520096,,,16.567268,16.543045,,0.05249747,-20.232498,1.0837455,18.092365,19.302473,20.909243,0.41963804,98.99368,10.253111,1.2188627,,7.0,0.0,Cluster,0.27400148,1.3060145,1.0,False,True,True
9044200070,1,0.0,6.2410107,-33.0626678,,,16.351028,16.264336,,0.04871484,-20.506071,7.8661013,21.958185,23.790775,25.325953,0.23852375,37.228912,10.288295,1.1110973,,7.0,0.0,Cluster,0.29401773,-0.54544735,1.0,False,True,True
9044200075,1,2.5,6.4881577,-32.9655876,,,16.101543,16.120218,,0.052403904,-20.644823,6.1462173,20.835905,21.455072,23.348427,0.67532396,50.627037,10.132987,0.8612547,,8.0,0.0,Cluster,0.30149037,1.2602987,1.0,False,True,True
9044200079,1,0.5,6.5177016,-33.0893707,,,16.882553,16.89915,,0.04919322,-19.873674,2.2163432,20.128344,21.347939,22.952755,0.27878252,105.10356,10.098281,1.2016104,,7.0,0.0,Cluster,0.30491367,-0.310929,1.0,False,True,True
9044200090,1,1.0,6.27314,-32.9470673,,,16.722216,16.723608,,0.04942594,-20.049818,1.0572393,17.977816,19.431728,20.999239,0.5140173,156.69003,10.208243,1.2513657,,7.0,0.0,Cluster,0.3341555,-0.19687884,1.0,False,True,True
9044200091,1,0.5,6.2608147,-32.9567757,,,16.371817,16.358232,,0.051659573,-20.416578,2.156912,19.445675,20.866335,22.438068,0.33472094,90.74187,10.326881,1.2162741,,7.0,0.0,Cluster,0.33538246,0.89647007,1.0,False,True,True
9044200104,1,1.5,6.5648503,-33.0378647,,,16.50144,15.02242,,0.04799703,-21.746178,,,,,,,10.646573,0.969326,,8.0,0.0,Cluster,0.38474607,-0.8975421,1.0,False,True,True
9044200107,1,1.0,6.3731952,-33.2027855,,,16.837606,16.821756,,0.04899146,-19.95018,2.1158633,19.800419,20.91458,22.543655,0.4102229,110.71086,10.088639,1.1506596,,7.0,0.0,Cluster,0.38900584,-0.40982482,1.0,False,True,True
9044200121,1,3.0,6.4153647,-32.8794861,,,16.23797,16.24864,,0.047145206,-20.510157,2.8039474,20.063986,20.651731,22.579313,0.33907294,47.676506,9.908374,0.6442328,,3.0,0.0,Cluster,0.42199337,-1.3156861,1.0,False,True,True
9044200130,1,1.0,6.5202069,-32.9061432,,,16.42388,16.44309,,0.05085806,-20.331562,2.955979,19.833782,20.924234,22.559631,0.5558233,134.75836,10.30613,1.2396221,,7.0,0.0,Cluster,0.45486757,0.5044032,1.0,False,True,True
9044200138,1,-9.0,6.3381505,-33.2353172,,,17.057901,17.066278,,0.05084416,-19.696089,2.3721378,20.709675,21.49877,23.257984,0.18244506,106.12325,9.657126,0.7516613,,3.0,0.0,Cluster,0.47792354,0.49759984,1.0,False,True,True
9044200140,1,1.0,6.285275,-33.2290382,,,16.470715,16.463821,,0.05030244,-20.309649,2.013528,19.199532,20.547152,22.129274,0.4486129,12.574055,10.277721,1.2030869,,7.0,0.0,Cluster,0.495622,0.23243873,1.0,False,True,True
9044200147,1,3.0,6.1329665,-33.0879364,,,15.392499,15.390039,,0.048334617,-21.370718,3.7655118,20.145819,20.964405,22.706636,0.13297291,170.1947,10.337892,0.7463684,,8.0,0.0,Cluster,0.5266808,-0.73192155,1.0,False,True,True
9044200148,1,0.0,6.3479981,-32.8362808,,,15.096827,15.049165,,0.050273143,-21.72505,4.4019885,19.992798,21.449594,23.016752,0.060735468,74.67392,10.892316,1.2681408,,7.0,0.0,Cluster,0.52766913,0.2180952,1.0,False,True,True
9044200155,1,1.0,6.2080545,-33.2189026,,,15.473738,15.431863,,0.04910391,-21.341255,2.747974,18.77028,20.047453,21.641272,0.5126584,2.5498006,10.732547,1.256381,,7.0,0.0,Cluster,0.55967784,-0.35470384,1.0,False,True,True
9044200158,1,0.0,6.5119853,-32.8477287,,,13.963422,13.922088,,0.05182988,-22.85351,11.7553,20.494793,21.979988,23.543785,0.38607442,170.4217,11.305182,1.2366762,,7.0,0.0,Cluster,0.5656394,0.979738,1.0,False,True,True
9044200170,1,1.0,6.6609702,-33.1045456,,,15.592192,15.572826,,0.05057499,-21.201618,3.549037,19.59226,20.798065,22.405733,0.43970707,125.3022,10.666188,1.2516565,,7.0,0.0,Cluster,0.6019387,0.36586517,1.0,False,True,True
9044200175,1,0.0,6.4081669,-33.2929726,,,15.316369,15.312577,,0.052771453,-21.461538,4.305013,20.095116,21.505299,23.078426,0.14548367,171.52397,10.684627,1.1425562,,7.0,0.0,Cluster,0.6157619,1.4398606,1.0,False,True,True
9044200176,1,1.0,6.1649375,-32.8736115,,,16.983856,17.009235,,0.04720642,-19.761877,1.6728367,19.6896,20.696268,22.357119,0.2914173,39.07847,10.047085,1.1899395,,7.0,0.0,Cluster,0.62295204,-1.2856262,1.0,False,True,True
9044200179,2,1.5,6.615592,-32.889061,,,16.235458,16.245533,,0.047544777,-20.526257,2.1112418,19.3095,20.620714,22.208658,0.3455982,85.94984,10.440303,1.2911186,,7.0,0.0,Cluster,0.62775046,-1.1195025,1.0,True,True,True
9044200188,1,-9.0,6.5992751,-33.2288246,,,17.041405,17.032436,,0.05458131,-19.729973,1.6555395,19.673243,20.361195,22.191391,0.34038833,11.764209,9.6770735,0.7586155,,3.0,0.0,Cluster,0.642709,2.3231287,1.0,False,True,True
9044200195,1,1.5,6.5854506,-32.846817,,,16.532576,16.505404,,0.054944012,-20.272308,,,,,,,10.299936,1.2549762,,7.0,0.0,Cluster,0.6556237,2.4999547,1.0,False,True,True
9044200204,1,1.5,6.046308,-33.0713654,,,15.958015,15.941197,,0.050015893,-20.832312,4.228022,19.994732,21.162355,22.778399,0.6037356,150.81949,10.469392,1.1922168,,7.0,0.0,Cluster,0.70001304,0.092125155,1.0,False,True,True
9044200205,1,1.0,6.715682,-33.0156822,,,16.388773,16.38407,,0.049319148,-20.388382,3.3226755,19.927586,21.227869,22.817652,0.5303114,141.79103,10.296387,1.1851465,,7.0,0.0,Cluster,0.70303655,-0.24921161,1.0,False,True,True
9044200215,1,1.0,6.0613227,-32.9227104,,,16.553427,16.56626,,0.048042085,-20.20425,1.7086443,18.53814,19.72722,21.338467,0.65316886,6.666622,10.146429,1.0981447,,7.0,0.0,Cluster,0.7343381,-0.8754356,1.0,False,True,True
9044200217,1,1.5,6.6899505,-32.9042931,,,15.407153,15.417432,,0.048222974,-21.354965,2.702035,18.03973,19.480036,21.049238,0.74900526,122.0202,10.759009,1.2783726,,7.0,0.0,Cluster,0.73624927,-0.78668815,1.0,False,True,True
9044200248,1,3.0,5.9910069,-33.1200714,,,16.324993,16.315475,,0.048213404,-20.449375,6.335351,20.929976,21.771833,23.50163,0.7154239,86.71734,10.126158,0.9296523,,8.0,0.0,Cluster,0.8327182,-0.79138315,1.0,False,True,True
9044200249,1,2.5,6.4592476,-32.7180824,,,16.83978,16.8064,,0.051641144,-19.965988,4.2765946,21.00273,22.009647,23.670412,0.55828446,111.51571,10.039982,1.0878735,,7.0,0.0,Cluster,0.83366096,0.88745874,1.0,False,True,True
9044200269,1,1.5,5.9601021,-33.0474854,,,16.631777,16.579256,,0.051459096,-20.19379,4.0690045,20.392515,21.644606,23.243042,0.65129405,100.652824,10.127597,1.0929909,,7.0,0.0,Cluster,0.87718165,0.7984332,1.0,False,True,True
9044200290,1,3.0,6.6986465,-32.7801552,,,15.806193,15.776121,,0.048291333,-20.988008,6.27207,21.61855,22.04554,24.23288,0.13698985,126.20019,10.325303,0.9078446,,8.0,0.0,Cluster,0.93837243,-0.7531539,1.0,False,True,True
9044200305,1,2.5,6.7954707,-32.8635597,,,14.791976,14.793033,,0.04790822,-21.975393,4.919923,19.432953,20.844627,22.417555,0.48218426,150.47475,10.809989,1.0328655,,8.0,0.0,Cluster,0.9784313,-0.9411218,1.0,False,True,True
9044200316,1,1.5,6.0529227,-33.3389664,,,15.243232,15.229095,,0.051752817,-21.54649,4.5280724,19.1149,20.331873,21.937225,0.70262796,142.20888,10.759214,1.2186155,,7.0,0.0,Cluster,0.9975218,0.94206184,1.0,False,True,True
9044200348,1,1.5,5.9999409,-33.3281136,,,15.810737,15.805855,,0.050842762,-20.96732,4.801986,20.36049,21.286436,22.977362,0.53879946,61.491486,10.552072,1.2033129,,2.0,0.0,Cluster,1.0579736,0.49691623,1.0,False,True,True
9044200383,1,1.0,6.5571094,-32.6170387,,,16.511522,16.49882,,0.04761567,-20.272535,2.1040628,19.28034,20.608871,22.19399,0.49554938,43.045555,10.266959,1.2024746,,2.0,0.0,Cluster,1.1306155,-1.0847032,1.0,False,True,True
9044200446,1,3.0,5.9921136,-33.4319801,,,15.943455,15.906481,,0.051273156,-20.853176,5.8342705,21.678738,22.546185,24.263205,0.0001006626,7.2073174,10.082475,0.690281,,2.0,0.0,Cluster,1.2543998,0.70748794,1.0,False,True,True
9062,1,1.0,184.85513709,0.63095782,184.85513709,0.63095782,14.856,14.756,0.02323,0.0217,-20.3,4.37,18.65,20.14,21.7,0.6783,166.16,10.23,1.1,0.087,8.0,0.0,GAMA,,,,False,True,True
9067,1,2.5,184.84232311,0.74546904,184.84232311,0.74546904,17.432,17.356,0.0349,0.03369,-18.59,5.77,21.94,22.95,24.61,0.6775,142.01999,9.44,0.98,0.081,8.0,0.0,GAMA,,,,False,True,True
9091700001,1,0.0,355.3979797,-29.2363434,,,13.879917,13.824505,,0.050563693,-22.99914,12.360648,20.869724,22.313044,23.881866,0.16794065,32.627983,11.412769,1.2936382,,7.0,0.0,Cluster,0.000241299,-0.2108205,1.0,False,True,True
9091700002,1,0.0,355.3943481,-29.2308426,,,17.43938,17.31855,,0.049731065,-19.504301,0.40387073,17.276407,18.501207,20.10497,0.21435072,28.817324,10.020076,1.2971249,,7.0,0.0,Cluster,0.01899725,-0.6934554,1.0,False,True,True
9091700005,1,0.0,355.4226379,-29.2494125,,,16.80284,16.735039,,0.051294893,-20.087889,2.0231457,19.922855,21.183601,22.780416,0.24417172,175.15779,10.116735,1.1319981,,7.0,0.0,Cluster,0.075917326,0.21270607,1.0,False,True,True
9091700014,1,1.5,355.45224,-29.2470131,,,16.73665,16.736828,,0.051405534,-20.086971,2.2701423,19.411097,20.839075,22.409853,0.59267396,79.77,10.203943,1.2244892,,7.0,0.0,Cluster,0.14621815,0.2767661,1.0,False,True,True
9091700022,1,1.5,355.4725647,-29.2592869,,,16.008055,15.99431,,0.052779254,-20.831392,4.075663,19.78917,20.97689,22.588434,0.6583256,146.36761,10.532259,1.2765417,,7.0,0.0,Cluster,0.20778048,1.071573,1.0,False,True,True
9091700024,1,0.0,355.4665833,-29.2754707,,,15.156508,15.240544,,0.052109815,-21.584578,3.6652756,19.62245,21.114956,22.67792,0.16842227,-5.4648423,10.831652,1.2761793,,7.0,0.0,Cluster,0.21528484,0.6843791,1.0,False,True,True
9091700025,1,0.0,355.3166504,-29.2239952,,,15.6515045,15.695154,,0.051332396,-21.126558,4.572705,20.3833,21.7662,23.343102,0.1314276,152.87979,10.783948,1.3448458,,7.0,0.0,Cluster,0.21646373,0.23442037,1.0,False,True,True
9091700033,1,1.5,355.3710327,-29.153698,,,15.495497,15.506824,,0.049282946,-21.315706,4.142779,18.820604,19.869984,21.517212,0.8043566,121.39299,10.723312,1.2690134,,7.0,0.0,Cluster,0.25843018,-0.9533667,1.0,False,True,True
9091700034,1,-9.0,355.3789978,-29.3207951,,,15.7270775,15.903241,,0.051231164,-20.920925,2.1382494,19.4886,20.917452,22.488117,0.20719507,136.09862,10.572678,1.2921942,,7.0,0.0,Cluster,0.25880042,0.17580488,1.0,False,True,True
9091700037,1,0.0,355.3740845,-29.3208065,,,13.684475,13.445877,,0.052212305,-23.379244,9.568701,20.191599,21.551369,23.13165,0.06047044,88.61763,11.595308,1.3293467,,7.0,0.0,Cluster,0.26160878,0.74367404,1.0,False,True,True
9091700038,1,1.0,355.4134216,-29.1494808,,,15.6831455,15.66878,,0.050867274,-21.154835,3.236611,19.24841,20.504005,22.101782,0.5680363,31.153952,10.627903,1.2263641,,7.0,0.0,Cluster,0.26447237,-0.034943942,1.0,False,True,True
9091700047,1,0.5,,,,,,,,,,,,,,,,,,,,,,,,,False,True,False
9091700061,1,0.5,355.4000854,-29.1180382,,,16.333635,16.237438,,0.049578972,-20.584522,,,,,,,10.382508,1.1951971,,7.0,0.0,Cluster,0.35593483,-0.7816574,1.0,False,True,True
9091700062,1,-9.0,355.3408203,-29.3437214,,,16.95783,16.88454,,0.052015245,-19.939043,2.5900087,20.614458,21.7748,23.392523,0.23200661,13.886036,10.099332,1.1732025,,7.0,0.0,Cluster,0.35598627,0.6296611,1.0,False,True,True
9091700063,1,1.5,355.4394531,-29.3490448,,,16.028814,15.988614,,0.051250603,-20.83572,10.333361,22.118937,23.796993,25.34249,0.35978302,34.80856,10.538511,1.2799425,,7.0,0.0,Cluster,0.35609183,0.18706077,1.0,False,True,True
9091700076,1,1.5,355.2700195,-29.3219681,,,16.601288,16.602777,,0.049955368,-20.219643,2.9736054,20.263948,21.27654,22.935415,0.44595563,15.594829,10.210029,1.1749401,,7.0,0.0,Cluster,0.42294508,-0.56339985,1.0,False,True,True
9091700089,2,3.0,355.4000854,-29.3889542,,,15.530044,15.639638,,0.04666895,-21.170603,5.4444695,20.790487,21.485775,23.310043,0.38892025,53.832676,10.271216,0.7638035,,8.0,0.0,Cluster,0.45907056,-2.4717033,1.0,True,True,True
9091700092,1,0.5,355.5508728,-29.3120193,,,16.129593,16.153492,,0.053432897,-20.671293,3.093465,20.185644,21.70776,23.267473,0.1727642,110.69941,10.360415,1.1489191,,7.0,0.0,Cluster,0.46145275,1.4493928,1.0,False,True,True
9091700107,2,0.5,355.2572021,-29.3527336,,,16.336971,16.224827,,0.052172136,-20.598898,2.9708195,20.094164,21.569435,23.134382,0.29520363,168.16678,10.355667,1.1669312,,7.0,0.0,Cluster,0.50869316,0.7204348,1.0,True,True,True
9091700111,1,1.0,,,,,,,,,,,,,,,,,,,,,,,,,False,True,False
9091700123,1,3.0,355.1948853,-29.1856537,,,16.97402,16.973059,,0.047179714,-19.83691,2.2228587,20.588364,21.33121,23.120184,0.14308071,146.60883,9.674864,0.7030831,,3.0,0.0,Cluster,0.5543697,-2.1747308,1.0,False,True,True
9091700135,2,2.0,355.6112671,-29.1701488,,,16.102493,16.378532,,0.050137203,-20.442726,7.380084,21.95314,23.288929,24.872894,0.35346374,12.722618,10.233887,1.096283,,7.0,0.0,Cluster,0.59460455,-0.45798856,1.0,True,True,True
9091700137,1,3.0,355.1748352,-29.2752552,,,15.285242,15.471716,,0.05144085,-21.352795,5.2335906,20.25645,21.122889,22.840395,0.5328684,86.424446,10.69759,1.2387457,,7.0,0.0,Cluster,0.59695023,0.29721212,1.0,False,True,True
9091700139,1,-9.0,355.1738281,-29.2762527,,,16.361473,17.229126,,0.052037872,-19.585752,0.7825759,17.021091,18.627659,20.179117,0.5666622,255.42949,9.813035,0.7821197,,3.0,0.0,Cluster,0.6001322,0.64275366,1.0,False,True,True
9091700141,1,-9.0,,,,,,,,,,,,,,,,,,,,,,,,,False,True,False
9091700143,1,0.5,355.5830994,-29.1169186,,,16.829548,16.816782,,0.04945938,-20.004885,1.9173241,19.696259,21.156239,22.72301,0.29463366,61.634205,10.140102,1.1818638,,7.0,0.0,Cluster,0.60471636,-0.8510212,1.0,False,True,True
9091700152,3,2.5,355.5560303,-29.3960094,,,16.272482,16.250078,,0.05222918,-20.568098,4.139082,21.27751,21.982992,23.799246,0.06332209,7.49212,10.189335,0.9723797,,8.0,0.0,Cluster,0.63457346,0.7534367,1.0,True,True,True
9091700200,1,3.0,,,,,,,,,,,,,,,,,,,,,,,,,False,True,False
9091700201,1,-9.0,355.6957092,-29.2478256,,,17.498556,17.467154,,0.052940845,-19.35058,3.4431057,21.816706,22.513958,24.33666,0.2926262,120.09935,9.544797,0.8246975,,3.0,0.0,Cluster,0.78245044,1.1649985,1.0,False,True,True
9091700202,1,3.0,355.5774231,-29.0275688,,,16.084873,16.044603,,0.05073235,-20.766441,5.341134,21.258224,21.98694,23.785864,0.283895,29.053762,10.069292,0.7326765,,8.0,0.0,Cluster,0.785456,-0.11310359,1.0,False,True,True
9091700225,1,1.5,,,,,,,,,,,,,,,,,,,,,,,,,False,True,False
9091700231,1,1.5,355.7219238,-29.285429,,,16.181967,16.164042,,0.05448054,-20.663181,3.661534,19.739592,20.962961,22.567013,0.6557767,59.803223,10.479834,1.2930508,,7.0,0.0,Cluster,0.86305743,2.054463,1.0,False,True,True
9091700242,1,1.0,355.5073242,-28.949995,,,16.838589,16.816065,,0.053417232,-20.009907,2.4432044,19.715946,21.149496,22.719557,0.55277723,126.58199,10.118936,1.1903096,,7.0,0.0,Cluster,0.9081277,1.440341,1.0,False,True,True
9091700393,1,2.0,355.865509,-29.0902901,,,15.037552,15.018508,,0.050709732,-21.802992,6.694529,20.425749,21.64182,23.247358,0.4418862,27.825247,10.800136,1.1155062,,2.0,0.0,Cluster,1.3045161,-0.12620816,1.0,False,True,True
9091700399,1,-9.0,355.0332336,-29.5376778,,,16.893103,16.722092,,0.051075302,-20.102083,3.4345107,20.120127,20.82166,22.640987,0.77128357,53.235004,10.084865,1.1348,,2.0,0.0,Cluster,1.3171973,0.08554529,1.0,False,True,True
9091700404,1,2.5,,,,,,,,,,,,,,,,,,,,,,,,,False,True,False
9091700444,1,3.0,354.8675842,-29.3329811,,,16.255024,16.2663,,0.050333384,-20.554491,4.3074975,20.203272,20.815292,22.716099,0.6927975,38.710598,10.354764,1.1584738,,2.0,0.0,Cluster,1.4213427,-0.34428117,1.0,False,True,True
9091700469,1,1.0,,,,,,,,,,,,,,,,,,,,,,,,,False,True,False
9091700725,1,1.0,354.8950195,-29.7079678,,,16.433798,16.436401,,0.049913514,-20.386698,2.2846029,19.33617,20.513678,22.127481,0.5550013,130.75467,10.400592,1.3109798,,2.0,0.0,Cluster,1.9356464,-0.5876653,1.0,False,True,True
9091700733,1,0.0,355.1382141,-29.8398895,,,15.161721,15.086401,,0.05111099,-21.737803,5.220716,20.464901,21.876368,23.449322,0.047507197,78.11226,10.904732,1.287036,,2.0,0.0,Cluster,1.938484,0.10621347,1.0,False,True,True
9091701020,1,0.0,,,,,,,,,,,,,,,,,,,,,,,,,False,True,False
9091701222,1,0.5,,,,,,,,,,,,,,,,,,,,,,,,,False,True,False
9091701454,1,1.5,,,,,,,,,,,,,,,,,,,,,,,,,False,True,False
9112,1,3.0,184.95087573,0.73306455,184.95087573,0.73306455,16.969,16.832,0.04289,0.04168,-19.56,4.57,21.57,22.38,24.13,0.5636,111.37,9.48,0.57,0.079,8.0,0.0,GAMA,,,,False,True,True
9115,1,3.0,184.9647231,0.81033712,184.9647231,0.81033712,17.71,17.731,0.03499,0.03378,-18.21,2.88,20.42,20.95,22.95,0.7863,111.01,9.06,0.71,0.074,8.0,0.0,GAMA,,,,False,True,True
91510,1,3.0,212.41791904,0.53854147,212.41791904,0.53854147,17.808,17.781,0.02615,0.02523,-17.52,2.0,21.02,21.99,23.66,0.2653,164.6,8.66,0.53,0.14,8.0,0.0,GAMA,,,,False,True,True
91545,1,0.0,212.61032387,0.44409159,212.61032387,0.44409159,16.316,16.193,0.05385,0.05294,-20.73,1.99,19.57,21.07,22.63,0.0863,40.009995,10.47,1.24,0.131,8.0,0.0,GAMA,,,,False,True,True
91568,1,0.5,212.75914697,0.60849331,212.75914697,0.60849331,15.914,15.84,0.02752,0.02663,-19.59,1.39,18.19,19.6,21.17,0.3219,3.0800018,9.95,1.12,0.136,8.0,0.0,GAMA,,,,False,True,True
91579,1,3.0,212.73265135,0.54077738,212.73265135,0.54077738,19.225,17.693,0.0413,0.0404,-18.6,3.3,23.19,23.92,25.72,0.4932,36.64,9.57,1.17,0.139,8.0,0.0,GAMA,,,,False,True,True
91589,1,2.0,212.79368649,0.57878925,212.79368649,0.57878925,14.431,14.452,0.05386,0.05295,-22.51,8.71,20.31,21.61,23.2,0.5606,149.75,11.06,1.09,0.135,8.0,0.0,GAMA,,,,False,True,True
91627,1,2.5,212.81851166,0.48943547,212.81851166,0.48943547,15.627,15.602,0.05416,0.05325,-21.35,6.71,21.43,22.03,23.94,0.2915,106.579994,10.31,0.72,0.139,8.0,0.0,GAMA,,,,False,True,True
9163,1,3.0,185.14066079,0.78805793,185.14066079,0.78805793,14.426,14.219,0.00926,0.00706,-18.78,10.38,21.5,22.13,24.01,0.4474,110.63,9.22,0.59,0.072,8.0,0.0,GAMA,,,,False,True,True
91686,1,1.0,212.95963829,0.51328615,212.95963829,0.51328615,15.686,15.645,0.05551,0.0546,-21.42,5.39,20.47,21.83,23.41,0.514,1.8699951,10.85,1.39,0.159,8.0,0.0,GAMA,,,,False,True,True
91689,1,0.0,212.97755087,0.49781354,212.97755087,0.49781354,16.894,16.789,0.05526,0.05435,-20.23,1.89,19.8,21.66,23.19,0.1831,139.31999,10.21,1.17,0.161,8.0,0.0,GAMA,,,,False,True,True
91691,1,0.5,212.98196487,0.46656441,212.98196487,0.46656441,16.297,16.307,0.05566,0.05475,-20.75,3.68,21.03,22.2,23.82,0.0964,104.240005,10.51,1.28,0.162,8.0,0.0,GAMA,,,,False,True,True
91692,1,2.5,213.02437134,0.48534947,213.02437134,0.48534947,15.993,15.999,0.05573,0.05482,-21.03,5.86,20.67,21.53,23.25,0.6761,117.759995,10.41,1.01,0.162,8.0,0.0,GAMA,,,,False,True,True
91697,1,0.5,213.09023813,0.53044097,213.09023813,0.53044097,15.649,15.621,0.05468,0.05377,-21.37,3.49,20.02,21.39,22.97,0.2489,24.39,10.64,1.15,0.149,8.0,0.0,GAMA,,,,False,True,True
91924,1,2.0,214.25699075,0.47706888,214.25699075,0.47706888,15.218,15.176,0.0534,0.05251,-21.74,9.2,21.6,22.78,24.39,0.2902,130.94,10.6,0.88,0.136,8.0,0.0,GAMA,,,,False,True,True
91926,1,1.5,214.26852429,0.50799683,214.26852429,0.50799683,15.712,15.726,0.0266,0.02573,-19.64,4.63,19.79,20.69,22.39,0.7045,78.599976,10.06,1.22,0.134,8.0,0.0,GAMA,,,,False,True,True
91959,2,1.5,214.34320724,0.47268116,214.34320724,0.47268116,16.924,16.896,0.05127,0.05039,-19.97,2.49,19.99,21.08,22.71,0.5855,132.69,10.12,1.19,0.134,8.0,0.0,GAMA,,,,True,True,True
91961,1,0.5,214.30354659333332,0.5332617933333333,214.30396326,0.53367846,15.854,15.674,0.07828,0.07737,-22.17,4.4,20.64,22.23,23.78,0.1489,34.22,11.03,1.29,0.132,8.0,5.0,GAMA,,,,False,True,True
91963,1,0.0,214.36652643,0.48277548,214.36652643,0.48277548,14.643,14.579,0.05087,0.04999,-22.26,7.36,20.68,21.78,23.41,0.2234,127.72,11.04,1.19,0.134,8.0,0.0,GAMA,,,,False,True,True
91988,1,0.5,214.45774912,0.51093625,214.45774912,0.51093625,14.619,14.506,0.053,0.05212,-22.43,6.27,19.93,21.51,23.06,0.3235,90.37,11.14,1.23,0.138,8.0,0.0,GAMA,,,,False,True,True
91989,1,0.0,214.45214764,0.51094782,214.45214764,0.51094782,16.93,16.636,0.05416,0.05328,-20.36,3.63,21.17,22.71,24.27,0.0945,85.47001,10.25,1.16,0.138,8.0,0.0,GAMA,,,,False,True,True
91996,1,1.5,214.47573372,0.46141521,214.47573372,0.46141521,16.494,16.492,0.05544,0.05455,-20.56,2.55,18.99,20.04,21.69,0.7676,98.42,10.46,1.34,0.139,8.0,0.0,GAMA,,,,False,True,True
91999,1,-9.0,214.50905483444444,0.4842299966666666,214.50836039,0.48381333,16.3,16.313,0.05369,0.05281,-20.65,1.26,18.05,19.21,20.83,0.5478,55.759995,10.43,1.24,0.139,8.0,5.0,GAMA,,,,False,True,True
9239900001,1,1.0,329.389487000559,-7.79423600335944,,,14.584622,14.509802,,0.056742683,-22.6137,15.137933,21.4947,23.265816,24.804724,0.36085832,156.20659,11.234813,1.2679596,,7.0,0.0,Cluster,0.040795956,-0.5009372,1.0,False,True,True
9239900002,1,3.0,329.391028079346,-7.78956597256187,,,16.829472,16.295782,,0.060747277,-20.821087,3.2989714,21.370134,22.093338,23.89626,0.15183996,318.66812,10.362628,1.0575743,,8.0,0.0,Cluster,0.046790678,1.142795,1.0,False,True,True
9239900003,1,1.0,329.377749933114,-7.79091415947504,,,16.037298,15.798998,,0.058407918,-21.325354,5.198673,20.69714,22.402597,23.946024,0.40186715,128.94824,10.698699,1.2439766,,7.0,0.0,Cluster,0.016965281,0.18333392,1.0,False,True,True
9239900004,1,1.0,329.372605288676,-7.79569219083991,,,14.490442,14.333322,,0.05795381,-22.791424,6.4054,19.81518,20.988186,22.603004,0.48087102,261.22162,11.322781,1.2899151,,7.0,0.0,Cluster,3.455747e-05,-0.0031599198,1.0,False,True,True
9239900009,1,1.0,329.365168140379,-7.80358236909933,,,15.825666,15.806366,,0.06149803,-21.321638,3.578014,19.450596,20.6164,22.23286,0.6626698,156.97638,10.73147,1.2974921,,7.0,0.0,Cluster,0.02627891,1.4502575,1.0,False,True,True
9239900010,1,0.0,329.363092558645,-7.789598639606,,,17.66963,17.41171,,0.05748007,-19.712572,0.6212389,18.163248,19.448778,21.041113,0.2628837,130.95102,10.085775,1.2828465,,7.0,0.0,Cluster,0.027323235,-0.19780016,1.0,False,True,True
9239900011,1,0.5,329.404134945221,-7.82058102403176,,,16.910059,16.884018,,0.057449665,-20.240412,1.9416399,20.295355,21.577759,23.170647,0.00014264119,237.10411,10.27848,1.2702217,,7.0,0.0,Cluster,0.0971071,-0.21029569,1.0,False,True,True
9239900012,1,0.0,329.35703918466,-7.79354827594187,,,17.165604,16.819214,,0.05829953,-20.306015,1.3563217,19.364414,20.790894,22.361866,0.05350202,211.09666,10.309187,1.2772732,,7.0,0.0,Cluster,0.037901446,0.13882862,1.0,False,True,True
9239900013,1,1.0,329.351213882966,-7.79901190727916,,,16.70024,16.66593,,0.058643512,-20.459654,1.2084928,18.556118,19.724337,21.340242,0.41465575,185.32977,10.396941,1.3031673,,7.0,0.0,Cluster,0.052205082,0.2800566,1.0,False,True,True
9239900017,1,1.0,329.356789162601,-7.82406445004633,,,17.38985,17.35638,,0.058941625,-19.768097,1.4771527,19.597683,20.911736,22.499208,0.44348246,285.99402,10.035274,1.2045555,,7.0,0.0,Cluster,0.07884158,0.4024149,1.0,False,True,True
9239900019,1,0.5,329.341204918133,-7.78765480273277,,,17.021063,17.027252,,0.05622671,-20.0937,2.1645179,20.54185,21.888208,23.470526,0.096995436,134.02162,10.110426,1.1328125,,7.0,0.0,Cluster,0.07817741,-0.7131764,1.0,False,True,True
9239900020,1,0.0,329.430173083506,-7.7625350736778,,,15.278668,15.188338,,0.057947118,-21.936268,6.749643,21.085428,22.705362,24.255638,0.0001,185.7994,10.939418,1.2497358,,7.0,0.0,Cluster,0.16042002,-0.005908227,1.0,False,True,True
9239900024,2,1.5,329.388780737874,-7.73907142106893,,,15.511124,15.460043,,0.05953278,-21.66559,4.788845,20.609077,21.94321,23.527437,0.17727563,202.3648,10.825679,1.2430096,,7.0,0.0,Cluster,0.1431006,0.6449484,1.0,True,True,True
9239900034,1,1.0,329.322117834303,-7.81377931037675,,,16.744678,16.697868,,0.058222704,-20.42606,1.3525442,18.693617,20.03122,21.6149,0.4758367,244.4376,10.308192,1.2121334,,7.0,0.0,Cluster,0.12938824,0.10727979,1.0,False,True,True
9239900035,1,1.5,329.359648387272,-7.86048864849026,,,15.882226,15.884446,,0.05601214,-21.23592,5.6914845,21.14042,22.470026,24.054974,0.30200416,230.57843,10.576375,1.1362553,,7.0,0.0,Cluster,0.160653,-0.80146915,1.0,False,True,True
9239900038,1,2.5,,,,,,,,,,,,,,,,,,,,,,,,,False,True,False
9239900039,1,0.5,329.341575522944,-7.8569151780723,,,16.485716,16.503927,,0.05610301,-20.61912,3.5642467,20.863527,22.297018,23.867086,0.21045542,277.7469,10.419075,1.2524376,,7.0,0.0,Cluster,0.16662405,-0.7640753,1.0,False,True,True
9239900040,1,-9.0,,,,,,,,,,,,,,,,,,,,,,,,,False,True,False
9239900054,1,0.0,329.470893051049,-7.73860138935871,,,15.241272,15.2767515,,0.055011798,-21.8452,4.262621,20.33799,21.49004,23.109715,0.07371035,189.53915,10.921854,1.2577591,,7.0,0.0,Cluster,0.27450755,-1.2133265,1.0,False,True,True
9239900056,1,0.0,329.292254862367,-7.81580342355178,,,16.728687,16.709047,,0.059305504,-20.416067,1.3200275,19.195074,20.493912,22.08394,0.10870802,183.27501,10.3373995,1.2485313,,7.0,0.0,Cluster,0.19971597,0.5517197,1.0,False,True,True
9239900060,1,2.0,329.488021161858,-7.76195720791775,,,16.550014,16.493284,,0.05951433,-20.629011,5.9714255,21.88083,22.966913,24.603514,0.3577866,240.47276,10.285889,1.0961952,,8.0,0.0,Cluster,0.28992152,0.6373804,1.0,False,True,True
9239900063,1,2.5,329.461038151689,-7.87050145954206,,,16.31192,16.314249,,0.05906536,-20.794558,4.2782683,20.784445,21.612408,23.349531,0.50606704,263.57782,10.191113,0.8620672,,8.0,0.0,Cluster,0.280143,0.45319116,1.0,False,True,True
9239900067,1,0.0,329.474699685109,-7.72846550578458,,,17.621902,17.594522,,0.057822153,-19.530533,0.836374,19.166544,20.752737,22.306057,0.0034116665,265.0755,10.087066,1.3716774,,7.0,0.0,Cluster,0.29535902,-0.05724325,1.0,False,True,True
9239900068,1,0.0,329.299152471478,-7.85345178437393,,,17.019955,16.954494,,0.058930017,-20.167835,1.429018,19.5617,20.82835,22.424076,0.18332402,141.07098,10.113734,1.1096762,,7.0,0.0,Cluster,0.2259721,0.3976511,1.0,False,True,True
9239900071,1,2.5,329.460547436564,-7.87834086788988,,,16.816267,16.788588,,0.058454655,-20.323086,4.8885055,20.918543,21.462894,23.444735,0.7473252,279.18958,10.039417,0.9135475,,8.0,0.0,Cluster,0.29202345,0.20252356,1.0,False,True,True
9239900082,1,2.0,329.426597996687,-7.90547137745278,,,16.282969,16.253029,,0.061703227,-20.874752,7.412628,21.720703,23.485983,25.025269,0.35655946,221.42719,10.541163,1.281127,,7.0,0.0,Cluster,0.2969683,1.5342554,1.0,False,True,True
9239900088,1,1.0,329.475273169864,-7.70200638834774,,,16.264107,16.236866,,0.060103294,-20.889965,3.2173662,20.128857,21.327747,22.936878,0.45277697,273.36517,10.568703,1.3046427,,7.0,0.0,Cluster,0.33630955,0.87888455,1.0,False,True,True
9239900100,1,1.0,329.255645521543,-7.78146510968755,,,15.816373,15.6977825,,0.060243297,-21.428349,2.5596468,19.055155,20.361692,21.950417,0.4708726,154.64493,10.733721,1.2459593,,7.0,0.0,Cluster,0.2839696,0.9362731,1.0,False,True,True
9239900105,1,1.5,329.320142776299,-7.9140293901287,,,15.457192,15.459573,,0.057966277,-21.665302,4.34686,20.007524,21.29272,22.885115,0.450393,131.54974,10.867759,1.2885237,,7.0,0.0,Cluster,0.31433827,0.00196174,1.0,False,True,True
9239900106,1,-9.0,329.255102949515,-7.75642291649133,,,16.816515,16.802805,,0.055862837,-20.310778,0.60693264,17.723495,19.21153,20.775002,0.010298278,201.69469,10.005441,0.9008866,,8.0,0.0,Cluster,0.2988404,-0.86291474,1.0,False,True,True
9239900107,1,1.5,329.294377277286,-7.89568129005735,,,16.550913,16.469173,,0.05808299,-20.654278,3.5449991,19.586636,20.849852,22.446209,0.7640895,297.8733,10.378335,1.1882858,,7.0,0.0,Cluster,0.30767772,0.049900733,1.0,False,True,True
9239900108,1,0.0,329.25715895302,-7.83959550624294,,,14.152835,14.161735,,0.0621466,-22.9663,11.590633,20.920149,22.244469,23.830263,0.3178725,284.9312,11.368175,1.2717094,,7.0,0.0,Cluster,0.29797456,1.7156955,1.0,False,True,True
9239900112,1,1.5,329.346761585715,-7.93032427419292,,,16.794147,16.775097,,0.057622697,-20.348038,4.3939548,21.31575,22.441147,24.067348,0.4412704,310.999,10.2539625,1.1860943,,7.0,0.0,Cluster,0.33329594,-0.13919137,1.0,False,True,True
9239900114,1,1.0,329.321152268344,-7.92026221768919,,,17.324772,17.263443,,0.055417925,-19.857458,1.0490756,18.5134,19.973839,21.540552,0.55357337,224.66158,10.037045,1.1562824,,7.0,0.0,Cluster,0.32734367,-1.0460701,1.0,False,True,True
9239900117,1,1.5,329.380351122316,-7.93888062345343,,,17.40503,17.209839,,0.054343157,-19.908897,2.8524792,20.923458,22.043259,23.670881,0.38519812,259.93423,10.104115,1.1812325,,7.0,0.0,Cluster,0.34872916,-1.4888339,1.0,False,True,True
9239900118,1,2.0,329.244445794481,-7.81365530982812,,,17.098429,16.468328,,0.06125328,-20.637032,8.643104,22.49516,23.446556,25.127321,0.40183395,229.60725,10.702501,1.3638325,,7.0,0.0,Cluster,0.31190282,1.3500464,1.0,False,True,True
9239900119,1,2.0,329.243827271047,-7.8119855679718,,,15.532653,15.382592,,0.061435614,-21.745275,4.088512,20.442432,21.341425,23.04387,0.12783112,214.25368,10.905558,1.3001242,,7.0,0.0,Cluster,0.31283888,1.4247037,1.0,False,True,True
9239900120,1,2.0,329.50236906007,-7.8899514496165,,,16.090315,16.119005,,0.05787838,-21.000238,3.2398136,20.426908,21.796036,23.374931,0.1467406,104.59754,10.43428,1.0770941,,8.0,0.0,Cluster,0.38764122,-0.034145184,1.0,False,True,True
9239900122,1,0.0,329.242756677482,-7.81966022473127,,,16.481194,16.176292,,0.061438493,-20.94944,7.1960235,21.804281,23.425114,24.975313,0.10937134,227.42487,10.507512,1.2027054,,7.0,0.0,Cluster,0.31827903,1.4258826,1.0,False,True,True
9239900125,1,1.0,329.541859154732,-7.80036394851175,,,15.718626,15.713576,,0.056750707,-21.409988,2.8846934,19.075699,20.215422,21.838064,0.5954101,121.285835,10.745462,1.2619706,,7.0,0.0,Cluster,0.40793863,-0.49763733,1.0,False,True,True
9239900126,1,0.0,,,,,,,,,,,,,,,,,,,,,,,,,False,True,False
9239900127,1,1.0,329.249398331515,-7.85757136356011,,,16.689196,16.655725,,0.06521076,-20.473862,3.833837,20.805996,22.344055,23.902098,0.40087128,225.31781,10.322269,1.2240067,,7.0,0.0,Cluster,0.33284315,2.967546,0.0,False,True,True
9239900131,1,1.5,329.255905341167,-7.87999321121069,,,17.078995,17.054255,,0.05614214,-20.066906,2.822187,19.918411,20.96961,22.61629,0.7278288,189.66113,10.11652,1.1507263,,7.0,0.0,Cluster,0.34799865,-0.7479739,1.0,False,True,True
9239900135,1,1.5,329.241271827424,-7.86362776975465,,,16.94661,16.8552,,0.060933825,-20.270477,2.2253478,20.244123,21.80084,23.356997,0.19984855,246.25336,10.244543,1.2125645,,7.0,0.0,Cluster,0.35699013,1.2192138,1.0,False,True,True
9239900136,1,1.0,329.437725588258,-7.95051464680185,,,15.816408,15.781768,,0.056434892,-21.341728,2.3074856,19.046883,20.17413,21.799864,0.44532442,238.24442,10.736787,1.2832032,,7.0,0.0,Cluster,0.40788606,-0.62753123,1.0,False,True,True
9239900138,1,0.0,329.552857233963,-7.82960304766708,,,17.259804,17.231644,,0.057403702,-19.891064,0.6493627,18.088867,19.500988,21.073854,0.2221083,190.14317,10.090189,1.1998959,,7.0,0.0,Cluster,0.44202653,-0.22918512,1.0,False,True,True
9239900141,1,3.0,329.240895745924,-7.71453331456971,,,16.967527,16.963507,,0.059516173,-20.143965,2.5088117,20.541737,21.200275,23.055714,0.3840065,193.12477,9.865716,0.7946816,,3.0,0.0,Cluster,0.37378109,0.63813674,1.0,False,True,True
9239900142,1,3.0,329.44511379788,-7.95237364376888,,,17.87499,17.85102,,0.06247476,-19.263338,1.411987,20.615208,21.583075,23.257612,0.03529051,135.23935,9.585586,0.9032021,,3.0,0.0,Cluster,0.41916093,1.8499386,1.0,False,True,True
9239900145,1,1.0,329.255114947833,-7.90424649271594,,,15.474828,15.440718,,0.05668024,-21.681297,7.3972764,21.034342,22.558132,24.117666,0.39947492,188.73065,10.777259,1.1704416,,7.0,0.0,Cluster,0.38708833,-0.5266171,1.0,False,True,True
9239900146,1,3.0,329.291019925545,-7.65117341638445,,,17.144121,16.988821,,0.06202688,-20.117949,4.1836643,21.47269,22.323978,24.048964,0.5101024,259.40964,9.870541,0.8074646,,3.0,1.0,Cluster,0.40273893,1.6667105,1.0,False,True,True
9239900147,1,0.0,329.527047675053,-7.90657802800676,,,16.9175,16.8316,,0.06137636,-20.293346,3.393292,21.287601,22.860067,24.414688,0.08753381,175.10081,10.234565,1.1865557,,7.0,0.0,Cluster,0.45950025,1.4004432,1.0,False,True,True
9239900150,1,1.0,329.208437647185,-7.81182116282799,,,16.452318,16.445889,,0.061650444,-20.681116,3.0889847,20.211079,21.384357,22.999113,0.482382,181.44498,10.404417,1.2180977,,7.0,0.0,Cluster,0.3975289,1.5126498,1.0,False,True,True
9239900152,1,0.5,329.347553598832,-7.97055959072109,,,15.027245,15.015275,,0.05630308,-22.108234,5.3917603,20.002775,21.474098,23.03951,0.39201707,283.68472,11.048241,1.2918434,,7.0,0.0,Cluster,0.4295394,-0.6817566,1.0,False,True,True
9239900155,1,3.0,329.206297485712,-7.7590170073734,,,16.45854,16.46332,,0.055442337,-20.648052,5.7654104,20.34702,21.035084,22.865189,0.8443748,218.05078,10.295054,1.0259533,,8.0,0.0,Cluster,0.4105758,-1.0360185,1.0,False,True,True
9239900161,1,1.5,,,,,,,,,,,,,,,,,,,,,,,,,False,True,False
9239900167,1,1.0,329.531286424566,-7.92927961116389,,,15.040088,15.025067,,0.05937978,-22.100657,7.225595,20.638876,21.96952,23.5543,0.43403286,230.45401,11.028429,1.2720594,,7.0,0.0,Cluster,0.5016578,0.58218944,1.0,False,True,True
9239900169,1,1.5,329.222871492428,-7.90153250788314,,,16.148077,16.159037,,0.06215734,-20.96779,2.9916008,18.840004,19.914614,21.554438,0.80121964,264.10126,10.506912,1.2021734,,7.0,0.0,Cluster,0.44318426,1.7200897,1.0,False,True,True
9239900175,1,1.0,329.589782708134,-7.76793486665704,,,17.190624,17.199814,,0.05823429,-19.92312,2.075652,20.101824,21.591562,23.154839,0.43958667,164.67918,10.085279,1.1813354,,7.0,0.0,Cluster,0.527608,0.112037584,1.0,False,True,True
9239900178,1,1.5,329.388774861627,-7.59081072983671,,,16.204506,16.158497,,0.056487348,-20.965277,3.5842981,19.94368,20.9252,22.594767,0.6304461,158.3952,10.633169,1.335887,,7.0,0.0,Cluster,0.4997852,-0.60595363,1.0,False,True,True
9239900180,1,3.0,329.572596036436,-7.89175911736416,,,17.443083,17.456102,,0.06124736,-19.652538,2.9272928,21.435902,22.718702,24.31152,0.26711202,177.68619,9.679419,0.8133488,,3.0,0.0,Cluster,0.5354472,1.3476225,1.0,False,True,True
9239900182,1,2.0,329.210172990656,-7.68647397809488,,,15.915459,15.9318695,,0.05535007,-21.188406,4.614876,20.067453,21.13021,22.773457,0.6779868,153.19511,10.597587,1.1752452,,7.0,0.0,Cluster,0.47307214,-1.074011,1.0,False,True,True
9239900185,1,1.5,329.318323278378,-7.9923551881004,,,17.104002,16.798742,,0.0569835,-20.32533,3.3552365,20.989305,22.30998,23.896366,0.39743352,228.95555,10.534463,1.4723511,,7.0,1.0,Cluster,0.49584234,-0.40191483,1.0,False,True,True
9239900196,1,0.0,329.572215467198,-7.67438246222582,,,17.05238,17.06452,,0.058814254,-20.055908,1.9791816,20.312262,21.362867,23.009726,0.229792,253.22672,10.159445,1.1770802,,7.0,0.0,Cluster,0.5642646,0.3501404,1.0,False,True,True
9239900202,2,0.0,329.60606175712,-7.73343082042665,,,17.005974,16.971643,,0.057435162,-20.150972,3.562646,21.423666,22.829838,24.403505,0.12464093,213.6798,10.167504,1.1745129,,7.0,0.0,Cluster,0.58254325,-0.21625577,1.0,True,True,True
9239900205,1,0.0,329.329950094183,-8.01277282941719,,,15.258443,15.289593,,0.05424414,-21.831692,9.597281,21.76782,23.280851,24.84154,0.116503194,144.56192,10.894853,1.2363262,,7.0,0.0,Cluster,0.53784823,-1.5296482,1.0,False,True,True
9239900208,2,2.5,329.464867463941,-7.57880265309726,,,17.575657,17.570646,,0.060036227,-19.55645,3.127889,20.53539,21.251638,23.059706,0.7733541,183.8189,10.0424,1.3206462,,7.0,0.0,Cluster,0.57241076,0.85139084,1.0,True,True,True
9239900211,1,1.0,329.363741647291,-7.56604528174281,,,15.718528,15.723778,,0.059067633,-21.401505,4.658944,20.120596,21.51272,23.088322,0.5405512,160.93388,10.733545,1.2548227,,7.0,0.0,Cluster,0.558905,0.45412362,1.0,False,True,True
9239900212,1,2.0,329.618872820614,-7.83071415211974,,,16.874996,15.528866,,0.060004614,-21.594889,6.0523458,21.193373,22.116005,23.808302,0.21659437,241.49898,10.8189535,1.2397156,,7.0,1.0,Cluster,0.59940445,0.83843064,1.0,False,True,True
9239900222,1,3.0,329.345882602571,-8.02868787299655,,,16.79361,16.815279,,0.052733436,-20.294353,2.8923082,20.987646,21.73424,23.520647,0.16606236,238.33684,10.044157,0.915329,,8.0,0.0,Cluster,0.5702889,-2.1528165,1.0,False,True,True
9239900236,1,1.5,329.533289895817,-7.99754594410749,,,16.74176,16.7433,,0.058950827,-20.380003,3.5672603,20.905878,21.628986,23.43198,0.46686712,130.45134,10.290834,1.201992,,7.0,0.0,Cluster,0.62512994,0.40619102,1.0,False,True,True
9239900237,1,2.5,329.177119891963,-7.66211186550006,,,16.206966,16.225445,,0.055470757,-20.887148,2.917649,20.358007,21.162722,22.912764,0.24111864,261.09344,10.2876625,0.9411211,,8.0,0.0,Cluster,0.5722771,-1.0243168,1.0,False,True,True
9239900242,2,0.0,329.596589794402,-7.6521714625835,,,16.566511,16.57368,,0.05660791,-20.549429,2.2469156,20.101501,21.552046,23.11997,0.095453694,238.54588,10.382079,1.2380371,,7.0,0.0,Cluster,0.64277196,-0.5563649,1.0,True,True,True
9239900246,1,2.0,329.139681923926,-7.73439660479218,,,16.526686,16.477215,,0.06038169,-20.647284,4.1981792,20.833097,21.789694,23.468464,0.51323766,140.91333,10.389662,1.199089,,7.0,0.0,Cluster,0.5807617,0.992993,1.0,False,True,True
9239900248,1,1.5,329.143551422381,-7.87154884891543,,,16.2488,16.24073,,0.06311853,-20.886139,3.8444004,19.40053,20.568483,22.18445,0.80773926,213.63812,10.485644,1.2084436,,7.0,0.0,Cluster,0.5819071,2.1131692,1.0,False,True,True
9239900256,1,0.0,329.155395169942,-7.67864596002464,,,14.8202715,14.743901,,0.05535849,-22.37485,5.8124986,20.431366,21.696413,23.292433,0.07718783,143.10909,11.023584,1.1163769,,8.0,0.0,Cluster,0.59586376,-1.0705426,1.0,False,True,True
9239900268,2,2.0,329.369347148653,-7.53208607835131,,,15.839265,15.823875,,0.05762612,-21.299255,3.9501305,20.48563,21.90413,23.47615,0.18224226,153.6522,10.644997,1.1955881,,7.0,0.0,Cluster,0.64113176,-0.13778466,1.0,True,True,True
9239900272,1,3.0,329.12379289992,-7.7671284172881,,,17.654806,17.388147,,0.05616115,-19.720499,3.8243775,21.062565,21.761112,23.582788,0.68171036,256.6348,9.763312,0.8608971,,3.0,0.0,Cluster,0.60357916,-0.7401518,1.0,False,True,True
9239900277,1,0.0,329.120649567811,-7.75449432937433,,,15.524825,15.520625,,0.056219228,-21.599115,4.069179,20.515501,21.654135,23.277044,0.0030272796,233.60881,10.723983,1.1316442,,8.0,0.0,Cluster,0.61536294,-0.7162557,1.0,False,True,True
9239900289,2,1.5,329.661892556942,-7.84505525173515,,,15.290875,15.291525,,0.0585979,-21.833172,7.156829,19.819513,20.753317,22.441034,0.81818163,138.98923,10.885976,1.2326107,,7.0,0.0,Cluster,0.70722556,0.26133224,1.0,True,True,True
9239900293,1,1.5,329.207867625604,-7.58443299431009,,,17.58936,17.60371,,0.0563113,-19.519688,2.3069868,19.74034,20.624567,22.333681,0.80149436,259.2745,10.043561,1.3155937,,7.0,0.0,Cluster,0.64933085,-0.67837566,1.0,False,True,True
9239900300,1,1.0,329.14828866805,-7.9380675641116,,,15.701923,15.688124,,0.05863254,-21.43748,4.139066,19.971516,21.08957,22.71764,0.51373905,227.54324,10.780939,1.2975063,,7.0,0.0,Cluster,0.6418408,0.275553,1.0,False,True,True
9239900315,1,1.5,329.126495183752,-7.67199047751898,,,16.73019,16.72263,,0.05510813,-20.386097,1.457665,18.97681,20.393028,21.96535,0.39838797,150.10957,10.048798,0.878685,,8.0,0.0,Cluster,0.6650566,-1.1736479,1.0,False,True,True
9239900327,1,3.0,329.094218738066,-7.80496363238254,,,17.237114,16.929394,,0.06119595,-20.175308,3.2032518,20.924269,21.922127,23.585968,0.49790144,243.44188,9.941136,0.8357563,,3.0,0.0,Cluster,0.67117834,1.3265705,1.0,False,True,True
9239900337,1,2.0,329.161662920509,-7.59213335951496,,,17.423056,17.300245,,0.055984363,-19.822596,3.3229804,20.40302,21.23572,22.970314,0.7673341,183.31905,10.150816,1.2955303,,7.0,0.0,Cluster,0.7096251,-0.81289965,1.0,False,True,True
9239900342,1,-9.0,329.180758120168,-8.0188928499145,,,16.9539,16.922209,,0.059890687,-20.203428,4.687433,21.794676,22.674955,24.385897,0.3823948,153.00531,10.197847,1.2009258,,7.0,0.0,Cluster,0.71291655,0.7917213,1.0,False,True,True
9239900345,1,0.5,329.466406326752,-7.49581308756439,,,16.746239,16.732199,,0.05597259,-20.39028,1.495454,19.362335,20.776169,22.348806,0.20167936,182.58675,10.281953,1.2018929,,7.0,0.0,Cluster,0.7635304,-0.81774426,1.0,False,True,True
9239900346,1,-9.0,329.688707729247,-7.87915664484044,,,17.549519,17.4663,,0.055293713,-19.642666,2.4970806,20.993105,22.274446,23.867521,0.24259442,117.2864,9.684829,0.8200493,,3.0,0.0,Cluster,0.7881261,-1.0972179,1.0,False,True,True
9239900354,1,1.0,329.075637234865,-7.82395442824571,,,16.568151,16.561852,,0.059637625,-20.56309,4.151529,21.01793,22.647812,24.19723,0.32371438,115.92226,10.372797,1.2227974,,7.0,0.0,Cluster,0.71884847,0.6879489,1.0,False,True,True
9239900357,1,3.0,329.091674507308,-7.90804797574193,,,16.986671,16.907352,,0.056212336,-20.199844,4.4524794,21.538216,22.116903,24.055096,0.4640958,246.46532,9.886854,0.7885818,,3.0,0.0,Cluster,0.72992086,-0.7190913,1.0,False,True,True
9239900362,1,1.0,329.179720143518,-7.54997587603069,,,15.338451,15.260322,,0.056284327,-21.862549,6.8145256,20.836832,22.451967,24.002665,0.2951045,220.19223,10.893538,1.2253847,,7.0,0.0,Cluster,0.75713485,-0.68947184,1.0,False,True,True
9239900366,1,3.0,329.40773601338,-7.47260258627776,,,16.501429,16.44987,,0.059346527,-20.658293,5.869918,21.900467,22.730717,24.466614,0.301588,250.84521,10.088965,0.8149128,,8.0,0.0,Cluster,0.7902918,0.5685488,1.0,False,True,True
9239900370,1,2.5,329.396864881538,-7.46726950831121,,,17.365993,17.282864,,0.05683284,-19.836378,3.3889632,21.38,22.14684,23.919867,0.52447945,266.4,10.010496,1.1177311,,7.0,0.0,Cluster,0.8008508,-0.46386322,1.0,False,True,True
9239900385,1,1.5,329.113170954451,-7.98274018090326,,,16.53355,16.53503,,0.05772189,-20.5886,3.799979,20.653242,21.513706,23.234125,0.525107,140.49727,10.3940935,1.2313309,,7.0,0.0,Cluster,0.7730181,-0.09843502,1.0,False,True,True
9239900386,1,1.5,329.079215871694,-7.92100848692082,,,16.039326,16.037365,,0.056371953,-21.086168,2.3598976,19.263893,20.600039,22.183949,0.42251718,270.46066,10.64753,1.2978611,,7.0,0.0,Cluster,0.769753,-0.6534224,1.0,False,True,True
9239900390,1,1.0,329.390540555286,-7.45815352681466,,,14.954308,14.916637,,0.057868656,-22.207993,5.372238,19.597164,20.843704,22.4432,0.58432096,165.65462,11.083967,1.2839336,,7.0,0.0,Cluster,0.82202125,-0.038139395,1.0,False,True,True
9239900395,1,2.0,329.190752414502,-7.51962156314747,,,17.294777,17.259148,,0.05638018,-19.861822,1.435824,19.817854,21.032099,22.638012,0.1837561,250.06114,10.033504,1.1465588,,7.0,0.0,Cluster,0.80182654,-0.6500386,1.0,False,True,True
9239900398,1,1.0,329.632360514334,-8.0371943780372,,,16.819519,16.811329,,0.057292,-20.311419,1.7414192,19.140196,20.51656,22.0944,0.54470396,259.33218,10.226522,1.172247,,7.0,0.0,Cluster,0.8581426,-0.27509543,1.0,False,True,True
9239900403,1,0.5,329.527619742581,-8.11178628802844,,,15.758631,15.71762,,0.057622973,-21.405825,3.1031916,19.928259,21.352295,22.923586,0.15259579,317.86157,10.710334,1.220068,,7.0,0.0,Cluster,0.85459167,-0.13907811,1.0,False,True,True
9239900408,1,2.0,329.499386921475,-7.46376772088545,,,15.203851,15.201541,,0.0580147,-21.917248,6.444812,21.138716,21.773857,23.65121,0.20333742,200.33232,10.801589,1.073906,,8.0,0.0,Cluster,0.86313,0.02185102,1.0,False,True,True
9239900416,1,3.0,329.547716082474,-7.47432236060514,,,16.15027,16.09188,,0.056364533,-21.0089,4.5663614,21.293419,21.942522,23.806591,0.19840015,285.89957,10.063494,0.5932302,,8.0,0.0,Cluster,0.8882405,-0.6564752,1.0,False,True,True
9239900446,2,2.0,329.036046874875,-7.66906880213394,,,16.75018,16.71179,,0.057829216,-20.40957,2.244501,19.748878,20.794506,22.442875,0.515513,185.56921,10.247005,1.1386946,,7.0,0.0,Cluster,0.86758476,-0.054341577,1.0,True,True,True
9239900457,1,1.0,329.547280280346,-7.44835358536258,,,15.888016,15.827406,,0.058119517,-21.2966,3.028027,19.60224,21.154224,22.710854,0.38260284,149.73326,10.679064,1.2345152,,7.0,0.0,Cluster,0.9438246,0.064902574,1.0,False,True,True
9239900465,1,2.0,329.773996342612,-7.84060618457899,,,17.081205,16.867424,,0.051615965,-20.248901,7.5783753,22.033724,22.873922,24.60458,0.6528103,237.31688,10.198711,1.1323109,,7.0,0.0,Cluster,0.9732144,-2.6143463,0.0,False,True,True
9239900478,1,1.5,329.761269613325,-7.65835691484955,,,16.004234,15.991782,,0.056831967,-21.131327,4.2637887,19.893225,20.765352,22.480131,0.6971376,283.90073,10.605478,1.2270842,,7.0,0.0,Cluster,0.994375,-0.4642217,1.0,False,True,True
9239900492,1,0.0,329.429878674276,-7.39651026830329,,,15.155128,15.099728,,0.056696538,-22.022566,4.3431907,19.996487,21.465973,23.031605,0.16692784,146.3799,10.957694,1.2134581,,7.0,0.0,Cluster,0.980564,-0.5199143,1.0,False,True,True
9239900501,1,1.5,329.79963966248,-7.77056852950907,,,17.085955,17.073883,,0.052542042,-20.04334,4.085471,21.494377,22.721441,24.32475,0.4350487,148.67444,10.0537405,1.0801964,,2.0,0.0,Cluster,1.030748,-2.2318301,0.0,False,True,True
9239900536,1,3.0,329.145072107864,-8.15462578831879,,,17.017172,17.006872,,0.058029763,-20.107407,,,,,,,10.031836,1.0017185,,2.0,0.0,Cluster,1.0306946,0.028038882,1.0,False,True,True
9239900540,1,0.0,329.287957995343,-7.36826644589983,,,16.564611,16.511112,,0.058823675,-20.61282,3.6297395,21.178497,22.607565,24.178204,0.0047837035,265.193,10.380283,1.2056828,,2.0,0.0,Cluster,1.0593354,0.35400718,1.0,False,True,True
9239900555,1,0.5,329.838112663754,-7.84687153643082,,,14.965013,15.0791025,,0.05223346,-22.040169,37.80177,23.74649,25.667181,27.197737,0.28997496,144.73802,10.922083,1.17412,,2.0,0.0,Cluster,1.1284221,-2.3592525,0.0,False,True,True
9239900565,1,3.0,329.758698095658,-7.52647858673602,,,16.566584,16.503904,,0.059142336,-20.603409,3.9478006,21.378714,22.069248,23.89734,0.15845476,232.78143,10.063755,0.8061428,,2.0,0.0,Cluster,1.1377985,0.484776,1.0,False,True,True
9239900567,1,0.5,329.687551215023,-7.44931211502089,,,17.257643,17.253904,,0.05720968,-19.867975,2.889075,20.90892,22.145899,23.747246,0.42543086,190.45013,10.037008,1.1523609,,2.0,0.0,Cluster,1.1339779,-0.30893147,1.0,False,True,True
9239900579,1,-9.0,329.854908811141,-7.83911709363365,,,18.926964,18.373875,,0.051839624,-18.745415,1.8026882,21.772005,23.427189,24.974499,0.008260445,282.97885,10.2607155,1.8021908,,2.0,0.0,Cluster,1.1668046,-2.5219336,0.0,False,True,True
9239900588,1,1.0,329.862693162626,-7.78305688429267,,,15.7414055,15.763696,,0.051208876,-21.35452,3.5430274,20.165575,21.220303,22.865925,0.32096717,160.72107,10.670684,1.188405,,2.0,0.0,Cluster,1.1812496,-2.7825994,0.0,False,True,True
9239900615,1,3.0,329.609503595323,-7.36501895972805,,,15.413821,15.389051,,0.060726907,-21.719616,8.336479,21.814133,22.603085,24.362385,0.16693607,240.28728,10.537164,0.8409939,,2.0,0.0,Cluster,1.1929494,1.1344496,1.0,False,True,True
9239900630,1,2.5,329.793129349618,-8.07534384590724,,,15.094599,15.133299,,0.05261392,-21.97853,6.8214936,20.946342,21.460047,23.486092,0.4060824,127.59446,10.728128,0.9421367,,2.0,0.0,Cluster,1.2200254,-2.2021544,0.0,False,True,True
9239900641,1,1.5,329.102450918741,-8.19994689237761,,,15.596199,15.5863495,,0.060647905,-21.541012,6.1673927,20.088387,21.130674,22.780067,0.753464,134.90503,10.889932,1.3620272,,2.0,0.0,Cluster,1.1789439,1.1020818,1.0,False,True,True
9239900643,1,2.5,329.874641701835,-7.67229678335655,,,17.32757,17.17323,,0.052714664,-19.945528,5.3223906,21.028637,21.578356,23.55299,0.8204937,222.41255,10.193804,1.2597026,,2.0,0.0,Cluster,1.2464635,-2.1605654,0.0,False,True,True
9239900645,1,0.0,329.747594679333,-7.44552606724173,,,16.836292,16.627422,,0.060609546,-20.497507,20.667688,24.165985,26.176182,27.702787,0.22818242,213.7494,10.340309,1.2115535,,2.0,0.0,Cluster,1.2418549,1.0863649,1.0,False,True,True
9239900659,1,2.5,329.035006968667,-8.15720437310591,,,16.939394,16.908953,,0.055636305,-20.204475,2.7940018,20.846474,21.556778,23.369331,0.30343854,138.14973,10.035913,0.9662265,,2.0,0.0,Cluster,1.1975558,-0.95616055,1.0,False,True,True
9239900663,1,2.0,329.851710950407,-7.57852424265885,,,15.823829,15.7738285,,0.0580355,-21.337166,6.760973,21.479635,22.788692,24.376995,0.24247274,297.67285,10.4245205,0.8904972,,2.0,0.0,Cluster,1.2697225,0.030395266,1.0,False,True,True
9239900778,1,3.0,329.272040012737,-7.23643222021252,,,16.20821,16.19863,,0.060228486,-20.906607,4.948763,21.281662,22.160776,23.872261,0.31430712,146.31639,10.175201,0.7846241,,2.0,0.0,Cluster,1.3815564,0.930202,1.0,False,True,True
9239900803,1,2.5,329.844432989458,-7.42508786007044,,,16.849117,16.852896,,0.052421663,-20.256472,1.7068491,19.627808,20.622156,22.287209,0.35010728,121.974,10.015266,0.9009914,,2.0,0.0,Cluster,1.4511584,-2.281534,0.0,False,True,True
9239900821,1,1.5,329.918691436592,-7.51715420117505,,,16.84474,16.82788,,0.05751972,-20.295876,1.5708133,18.486605,19.768003,21.361069,0.712204,145.22499,10.266303,1.2252426,,2.0,0.0,Cluster,1.4802803,-0.1815069,1.0,False,True,True
9239900827,1,2.5,329.017016500513,-7.32724732326752,,,16.015495,16.017696,,0.057960685,-21.0842,4.704186,21.002853,22.119356,23.747826,0.28199196,201.67644,10.171366,0.6839437,,2.0,0.0,Cluster,1.4257761,-0.00033511873,1.0,False,True,True
9239900852,1,2.5,329.92765633984,-7.50794083174115,,,16.113882,16.114073,,0.063597195,-21.00346,4.893631,21.022509,21.545956,23.557358,0.44132233,252.49632,10.383068,1.0128641,,2.0,0.0,Cluster,1.5097928,2.3087845,0.0,False,True,True
9239900947,1,3.0,330.017682901677,-7.59524759822169,,,16.853806,16.719875,,0.058537416,-20.386858,9.240397,21.584093,21.993828,24.221735,0.8599234,155.85054,10.003326,0.8252601,,2.0,0.0,Cluster,1.6292838,0.2365018,1.0,False,True,True
9239900970,1,0.0,329.929424527947,-7.39347075585772,,,17.889595,17.195274,,0.064452305,-19.932484,4.009982,21.881395,23.680819,25.217953,0.0005435155,203.6429,10.146932,1.2493821,,2.0,0.0,Cluster,1.6608758,2.658022,0.0,False,True,True
9239901001,1,0.0,329.939339494991,-7.38674118621967,,,15.211802,15.063062,,0.06434913,-22.067398,5.157094,20.334497,21.800076,23.366173,0.14299892,229.80165,11.040687,1.3129206,,2.0,0.0,Cluster,1.6898398,2.6158988,0.0,False,True,True
9239901020,1,0.5,330.047065819121,-7.57582002491319,,,16.958992,16.840033,,0.059469365,-20.280367,1.0707476,18.651,20.093445,21.662378,0.32086688,189.02237,10.112795,1.0515614,,2.0,0.0,Cluster,1.7111931,0.6189374,1.0,False,True,True
9239901025,1,1.5,328.711429826609,-7.94516002369154,,,17.414751,17.43667,,0.059216514,-19.689564,3.351373,20.656706,21.637707,23.30746,0.7436918,212.97568,10.108314,1.3260746,,2.0,0.0,Cluster,1.6338012,0.5152107,1.0,False,True,True
9239901098,1,2.5,328.660978668748,-7.85209724640481,,,17.044687,17.041597,,0.060183614,-20.079622,3.138499,21.203663,22.00285,23.75609,0.30035123,277.72137,10.060179,1.0809784,,2.0,0.0,Cluster,1.7200615,0.9118096,1.0,False,True,True
9239901116,1,1.5,330.070976501016,-7.50904843978995,,,16.394379,16.217579,,0.06406836,-20.912844,4.3947315,21.087376,21.963644,23.676464,0.41623864,122.218124,10.739614,1.4614735,,2.0,0.0,Cluster,1.8219018,2.50125,0.0,False,True,True
9239901179,1,0.0,330.094639204141,-7.49701003527169,,,16.54343,16.54982,,0.05685586,-20.572382,1.4419702,19.255024,20.460936,22.068583,0.1182253,298.2185,10.344884,1.18157,,2.0,0.0,Cluster,1.8858283,-0.45439646,1.0,False,True,True
9239901253,1,0.5,329.057154494615,-8.51216489517853,,,17.186974,17.156954,,0.05936687,-19.965961,1.238628,18.837849,20.001448,21.618418,0.5312442,243.49965,10.05677,1.1345959,,2.0,0.0,Cluster,1.9007546,0.57689434,1.0,False,True,True
9239901328,1,2.0,328.989917076106,-8.50793280010114,,,16.224102,16.1126,,0.059654046,-21.007996,4.3683867,20.956396,22.191647,23.793333,0.2342149,159.72572,10.483411,1.1247787,,2.0,0.0,Cluster,1.9619304,0.6946834,1.0,False,True,True
9239901360,1,2.0,,,,,,,,,,,,,,,,,,,,,,,,,False,True,False
9239901557,1,2.0,,,,,,,,,,,,,,,,,,,,,,,,,False,True,False
92592,1,1.0,216.9740069,0.56960364,216.9740069,0.56960364,15.822,15.737,0.08618,0.08531,-22.33,3.45,19.95,21.32,22.89,0.3618,80.08002,11.06,1.25,0.128,8.0,0.0,GAMA,,,,False,True,True
92676,2,3.0,217.15651731,0.55280067,217.15651731,0.55280067,14.793,14.526,0.00651,0.00527,-17.69,12.53,20.8,21.69,23.4,0.694,67.53,8.8,0.61,0.141,8.0,0.0,GAMA,,,,True,True,True
92739,2,1.5,217.38595772,0.49380755,217.38595772,0.49380755,16.88,16.901,0.0564,0.05556,-20.19,6.79,21.16,22.49,24.07,0.8049,93.950005,10.33,1.34,0.141,8.0,0.0,GAMA,,,,True,True,True
92770,1,-9.0,217.56241698,0.62137578,217.56241698,0.62137578,15.817,15.759,0.02705,0.02625,-19.64,3.28,19.95,20.75,22.5,0.4204,15.480011,9.93,1.04,0.146,8.0,0.0,GAMA,,,,False,True,True
92773,1,0.0,217.44493793,0.42414861,217.44493793,0.42414861,15.327,15.275,0.05512,0.05428,-21.75,3.59,20.12,21.49,23.07,0.0284,42.300003,10.85,1.22,0.141,8.0,0.0,GAMA,,,,False,True,True
92818,1,3.0,217.72296508,0.46284661,217.72296508,0.46284661,16.52,16.388,0.0149,0.01347,-17.62,4.91,20.84,21.92,23.56,0.6011,69.96001,8.33,0.09,0.136,8.0,0.0,GAMA,,,,False,True,True
92944,1,3.0,218.14441818,0.45553806,218.14441818,0.45553806,16.453,16.439,0.03186,0.03105,-19.29,3.16,20.07,20.6,22.6,0.6062,3.6600037,9.57,0.8,0.139,8.0,0.0,GAMA,,,,False,True,True
93020,1,1.5,218.52792495,0.60739077,218.52792495,0.60739077,17.396,16.993,0.03241,0.03161,-18.81,2.14,20.56,21.54,23.21,0.3933,94.35,9.62,1.11,0.142,8.0,0.0,GAMA,,,,False,True,True
93023,1,2.0,218.54690732,0.61575056,218.54690732,0.61575056,15.624,15.579,0.03074,0.02994,-20.13,4.12,20.56,21.61,23.26,0.1615,165.3,10.23,1.21,0.142,8.0,0.0,GAMA,,,,False,True,True
93062,1,2.0,218.83216762,0.47572807,218.83216762,0.47572807,15.055,15.065,0.03034,0.02955,-20.56,3.67,19.39,20.47,22.11,0.3933,72.72,10.12,0.85,0.154,8.0,0.0,GAMA,,,,False,True,True
93167,1,3.0,219.25040079,0.56475214,219.25040079,0.56475214,17.496,17.528,0.03555,0.03476,-18.46,5.41,21.81,22.63,24.37,0.7405,176.61,9.02,0.53,0.159,8.0,0.0,GAMA,,,,False,True,True
93259,1,3.0,219.77976984,0.50863301,219.77976984,0.50863301,15.562,15.622,0.03419,0.03341,-20.28,9.38,22.34,23.29,24.97,0.3018,27.880005,9.75,0.54,0.192,8.0,0.0,GAMA,,,,False,True,True
93354,1,2.5,220.12240871,0.58408682,220.12240871,0.58408682,14.843,14.798,0.03796,0.03718,-21.34,9.41,21.59,22.35,24.13,0.1098,102.98,10.4,0.81,0.172,8.0,0.0,GAMA,,,,False,True,True
93384,1,3.0,220.26593515,0.61945805,220.26593515,0.61945805,16.636,17.426,0.01072,0.00937,-15.87,11.27,25.22,26.95,28.49,0.418,176.04999,8.05,0.59,0.172,8.0,0.0,GAMA,,,,False,True,True
9352,1,2.5,185.977189,0.83052966,185.977189,0.83052966,16.99,17.005,0.02557,0.02426,-18.23,2.07,19.88,21.24,22.82,0.4717,111.22,8.97,0.58,0.116,8.0,0.0,GAMA,,,,False,True,True
93604,1,3.0,221.26371937,0.52697745,221.26371937,0.52697745,14.884,14.806,0.02958,0.02884,-20.77,13.57,21.59,22.3,24.12,0.5841,40.890015,10.15,0.77,0.194,8.0,0.0,GAMA,,,,False,True,True
93674,1,2.5,221.76673628,0.47906341,221.76673628,0.47906341,15.268,15.225,0.05637,0.05561,-21.83,9.59,21.1,21.89,23.65,0.6592,73.76999,10.66,0.92,0.166,8.0,0.0,GAMA,,,,False,True,True
93803,1,0.0,222.48909911,0.55829608,222.48909911,0.55829608,14.322,14.217,0.0406,0.03986,-22.1,4.61,19.53,20.92,22.49,0.1723,143.3,10.94,1.13,0.17,8.0,0.0,GAMA,,,,False,True,True
93807,3,0.0,222.50903232,0.57878033,222.50903232,0.57878033,14.999,14.997,0.04118,0.04044,-21.35,4.07,19.79,21.4,22.95,0.0895,7.75,10.66,1.16,0.172,8.0,0.0,GAMA,,,,True,True,True
93832,1,3.0,222.55816819,0.5575334,222.55816819,0.5575334,17.246,17.104,0.04054,0.03981,-19.19,5.3,21.84,22.42,24.36,0.6686,35.399994,9.37,0.6,0.171,8.0,0.0,GAMA,,,,False,True,True
9388000001,2,0.0,336.9769592,-30.5755157,,,13.909334,13.866281,,0.05799451,-23.251066,14.727998,21.400448,22.550047,24.170305,0.10306309,157.6353,11.537902,1.3296871,,7.0,0.0,Cluster,0.00041818983,0.09587718,1.0,True,True,True
9388000002,1,1.0,336.984375,-30.571537,,,17.027618,16.283024,,0.061451763,-20.832062,1.6964685,19.572584,20.747179,22.361637,0.37232313,99.7412,10.472419,1.190836,,7.0,4.0,Cluster,0.018707406,1.5783015,1.0,False,True,True
9388000003,2,0.5,336.9682922,-30.5874138,,,17.38017,17.363522,,0.05292274,-19.748713,1.659245,19.985788,21.224575,22.82557,0.35178435,117.07722,10.099393,1.264908,,7.0,0.0,Cluster,0.03601796,-2.0876153,1.0,True,True,True
9388000004,1,2.0,336.9781189,-30.5595875,,,15.780997,15.780525,,0.06276636,-21.340229,3.907314,19.923836,21.110638,22.722383,0.5271747,53.50699,10.748606,1.301054,,7.0,0.0,Cluster,0.04007694,2.140709,1.0,False,True,True
9388000005,1,1.5,336.9650879,-30.5628204,,,17.334965,17.27911,,0.05890018,-19.836103,1.5171655,19.227589,20.356617,21.981905,0.6451202,154.27092,10.055429,1.1832981,,7.0,0.0,Cluster,0.041156612,0.48468596,1.0,False,True,True
9388000006,1,2.0,336.9700623,-30.5591049,,,16.236237,15.441987,,0.060459,-21.676147,6.538724,21.11717,22.033922,23.728685,0.6766033,2.5235226,10.99851,1.3922272,,7.0,0.0,Cluster,0.043963343,1.1531142,1.0,False,True,True
9388000007,1,0.0,336.960968,-30.5620499,,,15.347971,15.328246,,0.056003157,-21.786,2.4040449,19.106192,20.513437,22.08696,0.08278163,149.40662,10.898729,1.2481537,,7.0,0.0,Cluster,0.048707183,-0.7601925,1.0,False,True,True
9388000022,1,0.5,337.0224915,-30.6068726,,,17.52816,17.385258,,0.060289126,-19.734085,1.6958674,19.920612,21.438099,22.998306,0.4317758,76.67385,10.079268,1.2840557,,7.0,0.0,Cluster,0.12731288,1.0803198,1.0,False,True,True
9388000027,1,0.0,336.973053,-30.6318436,,,15.548689,15.546909,,0.059597652,-21.57108,3.2544837,19.724277,21.163795,22.733097,0.2627357,0.9056958,10.821087,1.274765,,7.0,0.0,Cluster,0.14341848,0.7838868,1.0,False,True,True
9388000032,1,1.5,337.0239563,-30.6236057,,,16.21018,16.124788,,0.053018294,-20.971947,4.766415,21.380007,22.379257,24.042622,0.114893325,172.06761,10.111272,0.6874838,,8.0,0.0,Cluster,0.15945007,-2.046381,1.0,False,True,True
9388000033,1,1.0,336.9041443,-30.5640945,,,15.810157,15.813874,,0.0616063,-21.305025,4.1303506,19.579918,20.635193,22.280651,0.71405834,135.7226,10.668649,1.228365,,7.0,0.0,Cluster,0.16167101,1.6444513,1.0,False,True,True
9388000035,1,0.0,336.9555054,-30.6387043,,,16.832325,16.813215,,0.05864474,-20.30418,1.6618462,19.754576,21.186981,22.757189,0.11118965,-9.565257,10.300121,1.2633591,,7.0,0.0,Cluster,0.1672843,0.37505823,1.0,False,True,True
9388000041,2,1.5,336.9396057,-30.652235,,,16.217438,16.235785,,0.05356246,-20.877432,2.0131118,18.513857,19.741245,21.34449,0.69250035,76.20944,10.591155,1.3179369,,7.0,0.0,Cluster,0.21127483,-1.8116289,1.0,True,True,True
9388000043,2,0.5,336.9385376,-30.4972858,,,17.254747,17.274025,,0.059754256,-19.840267,2.0059404,20.499275,21.709625,23.316343,0.2510442,94.68114,10.069213,1.1834964,,7.0,0.0,Cluster,0.21505803,0.8510394,1.0,True,True,True
9388000044,2,0.5,337.0282593,-30.6522961,,,17.142662,17.176805,,0.058018915,-19.93977,2.3110757,20.461868,21.789705,23.374935,0.38230705,154.86967,10.121547,1.2273751,,7.0,0.0,Cluster,0.22473237,0.10635846,1.0,True,True,True
9388000046,1,1.5,337.0046997,-30.6671867,,,15.727729,15.7225485,,0.060360495,-21.392183,8.228548,20.861254,21.846678,23.514856,0.7357734,2.658217,10.68793,1.1832829,,7.0,0.0,Cluster,0.2404322,1.1109045,1.0,False,True,True
9388000048,1,1.0,337.0924988,-30.5809307,,,17.010996,17.012636,,0.055327144,-20.100544,2.1933243,20.24955,21.52752,23.121195,0.34842625,158.04456,10.140455,1.1634693,,7.0,0.0,Cluster,0.25234622,-1.0511724,1.0,False,True,True
9388000051,2,0.0,336.9347839,-30.6698494,,,16.319958,16.27002,,0.058695477,-20.84746,3.410825,20.66774,22.112127,23.680817,0.14339359,106.836716,10.5417595,1.2862625,,7.0,0.0,Cluster,0.25662863,0.39683434,1.0,True,True,True
9388000053,1,2.5,336.9230957,-30.4828262,,,17.062601,17.103289,,0.062726095,-20.009802,3.9342875,21.709608,22.412874,24.230848,0.3530487,96.883064,10.100549,1.1367894,,7.0,0.0,Cluster,0.26251173,2.1234941,1.0,False,True,True
9388000055,1,0.0,337.0828552,-30.6366425,,,15.73479,15.718299,,0.057678502,-21.39852,4.883941,20.935259,22.586956,24.13455,0.017016375,76.37821,10.761704,1.2886,,7.0,0.0,Cluster,0.2782277,-0.039865438,1.0,False,True,True
9388000056,1,1.0,336.8647156,-30.5170631,,,16.797224,16.784895,,0.06212995,-20.333622,1.8558139,19.157469,20.426886,22.022106,0.6038167,120.548035,10.30172,1.2415371,,7.0,0.0,Cluster,0.28633642,1.8685291,1.0,False,True,True
9388000058,2,1.0,337.0198059,-30.6861706,,,15.142324,15.154751,,0.062650904,-21.966732,5.172917,19.87773,21.042398,22.65912,0.5438948,100.46848,11.011521,1.3248882,,7.0,0.0,Cluster,0.29594424,2.0913439,1.0,True,True,True
9388000062,1,1.0,336.9863892,-30.6983147,,,14.644394,14.630733,,0.058583964,-22.48722,4.3808203,18.94023,20.169985,21.772757,0.5745052,47.99339,11.246719,1.3478155,,7.0,0.0,Cluster,0.31231552,0.34897003,1.0,False,True,True
9388000063,1,2.0,336.8937988,-30.4738503,,,14.588401,14.571064,,0.06006656,-22.547375,4.770335,19.710571,20.689741,22.360153,0.24320482,163.18018,11.21621,1.2807932,,7.0,0.0,Cluster,0.31507638,0.9849268,1.0,False,True,True
9388000065,1,1.0,336.9373474,-30.6993217,,,14.872953,14.8607,,0.05700551,-22.255774,4.6445303,19.51403,20.867628,22.44884,0.45357454,30.998564,11.150251,1.341116,,7.0,0.0,Cluster,0.32591784,-0.3290865,1.0,False,True,True
9388000067,1,1.0,337.0133667,-30.4474659,,,17.311504,17.317383,,0.060429752,-19.795784,1.4901084,19.511482,20.662092,22.282108,0.49134707,3.4920735,10.0424385,1.1655922,,7.0,0.0,Cluster,0.33378544,1.140582,1.0,False,True,True
9388000068,2,0.0,336.8488159,-30.4957733,,,14.654696,14.628658,,0.056168,-22.486336,5.456844,20.012167,21.38948,22.967184,0.19641653,97.494,11.207246,1.2837963,,7.0,0.0,Cluster,0.34511042,-0.689266,1.0,True,True,True
9388000073,2,1.0,336.9444275,-30.4332142,,,16.207346,16.210459,,0.061534967,-20.909218,1.5876986,18.21683,19.42303,21.030617,0.61852443,155.76543,10.600255,1.319663,,7.0,0.0,Cluster,0.3673294,1.6139187,1.0,True,True,True
9388000074,1,1.5,336.9840393,-30.4305096,,,16.936071,16.957747,,0.06011898,-20.158056,2.1509228,19.450981,20.605972,22.22495,0.67441416,81.48019,10.203191,1.200676,,7.0,0.0,Cluster,0.36752588,1.0073969,1.0,False,True,True
9388000080,2,-9.0,336.8313904,-30.4805622,,,17.28828,17.278435,,0.055736173,-19.834549,2.9529133,20.201096,20.820156,22.71362,0.7600909,67.316124,10.121476,1.2378197,,7.0,0.0,Cluster,0.3986422,-0.8750896,1.0,True,True,True
9388000084,1,0.5,336.7898865,-30.5618248,,,17.098776,17.085384,,0.05886061,-20.030388,1.9517845,20.148031,21.333233,22.94533,0.30837744,15.571073,10.1487,1.2029552,,7.0,0.0,Cluster,0.40994588,0.4677053,1.0,False,True,True
9388000088,1,3.0,337.0162354,-30.4149246,,,17.21501,16.94209,,0.060819127,-20.157059,5.8545218,22.218687,22.776224,24.740625,0.48511904,15.547462,9.946477,0.8614292,,3.0,0.0,Cluster,0.41562334,1.3073982,1.0,False,True,True
9388000099,1,1.5,337.0187683,-30.7430191,,,16.60587,16.593859,,0.05546245,-20.52085,3.0199182,19.576515,20.664057,22.300255,0.7409625,75.72593,10.393627,1.2642117,,7.0,0.0,Cluster,0.4345989,-0.99291694,1.0,False,True,True
9388000101,1,1.5,336.7846375,-30.5247936,,,17.659565,17.64558,,0.056893907,-19.470049,2.4626584,21.147789,22.129108,23.798748,0.35193613,24.698944,10.014296,1.2980747,,7.0,0.0,Cluster,0.43917248,-0.3770658,1.0,False,True,True
9388000105,2,1.5,337.1416931,-30.6827698,,,16.240946,16.24429,,0.057532873,-20.871058,2.1769338,19.023918,20.299145,21.893312,0.5857718,82.505455,10.496058,1.2167177,,7.0,0.0,Cluster,0.45065305,-0.10243449,1.0,True,True,True
9388000113,1,3.0,337.1291504,-30.4425621,,,16.689014,16.543516,,0.05317283,-20.549723,6.3596587,22.24323,22.964865,24.76894,0.3135994,137.84096,9.838664,0.5474128,,3.0,0.0,Cluster,0.47294745,-1.979702,1.0,False,True,True
9388000120,1,0.0,337.0339966,-30.7649956,,,16.066624,16.071953,,0.055476245,-21.043009,3.4410765,20.444407,21.933653,23.496984,0.16426517,135.0,10.61892,1.2875385,,7.0,0.0,Cluster,0.49645647,-0.9869781,1.0,False,True,True
9388000122,1,0.0,336.8387756,-30.7344532,,,15.429993,15.387216,,0.056438055,-21.727236,,,,,,,10.817532,1.1948957,,7.0,1.0,Cluster,0.5035255,-0.5730954,1.0,False,True,True
9388000124,1,1.0,336.8883667,-30.390049,,,15.6346035,15.59882,,0.054651156,-21.513147,3.3115478,19.732738,20.973394,22.574024,0.37275204,161.41359,10.730455,1.1764431,,7.0,0.0,Cluster,0.5081522,-1.3423265,1.0,False,True,True
9388000130,1,1.5,336.7390137,-30.5920753,,,16.557579,15.641041,,0.059086096,-21.456684,33.6062,24.073092,25.794168,27.336466,0.44643113,131.70924,10.2502985,0.653203,,8.0,1.0,Cluster,0.5211823,0.5644587,1.0,False,True,True
9388000132,2,2.0,337.0153809,-30.3668022,,,16.856596,16.879827,,0.058074303,-20.220114,1.8399601,20.050676,20.990875,22.676027,0.18586405,57.705242,9.986299,0.876728,,3.0,0.0,Cluster,0.5352919,0.13014565,1.0,True,True,True
9388000135,1,0.0,337.2250977,-30.6286888,,,16.354898,15.28204,,0.059912976,-21.81124,2.8284838,20.089727,21.606186,23.166504,0.2072735,162.83725,11.590665,1.6309042,,7.0,0.0,Cluster,0.5578223,0.91908926,1.0,False,True,True
9388000137,1,0.5,336.7267151,-30.5227547,,,17.26279,17.289043,,0.05127036,-19.810534,4.114889,21.8066,22.458216,24.31996,0.4795522,125.870674,9.688077,0.7502479,,3.0,0.0,Cluster,0.5625337,-2.8012528,0.0,False,True,True
9388000139,1,2.5,336.8138733,-30.4002247,,,15.432955,15.252288,,0.058309432,-21.864971,12.044449,21.832344,22.785034,24.465302,0.5366752,105.53956,11.059165,1.3878813,,7.0,0.0,Cluster,0.5693605,0.23111218,1.0,False,True,True
9388000142,2,1.5,336.8419189,-30.3792534,,,17.425667,17.428375,,0.057591055,-19.68668,3.3009188,20.325632,21.211103,22.919645,0.80474293,50.94877,10.091671,1.2758484,,7.0,0.0,Cluster,0.5781859,-0.07743593,1.0,True,True,True
9388000146,1,1.0,337.2215271,-30.6757412,,,17.158176,17.052557,,0.05716096,-20.063967,1.2038684,18.75056,19.975328,21.5791,0.5182011,71.01963,10.226681,1.2920132,,7.0,0.0,Cluster,0.590866,-0.2622654,1.0,False,True,True
9388000156,1,0.5,336.9838257,-30.8220024,,,16.92594,16.85514,,0.059278898,-20.243847,2.9430218,21.15421,21.827496,23.669973,0.1351756,78.40468,9.912398,0.7958718,,3.0,0.0,Cluster,0.62536114,0.64717215,1.0,False,True,True
9388000160,2,1.5,337.2571411,-30.6404457,,,16.89229,16.869585,,0.054764174,-20.243677,2.931985,20.340313,21.24052,22.942429,0.55385494,34.6974,10.190783,1.1630878,,7.0,0.0,Cluster,0.6329513,-1.2936357,1.0,True,True,True
9388000190,2,2.0,336.8446045,-30.3156395,,,16.657854,16.653183,,0.05769673,-20.448397,2.8498173,20.568232,21.057634,23.122883,0.36060825,95.56748,10.094744,0.903059,,8.0,0.0,Cluster,0.71920717,-0.032034505,1.0,True,True,True
9388000195,2,0.5,336.6381836,-30.5897827,,,16.127453,16.05445,,0.058712106,-21.059603,4.627976,21.185804,22.572662,24.149004,0.06862417,74.261826,10.491165,1.1251974,,7.0,0.0,Cluster,0.7404074,0.40397182,1.0,True,True,True
9388000197,1,1.5,336.6618958,-30.6863289,,,16.554636,16.55035,,0.059263952,-20.566349,4.705365,20.381405,21.144285,22.919865,0.7756596,61.27348,10.422635,1.2643605,,7.0,0.0,Cluster,0.7427329,0.64076084,1.0,False,True,True
9388000200,2,0.0,336.6470337,-30.6610126,,,17.201466,17.197258,,0.060206037,-19.918259,1.1195574,19.27797,20.445583,22.061628,0.18189885,156.4036,10.028066,1.1260986,,7.0,0.0,Cluster,0.7519474,1.04471,1.0,True,True,True
9388000219,2,2.5,337.0762329,-30.2684536,,,14.280664,14.284997,,0.053054854,-22.820215,6.122982,19.98998,20.780462,22.538845,0.2768215,34.0777,11.104336,0.9866038,,8.0,0.0,Cluster,0.8076473,-2.0306053,1.0,True,True,True
9388000248,1,1.0,336.7014771,-30.8367252,,,16.898373,16.884012,,0.058398634,-20.232437,2.7164006,20.494015,21.58959,23.22359,0.40947175,179.06361,10.227814,1.2121145,,7.0,0.0,Cluster,0.8942326,0.26941046,1.0,False,True,True
9388000253,1,1.0,337.3681335,-30.6941185,,,17.392586,17.404905,,0.0552619,-19.707779,2.238488,20.027029,21.210646,22.823092,0.6342361,134.72232,10.012478,1.1845112,,7.0,0.0,Cluster,0.90454936,-1.0792657,1.0,False,True,True
9388000256,2,0.5,337.1757202,-30.2600555,,,15.75124,15.719666,,0.058834825,-21.395628,4.379312,20.298328,21.880156,23.433887,0.35362366,111.2924,10.682936,1.1876936,,7.0,0.0,Cluster,0.90965694,0.45663923,1.0,True,True,True
9388000266,1,0.0,336.6344299,-30.3558254,,,18.32392,18.079435,,0.057111982,-19.030632,2.192393,21.560122,22.76858,24.375692,0.19432433,123.516495,9.505051,0.9402161,,3.0,0.0,Cluster,0.93280137,-0.2833173,1.0,False,True,True
9388000269,1,1.5,336.7507324,-30.890913,,,16.106968,16.105524,,0.056839556,-21.009575,3.356025,20.405832,21.8825,23.447285,0.21776253,102.99867,10.547944,1.215972,,7.0,0.0,Cluster,0.9396587,-0.4004343,1.0,False,True,True
9388000278,1,1.5,,,,,,,,,,,,,,,,,,,,,,,,,False,True,False
9388000296,1,1.0,336.7592163,-30.9139957,,,16.993364,16.907131,,0.056557987,-20.204247,4.2212744,21.47748,22.703434,24.306967,0.34272215,130.01001,10.119308,1.083208,,7.0,0.0,Cluster,0.9808379,-0.52151304,1.0,False,True,True
9388000297,1,3.0,337.4267273,-30.5834579,,,16.679636,16.673868,,0.053846005,-20.419622,6.9083166,21.482382,22.178493,24.002104,0.72836936,163.56131,9.823018,0.5883942,,3.0,0.0,Cluster,0.98156923,-1.6893547,1.0,False,True,True
9388000303,1,1.5,336.9992371,-30.9672947,,,17.133114,17.117348,,0.05747963,-19.997696,1.7794318,19.984715,20.951063,22.626163,0.4345533,45.186356,10.14175,1.2089996,,7.0,1.0,Cluster,0.9946629,-0.12531184,1.0,False,True,True
9388000338,1,2.0,337.3796082,-30.3437595,,,16.3288,16.326872,,0.05783864,-20.771309,3.6166008,20.620548,21.133215,23.160856,0.40313262,105.322655,10.215581,0.8720322,,2.0,0.0,Cluster,1.0575486,0.028927859,1.0,False,True,True
9388000343,1,2.5,337.460968,-30.524231,,,14.32387,14.356595,,0.053973883,-22.744898,12.072426,21.03423,21.700499,23.549065,0.52672696,130.77939,10.800942,0.7093916,,2.0,0.0,Cluster,1.064327,-1.6342204,1.0,False,True,True
9388000360,1,2.0,336.5423889,-30.3564777,,,16.56481,16.579382,,0.059794825,-20.52796,4.128868,21.09492,21.791178,23.614672,0.46343803,151.15228,10.171141,0.9800606,,2.0,0.0,Cluster,1.099911,0.8684338,1.0,False,True,True
9388000364,2,3.0,336.5085754,-30.4120998,,,15.858962,15.826014,,0.057589576,-21.277878,10.228967,21.105345,21.486618,23.78968,0.8332611,90.17657,10.500171,0.9850807,,2.0,0.0,Cluster,1.1038117,-0.07807136,1.0,True,True,True
9388000373,1,-9.0,336.846405,-30.1482296,,,17.8904,15.83954,,0.05976738,-21.2679,2.6612325,21.576572,22.434301,24.156069,0.2824135,162.20317,10.543605,1.0500898,,2.0,0.0,Cluster,1.1198326,0.8566667,1.0,False,True,True
9388000380,1,1.0,337.3866272,-30.8507957,,,16.435982,16.40746,,0.055511322,-20.706219,5.496961,21.24153,22.208572,23.883415,0.5380336,94.01471,10.430126,1.2114067,,2.0,0.0,Cluster,1.1332227,-0.97187716,1.0,False,True,True
9388000391,2,2.0,337.0742493,-30.1302242,,,15.270413,15.288412,,0.055715933,-21.826052,5.0362453,19.864067,20.810642,22.493282,0.63735473,122.31556,10.918933,1.2581949,,2.0,0.0,Cluster,1.1482586,-0.8838009,1.0,True,True,True
9388000397,2,2.0,336.4564514,-30.4733868,,,15.8863125,15.947528,,0.059355166,-21.17021,6.931499,21.403717,22.938711,24.49707,0.4193099,149.69214,10.633221,1.2485876,,2.0,0.0,Cluster,1.165803,0.6798874,1.0,True,True,True
9388000400,1,1.5,337.0000916,-31.0363712,,,17.124395,17.204832,,0.055729013,-19.908741,5.9092517,20.974443,22.366846,23.94241,0.82435596,76.07714,10.139272,1.2338659,,2.0,0.0,Cluster,1.1696668,-0.8781713,1.0,False,True,True
9388000416,1,0.0,336.4805298,-30.3606853,,,16.456072,16.448046,,0.059886757,-20.660166,5.0766735,21.952768,22.718681,24.492304,0.04964532,125.562485,10.206653,0.9695892,,2.0,0.0,Cluster,1.213677,0.90784895,1.0,False,True,True
9388000437,2,1.5,336.4130249,-30.6591434,,,14.879681,14.891692,,0.051781468,-22.21985,5.8059163,19.207474,20.053343,21.781078,0.7750118,32.105167,11.073134,1.259593,,2.0,0.0,Cluster,1.2486154,-2.5803943,0.0,True,True,True
9388000471,1,1.0,336.3991699,-30.7065868,,,16.831015,16.726854,,0.05834084,-20.387568,4.6960697,21.51455,22.806206,24.39747,0.34045357,57.68026,10.228122,1.1350689,,2.0,0.0,Cluster,1.3034929,0.24459732,1.0,False,True,True
9388000487,2,1.5,336.954895,-30.0523987,,,17.248917,17.27029,,0.055680607,-19.841984,2.562632,20.877827,21.469604,23.392574,0.41563442,46.01073,10.063487,1.1754684,,2.0,0.0,Cluster,1.3265688,-0.89900637,1.0,True,True,True
9388000489,1,0.0,337.2184143,-31.0581875,,,15.251913,15.257901,,0.05597704,-21.856375,7.296614,21.070303,22.49712,24.068048,0.18291178,179.28351,10.893019,1.2180977,,2.0,0.0,Cluster,1.3319179,-0.77143115,1.0,False,True,True
9388000496,1,1.5,336.9580994,-30.046627,,,16.814245,16.844378,,0.055861074,-20.269981,3.5880344,21.018848,21.749605,23.547064,0.48747423,33.30236,10.251181,1.2138176,,2.0,0.0,Cluster,1.3409547,-0.8213344,1.0,False,True,True
9388000547,1,1.5,337.4577942,-30.2067051,,,17.383429,17.37057,,0.053496785,-19.742247,1.8465319,19.458017,20.31179,22.035526,0.693058,82.5519,10.095577,1.2672482,,2.0,0.0,Cluster,1.4065326,-1.8399539,0.0,False,True,True
9388000566,1,1.5,336.3699646,-30.3662453,,,16.34442,16.363153,,0.056177255,-20.745619,2.4467125,18.706266,20.015478,21.603756,0.77395654,149.0791,10.262531,0.997322,,2.0,0.0,Cluster,1.428372,-0.68528485,1.0,False,True,True
9388000571,1,3.0,337.0648804,-30.0154285,,,16.303183,16.276503,,0.057921074,-20.818632,4.4041667,21.38744,22.032772,23.900366,0.09246319,36.686726,10.030642,0.6626416,,2.0,0.0,Cluster,1.4323566,0.06433585,1.0,False,True,True
9388000597,1,0.0,336.3281555,-30.4372044,,,16.671982,16.621271,,0.058205355,-20.49593,1.7786642,19.826918,21.300192,22.865376,0.0002931055,150.27185,10.307098,1.2028694,,2.0,0.0,Cluster,1.4598238,0.1864233,1.0,False,True,True
9388000614,1,5.0,336.4302979,-30.9285774,,,19.68545,14.846418,,0.056434233,-22.259426,0.49142066,19.866262,20.827282,22.504377,0.2574289,75.488014,11.755016,1.9621516,,2.0,1.0,Cluster,1.490069,-0.5747394,1.0,False,True,True
9388000716,1,3.0,336.5015259,-31.0745964,,,15.249423,15.204651,,0.056391694,-21.889153,5.239196,20.445366,21.042719,22.959423,0.35788321,146.77863,10.465079,0.6503238,,2.0,0.0,Cluster,1.634911,-0.5930368,1.0,False,True,True
9388000773,1,0.0,336.216095,-30.7168312,,,16.70262,16.686682,,0.058830798,-20.428316,1.9839561,19.859205,21.226023,22.805258,0.24124661,75.47806,10.270209,1.1615658,,2.0,0.0,Cluster,1.6978313,0.45491102,1.0,False,True,True
9388000785,1,1.0,336.5074463,-31.1153526,,,16.785336,16.787136,,0.0565494,-20.327646,2.8970492,20.015888,21.242113,22.84559,0.59862936,18.796925,10.276214,1.2151622,,2.0,0.0,Cluster,1.7082535,-0.525206,1.0,False,True,True
9388000807,1,1.0,336.4040527,-31.0476379,,,16.172205,16.096685,,0.0582472,-21.020924,2.0912898,19.307446,20.402721,22.036802,0.37658754,68.04119,10.633996,1.3211213,,2.0,0.0,Cluster,1.7289779,0.20439184,1.0,False,True,True
9388000825,1,1.0,336.4755859,-31.1120949,,,16.513527,16.604916,,0.05982719,-20.511824,3.4623244,20.584677,21.932867,23.514902,0.35126692,38.376125,10.244561,1.119646,,2.0,0.0,Cluster,1.7441818,0.88231045,1.0,False,True,True
9388000827,1,1.0,336.3853149,-31.0412617,,,17.127354,17.077305,,0.05929885,-20.040194,1.133778,18.775133,20.045555,21.64059,0.444727,40.15112,10.125667,1.1953163,,2.0,0.0,Cluster,1.7477072,0.65573114,1.0,False,True,True
9388000914,1,2.0,336.3723145,-31.0837364,,,16.022106,16.04478,,0.057283398,-21.071953,3.2287161,20.17047,21.680452,23.241472,0.20840394,95.56174,10.631817,1.3009205,,2.0,0.0,Cluster,1.8421034,-0.20964076,1.0,False,True,True
9388000921,1,1.0,336.9178467,-29.8455009,,,15.488069,15.489806,,0.05302719,-21.622845,2.842456,18.842115,20.115076,21.709654,0.54322,121.96256,10.7903,1.2220896,,2.0,0.0,Cluster,1.854688,-2.0425422,0.0,False,True,True
9388000949,1,0.0,336.4735413,-31.1833477,,,15.310694,15.414128,,0.058570467,-21.702269,6.372516,21.092472,22.584084,24.147148,0.00010089077,92.19079,10.769343,1.1679955,,2.0,0.0,Cluster,1.8907955,0.3431765,1.0,False,True,True
9388000993,1,1.0,336.4317017,-31.1809769,,,16.799963,16.803698,,0.056853518,-20.311504,3.108859,20.143246,21.146297,22.808367,0.62542427,11.621714,10.258426,1.2079563,,2.0,0.0,Cluster,1.9401954,-0.39443108,1.0,False,True,True
9388001005,1,2.0,336.2929077,-31.0698338,,,14.710728,14.711106,,0.057671987,-22.397709,11.802298,21.302137,22.66756,24.247,0.40467337,74.381195,10.979482,1.046134,,2.0,0.0,Cluster,1.9465333,-0.04266463,1.0,False,True,True
9388001017,1,1.5,336.1921997,-30.9518795,,,15.165936,15.18822,,0.058928013,-21.929937,12.849132,21.284939,22.560625,24.15471,0.7043734,105.048706,10.98367,1.3063173,,2.0,0.0,Cluster,1.9579272,0.49662894,1.0,False,True,True
9388001101,1,2.5,,,,,,,,,,,,,,,,,,,,,,,,,False,True,False
9388001133,1,0.0,,,,,,,,,,,,,,,,,,,,,,,,,False,True,False
93885,3,3.0,222.94355162,0.46989205,222.94355162,0.46989205,18.117,18.124,0.04372,0.04299,-18.33,1.96,20.79,21.62,23.36,0.5763,111.89,9.18,0.8,0.166,8.0,0.0,GAMA,,,,True,True,True
9403800001,1,0.0,356.9378052,-28.1406612,,,12.847081,13.041501,,0.028922027,-22.527308,29.209238,21.540956,22.368439,24.10582,0.49596292,120.11856,11.29809,1.3230228,,7.0,0.0,Cluster,1.2398322e-06,-0.20862651,1.0,False,True,True
9403800002,1,0.0,356.9302673,-28.1436958,,,13.767823,13.70932,,0.027087234,-21.858221,8.124819,20.003597,21.340143,22.923988,0.2790614,72.20152,10.989715,1.275054,,7.0,0.0,Cluster,0.010610631,-1.1046554,1.0,False,True,True
9403800003,1,1.0,356.9465637,-28.1349773,,,15.525755,15.214938,,0.027298154,-20.352306,1.8818481,18.58926,19.772047,21.384676,0.40056202,166.90042,10.472352,1.3594341,,7.0,0.0,Cluster,0.013925644,-1.0015705,1.0,False,True,True
9403800004,1,0.0,356.9304199,-28.1566486,,,16.985577,16.6054,,0.026964389,-18.938334,2.4437065,20.57951,21.539276,23.216845,0.21094114,52.627808,9.903342,1.4668618,,7.0,0.0,Cluster,0.02506846,-1.1647043,1.0,False,True,True
9403800005,1,0.0,356.9254761,-28.1259537,,,15.166803,14.27077,,0.029741017,-21.294773,4.913454,20.979055,22.079082,23.711884,0.17721699,108.99732,10.815976,1.3704777,,7.0,0.0,Cluster,0.02656025,0.1908159,1.0,False,True,True
9403800007,1,1.0,356.960083,-28.1523323,,,16.38462,15.352132,,0.032727662,-20.21647,3.867512,20.491854,21.651577,23.269445,0.45557776,19.131922,10.5839,1.5554934,,7.0,0.0,Cluster,0.03318077,1.6447864,1.0,False,True,True
9403800008,1,1.0,356.9386292,-28.1636257,,,15.633052,15.627196,,0.031726554,-19.945354,1.4439739,17.585766,18.771765,20.383686,0.5321945,147.71089,10.219938,1.2711735,,7.0,0.0,Cluster,0.033365194,1.1578937,1.0,False,True,True
9403800013,1,0.5,356.8982544,-28.1255093,,,15.550264,15.554439,,0.030942006,-20.017689,2.454106,19.367168,20.506655,22.129354,0.18221004,31.485374,10.201451,1.2187042,,7.0,0.0,Cluster,0.055222128,0.77599406,1.0,False,True,True
9403800016,1,1.0,356.8945312,-28.1542931,,,16.629948,16.542984,,0.032226093,-19.030777,6.8646235,21.731747,23.095297,24.675014,0.5073327,130.47948,9.736897,1.1306515,,7.0,0.0,Cluster,0.0588397,1.4009056,1.0,False,True,True
9403800017,1,0.5,356.9754333,-28.1655273,,,15.9263315,15.910901,,0.030248815,-19.660677,4.7371707,20.78838,22.196062,23.769526,0.21459591,184.4379,10.136244,1.2842455,,7.0,0.0,Cluster,0.060208373,0.43832234,1.0,False,True,True
9403800021,1,1.5,356.995575,-28.1419182,,,14.697929,14.712796,,0.024906738,-20.853865,5.86719,19.35527,20.461748,22.092833,0.65674883,122.39287,10.485468,1.1517687,,7.0,0.0,Cluster,0.07399752,-2.1715841,1.0,False,True,True
9403800022,1,-9.0,356.8756409,-28.1364231,,,16.961647,16.609472,,0.03260272,-18.964525,3.5915608,21.855715,22.920135,24.562895,0.16824321,116.94735,9.76678,1.1704521,,7.0,0.0,Cluster,0.079841755,1.584046,1.0,False,True,True
9403800023,1,0.5,356.9564209,-28.0866394,,,16.011028,16.003307,,0.03227473,-19.57027,3.6794035,20.402939,21.677847,23.272072,0.2266076,-10.863894,9.996709,1.1916074,,7.0,0.0,Cluster,0.08199289,1.4245601,1.0,False,True,True
9403800025,1,0.5,356.8825073,-28.1070728,,,14.50912,14.495664,,0.028357953,-21.073399,3.7246008,18.8885,19.974699,21.611267,0.37970456,112.63658,10.692318,1.2879122,,7.0,0.0,Cluster,0.08599288,-0.4839247,1.0,False,True,True
9403800026,1,0.0,356.8700867,-28.1405926,,,16.65739,16.493593,,0.030434081,-19.078283,1.5701218,19.662699,21.146067,22.710073,0.14571308,149.77637,9.83642,1.2199593,,7.0,0.0,Cluster,0.086714976,0.5285927,1.0,False,True,True
9403800028,1,5.0,356.9250488,-28.0808678,,,18.89614,15.124376,,0.028742153,-20.43806,2.2165322,22.12156,23.203901,24.841543,0.012515831,16.067417,10.583881,1.4812489,,7.0,0.0,Cluster,0.08835473,-0.2963981,1.0,False,True,True
9403800029,1,0.5,356.8680725,-28.1359539,,,13.56097,13.570967,,0.027748037,-21.99752,7.02491,19.151278,20.476341,22.062017,0.4100812,69.25477,11.058837,1.283556,,7.0,0.0,Cluster,0.08955735,-0.7817656,1.0,False,True,True
9403800032,1,1.0,356.9564819,-28.2036457,,,15.706713,15.702714,,0.03192187,-19.870533,4.39474,20.438889,21.718988,23.312284,0.2997258,99.27714,10.138829,1.2108355,,7.0,0.0,Cluster,0.09453797,1.2529241,1.0,False,True,True
9403800035,1,0.0,356.8690186,-28.1092262,,,12.796951,12.808245,,0.027445797,-22.760138,15.989826,20.393507,21.81217,23.384167,0.19099501,134.0764,11.339975,1.257865,,7.0,0.0,Cluster,0.099220365,-0.9294243,1.0,False,True,True
9403800044,1,3.0,356.8731689,-28.1999702,,,16.802814,16.751936,,0.027028626,-18.81694,2.504676,19.569883,20.48109,22.178213,0.68606836,136.72766,9.663007,1.1420536,,7.0,0.0,Cluster,0.11943474,-1.1333032,1.0,False,True,True
9403800045,1,1.0,357.0213318,-28.1775436,,,15.885615,15.880466,,0.027832394,-19.689161,3.8301198,20.276033,21.390062,23.019173,0.3381489,41.784756,10.025369,1.1561728,,7.0,0.0,Cluster,0.11960195,-0.74056077,1.0,False,True,True
9403800047,1,0.0,356.8468933,-28.1190262,,,14.845767,14.82346,,0.03258391,-20.749876,5.0978665,19.963614,21.392132,22.96284,0.19933133,134.99979,10.524509,1.2581453,,7.0,0.0,Cluster,0.12059089,1.5749015,1.0,False,True,True
9403800057,1,0.0,356.8202515,-28.124033,,,14.800793,14.801207,,0.029803185,-20.76961,4.024042,19.460215,20.800581,22.38383,0.20834719,11.098905,10.505978,1.2253,,7.0,0.0,Cluster,0.15246588,0.22112367,1.0,False,True,True
9403800064,1,0.5,356.877655,-28.043148,,,15.819374,15.792402,,0.027424073,-19.776518,2.9993024,19.654139,20.939377,22.531763,0.32915235,174.21591,10.093074,1.1965607,,7.0,0.0,Cluster,0.1612156,-0.94003916,1.0,False,True,True
9403800073,1,0.5,356.8339539,-28.0629425,,,15.78803,15.76487,,0.027953746,-19.804848,4.239533,20.426289,21.664028,23.265226,0.27462032,138.39421,10.091829,1.1758167,,7.0,0.0,Cluster,0.17445686,-0.68129194,1.0,False,True,True
9403800077,1,0.0,356.8100281,-28.1929169,,,15.232813,15.2269,,0.029381264,-20.343214,4.4585648,20.305101,21.66236,23.243017,0.020419292,207.06046,10.339337,1.2339019,,7.0,0.0,Cluster,0.18032548,0.015394248,1.0,False,True,True
9403800083,1,2.0,356.9142151,-28.0125885,,,15.653506,15.66296,,0.026407659,-19.905432,3.5676575,19.234505,20.259108,21.914064,0.6619087,161.66429,10.185919,1.2146778,,7.0,0.0,Cluster,0.18842462,-1.4369334,1.0,False,True,True
9403800086,1,0.0,357.0795593,-28.1789017,,,15.006701,14.979367,,0.035270087,-20.597061,5.7872972,20.442362,21.86744,23.438595,0.100633524,195.18517,10.366692,1.1552078,,7.0,0.0,Cluster,0.1897925,2.8791695,0.0,False,True,True
9403800094,1,-9.0,356.9181213,-28.0017796,,,16.544712,16.575836,,0.032409895,-18.998026,2.9194105,20.410921,21.542604,23.167229,0.3239382,138.10483,9.770459,1.1854668,,7.0,0.0,Cluster,0.20325199,1.4902905,1.0,False,True,True
9403800099,1,-9.0,356.9264832,-27.9982185,,,16.536266,16.533342,,0.029401438,-19.03781,4.796462,21.738495,22.695583,24.374166,0.07790091,104.927925,9.822665,1.2081546,,7.0,0.0,Cluster,0.20736048,0.025233202,1.0,False,True,True
9403800101,1,1.0,356.8672485,-28.2717781,,,15.31828,15.243789,,0.03435706,-20.331854,3.0436428,19.004526,20.205574,21.814247,0.47326007,90.26927,10.266611,1.1538554,,7.0,0.0,Cluster,0.21072994,2.4362342,0.0,False,True,True
9403800111,1,-9.0,356.9556274,-28.2911625,,,16.998034,16.76626,,0.029792614,-18.805204,3.6033452,21.28902,22.201893,23.898302,0.2647823,21.541954,9.628886,1.1209925,,7.0,0.0,Cluster,0.2197414,0.21597049,1.0,False,True,True
9403800114,1,1.5,357.1124878,-28.1498871,,,15.564619,15.580649,,0.030845061,-19.991808,4.7783837,19.956766,21.144005,22.755653,0.5789252,153.64742,10.118836,1.1355753,,7.0,0.0,Cluster,0.2240759,0.72878325,1.0,False,True,True
9403800116,1,-9.0,357.0900269,-28.063242,,,16.962847,16.857777,,0.035807617,-18.719099,1.9061074,19.84315,20.691128,22.417788,0.44234523,65.00457,9.655287,1.196081,,7.0,0.0,Cluster,0.22508255,3.1397555,0.0,False,True,True
9403800117,1,0.0,357.0970459,-28.0748138,,,13.644761,13.563142,,0.03418114,-22.011398,9.48817,20.146143,21.568363,23.13989,0.17654696,165.32881,11.062666,1.2982635,,7.0,0.0,Cluster,0.22527504,2.3508453,0.0,False,True,True
9403800119,1,0.0,357.1116943,-28.1102142,,,15.620808,15.634958,,0.032749955,-19.939104,2.3856416,19.210892,20.596893,22.173355,0.15913832,8.588867,10.129424,1.177247,,7.0,0.0,Cluster,0.2270469,1.6556228,1.0,False,True,True
9403800120,1,1.0,357.1074829,-28.1894436,,,14.774393,14.769019,,0.029975705,-20.802036,3.4164906,18.782106,19.949438,21.565548,0.439729,45.174706,10.507578,1.2136889,,7.0,0.0,Cluster,0.22848557,0.30522048,1.0,False,True,True
9403800121,1,0.5,356.8091125,-28.0301399,,,16.185944,16.149569,,0.027893525,-19.419888,1.9715829,19.207706,20.826298,22.37669,0.21550761,33.295593,9.945146,1.190095,,7.0,0.0,Cluster,0.23009591,-0.7107035,1.0,False,True,True
9403800123,1,0.0,357.0856323,-28.2318954,,,13.608605,13.600339,,0.026820788,-21.966171,6.723193,19.351068,20.674334,22.2603,0.2126622,58.443153,11.052546,1.3028183,,7.0,0.0,Cluster,0.23098798,-1.234908,1.0,False,True,True
9403800131,1,0.5,356.8057556,-28.0172653,,,15.503971,15.4690075,,0.033626374,-20.105988,6.2619414,20.736818,21.780523,23.429482,0.45708317,110.80781,10.159599,1.1268606,,7.0,0.0,Cluster,0.24644509,2.0814734,1.0,False,True,True
9403800135,1,-9.0,356.7854004,-28.2483864,,,18.12408,17.321806,,0.024494406,-18.240284,25.921991,25.336584,27.03903,28.582678,0.12250575,134.98418,9.577166,1.3334903,,7.0,0.0,Cluster,0.2500407,-2.3735936,0.0,False,True,True
9403800140,1,1.5,357.1384888,-28.1449451,,,16.690958,16.68273,,0.03238923,-18.891172,1.9322816,19.223978,20.096832,21.811266,0.5729459,-0.5883106,9.612344,1.0669823,,7.0,0.0,Cluster,0.2570496,1.4802421,1.0,False,True,True
9403800148,1,1.5,356.8433228,-27.9756813,,,15.218308,15.227626,,0.024944687,-20.338736,3.895503,19.384079,20.662035,22.255713,0.4642533,170.27837,10.328576,1.2053787,,7.0,0.0,Cluster,0.26843813,-2.1529958,1.0,False,True,True
9403800149,1,0.5,356.983551,-28.3210812,,,13.905021,13.907344,,0.033760365,-21.667046,9.155007,20.168562,21.403183,23.004993,0.3395859,137.86151,10.856186,1.2303076,,7.0,0.0,Cluster,0.26845995,2.1465473,0.0,False,True,True
9403800156,1,1.0,356.9838562,-27.9537792,,,15.592481,15.598265,,0.035764426,-19.97754,5.9468775,20.356598,21.204237,22.931068,0.63559633,51.7678,10.283815,1.3374671,,7.0,0.0,Cluster,0.27772987,3.1188223,0.0,False,True,True
9403800159,1,0.5,356.7424927,-28.0486794,,,16.065666,16.020966,,0.026706906,-19.546581,1.4067252,18.56257,19.882168,21.468729,0.16953294,31.466002,10.029956,1.2363062,,7.0,0.0,Cluster,0.2836309,-1.2905897,1.0,False,True,True
9403800161,1,2.0,357.1590271,-28.1137314,,,14.751291,16.089237,,0.034361456,-19.469393,,,,,,,10.258833,1.5834913,,7.0,0.0,Cluster,0.28600103,2.4383676,0.0,False,True,True
9403800165,1,0.5,356.7818298,-27.9921703,,,16.213396,16.18794,,0.03153327,-19.384674,3.7392712,20.653742,21.929712,23.523746,0.24953534,97.61631,9.9244795,1.2005157,,7.0,0.0,Cluster,0.29401663,1.0638351,1.0,False,True,True
9403800167,1,0.5,357.1353455,-28.2474518,,,16.093122,16.080503,,0.030066226,-19.490883,1.2532413,18.117872,19.497913,21.075226,0.30842656,156.76166,9.961159,1.1875801,,7.0,0.0,Cluster,0.29659998,0.34934023,1.0,False,True,True
9403800168,1,0.0,357.1091003,-28.2787514,,,14.584284,14.586873,,0.027444977,-20.982214,3.9165943,19.177824,20.436958,22.034073,0.23627718,35.364613,10.57053,1.1876154,,7.0,0.0,Cluster,0.29709238,-0.9298247,1.0,False,True,True
9403800169,1,1.5,356.7076111,-28.1688709,,,14.789528,14.793837,,0.032312814,-20.778318,7.8176994,20.463999,21.638048,23.25263,0.47015595,78.23067,10.551248,1.2867537,,7.0,0.0,Cluster,0.2975627,1.443081,1.0,False,True,True
9403800184,1,0.0,356.8110657,-27.9578171,,,13.481131,13.39547,,0.028651945,-22.173925,9.083421,19.842112,21.322536,22.886885,0.14929721,47.587006,11.116923,1.2735605,,7.0,0.0,Cluster,0.31126496,-0.34042192,1.0,False,True,True
9403800187,1,0.5,357.1804199,-28.1726856,,,16.283241,16.306732,,0.02984798,-19.264858,3.2217402,20.427946,21.495003,23.136997,0.23677742,112.16899,9.804283,1.1080256,,7.0,0.0,Cluster,0.31408852,0.24296072,1.0,False,True,True
9403800215,1,0.5,356.8004761,-27.9300327,,,14.581993,14.559225,,0.029359289,-21.011124,6.773552,20.29312,21.680218,23.256525,0.20637433,34.155582,10.624117,1.2447119,,7.0,0.0,Cluster,0.35290438,0.0046766456,1.0,False,True,True
9403800231,1,1.5,357.0843811,-27.9198055,,,17.46972,11.066079,,0.034110874,-24.50652,37.985794,24.159403,25.746614,27.29984,0.6363124,154.42317,11.885789,1.0136184,,8.0,0.0,Cluster,0.3717041,2.3167348,0.0,False,True,True
9403800245,1,1.5,357.0159607,-27.8836479,,,17.548801,17.524065,,0.030092442,-18.045883,2.551145,20.735428,21.537767,23.289177,0.556278,107.20218,9.03896,0.7636261,,3.0,0.0,Cluster,0.38644546,0.36211753,1.0,False,True,True
9403800248,1,-9.0,357.2338562,-28.199316,,,17.672424,17.366158,,0.026397616,-18.17562,4.211686,22.168861,23.349627,24.962704,0.15069184,4.9321337,9.759882,1.6161537,,7.0,0.0,Cluster,0.38844907,-1.4418458,1.0,False,True,True
9403800250,1,0.5,356.6601868,-28.2530746,,,15.418044,15.366838,,0.026784325,-20.202053,3.4545202,19.678259,20.72781,22.374987,0.30459833,103.49507,10.110478,1.0150547,,8.0,0.0,Cluster,0.39101568,-1.2527356,1.0,False,True,True
9403800256,1,1.5,357.1782227,-28.3151646,,,16.332443,16.255112,,0.031146247,-19.317675,4.694641,20.82094,21.933428,23.562939,0.539452,146.90897,9.745678,1.036642,,7.0,0.0,Cluster,0.3985467,0.87544185,1.0,False,True,True
9403800272,1,2.0,356.7293701,-28.3618107,,,14.985173,14.893292,,0.024287527,-20.672472,10.33273,21.510603,22.792465,24.385448,0.2180697,166.88205,9.998219,0.6612072,,8.0,0.0,Cluster,0.41740564,-2.4749777,0.0,False,True,True
9403800283,1,2.5,357.2503967,-28.0408497,,,14.976864,14.98276,,0.03472119,-20.591166,,,,,,,10.105915,0.8421107,,8.0,0.0,Cluster,0.42588943,2.6129305,0.0,False,True,True
9403800295,1,1.0,357.2137756,-28.3114777,,,15.9176445,15.896322,,0.02956246,-19.674911,2.6723084,19.381319,20.618843,22.220083,0.42749628,146.45886,9.967575,1.113185,,7.0,0.0,Cluster,0.4315249,0.103756234,1.0,False,True,True
9403800301,1,0.5,357.2761536,-28.1409912,,,16.967796,16.618309,,0.03182535,-18.951387,14.125334,23.172537,24.600437,26.171225,0.14788347,58.06077,9.606365,1.1128464,,7.0,0.0,Cluster,0.4332615,1.205964,1.0,False,True,True
9403800315,1,-9.0,356.6809998,-27.9337482,,,17.025997,17.038754,,0.030664051,-18.533546,2.670991,20.110247,20.979967,22.695894,0.6324278,142.6704,9.55769,1.154562,,7.0,0.0,Cluster,0.4456817,0.6406221,1.0,False,True,True
9403800318,1,3.0,357.2164307,-28.3277969,,,15.980042,16.019447,,0.03135426,-19.550165,3.6298842,20.728964,21.230417,23.275728,0.119019166,127.638275,9.398758,0.504365,,3.0,0.0,Cluster,0.44824505,0.9767059,1.0,False,True,True
9403800319,1,-9.0,356.9398193,-27.8302345,,,16.834045,16.795609,,0.031957697,-18.777615,3.5585613,20.650818,21.493122,23.222689,0.5788529,61.61169,9.5913,1.1133175,,7.0,0.0,Cluster,0.4508026,1.2703531,1.0,False,True,True
9403800347,1,0.5,356.5965576,-28.0027332,,,14.70687,14.731252,,0.02875437,-20.838552,3.2786453,19.209484,20.462523,22.060781,0.26322374,56.52261,10.52565,1.2160426,,7.0,8.0,Cluster,0.48094764,-0.29043615,1.0,False,True,True
9403800349,1,1.5,356.594574,-28.0060005,,,13.90072,13.91133,,0.026260396,-21.656487,5.8582916,18.402046,19.70612,21.29526,0.6993959,18.749525,10.814638,1.1662731,,7.0,0.0,Cluster,0.48130628,-1.5089663,1.0,False,True,True
9403800352,1,3.0,356.5628662,-28.0989342,,,13.643708,13.664646,,0.027892714,-21.904398,11.308819,19.838348,20.75712,22.451033,0.63968766,120.0227,11.003578,1.2593708,,7.0,0.0,Cluster,0.48401827,-0.7110992,1.0,False,True,True
9403800359,1,0.5,356.6862488,-28.3962135,,,17.726133,17.621613,,0.03221751,-17.95067,3.0903037,21.847826,22.781576,24.469315,0.15695462,43.61752,9.026605,0.8173694,,3.0,0.0,Cluster,0.49115768,1.3967313,1.0,False,True,True
9403800371,1,1.0,357.3060913,-28.2621117,,,15.484783,15.4255495,,0.029520143,-20.144238,1.9628767,18.361546,19.775267,21.34792,0.35166404,59.40656,10.2965555,1.2750694,,7.0,0.0,Cluster,0.50324696,0.08312115,1.0,False,True,True
9403800381,1,1.0,357.1778259,-28.4359951,,,16.212074,16.169579,,0.0338083,-19.405567,4.267453,20.515541,21.668655,23.288078,0.46564397,129.37689,9.836596,1.0993499,,7.0,0.0,Cluster,0.52738947,2.1698246,0.0,False,True,True
9403800390,1,1.0,357.1719666,-28.444521,,,15.6902275,15.678523,,0.032103594,-19.895067,4.4591694,19.539349,20.656816,22.285038,0.71030265,174.79897,10.044232,1.1073084,,7.0,0.0,Cluster,0.53325653,1.3413243,1.0,False,True,True
9403800397,1,2.0,357.3148499,-27.9761829,,,14.6410055,14.658905,,0.0338905,-20.91621,11.371217,20.913557,21.607777,23.4329,0.6176555,113.16335,10.538879,1.1965275,,7.0,0.0,Cluster,0.53899556,2.2097406,0.0,False,True,True
9403800404,1,2.0,357.213623,-28.4295883,,,15.972782,15.970369,,0.034505956,-19.605303,3.0705347,20.156116,21.042841,22.750809,0.20257038,26.971573,9.860751,1.0316601,,7.0,0.0,Cluster,0.5481314,2.5084949,0.0,False,True,True
9403800462,1,0.5,357.4015503,-28.2403069,,,16.612484,16.444973,,0.0313213,-19.127756,4.326024,21.436094,22.413374,24.084467,0.16290244,119.02717,9.766293,1.1396389,,7.0,0.0,Cluster,0.6109422,0.9606611,1.0,False,True,True
9403800466,1,1.0,356.4691467,-28.047945,,,16.87998,16.811598,,0.030148001,-18.760279,5.267094,21.606188,22.519154,24.215525,0.48237327,134.05104,9.630838,1.1330738,,7.0,0.0,Cluster,0.6152976,0.38919428,1.0,False,True,True
9403800473,1,1.0,357.0059814,-28.5640659,,,16.24187,16.2359,,0.028627554,-19.33401,3.0717049,20.032703,21.006287,22.678722,0.42987776,123.22814,9.914436,1.2019596,,7.0,0.0,Cluster,0.6210018,-0.35232618,1.0,False,True,True
9403800490,1,2.5,357.4295959,-28.1856689,,,16.747522,16.710161,,0.027663762,-18.859095,4.9434457,21.029587,21.720802,23.548344,0.67140496,70.85677,9.669651,1.1427479,,7.0,0.0,Cluster,0.6329986,-0.82293373,1.0,False,True,True
9403800507,1,0.0,357.4351807,-28.0510559,,,15.235503,15.246985,,0.03098471,-20.325626,3.5981195,19.764715,21.034258,22.629454,0.103629954,87.54775,10.174771,1.0438261,,8.0,0.0,Cluster,0.65031636,0.79678935,1.0,False,True,True
9403800520,1,0.0,356.5033569,-27.8954773,,,15.971062,15.920009,,0.029070152,-19.650812,5.377094,20.94185,22.681387,24.222395,0.23669948,107.531975,10.003793,1.1511068,,7.0,0.0,Cluster,0.66103727,-0.13635862,1.0,False,True,True
9403800521,1,1.5,357.436554,-28.2614403,,,16.544348,16.517641,,0.028772622,-19.05276,4.662995,20.97905,21.870562,23.576353,0.5523041,154.35022,9.778085,1.1695938,,7.0,0.0,Cluster,0.66195595,-0.28152922,1.0,False,True,True
9403800551,1,2.5,357.2867126,-27.7794514,,,15.678669,15.623399,,0.03216275,-19.94749,6.2237973,21.146471,21.980345,23.714317,0.35698506,147.33737,9.751906,0.7146377,,8.0,0.0,Cluster,0.6895136,1.3700967,1.0,False,True,True
9403800559,1,1.5,356.3938904,-28.1798115,,,16.356037,16.346432,,0.028087573,-19.223618,2.6753278,19.895475,20.725603,22.461567,0.44540212,42.146366,9.754714,1.0663538,,7.0,0.0,Cluster,0.698683,-0.61593777,1.0,False,True,True
9403800560,1,1.5,356.8757324,-27.6621552,,,14.409852,14.408724,,0.02895144,-21.16151,29.592163,22.76538,24.586971,26.122782,0.32676196,191.53137,10.692582,1.2448854,,7.0,0.0,Cluster,0.69942784,-0.19427551,1.0,False,True,True
9403800581,1,-9.0,357.203186,-27.6994762,,,16.938904,16.920143,,0.03403267,-18.655207,4.501793,20.617613,21.473927,23.196396,0.77114475,30.106228,9.570333,1.1197796,,7.0,0.0,Cluster,0.7255516,2.2787678,0.0,False,True,True
9403800586,1,2.0,357.4633484,-27.9511089,,,13.461518,13.483915,,0.029911151,-22.087622,13.538663,19.96739,20.86051,22.565575,0.69515455,115.05101,11.014972,1.1894722,,7.0,0.0,Cluster,0.72763747,0.27375472,1.0,False,True,True
9403800619,1,2.0,357.1154785,-28.6347313,,,14.902419,14.906911,,0.03585021,-20.669958,6.5893016,20.262703,21.428055,23.044619,0.4649576,21.035425,10.363276,1.1076422,,7.0,0.0,Cluster,0.75252753,3.1603973,0.0,False,True,True
9403800636,1,1.0,356.3667908,-27.963522,,,14.908071,14.84069,,0.030286592,-20.730408,2.6835656,18.360563,19.637249,21.231153,0.4181561,129.03781,10.511178,1.249033,,7.0,0.0,Cluster,0.77569306,0.45673007,1.0,False,True,True
9403800637,1,1.5,357.3395996,-28.5415611,,,14.799395,14.799804,,0.029282698,-20.769936,4.0243006,18.4428,19.758574,21.345764,0.70902556,42.701485,10.540259,1.2657928,,7.0,0.0,Cluster,0.77630717,-0.032678686,1.0,False,True,True
9403800639,1,2.5,356.4180908,-27.8633747,,,16.172264,16.162483,,0.028988473,-19.406343,7.635,21.155977,21.866938,23.678991,0.7451993,72.54769,9.4990225,0.6697416,,3.0,0.0,Cluster,0.77857685,-0.17620718,1.0,False,True,True
9403800690,1,2.5,357.2105103,-28.6500263,,,15.256851,15.246695,,0.03525198,-20.328852,8.393983,20.910114,21.777027,23.494307,0.57393247,97.79227,10.094295,0.9563894,,8.0,0.0,Cluster,0.817619,2.8703883,0.0,False,True,True
9403800694,1,1.5,356.4216919,-27.8076305,,,16.481943,16.455805,,0.030624766,-19.116253,4.3233027,20.51373,21.623697,23.253864,0.6186281,156.4807,9.799824,1.173418,,7.0,0.0,Cluster,0.81976897,0.6214862,1.0,False,True,True
9403800745,1,-9.0,356.4815063,-27.7201042,,,16.950697,16.913881,,0.026335489,-18.654606,3.719601,20.743387,21.603642,23.324163,0.6028781,81.5225,9.546013,1.0727617,,7.0,0.0,Cluster,0.8460049,-1.4722339,1.0,False,True,True
9403800746,1,0.5,357.2967529,-27.65168,,,16.847298,16.838844,,0.028846728,-18.731907,2.80099,20.579409,21.726889,23.347652,0.32088035,14.174068,9.585876,1.0887738,,7.0,0.0,Cluster,0.84643567,-0.24536784,1.0,False,True,True
9403800757,1,1.0,356.286499,-28.2701225,,,14.779509,14.788933,,0.027676942,-20.78038,4.9120317,19.27933,20.50406,22.10784,0.5633896,108.05277,10.463157,1.1638395,,7.0,0.0,Cluster,0.8544442,-0.8164951,1.0,False,True,True
9403800763,1,1.0,356.7209778,-27.5797882,,,15.027673,15.015396,,0.031451486,-20.557648,3.0971982,18.830969,20.22255,21.798227,0.39705133,130.88208,10.358807,1.1459389,,7.0,0.0,Cluster,0.8607453,1.0240302,1.0,False,True,True
9403800798,2,0.0,356.2657776,-27.9865665,,,16.88265,16.807447,,0.029739069,-18.764086,2.8879714,21.031612,22.063322,23.716013,0.058747575,104.68826,9.595891,1.0952778,,7.0,0.0,Cluster,0.8897605,0.18986602,1.0,True,True,True
9403800813,1,1.0,357.6029358,-27.9405384,,,13.857758,13.868415,,0.029234402,-21.702034,6.461498,18.705425,20.065474,21.645714,0.646793,174.48369,10.900113,1.239048,,7.0,0.0,Cluster,0.900679,-0.0562358,1.0,False,True,True
9403800814,1,2.0,357.1757812,-28.7246742,,,14.558078,14.557136,,0.034709796,-21.017126,6.1296887,19.19744,20.445086,22.044369,0.6838374,163.00977,10.666731,1.3128167,,7.0,0.0,Cluster,0.90089494,2.6074033,0.0,False,True,True
9403800833,1,0.0,357.6486206,-28.1284409,,,15.459213,15.401858,,0.028868528,-20.168835,4.3636603,20.496231,21.738846,23.339096,0.020454047,-15.252423,10.18921,1.1269035,,7.0,0.0,Cluster,0.9104372,-0.23473033,1.0,False,True,True
9403800881,1,2.5,356.9360962,-27.4873962,,,13.889304,13.900533,,0.029919706,-21.671173,10.652191,20.100655,21.08502,22.753574,0.56806546,22.588972,10.764478,1.0927134,,8.0,0.0,Cluster,0.9486603,0.27792493,1.0,False,True,True
9403800911,1,0.0,357.6253357,-28.4276352,,,15.567298,15.451673,,0.02800349,-20.117844,6.7663145,21.22425,22.575802,24.157324,0.17188244,4.3815393,10.192368,1.1628532,,7.0,0.0,Cluster,0.9729768,-0.6569987,1.0,False,True,True
9403800929,1,1.5,356.8641968,-27.4654484,,,15.362706,15.363802,,0.028279494,-20.206419,5.0427375,19.57816,20.677265,22.310312,0.684008,179.05301,10.1679535,1.0856905,,7.0,0.0,Cluster,0.9850781,-0.5222285,1.0,False,True,True
9403800958,1,2.5,357.7209473,-28.0581684,,,16.366781,16.292572,,0.027886385,-19.27593,6.602568,21.167887,22.26483,23.89846,0.65670025,11.750792,9.951079,1.2685947,,2.0,0.0,Cluster,1.0103405,-0.7141905,1.0,False,True,True
9403800968,1,2.0,357.6590576,-28.4346523,,,13.876043,13.881437,,0.028561115,-21.688677,7.9681892,20.233513,21.234894,22.897532,0.10539087,33.81956,10.8494625,1.1877737,,2.0,0.0,Cluster,1.0163234,-0.38475323,1.0,False,True,True
9403800992,1,3.0,356.5671387,-27.5101299,,,15.644809,15.565904,,0.028938044,-20.002407,7.6385107,21.697962,22.405518,24.220175,0.21804646,171.02975,9.676443,0.5816688,,2.0,0.0,Cluster,1.0319934,-0.20081161,1.0,False,True,True
9403801002,1,0.0,356.130188,-28.1092834,,,15.122722,15.129084,,0.026790852,-20.439213,4.3999925,19.834057,21.368465,22.926886,0.24107964,50.433018,10.361357,1.1986217,,2.0,0.0,Cluster,1.0353229,-1.2495445,1.0,False,True,True
9403801010,1,1.0,357.6470947,-27.7938366,,,14.494032,14.402058,,0.029612962,-21.16856,4.5681887,18.963009,20.410494,21.978798,0.45745385,64.21872,10.677064,1.2356367,,2.0,0.0,Cluster,1.039836,0.12838116,1.0,False,True,True
9403801061,1,1.5,357.7524414,-27.9388924,,,15.156017,14.993241,,0.029967858,-20.5785,6.490108,20.776758,21.796886,23.453289,0.2559158,150.19933,10.300241,1.0759048,,2.0,0.0,Cluster,1.0844685,0.30139554,1.0,False,True,True
9403801062,1,0.0,356.0929565,-28.1954365,,,17.061218,16.445768,,0.027462024,-19.123425,7.931586,22.565273,23.97324,25.546665,0.10325796,146.1301,9.767844,1.1309147,,2.0,0.0,Cluster,1.084488,-0.9214953,1.0,False,True,True
9403801088,1,2.5,357.7652588,-28.3500099,,,15.335344,15.316598,,0.027636997,-20.252926,7.6154556,20.855398,21.662668,23.411247,0.5453978,43.6194,10.251946,1.1524248,,2.0,0.0,Cluster,1.1013223,-0.8360087,1.0,False,True,True
9403801173,1,2.0,357.8110657,-28.3416748,,,16.014565,16.016262,,0.026638472,-19.552486,6.4281077,21.551332,22.409578,24.13109,0.31380105,139.48302,9.867504,1.0269642,,2.0,0.0,Cluster,1.1546804,-1.3240527,1.0,False,True,True
9403801183,1,1.5,356.0440674,-28.29883,,,14.28361,14.124679,,0.027663657,-21.443073,,,,,,,10.734562,1.2008361,,2.0,0.0,Cluster,1.1664385,-0.8229847,1.0,False,True,True
9403801268,1,1.5,356.1620483,-27.6592922,,,14.830714,14.825082,,0.03057241,-20.74657,12.923914,20.539257,21.519434,23.189484,0.81228185,177.53961,10.519668,1.2453068,,2.0,0.0,Cluster,1.2164888,0.5959827,1.0,False,True,True
9403801272,1,2.5,357.8791504,-28.0197315,,,14.774893,14.810761,,0.03505724,-20.764086,12.774247,21.746395,22.924356,24.53806,0.39006138,126.88537,10.2891245,0.9612255,,2.0,0.0,Cluster,1.2188059,2.7759461,0.0,False,True,True
9403801281,1,1.5,355.9827881,-28.0972786,,,16.111982,15.987089,,0.028461287,-19.582771,5.6163635,21.155697,22.166155,23.825737,0.39545888,64.31309,9.801854,0.9325734,,2.0,0.0,Cluster,1.2247845,-0.43348092,1.0,False,True,True
9403801368,1,0.0,357.9030151,-28.3649693,,,12.62164,12.59056,,0.027466208,-22.976963,16.196554,20.360712,21.806812,23.375288,0.06342096,53.364494,11.465432,1.3069286,,2.0,0.0,Cluster,1.2769156,-0.91945124,1.0,False,True,True
9403801579,1,0.0,355.8471375,-28.1881771,,,16.707026,16.714653,,0.028201403,-18.8555,3.0185993,20.900654,21.823448,23.515678,0.15794115,7.553002,9.642783,1.0986729,,2.0,0.0,Cluster,1.3980114,-0.560356,1.0,False,True,True
97915,1,0.5,175.10408827,1.02231486,175.10408827,1.02231486,15.957,16.001,0.07652,0.07522,-21.77,4.1,20.86,22.35,23.92,0.0274,5.299988,10.93,1.34,0.077,8.0,0.0,GAMA,,,,False,True,True
98097,1,1.0,176.22100301,0.93963258,176.22100301,0.93963258,15.322,15.336,0.02927,0.02803,-20.21,3.5,19.36,20.68,22.26,0.4388,158.82,10.16,1.07,0.09,8.0,0.0,GAMA,,,,False,True,True
98143,1,3.0,176.41219791,0.92089627,176.41219791,0.92089627,18.185,18.219,0.0285,0.02726,-17.29,2.88,22.17,22.67,24.72,0.3741,166.13,8.39,0.33,0.089,8.0,0.0,GAMA,,,,False,True,True
98652,1,3.0,179.19062319,1.01423759,179.19062319,1.01423759,17.779,17.975,0.02154,0.01977,-16.94,3.99,21.78,22.63,24.36,0.6058,110.67,8.49,0.6,0.066,8.0,0.0,GAMA,,,,False,True,True
98880,1,0.0,180.31149663,0.93981778,180.31149663,0.93981778,15.385,15.467,0.08655,0.08526,-22.63,4.77,20.45,21.77,23.36,0.2276,107.89,11.2,1.3,0.073,8.0,0.0,GAMA,,,,False,True,True
99259,1,3.0,182.06867249,0.92959648,182.06867249,0.92959648,18.043,17.744,0.03678,0.03556,-18.44,6.23,22.51,23.2,25.03,0.6771,170.58,9.31,0.86,0.11,8.0,0.0,GAMA,,,,False,True,True
99326,1,3.0,182.41085528,0.95701868,182.41085528,0.95701868,17.441,17.562,0.02134,0.01953,-17.29,4.58,22.63,23.6,25.28,0.1114,121.880005,8.59,0.55,0.118,8.0,0.0,GAMA,,,,False,True,True
99349,1,2.0,182.47444572,0.92851987,182.47444572,0.92851987,14.576,14.562,0.02154,0.01976,-20.32,9.03,20.28,21.34,22.98,0.6235,64.68001,10.16,1.0,0.118,8.0,0.0,GAMA,,,,False,True,True
99393,1,2.0,182.64714536,1.02874993,182.64714536,1.02874993,15.665,15.693,0.02185,0.02012,-19.19,4.94,20.64,21.67,23.32,0.3745,79.26001,9.64,0.92,0.108,8.0,0.0,GAMA,,,,False,True,True
99410,1,3.0,182.6818941,0.95184261,182.6818941,0.95184261,18.173,18.197,0.0232,0.02166,-16.84,5.56,22.29,23.09,24.84,0.7641,101.74,8.56,0.75,0.105,8.0,0.0,GAMA,,,,False,True,True
99428,1,0.0,182.76693192,0.97233591,182.76693192,0.97233591,13.429,13.312,0.02211,0.02042,-21.64,16.96,21.21,22.52,24.11,0.069,94.74,10.84,1.19,0.109,8.0,0.0,GAMA,,,,False,True,True
99430,1,3.0,182.78306911,0.95687083,182.78306911,0.95687083,16.9,16.888,0.02245,0.02081,-18.07,3.16,20.52,21.2,23.03,0.5847,115.880005,9.2,0.92,0.11,8.0,0.0,GAMA,,,,False,True,True
99464,1,3.0,182.94458507,0.98954888,182.94458507,0.98954888,16.859,16.859,0.02244,0.0208,-18.1,6.57,21.45,22.04,23.96,0.7665,119.35,9.35,1.09,0.101,8.0,0.0,GAMA,,,,False,True,True
99511,1,3.0,183.12847564,0.89422,183.12847564,0.89422,17.43,17.498,0.02272,0.02112,-17.49,5.58,22.99,24.03,25.68,0.1299,75.17999,8.71,0.61,0.111,8.0,0.0,GAMA,,,,False,True,True
99513,1,3.0,183.15824597,0.89339172,183.15824597,0.89339172,18.239,18.241,0.02153,0.01975,-16.6,4.83,23.46,24.2,25.99,0.1027,154.45,8.42,0.69,0.113,8.0,0.0,GAMA,,,,False,True,True
99687,1,1.5,183.86683722,1.01725517,183.86683722,1.01725517,15.191,15.194,0.04923,0.048,-21.58,6.48,20.17,21.19,22.84,0.6219,124.67,10.8,1.23,0.098,8.0,0.0,GAMA,,,,False,True,True
99742,1,1.5,184.01431562,0.99146211,184.01431562,0.99146211,16.518,16.539,0.04932,0.04809,-20.21,2.46,19.64,21.05,22.62,0.5085,121.74,10.15,1.09,0.09,8.0,0.0,GAMA,,,,False,True,True
99795,1,3.0,184.2328058,0.91977084,184.2328058,0.91977084,17.194,17.227,0.02998,0.02878,-18.38,3.31,21.75,22.63,24.34,0.0502,98.94,8.95,0.47,0.086,8.0,0.0,GAMA,,,,False,True,True
